Pipe ID,Date,Time,Cost
P19711,2019-01-06,08:20,2074.9
P07628,2019-01-07,00:00,618.71
P31195,2019-04-16,03:48,1050.07
P15715,2019-04-16,16:51,1000.81
P10415,2019-04-17,22:08,3157.83
P19170,2019-06-19,17:07,312.59
P03320,2019-06-25,04:30,1762.3
P27701,2019-06-28,18:59,23476.58
P42748,2019-06-29,08:03,5700.62
P12943,2019-06-30,04:12,2326.74
P13753,2019-06-30,07:26,1972.29
P39239,2019-06-30,19:50,4014.91
P08493,2019-07-01,07:38,12075.47
P14564,2019-07-01,19:42,3274.87
P28163,2019-07-01,19:42,696.63
P07106,2019-07-01,20:04,10742.06
P08727,2019-07-01,23:47,5810.64
P25860,2019-07-02,11:22,4256.59
P10915,2019-07-02,13:44,4034.89
P06119,2019-07-02,16:36,370.97
P04854,2019-07-02,20:43,7902.5
P07051,2019-07-03,00:00,10771.47
P07083,2019-07-03,05:37,12862.53
P43239,2019-07-03,07:45,288071.47
P03771,2019-07-04,09:49,1283.1
P15615,2019-07-04,10:33,21592.03
P07530,2019-07-04,13:36,8351.87
P15892,2019-07-04,19:48,107001.18
P06948,2019-07-05,10:30,16082.35
P06934,2019-07-05,11:58,9128.24
P02799,2019-07-05,14:06,20548.6
P04895,2019-07-06,05:43,398.45
P31586,2019-07-06,12:44,2045.85
P05913,2019-07-06,22:44,6437.12
P08673,2019-07-07,10:38,8017.03
P07525,2019-07-07,22:15,2677.74
P07922,2019-07-08,01:34,3169.52
P33273,2019-07-08,04:46,3441.58
P06133,2019-07-08,10:40,17415.68
P36441,2019-07-08,15:30,3018.51
P07689,2019-07-08,19:24,2353.12
P05749,2019-07-08,19:58,431.31
P31582,2019-07-09,05:26,12736.22
P05996,2019-07-09,05:42,10638.11
P10919,2019-07-09,15:43,7307.27
P07521,2019-07-09,19:10,18341.82
P31587,2019-07-10,01:57,369.89
P07452,2019-07-10,10:53,95393.28
P06848,2019-07-10,16:37,3888.64
P07008,2019-07-11,12:13,2997.65
P06997,2019-07-11,12:16,3154.95
P07307,2019-07-11,14:11,62118.35
P08771,2019-07-11,19:29,19071.06
P25356,2019-07-11,20:31,280793.96
P07371,2019-07-12,01:03,7157.4
P01791,2019-07-12,01:33,4082.65
P25354,2019-07-12,08:01,3288.16
P07130,2019-07-12,08:44,1066.7
P07105,2019-07-12,09:08,5941.66
P08252,2019-07-12,09:48,14268.68
P15048,2019-07-13,02:02,32354.58
P05994,2019-07-13,07:07,10847.0
P07737,2019-07-13,09:28,5374.92
P07124,2019-07-13,12:28,10408.03
P10916,2019-07-13,20:23,2794.8
P07498,2019-07-13,23:31,10843.18
P14566,2019-07-14,00:22,2236.57
P06992,2019-07-14,12:03,19438.17
P36629,2019-07-14,18:38,3097.6
P02883,2019-07-14,21:34,188.03
P07404,2019-07-14,22:55,16345.59
P08245,2019-07-15,00:32,18998.9
P07448,2019-07-15,01:16,12090.9
P42873,2019-07-15,21:32,878.63
P03187,2019-07-16,02:34,74612.95
P44031,2019-07-16,06:18,1918.06
P19625,2019-07-16,11:51,2504.53
P08679,2019-07-17,04:19,6958.72
P03841,2019-07-17,07:04,158.86
P06892,2019-07-17,08:51,9362.34
P15591,2019-07-17,15:35,828.6
P08773,2019-07-17,16:18,4668.63
P02419,2019-07-17,17:29,304.33
P07365,2019-07-18,03:50,792.16
P02464,2019-07-18,05:12,1109.13
P02687,2019-07-18,13:17,462.37
P06310,2019-07-19,00:00,36585.2
P09262,2019-07-19,04:35,8107.53
P03170,2019-07-19,14:57,3453.44
P07782,2019-07-19,15:09,6088.82
P07095,2019-07-19,21:50,14060.53
P01979,2019-07-20,00:07,1785.37
P01848,2019-07-20,02:59,3245.93
P08309,2019-07-20,05:00,21930.15
P08394,2019-07-20,14:00,11782.49
P20225,2019-07-20,14:16,1807.02
P04925,2019-07-20,16:50,1306.64
P08076,2019-07-20,22:03,9068.51
P42642,2019-07-20,23:38,48411.15
P06965,2019-07-21,03:08,2248.38
P01459,2019-07-21,04:51,1064.03
P07300,2019-07-21,06:01,3802.05
P09283,2019-07-21,11:55,20862.62
P02598,2019-07-21,17:31,674.97
P06926,2019-07-21,18:35,11637.57
P20871,2019-07-21,21:00,1906.56
P08219,2019-07-21,23:30,49725.07
P08676,2019-07-22,03:28,4978.88
P09309,2019-07-22,05:36,1391513.84
P08492,2019-07-22,07:00,7836.1
P07667,2019-07-22,10:27,22071.74
P03066,2019-07-22,11:39,859.94
P09294,2019-07-22,14:26,12411.48
P38641,2019-07-22,16:07,250.94
P09341,2019-07-22,18:18,9120.05
P38500,2019-07-22,20:09,6393.04
P02463,2019-07-23,05:12,1103.41
P42614,2019-07-23,06:51,3735.41
P02203,2019-07-23,13:12,216.18
P09363,2019-07-23,16:32,11526.89
P08115,2019-07-23,21:16,15379.21
P03052,2019-07-23,21:24,37957.62
P12649,2019-07-23,21:31,19906.69
P19640,2019-07-23,23:33,4971.2
P28327,2019-07-24,05:42,2335.66
P09019,2019-07-24,09:11,1746.35
P05997,2019-07-24,12:24,22874.96
P21075,2019-07-25,03:15,26244.12
P07513,2019-07-25,03:48,2714.7
P31360,2019-07-25,14:14,1043.14
P03116,2019-07-25,14:41,523.03
P09017,2019-07-25,22:39,12445.07
P07762,2019-07-25,22:58,5728.89
P21025,2019-07-26,03:32,2211.28
P09320,2019-07-26,06:09,25627.41
P08063,2019-07-26,10:27,13397.51
P02622,2019-07-26,11:06,270.64
P42183,2019-07-26,12:23,500.24
P07507,2019-07-26,17:04,3790.16
P07249,2019-07-26,21:40,1971.85
P07527,2019-07-26,22:33,10037.62
P07393,2019-07-27,03:45,9984.95
P06982,2019-07-27,03:57,6372.69
P43635,2019-07-27,04:41,8344.24
P02239,2019-07-27,04:44,1011.34
P07132,2019-07-27,07:09,2158.01
P10938,2019-07-27,08:03,1819.41
P02388,2019-07-27,08:18,390.05
P03123,2019-07-27,14:17,196.38
P11119,2019-07-27,14:48,3271.03
P36432,2019-07-27,16:45,192786.08
P01574,2019-07-27,23:27,19927.69
P19601,2019-07-28,03:29,1212.21
P42739,2019-07-28,07:44,1620.78
P09281,2019-07-28,12:11,4108.99
P07663,2019-07-28,12:25,4019.36
P28280,2019-07-28,16:41,1761.35
P15893,2019-07-28,19:07,2129.03
P05895,2019-07-28,23:48,2154.7
P08216,2019-07-29,02:14,6193.04
P25355,2019-07-29,08:10,55413.52
P19637,2019-07-29,19:48,886.08
P15914,2019-07-30,02:33,27217.85
P08825,2019-07-30,05:14,18827.26
P12589,2019-07-30,08:13,1631.93
P01540,2019-07-30,08:57,1273.88
P13976,2019-07-30,11:31,4051.34
P03125,2019-07-30,12:15,457.71
P09259,2019-07-30,12:37,12556.92
P09014,2019-07-30,13:16,12766.17
P29133,2019-07-30,16:10,8359.83
P07497,2019-07-30,20:54,13725.44
P04824,2019-07-30,23:01,2518.73
P07260,2019-07-30,23:47,4782.01
P08739,2019-07-31,00:29,1272.63
P15309,2019-07-31,10:39,4106.65
P01714,2019-07-31,16:33,984.3
P21545,2019-07-31,21:11,8334.22
P05909,2019-07-31,22:13,2957.28
P07011,2019-07-31,22:13,1043842.24
P07268,2019-08-01,07:14,10332.0
P02897,2019-08-01,08:01,339.09
P42609,2019-08-01,09:01,4577.72
P08724,2019-08-01,09:34,2099.62
P06852,2019-08-01,15:48,3649.53
P08740,2019-08-01,21:41,697156.88
P28307,2019-08-01,22:39,723.53
P08722,2019-08-01,23:27,12506.11
P07279,2019-08-02,02:08,4328.14
P06863,2019-08-02,05:25,28210.46
P07306,2019-08-02,10:54,16033.45
P03534,2019-08-02,18:53,799.22
P07077,2019-08-02,22:56,2520.63
P07113,2019-08-02,23:51,7351.76
P06879,2019-08-03,02:04,6271.7
P08508,2019-08-03,02:08,5952.1
P06468,2019-08-03,02:40,8105.41
P36055,2019-08-03,04:49,700.24
P07533,2019-08-03,08:59,1309.07
P25873,2019-08-03,09:42,3298.83
P02023,2019-08-03,14:51,1485.8
P36047,2019-08-03,16:51,2269.7
P07116,2019-08-04,00:05,4768.74
P05179,2019-08-04,07:17,29277.78
P07757,2019-08-04,07:46,3228.84
P07722,2019-08-04,10:34,7908.56
P18568,2019-08-04,10:41,1736.33
P16204,2019-08-04,12:49,550.6
P02869,2019-08-05,00:03,1645.38
P08491,2019-08-05,02:10,2290.28
P08315,2019-08-05,09:32,14696.94
P08667,2019-08-05,10:21,1820.11
P04899,2019-08-05,16:59,718.7
P07114,2019-08-05,17:08,3323.16
P01547,2019-08-06,05:25,314.9
P08725,2019-08-06,06:25,4554.44
P07270,2019-08-06,06:27,97136.44
P08023,2019-08-06,09:47,11452.0
P07732,2019-08-06,11:53,10052.23
P15691,2019-08-06,15:10,1232.85
P07455,2019-08-06,20:35,21798.18
P08284,2019-08-07,01:57,21440.96
P43743,2019-08-07,03:02,3982.76
P02544,2019-08-07,05:26,764.61
P07015,2019-08-07,08:26,11711.28
P06259,2019-08-07,17:01,665.67
P26198,2019-08-08,01:55,1220.14
P08759,2019-08-08,02:22,4193.27
P02675,2019-08-08,03:21,766.06
P02868,2019-08-08,05:30,459.18
P05025,2019-08-08,12:06,3341.29
P43713,2019-08-08,14:11,34759.54
P03445,2019-08-08,15:16,4444.58
P09158,2019-08-08,15:26,21487.24
P07487,2019-08-09,00:12,20272.44
P01973,2019-08-09,02:51,10229.18
P18219,2019-08-09,02:51,2034.54
P42675,2019-08-09,11:29,50075.57
P06940,2019-08-09,14:51,4717.0
P08133,2019-08-09,15:27,2813.05
P31674,2019-08-09,20:20,8525.94
P15641,2019-08-09,23:09,11452.64
P07046,2019-08-09,23:42,3257.35
P08494,2019-08-10,01:11,294483.18
P04712,2019-08-10,01:47,4220.61
P06001,2019-08-10,03:13,1194.14
P07100,2019-08-10,04:22,7006.28
P01818,2019-08-10,04:32,372.51
P08515,2019-08-10,09:45,15445.53
P36383,2019-08-10,13:02,12901.43
P01774,2019-08-10,13:51,702.2
P23518,2019-08-10,15:45,1981.47
P27351,2019-08-10,19:47,2689.97
P07509,2019-08-10,21:35,1676.8
P07219,2019-08-11,01:08,12627.73
P05244,2019-08-11,02:36,861.47
P07370,2019-08-11,04:56,4358.17
P07198,2019-08-11,07:04,87976.14
P07081,2019-08-11,07:25,8133.33
P08670,2019-08-11,07:25,8483.57
P08213,2019-08-11,09:03,18083.55
P07920,2019-08-11,14:09,47730.53
P19602,2019-08-11,16:07,3561.84
P04642,2019-08-11,18:05,11344.42
P02762,2019-08-11,21:28,15458.06
P03120,2019-08-11,22:20,888.12
P06998,2019-08-12,01:04,6821.37
P05397,2019-08-12,02:43,22340.96
P33211,2019-08-12,02:57,4765.84
P06912,2019-08-12,03:02,7617.19
P07514,2019-08-12,11:34,13959.81
P33239,2019-08-12,20:39,816.01
P06980,2019-08-13,03:11,22139.04
P08108,2019-08-13,06:57,7788.68
P07499,2019-08-13,11:03,1402.56
P01786,2019-08-13,15:13,395.81
P21026,2019-08-13,15:52,553.87
P01543,2019-08-13,20:56,1010.49
P07047,2019-08-13,23:08,4368.8
P31999,2019-08-14,01:52,1042.53
P09052,2019-08-14,02:57,15472.09
P07238,2019-08-14,12:49,27718.68
P07099,2019-08-14,17:07,4647.81
P06916,2019-08-14,20:00,2040.7
P02752,2019-08-15,01:30,1029.33
P05866,2019-08-15,02:06,366816.45
P01685,2019-08-15,02:34,2205.92
P07729,2019-08-15,04:30,3336.59
P07661,2019-08-15,14:17,666707.14
P26670,2019-08-15,14:56,797.82
P13940,2019-08-15,21:04,1928.54
P02829,2019-08-15,21:30,1440.81
P06884,2019-08-15,22:21,21466.32
P01880,2019-08-16,00:58,3353.01
P13983,2019-08-16,03:09,5280.8
P08674,2019-08-16,09:57,4970.19
P07267,2019-08-16,10:18,9491.76
P25127,2019-08-16,15:05,2613.34
P01735,2019-08-16,19:20,1336.72
P06893,2019-08-16,22:31,8168.73
P07385,2019-08-16,22:42,1811.57
P17345,2019-08-16,23:06,1428.43
P06946,2019-08-17,01:26,37173.75
P16227,2019-08-17,02:04,1166.46
P08180,2019-08-17,04:14,29295.24
P09337,2019-08-17,06:42,87946.76
P15693,2019-08-17,13:51,2172.62
P04722,2019-08-17,14:48,587.11
P07272,2019-08-18,05:14,35894.61
P33208,2019-08-18,05:17,2803.52
P02794,2019-08-18,14:44,282.11
P10563,2019-08-18,20:43,3408.59
P07020,2019-08-18,20:46,7543.32
P07662,2019-08-19,01:11,5969.28
P04782,2019-08-19,02:41,3208.16
P39101,2019-08-19,07:10,1104.95
P03550,2019-08-19,07:29,1130.05
P03423,2019-08-19,19:20,3222.97
P06943,2019-08-19,19:51,4189.16
P02489,2019-08-19,21:08,720.17
P08160,2019-08-20,00:17,9199.15
P39230,2019-08-20,14:07,441.96
P42722,2019-08-20,16:04,17317.24
P03551,2019-08-20,22:07,845.79
P03531,2019-08-21,01:46,222.01
P01730,2019-08-21,02:19,4918.74
P07335,2019-08-21,07:43,15906.99
P08775,2019-08-21,11:55,5518.42
P43423,2019-08-21,13:22,1159.84
P01658,2019-08-21,15:41,818.01
P03053,2019-08-21,16:41,2476.2
P38676,2019-08-21,19:01,1051.57
P03309,2019-08-21,19:15,437.88
P13614,2019-08-21,21:14,1620.36
P04715,2019-08-22,03:41,951.81
P03711,2019-08-22,05:42,646.88
P10856,2019-08-22,12:16,948.56
P01884,2019-08-22,13:03,2003.89
P09329,2019-08-22,20:03,74835.91
P03538,2019-08-22,20:11,482.16
P08091,2019-08-22,22:57,23477.96
P26205,2019-08-23,00:58,1765.15
P07029,2019-08-23,01:53,25054.69
P20829,2019-08-23,03:17,14219.28
P33266,2019-08-23,06:22,10560.49
P06973,2019-08-23,07:35,6702.8
P35474,2019-08-23,09:17,3541.41
P10396,2019-08-23,11:40,1805.89
P06958,2019-08-23,13:19,13368.84
P33141,2019-08-23,17:34,14641.57
P08163,2019-08-23,21:55,42520.1
P31454,2019-08-24,03:18,3062.46
P08681,2019-08-24,06:20,311.26
P02424,2019-08-24,08:16,5726.81
P42217,2019-08-24,09:50,1309.02
P07761,2019-08-24,15:33,6568.69
P25911,2019-08-24,21:05,2651.31
P08690,2019-08-25,02:39,11187.83
P26199,2019-08-25,04:47,10571.56
P35473,2019-08-25,12:03,6040.63
P12985,2019-08-25,15:21,1784.66
P08119,2019-08-25,19:38,17087.25
P43702,2019-08-25,21:39,107560.04
P15656,2019-08-26,01:04,2972.95
P06953,2019-08-26,01:08,2486.02
P09289,2019-08-26,09:44,4495.06
P16928,2019-08-26,10:39,1013.97
P16712,2019-08-26,14:36,1655.44
P08517,2019-08-26,16:06,4493.86
P08752,2019-08-26,20:36,4301.45
P26219,2019-08-26,20:41,3856.36
P18221,2019-08-26,23:13,30603.45
P04893,2019-08-27,03:58,865.06
P17437,2019-08-27,05:30,2006.34
P02917,2019-08-27,13:59,883.26
P42798,2019-08-27,15:45,2134.63
P12631,2019-08-27,23:32,1454.6
P02802,2019-08-28,13:45,502.38
P31667,2019-08-28,16:48,605.45
P06828,2019-08-29,02:24,2947.57
P04511,2019-08-29,04:08,4657.87
P01699,2019-08-29,09:14,198.65
P42601,2019-08-29,10:32,5503.18
P09253,2019-08-29,20:53,74508.15
P43520,2019-08-29,21:10,47611.61
P05178,2019-08-30,03:09,485.06
P07389,2019-08-30,06:11,14869.12
P02373,2019-08-30,07:26,229.7
P19629,2019-08-30,08:06,5555.85
P21542,2019-08-30,12:20,3875.76
P07660,2019-08-30,13:22,7851.06
P02483,2019-08-30,13:58,941.21
P19621,2019-08-30,23:00,7729.17
P07391,2019-08-31,09:22,6015.74
P05862,2019-08-31,23:46,1036.05
P21563,2019-09-01,16:30,1432.91
P05733,2019-09-02,03:19,1182.42
P10845,2019-09-02,06:48,2211.27
P02872,2019-09-02,10:26,101598.77
P01972,2019-09-02,16:53,31448.19
P06270,2019-09-02,17:27,5388.17
P42863,2019-09-02,19:07,6043.4
P09316,2019-09-02,20:29,118820.5
P22743,2019-09-02,20:58,17419.42
P23340,2019-09-02,21:36,6734.34
P08233,2019-09-02,23:38,3622.01
P20612,2019-09-03,00:24,2856.85
P34006,2019-09-03,09:11,2800.88
P43420,2019-09-03,09:49,40049.9
P09323,2019-09-03,14:24,7160.24
P03707,2019-09-03,18:19,337.8
P07713,2019-09-04,04:33,1919.02
P08028,2019-09-04,04:53,9698.34
P09026,2019-09-04,19:51,8157.45
P04724,2019-09-04,22:46,1727.11
P43428,2019-09-05,00:22,23643.64
P07538,2019-09-05,02:51,8841.65
P05240,2019-09-05,10:44,824.83
P06991,2019-09-05,15:23,8141.31
P07121,2019-09-05,16:15,20480.97
P19591,2019-09-05,17:06,738.86
P15268,2019-09-05,21:41,813.36
P06856,2019-09-06,03:56,12506.34
P08782,2019-09-06,08:52,9545.41
P04780,2019-09-06,09:08,1093.14
P39074,2019-09-06,11:06,7834.89
P37050,2019-09-06,15:43,2712.8
P21049,2019-09-06,20:56,90045.08
P08754,2019-09-06,20:59,23697.27
P13571,2019-09-07,02:06,2979.24
P03039,2019-09-07,07:17,4778.59
P08266,2019-09-07,08:27,5004.38
P02789,2019-09-07,15:20,393.47
P10923,2019-09-07,16:22,5191.71
P33237,2019-09-07,19:07,1561.58
P07242,2019-09-07,20:09,13239.03
P08123,2019-09-07,21:51,1170.61
P01722,2019-09-08,00:04,1996.98
P07528,2019-09-08,13:08,17244.24
P21718,2019-09-08,21:12,10662.44
P08678,2019-09-09,00:48,7780.32
P33144,2019-09-09,00:53,3426.95
P23853,2019-09-09,14:50,5329.48
P02884,2019-09-09,15:14,866.55
P18220,2019-09-09,15:31,5047.84
P10858,2019-09-09,18:04,6844.82
P42623,2019-09-09,20:20,1229.47
P38522,2019-09-10,04:18,3348.63
P11614,2019-09-10,11:10,16751.58
P09340,2019-09-10,12:48,141302.07
P28284,2019-09-11,04:07,2735.72
P19624,2019-09-11,05:39,5209.85
P02352,2019-09-11,10:38,458.97
P06882,2019-09-11,19:25,9061.68
P02876,2019-09-11,22:59,867.22
P23519,2019-09-12,05:17,6953.03
P22711,2019-09-12,09:03,1192.0
P09163,2019-09-12,09:40,10183.02
P07341,2019-09-12,09:42,31845.42
P01615,2019-09-12,20:07,3510.97
P15672,2019-09-13,01:31,143162.27
P04056,2019-09-13,01:44,13752.89
P11607,2019-09-13,03:05,69078.1
P02350,2019-09-13,07:08,647.8
P02587,2019-09-13,08:34,630.05
P03829,2019-09-13,14:05,2781.33
P11563,2019-09-14,03:37,4625.3
P28279,2019-09-14,18:57,2131.99
P08293,2019-09-15,00:20,4737.42
P32002,2019-09-15,08:42,2503.59
P03271,2019-09-15,10:19,466.64
P03277,2019-09-15,10:42,406.34
P10720,2019-09-16,07:05,5167.33
P12184,2019-09-16,09:13,17055.76
P07018,2019-09-16,09:44,19329.23
P39567,2019-09-16,14:04,23348.42
P21546,2019-09-16,16:50,1930.72
P05914,2019-09-17,06:33,3646.24
P03126,2019-09-17,13:35,1630.71
P39522,2019-09-17,19:44,9363.42
P42250,2019-09-18,07:44,964.03
P07717,2019-09-18,08:40,6728.52
P01709,2019-09-18,11:59,2504.92
P08215,2019-09-18,13:42,1443.44
P16219,2019-09-18,15:14,1027.29
P06860,2019-09-18,21:03,10977.92
P11602,2019-09-18,21:45,2517.94
P21560,2019-09-18,22:51,1047.2
P02390,2019-09-19,00:44,422.76
P10851,2019-09-19,02:15,23808.97
P43320,2019-09-19,08:04,1708.49
P06966,2019-09-19,12:23,12155.32
P42707,2019-09-19,23:36,2389.57
P02767,2019-09-20,00:06,1796.58
P19655,2019-09-20,22:09,1227.27
P11734,2019-09-20,23:09,977.22
P12039,2019-09-21,01:31,539.85
P11578,2019-09-21,14:24,9947.77
P03837,2019-09-21,16:10,425.59
P03542,2019-09-21,23:09,2049.16
P06970,2019-09-22,05:12,3957.76
P15695,2019-09-22,18:28,2310.98
P04718,2019-09-23,02:03,374.5
P38599,2019-09-23,09:47,41147.14
P04446,2019-09-24,16:15,352.84
P05673,2019-09-24,16:15,452.01
P43734,2019-09-24,18:24,22084.36
P26220,2019-09-25,06:54,897.83
P01307,2019-09-25,10:17,892.98
P32053,2019-09-25,12:42,980.67
P36657,2019-09-25,19:49,103771.83
P25872,2019-09-25,23:23,13076.03
P05677,2019-09-26,04:18,1488.03
P04814,2019-09-26,06:08,394.21
P02044,2019-09-26,12:04,516.76
P06900,2019-09-26,19:14,9659.0
P03833,2019-09-26,21:54,4079.61
P03557,2019-09-26,23:38,538.46
P16912,2019-09-27,08:03,8435.41
P04735,2019-09-27,09:42,2144.62
P18571,2019-09-27,15:43,12339.92
P42615,2019-09-27,21:35,1379.26
P14067,2019-09-27,23:33,94226.36
P02772,2019-09-28,16:54,1009.61
P05901,2019-09-29,01:39,7457.78
P43719,2019-09-29,04:24,4611.87
P05495,2019-09-29,04:24,2395.01
P02416,2019-09-29,15:52,575.65
P01711,2019-09-29,22:25,646.53
P04612,2019-09-29,22:25,3209.76
P16785,2019-09-30,04:30,894.1
P03323,2019-09-30,11:33,232.83
P43512,2019-09-30,14:36,1024.0
P05664,2019-09-30,16:26,902.89
P07033,2019-09-30,22:01,20748.76
P34736,2019-10-01,05:09,1115.86
P25874,2019-10-01,06:00,10297.02
P01327,2019-10-01,07:00,35977.77
P03134,2019-10-01,10:28,1362.68
P01522,2019-10-01,10:28,17032.68
P07524,2019-10-01,10:32,4654.08
P01472,2019-10-01,14:06,12786.53
P02759,2019-10-01,15:14,902.73
P25864,2019-10-02,01:21,1878.24
P31365,2019-10-02,02:29,7309.44
P01267,2019-10-02,02:31,139941.47
P08477,2019-10-02,02:39,750.57
P11587,2019-10-02,07:35,40015.81
P42813,2019-10-02,10:49,2209.82
P43611,2019-10-02,22:30,13595.08
P43720,2019-10-02,22:30,11528.52
P14065,2019-10-02,22:58,5947.72
P42257,2019-10-03,11:14,1464.15
P01485,2019-10-03,16:32,2334.11
P01582,2019-10-03,16:32,2714.07
P43718,2019-10-03,16:32,23508.58
P42247,2019-10-03,22:11,2545.21
P04805,2019-10-04,05:07,817.33
P07199,2019-10-04,05:31,13896.27
P01529,2019-10-04,10:33,1205.73
P02563,2019-10-05,00:44,2638.28
P02939,2019-10-05,04:34,5478.07
P02349,2019-10-05,04:34,368.87
P42835,2019-10-05,05:25,3888.22
P07720,2019-10-05,15:29,60858.28
P01328,2019-10-05,22:36,6821.2
P04804,2019-10-05,22:36,939.99
P05383,2019-10-05,22:36,795.82
P43610,2019-10-05,22:36,8711.29
P01433,2019-10-05,22:36,601.58
P07491,2019-10-06,12:58,402933.68
P16927,2019-10-06,14:23,1103.78
P07319,2019-10-07,00:03,65003.79
P31258,2019-10-07,10:38,22557.43
P01904,2019-10-07,10:38,685.83
P43958,2019-10-07,10:38,11093.31
P15645,2019-10-07,15:56,1326.31
P03991,2019-10-07,23:19,424.58
P32056,2019-10-08,00:55,1581.09
P02476,2019-10-08,11:28,530.24
P31412,2019-10-08,20:24,2496.92
P04678,2019-10-08,21:39,1793.04
P31399,2019-10-09,01:48,3158.16
P43515,2019-10-09,02:29,1563.73
P15613,2019-10-09,15:22,1154.73
P03709,2019-10-09,16:42,1431.43
P01458,2019-10-09,16:42,4845.68
P03962,2019-10-09,16:42,983.2
P43878,2019-10-09,16:42,411.2
P07415,2019-10-09,17:40,1564.14
P19698,2019-10-09,22:45,16002.09
P02457,2019-10-09,23:02,2437.8
P21048,2019-10-10,07:44,24143.62
P06975,2019-10-10,09:38,5531.02
P04652,2019-10-10,10:44,5468.49
P36079,2019-10-10,16:09,3585.1
P03635,2019-10-11,04:45,958.27
P03308,2019-10-11,05:48,967.94
P31562,2019-10-11,14:36,8769.92
P02915,2019-10-11,22:47,554.64
P03958,2019-10-11,22:47,4468.75
P04448,2019-10-11,22:47,5150.45
P01232,2019-10-11,22:47,4433.25
P42606,2019-10-12,13:41,4804.47
P05693,2019-10-12,16:48,124371.31
P43807,2019-10-12,16:48,111454.15
P33794,2019-10-12,20:32,1705.43
P36076,2019-10-13,07:18,3379.82
P12747,2019-10-13,10:22,20656.95
P04449,2019-10-13,10:49,7385.0
P03230,2019-10-13,10:49,8888.48
P02528,2019-10-13,20:52,865.5
P04922,2019-10-14,04:51,5708.15
P38603,2019-10-14,08:33,48263.04
P07359,2019-10-14,14:49,5562.44
P05008,2019-10-14,22:52,685.22
P03002,2019-10-14,22:52,1048.97
P42188,2019-10-15,05:43,3182.96
P36656,2019-10-15,06:54,1799.11
P01241,2019-10-15,09:07,353.29
P04687,2019-10-15,16:53,2490.38
P01060,2019-10-15,16:53,2409.36
P38648,2019-10-16,18:56,1808.05
P02941,2019-10-16,19:02,1380.54
P04367,2019-10-17,04:56,2673.55
P05992,2019-10-17,04:56,21240.18
P03717,2019-10-17,04:56,2802.58
P02560,2019-10-17,07:54,1884.82
P33267,2019-10-17,20:24,971.16
P36655,2019-10-17,22:57,602355.15
P04915,2019-10-17,22:57,1407.01
P05700,2019-10-17,22:57,174.56
P01179,2019-10-17,22:57,792.54
P43953,2019-10-17,22:57,54060.06
P01320,2019-10-18,16:59,1248.9
P05377,2019-10-18,16:59,28846.11
P05330,2019-10-18,16:59,505.59
P09252,2019-10-18,22:04,39571.04
P38872,2019-10-18,22:28,28187.73
P04658,2019-10-19,11:00,742.1
P05649,2019-10-19,11:00,3229.11
P05891,2019-10-19,11:00,1584.54
P03326,2019-10-19,11:00,345.97
P01843,2019-10-19,11:00,1907.23
P04912,2019-10-20,05:01,2393.91
P02374,2019-10-20,22:31,2558.88
P12749,2019-10-20,23:03,4335.5
P03149,2019-10-20,23:03,972.54
P02810,2019-10-20,23:03,151.4
P04943,2019-10-21,17:04,2601.83
P12638,2019-10-22,05:08,851.43
P09335,2019-10-22,06:31,47161.61
P05779,2019-10-22,11:06,42318.71
P38870,2019-10-22,11:06,4455.38
P02007,2019-10-22,11:06,1254.82
P01593,2019-10-22,11:06,458.47
P01336,2019-10-22,11:06,474.43
P05720,2019-10-22,14:58,548.71
P03184,2019-10-23,05:07,1873.32
P01177,2019-10-23,05:07,1661.08
P19616,2019-10-23,14:43,630.01
P03408,2019-10-23,17:51,1444.68
P42628,2019-10-23,18:16,2810.76
P04942,2019-10-23,23:08,10016.68
P03718,2019-10-23,23:08,1867.59
P43896,2019-10-23,23:08,22027.4
P43652,2019-10-23,23:08,8083.02
P03566,2019-10-24,13:29,918.85
P02439,2019-10-24,17:10,195.94
P01289,2019-10-24,17:10,853.22
P01428,2019-10-24,18:30,1178.43
P42857,2019-10-25,04:16,3006.75
P41494,2019-10-25,11:08,431.0
P01308,2019-10-25,11:11,13274.29
P01200,2019-10-25,11:11,1096.41
P02357,2019-10-25,11:11,1677.97
P05643,2019-10-25,11:11,2266.15
P01726,2019-10-25,11:11,82372.29
P04665,2019-10-25,11:11,888.05
P01326,2019-10-25,16:13,5217.1
P01305,2019-10-25,17:54,3199.45
P01247,2019-10-26,05:12,294.38
P01790,2019-10-26,05:12,4418.92
P05570,2019-10-26,23:14,3708.74
P05998,2019-10-26,23:14,7324.46
P05892,2019-10-26,23:14,2856.63
P05879,2019-10-26,23:14,3323.17
P05868,2019-10-26,23:14,4516.72
P43421,2019-10-27,11:52,178649.36
P01533,2019-10-27,17:15,6088.75
P01684,2019-10-27,17:15,957.35
P43736,2019-10-27,17:15,20785.12
P15376,2019-10-27,23:09,3054.83
P03857,2019-10-29,05:18,1279.98
P03185,2019-10-29,05:18,1429.32
P02194,2019-10-29,05:18,1035.01
P01737,2019-10-29,05:18,283.32
P03280,2019-10-29,05:18,324.57
P05655,2019-10-29,05:18,1581.36
P39237,2019-10-29,07:30,5104.89
P13960,2019-10-29,11:43,1599.11
P03706,2019-10-29,23:19,503.12
P05637,2019-10-29,23:19,192.32
P02578,2019-10-29,23:19,7132.6
P01242,2019-10-29,23:19,5687.13
P38871,2019-10-30,14:01,16932.76
P02129,2019-10-30,14:50,616.17
P03972,2019-10-30,17:20,1555.84
P39229,2019-10-30,18:59,10968.83
P03515,2019-10-31,11:22,10284.15
P05187,2019-10-31,11:22,122.07
P05888,2019-10-31,11:22,10306.43
P43699,2019-10-31,11:22,14019.12
P01176,2019-10-31,11:22,3741.0
P04947,2019-10-31,11:22,4983.67
P01679,2019-10-31,11:22,1782.06
P10911,2019-10-31,16:17,3827.5
P13763,2019-10-31,18:50,1401.99
P36298,2019-10-31,23:52,2556.62
P03079,2019-11-01,05:23,435.61
P05880,2019-11-01,05:23,6647.94
P01849,2019-11-01,05:23,1533.39
P36045,2019-11-01,05:23,7264.4
P02562,2019-11-01,11:56,9774.43
P01724,2019-11-01,23:25,240.94
P03957,2019-11-01,23:25,13656.84
P01298,2019-11-01,23:25,4445.42
P10918,2019-11-02,06:42,11688.53
P29136,2019-11-02,10:11,27461.67
P11752,2019-11-02,13:22,1355.37
P05995,2019-11-02,16:20,5243.57
P03192,2019-11-02,17:26,30753.24
P03826,2019-11-02,17:26,1176.29
P01527,2019-11-02,17:26,401.58
P01497,2019-11-03,11:27,1130.76
P43680,2019-11-03,11:27,6001.68
P03150,2019-11-03,11:27,4120.63
P03823,2019-11-03,11:27,1126.83
P43959,2019-11-03,11:27,1944.92
P43660,2019-11-03,11:27,12384.81
P04435,2019-11-04,05:29,7286.49
P03418,2019-11-04,23:30,331.9
P02226,2019-11-04,23:30,1461.26
P04911,2019-11-04,23:30,4101.19
P43806,2019-11-04,23:30,107081.19
P03229,2019-11-04,23:30,1245.42
P05171,2019-11-05,17:31,6507.26
P02266,2019-11-05,17:31,3635.97
P03417,2019-11-05,17:31,3349.6
P02440,2019-11-05,17:31,2625.68
P01173,2019-11-05,17:31,1717.84
P38617,2019-11-06,00:40,6225.01
P39558,2019-11-06,01:28,4414.3
P01588,2019-11-06,11:33,1997.44
P10920,2019-11-06,11:33,8263.65
P03034,2019-11-06,11:33,571.19
P43863,2019-11-06,11:33,488.87
P03767,2019-11-06,11:33,881.77
P02735,2019-11-06,16:02,250.05
P28317,2019-11-07,05:20,504.62
P03297,2019-11-07,05:34,996.21
P04014,2019-11-07,05:34,2687.44
P23976,2019-11-07,05:34,8588.69
P06096,2019-11-07,08:58,6699.6
P42656,2019-11-07,13:11,50701.29
P28339,2019-11-07,14:43,2425.12
P36484,2019-11-07,17:31,453.98
P33993,2019-11-07,23:35,2408.11
P04039,2019-11-07,23:35,3086.69
P43865,2019-11-07,23:35,1845.62
P15653,2019-11-08,00:00,1376.29
P32058,2019-11-08,07:43,1519.82
P42741,2019-11-08,17:37,26319.05
P43730,2019-11-08,17:37,13063.42
P04656,2019-11-08,17:37,1052.97
P03842,2019-11-08,18:53,7345.98
P01600,2019-11-09,11:38,595.73
P05890,2019-11-09,11:38,3822.68
P02043,2019-11-09,11:38,12237.82
P01125,2019-11-09,11:38,2763.1
P15697,2019-11-09,11:38,2117.18
P28308,2019-11-10,03:17,2062.73
P03533,2019-11-10,05:39,758.86
P05889,2019-11-10,05:39,12778.67
P03306,2019-11-10,05:39,5350.08
P03686,2019-11-10,05:39,1513.0
P06858,2019-11-10,06:54,20560.69
P43485,2019-11-10,11:08,92328.86
P01498,2019-11-10,16:53,1983.1
P03290,2019-11-10,23:41,2005.55
P43376,2019-11-11,09:47,3201.07
P43569,2019-11-11,14:26,29375.74
P03768,2019-11-11,17:42,5888.66
P10933,2019-11-11,17:42,534.16
P02614,2019-11-11,17:42,478.97
P17343,2019-11-11,17:42,1511.25
P05877,2019-11-11,17:42,1857.36
P01499,2019-11-11,17:42,2154.87
P43644,2019-11-11,17:42,13207.82
P10294,2019-11-11,18:52,127872.8
P25858,2019-11-11,22:42,5696.55
P19595,2019-11-11,23:07,473.75
P22714,2019-11-12,00:09,3231.2
P05578,2019-11-12,11:44,13907.2
P43741,2019-11-12,11:44,6412.8
P01233,2019-11-12,11:44,1696.51
P01885,2019-11-12,23:25,5669.41
P32427,2019-11-13,05:45,2307.26
P02269,2019-11-13,05:45,1661.78
P01273,2019-11-13,05:45,1044.24
P04641,2019-11-13,05:45,36263.69
P04096,2019-11-13,05:45,2690.41
P03082,2019-11-13,05:45,572.29
P03128,2019-11-13,05:45,4674.4
P17344,2019-11-13,05:45,835.28
P04644,2019-11-13,05:45,2703.49
P05858,2019-11-13,05:45,1325.3
P01363,2019-11-13,05:45,398.2
P21002,2019-11-13,17:56,12457.48
P10133,2019-11-13,23:46,35498.99
P43567,2019-11-13,23:46,466261.38
P04669,2019-11-13,23:46,757.86
P04668,2019-11-13,23:46,4455.22
P43862,2019-11-13,23:46,419.47
P04684,2019-11-14,05:37,29740.84
P31369,2019-11-14,10:31,3058.54
P02628,2019-11-14,17:48,2999.18
P01149,2019-11-14,17:48,14834.99
P01151,2019-11-14,17:48,15052.29
P05015,2019-11-14,17:48,1429.68
P03094,2019-11-14,17:48,363.03
P22709,2019-11-14,17:48,1789.94
P43714,2019-11-14,17:48,15348.9
P43437,2019-11-14,17:48,5003.65
P05379,2019-11-14,21:32,1275.02
P42258,2019-11-15,09:35,1431.95
P03012,2019-11-15,11:49,23757.84
P04037,2019-11-15,11:49,746.75
P01473,2019-11-15,11:49,1068.27
P31662,2019-11-15,18:25,1576.67
P33261,2019-11-16,02:05,4615.82
P38642,2019-11-16,05:36,4267.64
P03428,2019-11-16,05:50,1017.91
P03544,2019-11-16,05:50,1415.07
P21572,2019-11-16,05:50,677.85
P43607,2019-11-16,05:50,13694.53
P11735,2019-11-16,07:34,6824.1
P28273,2019-11-16,09:48,765.55
P25273,2019-11-16,22:10,8118.73
P43956,2019-11-16,23:52,1336.08
P43900,2019-11-16,23:52,6279.52
P03872,2019-11-17,02:06,2379.49
P42673,2019-11-17,12:32,70858.17
P23205,2019-11-17,17:53,10505.51
P03319,2019-11-17,17:53,4044.57
P05751,2019-11-17,17:53,363.32
P19604,2019-11-17,17:53,1673.72
P32426,2019-11-18,09:33,1966.11
P01185,2019-11-18,11:16,980.55
P01683,2019-11-18,11:54,3810.75
P02029,2019-11-18,11:54,1373.24
P01474,2019-11-18,11:54,81557.48
P02145,2019-11-18,11:54,1013.0
P43819,2019-11-19,05:56,4156.39
P25549,2019-11-19,19:25,11926.02
P04492,2019-11-19,23:57,2184.96
P10913,2019-11-19,23:57,883.0
P43716,2019-11-19,23:57,14133.38
P43649,2019-11-20,02:13,8580.91
P06899,2019-11-20,10:27,8649.47
P32422,2019-11-20,12:52,1214.56
P42839,2019-11-20,16:27,1645.6
P04855,2019-11-21,12:00,8966.58
P43923,2019-11-21,12:00,4792.93
P38646,2019-11-21,19:28,42446.65
P39097,2019-11-21,20:18,2780.74
P21705,2019-11-22,06:01,16450.15
P05726,2019-11-22,06:01,592.44
P04630,2019-11-22,06:01,843.52
P06005,2019-11-22,06:01,2310.96
P02542,2019-11-22,06:01,17323.26
P15617,2019-11-22,06:01,964.41
P16925,2019-11-22,20:41,5604.6
P21001,2019-11-23,00:02,40038.33
P28272,2019-11-23,00:02,640.24
P43701,2019-11-23,00:02,49926.9
P43666,2019-11-23,00:02,16046.82
P43735,2019-11-23,00:02,4776.1
P25105,2019-11-23,18:04,897.38
P43651,2019-11-23,18:04,8212.36
P06000,2019-11-23,18:04,9132.66
P43568,2019-11-23,18:04,45829.27
P43938,2019-11-23,18:04,593.6
P36081,2019-11-23,18:04,924.28
P43645,2019-11-23,18:04,9521.18
P06938,2019-11-23,18:04,4096.16
P16718,2019-11-23,21:13,9101.2
P03532,2019-11-24,12:05,306.96
P05021,2019-11-24,12:05,2516.29
P05306,2019-11-24,12:05,3719.31
P19617,2019-11-24,12:05,1521.48
P43689,2019-11-24,12:05,29511.12
P15661,2019-11-24,22:06,3628.46
P21540,2019-11-25,03:05,1453.9
P16357,2019-11-25,06:07,5013.25
P02638,2019-11-25,06:07,409.81
P01475,2019-11-25,06:07,31722.33
P04995,2019-11-25,06:07,10410.32
P01174,2019-11-25,06:07,2163.97
P42243,2019-11-25,14:11,5150.82
P01609,2019-11-26,00:08,1658.49
P04728,2019-11-26,00:08,2188.2
P01403,2019-11-26,00:08,276.33
P26204,2019-11-26,00:08,2962.82
P31563,2019-11-26,03:26,8566.35
P36025,2019-11-26,14:02,960.61
P23204,2019-11-26,14:06,200760.3
P03027,2019-11-26,18:09,1018.59
P02372,2019-11-26,18:09,8094.59
P43431,2019-11-26,18:09,1804.44
P43687,2019-11-26,18:09,16966.21
P16359,2019-11-26,20:27,5475.68
P03011,2019-11-27,12:11,688.24
P21568,2019-11-27,12:11,6175.59
P02901,2019-11-27,12:11,655.56
P01531,2019-11-27,12:11,691.17
P13799,2019-11-27,12:11,7073.8
P28281,2019-11-27,14:38,1310.21
P31659,2019-11-27,20:21,46959.92
P38662,2019-11-28,03:21,1003.17
P13986,2019-11-28,04:51,2504.36
P36069,2019-11-28,05:17,855.78
P03416,2019-11-28,06:12,1293.23
P01503,2019-11-28,06:12,3560.38
P21419,2019-11-28,16:00,600.63
P09303,2019-11-28,17:21,1859.72
P43092,2019-11-28,18:50,69765.14
P43571,2019-11-29,00:13,34605.32
P05919,2019-11-29,00:13,2952.4
P01089,2019-11-29,00:13,1554.11
P01368,2019-11-29,00:13,700.94
P23517,2019-11-29,06:52,1022.89
P03620,2019-11-29,18:15,1151.6
P44011,2019-11-29,18:15,504.45
P34013,2019-11-30,12:16,4690.72
P04894,2019-11-30,12:16,1047.45
P36038,2019-11-30,12:16,895.35
P01365,2019-11-30,12:16,5706.73
P02791,2019-11-30,13:57,9316.2
P01400,2019-12-01,06:17,8253.76
P43717,2019-12-01,06:17,21664.46
P37502,2019-12-01,18:10,424036.93
P04948,2019-12-02,00:19,1179.12
P43700,2019-12-02,00:19,10850.93
P02273,2019-12-02,01:54,22671.52
P23196,2019-12-02,05:02,5486.1
P28275,2019-12-02,13:06,1033.02
P18570,2019-12-02,16:50,2661.1
P34007,2019-12-02,18:20,5756.01
P10855,2019-12-02,18:20,35010.33
P04892,2019-12-02,18:20,4326.19
P04952,2019-12-02,18:20,3757.22
P43511,2019-12-02,18:20,5015.95
P21717,2019-12-04,03:03,328.75
P43936,2019-12-04,06:23,1029.92
P05236,2019-12-04,06:23,1020.04
P15633,2019-12-04,10:15,53083.21
P34003,2019-12-04,13:45,2173.43
P02903,2019-12-05,00:24,1342.44
P13979,2019-12-05,00:24,1877.46
P33268,2019-12-05,05:45,727.1
P01282,2019-12-05,06:09,5000.22
P05020,2019-12-05,07:56,866.61
P03549,2019-12-05,18:26,360.76
P01069,2019-12-05,18:26,2893.86
P21570,2019-12-05,18:26,1678.05
P01670,2019-12-05,18:26,2283.19
P39698,2019-12-06,04:40,4235.66
P04040,2019-12-06,12:27,2451.68
P05921,2019-12-06,12:27,1196.49
P03548,2019-12-07,00:38,682.72
P19650,2019-12-07,06:28,1021.53
P02757,2019-12-07,06:28,1153.25
P03559,2019-12-07,06:28,1346.69
P05239,2019-12-07,06:28,1272.18
P21429,2019-12-07,21:50,18604.45
P05191,2019-12-08,00:30,1580.7
P31556,2019-12-08,00:30,1650.95
P03160,2019-12-08,04:37,370.57
P26209,2019-12-08,18:31,1344.0
P39236,2019-12-08,18:31,10820.57
P26215,2019-12-08,18:31,2281.54
P01111,2019-12-08,18:31,497.1
P15663,2019-12-08,18:57,2434.25
P26871,2019-12-09,04:08,2773.57
P31554,2019-12-09,05:17,1673.18
P36391,2019-12-09,06:31,2052.34
P04856,2019-12-09,12:32,18961.05
P42255,2019-12-09,12:32,2481.68
P20885,2019-12-09,12:32,7290.45
P01223,2019-12-09,12:32,2679.39
P36035,2019-12-10,06:34,673.01
P22740,2019-12-10,06:34,3173.61
P05935,2019-12-10,06:34,8496.04
P42249,2019-12-10,06:34,686.43
P02761,2019-12-10,10:11,456.72
P03129,2019-12-11,00:35,1107.33
P03597,2019-12-11,00:35,15237.41
P36052,2019-12-11,00:35,5775.81
P04956,2019-12-11,00:35,1955.75
P39556,2019-12-11,16:18,46299.9
P01591,2019-12-11,18:36,389.21
P27666,2019-12-11,18:36,8746.97
P26217,2019-12-12,00:06,3901.27
P15624,2019-12-12,03:07,2547.11
P31675,2019-12-12,12:38,925.65
P01127,2019-12-12,12:38,485.93
P01217,2019-12-12,12:38,3400.49
P04631,2019-12-13,06:39,864.29
P33265,2019-12-13,06:39,588.23
P05905,2019-12-14,00:40,2964.86
P15675,2019-12-14,17:25,439178.81
P03177,2019-12-14,18:42,1846.77
P36050,2019-12-14,18:42,1360.35
P39566,2019-12-14,18:42,486900.81
P25862,2019-12-15,02:47,1873.97
P04639,2019-12-15,06:00,2840.04
P03766,2019-12-15,12:43,25113.95
P04640,2019-12-15,12:43,1489.83
P21557,2019-12-15,12:43,5874.62
P25909,2019-12-15,22:40,13233.02
P15654,2019-12-16,02:32,1390.74
P19605,2019-12-16,04:44,29365.93
P43681,2019-12-16,13:03,3250.84
P06036,2019-12-17,00:46,2178.32
P01099,2019-12-17,00:46,7021.69
P06037,2019-12-17,18:47,4063.83
P05395,2019-12-17,23:39,485.49
P10359,2019-12-18,12:49,5434.64
P04229,2019-12-19,06:50,1603.25
P36034,2019-12-19,06:50,382.43
P27665,2019-12-20,00:51,6262.28
P31565,2019-12-20,00:51,17467.22
P36053,2019-12-20,00:51,8190.47
P25920,2019-12-20,00:51,25723.9
P10067,2019-12-20,10:09,519.46
P26840,2019-12-20,15:39,854.45
P02175,2019-12-20,18:53,1106.45
P05711,2019-12-20,18:53,1088.78
P04512,2019-12-22,06:55,4484.76
P43570,2019-12-22,06:55,12342.17
P01180,2019-12-22,06:55,48080.88
P02174,2019-12-23,00:57,1140.01
P25299,2019-12-23,00:57,3731.02
P13029,2019-12-24,09:56,77233.15
P25106,2019-12-24,10:40,1483.39
P05208,2019-12-24,12:59,22643.79
P01980,2019-12-24,12:59,2678.64
P38519,2019-12-24,12:59,5702.15
P36040,2019-12-24,14:38,8227.79
P19641,2019-12-24,15:10,12834.15
P36073,2019-12-25,02:07,3800.98
P39559,2019-12-25,07:01,1593.61
P31560,2019-12-25,07:01,893.51
P01439,2019-12-25,07:01,820.14
P07475,2019-12-25,17:06,256121.18
P36058,2019-12-25,21:05,9431.78
P12657,2019-12-26,01:02,7713.51
P21367,2019-12-26,14:10,18676.36
P04192,2019-12-26,19:03,448.49
P36067,2019-12-26,19:03,3438.6
P36033,2019-12-26,23:19,2779.36
P03420,2019-12-27,13:05,18574.46
P25916,2019-12-28,16:53,28786.71
P36024,2019-12-29,12:40,1588.74
P41430,2019-12-31,01:32,21047.32
P42610,2019-12-31,07:12,2072.27
P41292,2019-12-31,09:25,4567.27
P02981,2020-01-01,01:13,22714.85
P20908,2020-01-01,01:13,20181.56
P19653,2020-01-01,21:18,7480.9
P02461,2020-01-01,21:37,42730.06
P24480,2020-01-02,02:39,11224.68
P27272,2020-01-02,13:16,1913.58
P26214,2020-01-03,10:45,979.39
P15430,2020-01-03,12:40,865.74
P42611,2020-01-04,01:18,2599.51
P01607,2020-01-04,04:07,1320.31
P05152,2020-01-04,07:11,790.9
P25905,2020-01-05,05:13,10361.36
P05374,2020-01-05,08:39,2113.56
P10245,2020-01-05,13:21,5587.76
P16724,2020-01-06,10:54,1208.09
P13795,2020-01-06,20:28,8901.04
P20127,2020-01-07,00:01,1268.31
P18352,2020-01-07,12:57,882.89
P36026,2020-01-07,19:25,1105.2
P38602,2020-01-08,18:58,12615.01
P13026,2020-01-09,07:28,18955.51
P41293,2020-01-10,08:08,2871.78
P01121,2020-01-11,07:39,1166.22
P41441,2020-01-11,13:32,176888.34
P32366,2020-01-11,13:32,861.45
P43998,2020-01-12,07:47,5171.58
P34615,2020-01-12,07:51,449.06
P41670,2020-01-13,01:35,4776.07
P19661,2020-01-13,03:04,813.62
P15642,2020-01-13,09:18,857.09
P43519,2020-01-13,13:52,17977.28
P31571,2020-01-14,09:11,2843.26
P25274,2020-01-14,13:37,1651.45
P42254,2020-01-15,05:00,829.31
P13030,2020-01-15,05:09,1209250.67
P04746,2020-01-15,07:39,2711.64
P31661,2020-01-15,21:14,2623.8
P12663,2020-01-15,23:47,8570.87
P11122,2020-01-16,07:16,1989.34
P05688,2020-01-16,12:51,1289.78
P26526,2020-01-16,19:41,11232.62
P10244,2020-01-17,01:54,27343.4
P03407,2020-01-18,00:13,67364.7
P41673,2020-01-18,05:04,1958.88
P02777,2020-01-18,07:44,7802.75
P05721,2020-01-18,11:50,2594.32
P39094,2020-01-20,17:07,1794.64
P01471,2020-01-21,09:08,5051.84
P13572,2020-01-21,20:00,3322.96
P02400,2020-01-22,00:11,21756.66
P13020,2020-01-22,13:31,162838.32
P43957,2020-01-22,15:42,1305.46
P27782,2020-01-22,20:51,937.91
P08321,2020-01-23,18:41,52111.93
P32049,2020-01-24,00:16,3809.39
P36064,2020-01-24,00:30,14706.76
P32207,2020-01-24,14:38,1013.9
P43667,2020-01-25,13:38,7503.72
P02397,2020-01-25,18:39,494.07
P41674,2020-01-26,12:30,8279.27
P43805,2020-01-26,13:03,7188.73
P36506,2020-01-26,15:07,12070.42
P41440,2020-01-28,00:27,2730.06
P28306,2020-01-28,16:03,1643.25
P43650,2020-01-29,01:40,609380.62
P40549,2020-01-29,08:04,5512.41
P20828,2020-01-29,14:19,1358.02
P20948,2020-01-31,17:06,1328.83
P43703,2020-02-01,14:00,495894.39
P19385,2020-02-01,14:10,694.01
P03033,2020-02-01,16:26,767.89
P03425,2020-02-01,22:37,5786.63
P38693,2020-02-02,12:55,3539.31
P05238,2020-02-03,03:45,1066.45
P13733,2020-02-05,01:33,1186.57
P03483,2020-02-05,08:17,399.17
P41158,2020-02-05,08:17,993.92
P42639,2020-02-06,07:53,3703.93
P05689,2020-02-06,11:22,2673.87
P04774,2020-02-06,20:19,1396.51
P36049,2020-02-08,00:59,1394.27
P34427,2020-02-09,02:23,2617.08
P21565,2020-02-09,11:56,4209.9
P05175,2020-02-11,00:47,1384.97
P11738,2020-02-12,13:06,1294.29
P20883,2020-02-13,03:43,4001.88
P13973,2020-02-13,21:35,67108.73
P22713,2020-02-13,21:54,1922.75
P24140,2020-02-14,08:33,1347.79
P22749,2020-02-14,12:59,1672.55
P03688,2020-02-15,03:40,4325.67
P04380,2020-02-15,12:50,320.01
P03231,2020-02-15,16:23,3230.26
P10846,2020-02-17,08:53,130465.91
P34428,2020-02-17,13:58,3860.23
P26197,2020-02-17,23:44,4584.63
P43647,2020-02-18,13:33,25258.5
P01513,2020-02-19,07:03,1699.58
P23514,2020-02-20,14:16,2384.31
P24974,2020-02-21,02:45,342.79
P27311,2020-02-21,11:52,1272.14
P01993,2020-02-21,16:19,580.56
P38629,2020-02-23,03:07,12420.56
P02321,2020-02-23,08:49,281.36
P24652,2020-02-23,15:00,3295.81
P43999,2020-02-23,23:21,2861.69
P31380,2020-02-24,00:50,1788.47
P13761,2020-02-24,06:25,21587.27
P43892,2020-02-24,16:47,989.05
P16662,2020-02-24,17:22,37707.92
P36046,2020-02-24,20:40,1714.7
P26434,2020-02-24,20:52,35933.58
P01470,2020-02-25,14:53,382.92
P27306,2020-02-27,02:56,36916.23
P28705,2020-02-28,10:37,670.84
P01957,2020-02-28,17:21,1037.29
P40723,2020-02-29,17:56,1743.18
P03419,2020-03-01,12:53,29021.04
P24651,2020-03-01,21:03,3390.13
P09841,2020-03-02,00:48,803.47
P03511,2020-03-02,13:45,358.8
P02561,2020-03-03,06:21,351.59
P33094,2020-03-03,18:48,2346.22
P27936,2020-03-04,03:07,626.9
P04366,2020-03-04,07:53,11859.5
P05028,2020-03-04,08:48,1674.99
P42602,2020-03-04,09:55,190979.58
P43638,2020-03-04,20:22,132392.17
P26432,2020-03-06,01:23,1054.52
P28313,2020-03-06,06:30,1571.82
P34431,2020-03-06,14:55,6495.62
P21370,2020-03-07,02:20,1013.05
P02021,2020-03-07,02:45,1801.17
P28316,2020-03-07,04:13,7795.9
P43648,2020-03-07,17:19,2425.12
P24654,2020-03-08,22:05,3472.08
P15246,2020-03-09,00:48,15145.64
P42600,2020-03-09,09:16,1822.27
P41209,2020-03-09,13:24,19622.95
P33096,2020-03-10,03:18,1934.45
P27309,2020-03-10,07:02,8565.37
P05386,2020-03-10,11:07,1160.79
P03539,2020-03-10,12:58,364.45
P31558,2020-03-12,14:08,1551.82
P03173,2020-03-13,01:17,446.4
P05852,2020-03-13,16:52,3430.47
P03960,2020-03-13,19:00,3861.86
P12666,2020-03-15,12:09,1324.15
P02964,2020-03-18,09:33,201.1
P02126,2020-03-19,00:04,591.59
P22753,2020-03-22,02:31,18362.67
P11570,2020-03-23,08:59,20207.9
P05794,2020-03-23,13:47,2238.19
P14271,2020-03-24,07:01,1183.87
P01310,2020-03-25,07:13,498.92
P31703,2020-03-25,12:52,2576.74
P31397,2020-03-25,13:07,648.98
P43832,2020-03-25,18:33,1185.24
P01058,2020-03-25,21:04,3574.71
P03318,2020-03-26,04:50,1936.87
P04352,2020-03-26,09:04,879.79
P10853,2020-03-26,09:47,7288.77
P38276,2020-03-26,23:31,2108.11
P01412,2020-03-28,03:54,3482.31
P22707,2020-03-28,07:56,14801.52
P02481,2020-03-28,13:55,971.29
P33202,2020-03-28,21:52,1363561.0
P03270,2020-03-29,10:53,2195.21
P11392,2020-03-30,01:02,1144.0
P36479,2020-03-30,02:22,22745.92
P28344,2020-03-31,03:18,6449.89
P04955,2020-03-31,08:16,12026.08
P38161,2020-03-31,12:37,12043.8
P04634,2020-03-31,21:49,1235.25
P42691,2020-04-01,06:39,18665.61
P27663,2020-04-01,12:09,1061.11
P11393,2020-04-02,10:00,3256.59
P39346,2020-04-02,10:00,14819.6
P04472,2020-04-02,13:44,1439.76
P27006,2020-04-03,22:02,8658.08
P10939,2020-04-04,05:00,2081.3
P21170,2020-04-04,18:52,1483.17
P05912,2020-04-06,06:19,2741.49
P37039,2020-04-06,15:40,3168.98
P03446,2020-04-07,08:01,1085.78
P04939,2020-04-07,11:16,5711.56
P42689,2020-04-08,10:11,56737.16
P05151,2020-04-08,23:36,9174.14
P27004,2020-04-10,04:38,36098.82
P03705,2020-04-10,22:57,2362.91
P05654,2020-04-10,23:59,3140.96
P38271,2020-04-11,06:21,4152.73
P02493,2020-04-12,03:56,1007.08
P11391,2020-04-12,16:12,4653.48
P07561,2020-04-12,23:40,956.95
P36023,2020-04-13,04:21,1122.94
P12991,2020-04-15,10:24,46787.54
P34005,2020-04-15,15:29,14939.08
P27248,2020-04-15,22:24,604.98
P26226,2020-04-17,10:56,1273.66
P27003,2020-04-17,22:30,13475.04
P10656,2020-04-18,20:18,929.63
P21224,2020-04-18,23:44,2217.13
P33201,2020-04-20,00:12,5173.84
P13283,2020-04-21,04:19,726.63
P38275,2020-04-21,04:34,30983.26
P05009,2020-04-21,14:09,717.86
P01526,2020-04-21,19:31,779.27
P08035,2020-04-22,01:48,13671.58
P08034,2020-04-22,16:36,7363.99
P17091,2020-04-23,18:00,1165.42
P42692,2020-04-24,12:52,183090.58
P43688,2020-04-25,07:06,23323.13
P33269,2020-04-25,16:39,1318.21
P05665,2020-04-27,09:31,2954.09
P43901,2020-04-27,13:33,1494.48
P21032,2020-04-28,13:27,3987.12
P03870,2020-04-28,21:10,1261.96
P01820,2020-04-30,21:29,645.83
P43898,2020-05-01,14:06,673.76
P04024,2020-05-02,10:54,2845.42
P31897,2020-05-03,04:55,850.95
P39494,2020-05-03,22:57,45516.53
P25907,2020-05-04,21:59,1229.69
P03873,2020-05-06,00:21,46063.61
P23520,2020-05-06,05:18,30113.97
P43899,2020-05-07,06:25,786.82
P02565,2020-05-07,07:31,1192.88
P39242,2020-05-07,09:54,2235.63
P13115,2020-05-08,18:59,2077.47
P04945,2020-05-09,21:07,9617.89
P01246,2020-05-10,21:44,465.83
P20831,2020-05-10,22:19,768.17
P01337,2020-05-11,04:35,2077.64
P01604,2020-05-11,19:44,2427.4
P26002,2020-05-12,23:13,29173.16
P30838,2020-05-13,17:14,5895.3
P05029,2020-05-14,22:47,25959.88
P13573,2020-05-15,03:04,1061.61
P02678,2020-05-15,15:26,1064.7
P31678,2020-05-15,18:51,2107.72
P23793,2020-05-15,23:18,1516.87
P42879,2020-05-15,23:18,4221.53
P01833,2020-05-16,07:23,8367.72
P25107,2020-05-17,05:38,11955.88
P38904,2020-05-18,02:29,1468.9
P01835,2020-05-18,05:22,7694.59
P05387,2020-05-18,08:01,4755.76
P01834,2020-05-19,02:37,1211.57
P18250,2020-05-19,17:25,1643.83
P39629,2020-05-20,11:27,1084.1
P03828,2020-05-21,17:50,1878.54
P26007,2020-05-21,20:47,3459.04
P17342,2020-05-22,14:10,605.61
P26990,2020-05-22,17:42,1015.12
P39626,2020-05-23,03:43,10691.44
P01171,2020-05-23,04:50,643.81
P13762,2020-05-23,23:27,20278.39
P04616,2020-05-24,14:03,1233.31
P24402,2020-05-24,15:24,1127.8
P24401,2020-05-24,23:35,3879.48
P05492,2020-05-27,15:54,482.49
P05865,2020-05-28,05:10,2182.25
P02564,2020-05-28,12:39,3015.31
P39492,2020-05-29,11:17,4795.47
P01409,2020-05-30,02:30,1308.39
P39800,2020-05-30,08:53,794.73
P43290,2020-05-30,21:31,4445.98
P39624,2020-06-01,17:49,3541.38
P04425,2020-06-02,09:46,4779.17
P24745,2020-06-02,23:51,633.49
P38433,2020-06-03,11:58,2101.97
P41672,2020-06-04,21:22,5285.28
P01175,2020-06-04,21:44,1441.23
P11584,2020-06-06,17:15,8617.28
P12946,2020-06-07,01:46,3217.04
P24744,2020-06-07,06:05,1884.57
P26005,2020-06-08,15:14,6525.83
P05730,2020-06-09,13:44,1555.49
P02205,2020-06-10,05:36,323.38
P26218,2020-06-10,10:55,12305.51
P24743,2020-06-11,05:00,1472.77
P05253,2020-06-12,02:08,358.11
P02522,2020-06-12,18:54,1192.62
P31552,2020-06-13,05:53,2461.12
P05463,2020-06-13,10:05,3453.41
P39627,2020-06-14,02:51,2575.47
P02039,2020-06-14,23:23,7012.34
P01723,2020-06-16,17:26,2254.59
P03838,2020-06-17,05:52,1749.01
P02770,2020-06-17,07:20,6851.67
P02418,2020-06-17,18:43,2455.95
P15247,2020-06-18,03:56,6440.68
P25532,2020-06-18,18:19,70972.04
P29281,2020-06-20,06:22,2574.9
P03844,2020-06-21,00:23,1187.37
P01530,2020-06-21,00:23,1798.98
P22677,2020-06-22,06:37,3432.85
P02247,2020-06-22,12:26,8392.0
P01216,2020-06-22,17:12,1625.4
P43742,2020-06-23,10:48,47807.32
P06685,2020-06-23,11:47,516.96
P31676,2020-06-23,20:07,11533.71
P36210,2020-06-24,00:46,10084.51
P23516,2020-06-24,12:03,4574.59
P05642,2020-06-24,16:57,19984.65
P02549,2020-06-25,16:01,2368.0
P01274,2020-06-26,06:33,794.48
P10054,2020-06-27,00:34,4609.51
P03968,2020-06-27,14:55,661.85
P37061,2020-06-27,19:47,25481.26
P43504,2020-06-28,02:35,90619.05
P43919,2020-06-28,12:37,1669.44
P43879,2020-06-28,12:37,962.96
P43855,2020-06-28,16:36,6277.87
P05650,2020-06-28,20:09,997.74
P02299,2020-06-29,06:38,1653.0
P10050,2020-06-29,07:54,4149.4
P01680,2020-06-29,18:53,698.14
P43548,2020-06-30,00:34,359.15
P04923,2020-06-30,00:40,984.86
P03963,2020-06-30,00:40,939.16
P37062,2020-06-30,08:55,13332.17
P22676,2020-06-30,18:41,5918.06
P10375,2020-06-30,18:41,1514.71
P04683,2020-07-01,12:42,1105.08
P04613,2020-07-02,06:44,640.21
P01225,2020-07-02,06:44,1171.92
P37025,2020-07-02,09:02,2288.96
P28320,2020-07-02,23:00,4070.52
P03232,2020-07-03,00:45,756.46
P02718,2020-07-03,00:45,1678.97
P01821,2020-07-03,00:45,6773.52
P01663,2020-07-03,00:45,2300.65
P20434,2020-07-03,09:10,1153.61
P03572,2020-07-03,18:47,3667.52
P04295,2020-07-03,18:47,1043.19
P02568,2020-07-03,18:47,1860.07
P01903,2020-07-03,18:47,949.25
P01575,2020-07-04,16:01,1055.58
P03967,2020-07-05,06:49,3560.79
P43918,2020-07-05,06:49,1310.52
P01304,2020-07-05,06:49,36906.92
P05096,2020-07-05,13:17,2066.75
P02830,2020-07-06,00:51,1565.37
P43834,2020-07-06,00:51,525.96
P43740,2020-07-06,08:24,12225.69
P04504,2020-07-06,18:52,419.51
P01771,2020-07-07,12:53,295.44
P43040,2020-07-08,02:37,7072.3
P39100,2020-07-08,04:18,12593.29
P04717,2020-07-08,04:26,1303.75
P02867,2020-07-08,12:04,792.01
P04785,2020-07-08,12:35,5253.88
P05012,2020-07-09,00:56,857.57
P01614,2020-07-09,00:56,486.14
P02310,2020-07-09,00:56,546.23
P25534,2020-07-09,17:42,134923.34
P04375,2020-07-09,18:57,2579.97
P05920,2020-07-10,09:03,1966.43
P05723,2020-07-10,20:04,395.13
P35500,2020-07-11,09:30,724.78
P04614,2020-07-12,01:01,2032.09
P03961,2020-07-12,19:03,1110.56
P02054,2020-07-12,19:03,1371.81
P29283,2020-07-13,00:07,5461.96
P04649,2020-07-14,07:06,3190.33
P04297,2020-07-14,07:06,47.04
P10053,2020-07-14,08:43,1304.9
P02020,2020-07-14,14:17,509.0
P04674,2020-07-14,14:55,444.67
P02187,2020-07-15,15:31,1446.84
P43637,2020-07-15,19:08,18701.72
P03568,2020-07-15,19:08,1095.04
P04506,2020-07-15,19:08,3023.58
P39847,2020-07-15,19:08,7519.45
P13959,2020-07-15,19:19,1835.43
P15616,2020-07-16,04:29,3590.64
P03769,2020-07-16,18:41,3899.05
P03687,2020-07-16,22:44,538.76
P01283,2020-07-18,01:10,28184.46
P43039,2020-07-18,01:12,37742.0
P04627,2020-07-18,03:28,337.07
P22678,2020-07-18,07:41,431702.32
P01340,2020-07-18,08:30,1067.51
P04671,2020-07-18,19:14,496.13
P02441,2020-07-18,19:14,1545.69
P03971,2020-07-18,19:14,23549.57
P02014,2020-07-19,13:15,803.58
P41366,2020-07-19,13:15,117759.79
P02958,2020-07-19,15:17,1426.37
P10517,2020-07-19,19:05,3565.07
P36044,2020-07-20,01:55,15332.91
P05641,2020-07-20,07:16,1668.46
P03324,2020-07-20,07:16,337.44
P02554,2020-07-20,07:16,1294.38
P21574,2020-07-20,21:25,25159.94
P29282,2020-07-20,23:11,3059.86
P01778,2020-07-21,01:18,10849.65
P05381,2020-07-21,19:19,2451.61
P03847,2020-07-21,19:19,571.91
P03059,2020-07-21,21:12,13242.45
P02507,2020-07-22,13:20,616.16
P02875,2020-07-22,13:20,456.38
P01142,2020-07-23,07:22,3017.33
P02790,2020-07-23,07:22,2151.06
P02449,2020-07-23,07:22,737.98
P23230,2020-07-23,12:17,1450.72
P13408,2020-07-23,15:32,356.05
P01611,2020-07-24,01:23,243.18
P43640,2020-07-24,01:23,16450.58
P02577,2020-07-24,01:23,14289.1
P01186,2020-07-24,08:48,275.0
P11786,2020-07-24,11:59,27875.7
P02680,2020-07-24,19:25,99784.37
P04917,2020-07-24,19:25,1036.89
P02567,2020-07-24,19:25,4844.35
P03293,2020-07-24,19:25,378.21
P36211,2020-07-25,13:26,3261.7
P03825,2020-07-25,13:26,649.12
P02538,2020-07-26,07:27,22374.0
P05646,2020-07-27,01:29,528.26
P04660,2020-07-27,01:29,5054.87
P01781,2020-07-27,01:29,988.89
P01090,2020-07-27,01:29,5711.08
P05634,2020-07-27,19:30,815.63
P02750,2020-07-27,19:30,4009.06
P36579,2020-07-27,19:30,3735.22
P03300,2020-07-27,19:30,2202.62
P43739,2020-07-27,22:34,2875.96
P43731,2020-07-29,07:33,3617.12
P03004,2020-07-29,07:33,582.22
P03827,2020-07-29,07:33,334.87
P04343,2020-07-29,07:33,1209.95
P05172,2020-07-29,13:51,3623.97
P05853,2020-07-29,22:59,826.01
P04890,2020-07-30,01:34,18223.77
P43661,2020-07-30,19:35,175169.69
P02394,2020-07-30,19:35,53881.14
P05899,2020-07-31,13:37,1346.74
P20830,2020-07-31,15:30,6417.85
P02041,2020-08-01,07:38,1240.42
P05010,2020-08-01,07:38,481.81
P02488,2020-08-02,01:39,611.64
P03119,2020-08-02,19:41,1485.58
P19668,2020-08-03,08:00,5389.06
P02185,2020-08-03,13:42,4847.81
P03831,2020-08-03,13:42,702.81
P06011,2020-08-04,07:43,18511.1
P02495,2020-08-04,07:43,3881.32
P05867,2020-08-04,07:43,14051.39
P43737,2020-08-04,07:43,6388.86
P03422,2020-08-04,20:53,10042.09
P03181,2020-08-05,01:45,1451.89
P03315,2020-08-05,01:45,1289.67
P03693,2020-08-05,01:45,2753.87
P03322,2020-08-05,01:45,737.13
P03450,2020-08-05,05:27,2332.6
P01725,2020-08-05,19:46,2952.13
P29114,2020-08-06,03:36,3889.67
P03267,2020-08-06,13:48,4651.86
P04657,2020-08-06,13:48,2133.96
P01431,2020-08-06,13:48,111.72
P43662,2020-08-06,13:48,3279.46
P43733,2020-08-06,13:48,4128.15
P39092,2020-08-06,14:57,918.99
P01144,2020-08-06,16:46,628.97
P03543,2020-08-07,02:40,1058.24
P03546,2020-08-07,07:49,1171.83
P40804,2020-08-08,01:50,14141.21
P01301,2020-08-08,01:50,9261.11
P02566,2020-08-08,01:50,664.46
P03994,2020-08-08,17:33,1237.5
P03861,2020-08-08,19:52,6374.32
P39661,2020-08-09,03:04,13298.96
P05725,2020-08-09,13:53,439.41
P19050,2020-08-09,20:11,2010.21
P03268,2020-08-10,07:54,2665.21
P02798,2020-08-10,07:54,1437.45
P01690,2020-08-10,07:54,719.82
P43982,2020-08-10,07:54,1682.98
P43738,2020-08-11,01:56,3142.24
P03689,2020-08-11,01:56,1778.66
P05210,2020-08-11,16:56,1182.2
P11590,2020-08-11,18:15,1985.47
P03411,2020-08-11,19:57,1099.09
P04928,2020-08-12,12:55,799.14
P01715,2020-08-14,02:01,293.49
P03860,2020-08-14,02:01,867.9
P43853,2020-08-14,08:08,4151.6
P43564,2020-08-14,19:49,79967.69
P43864,2020-08-14,20:02,1700.49
P02120,2020-08-14,20:02,441.17
P39659,2020-08-15,01:20,2035.63
P03036,2020-08-15,14:04,2076.86
P03191,2020-08-15,14:04,1192.78
P05384,2020-08-15,17:36,3062.04
P36153,2020-08-16,04:08,1241.53
P05647,2020-08-16,04:50,448.92
P39662,2020-08-16,08:05,2068.95
P40353,2020-08-17,02:07,4140.46
P05727,2020-08-17,02:07,1020.6
P03275,2020-08-17,02:07,390.62
P01394,2020-08-17,02:07,137.17
P02574,2020-08-17,20:08,304.98
P43935,2020-08-18,11:12,18513.49
P14542,2020-08-18,14:09,4440.4
P03159,2020-08-18,14:09,2386.08
P03560,2020-08-18,14:09,415.26
P05193,2020-08-18,14:09,8315.94
P03537,2020-08-19,08:11,8258.01
P04783,2020-08-19,08:11,2209.87
P03130,2020-08-20,02:12,10297.85
P04201,2020-08-20,02:12,345.51
P21766,2020-08-20,02:12,2687.86
P05243,2020-08-20,20:13,1461.67
P04441,2020-08-21,14:15,2005.26
P05856,2020-08-21,14:15,1252.77
P05027,2020-08-21,14:15,29269.89
P04853,2020-08-21,14:15,1318.89
P03595,2020-08-21,14:15,3569.91
P02621,2020-08-21,14:15,26324.3
P21567,2020-08-21,14:15,491.31
P43606,2020-08-22,01:32,6086.83
P06721,2020-08-22,15:00,993.2
P15658,2020-08-23,02:17,4496.44
P03868,2020-08-23,02:17,3141.5
P01361,2020-08-23,20:19,9173.38
P08376,2020-08-23,20:44,74156.1
P28278,2020-08-23,23:48,3831.24
P03822,2020-08-24,14:20,1381.77
P04340,2020-08-24,14:20,677.4
P04779,2020-08-24,14:20,1055.46
P03121,2020-08-24,14:20,166.25
P10723,2020-08-25,08:21,1045.05
P05396,2020-08-26,02:23,427.38
P03091,2020-08-26,02:23,2020.79
P02267,2020-08-26,02:23,587.35
P03279,2020-08-26,02:23,38627.67
P43712,2020-08-26,02:23,25972.34
P04227,2020-08-26,17:20,986.41
P31364,2020-08-27,14:26,1047.46
P04483,2020-08-27,14:26,8336.64
P43432,2020-08-28,02:49,32095.58
P03565,2020-08-28,08:27,1643.97
P36032,2020-08-28,08:27,22125.62
P26660,2020-08-29,02:28,8467.77
P05747,2020-08-29,02:28,2148.74
P04442,2020-08-29,02:28,3662.18
P03298,2020-08-29,04:06,895.01
P03535,2020-09-01,02:34,2360.27
P04191,2020-09-01,18:00,989.67
P01222,2020-09-01,20:35,1114.25
P40803,2020-09-02,10:09,386471.93
P39099,2020-09-02,10:33,1192.78
P03055,2020-09-02,14:36,898.85
P04632,2020-09-02,14:36,1740.28
P05022,2020-09-02,14:36,4282.68
P15937,2020-09-03,10:03,1343.92
P40351,2020-09-03,13:59,680.24
P26657,2020-09-03,19:37,18900.01
P26656,2020-09-04,07:19,4640.92
P01602,2020-09-04,10:56,2858.17
P05246,2020-09-04,20:40,1527.06
P03552,2020-09-05,00:28,1602.62
P14269,2020-09-06,01:18,1528.93
P15628,2020-09-06,05:00,6437.72
P03992,2020-09-06,08:43,1784.92
P10390,2020-09-06,15:20,32230.19
P02392,2020-09-06,20:13,940.9
P01330,2020-09-07,02:45,3354.05
P02899,2020-09-07,02:45,182.4
P01378,2020-09-07,02:45,625.72
P30312,2020-09-07,17:45,5008.78
P01434,2020-09-07,20:43,1020.15
P16713,2020-09-09,08:49,873.2
P05648,2020-09-09,19:20,9177.08
P32740,2020-09-11,00:41,1360.25
P02771,2020-09-11,13:28,1429.72
P40350,2020-09-12,04:14,1808.21
P01668,2020-09-12,08:54,21935.52
P03621,2020-09-12,11:54,4259.92
P05876,2020-09-12,22:24,738.23
P01496,2020-09-15,08:59,731.95
P39557,2020-09-16,21:02,2452.11
P04843,2020-09-17,15:03,82915.77
P01994,2020-09-19,08:46,326.55
P01098,2020-09-19,09:57,2173.33
P05597,2020-09-19,10:49,741.48
P05388,2020-09-20,18:11,1226.88
P31484,2020-09-21,06:02,4759.8
P05195,2020-09-22,03:12,1245.79
P05652,2020-09-23,05:38,533.84
P02282,2020-09-23,21:32,1317.93
P01381,2020-09-24,00:44,819.0
P38131,2020-09-26,04:41,8203.49
P16537,2020-09-26,15:20,4585.85
P04383,2020-09-26,15:20,22616.27
P04382,2020-09-26,16:47,2699.79
P39554,2020-09-27,09:21,1419.27
P02722,2020-09-27,13:16,5285.2
P36847,2020-09-28,03:22,2805.64
P31482,2020-09-29,15:25,13724.89
P21739,2020-09-29,19:38,27944.32
P43954,2020-09-30,05:18,54335.64
P04659,2020-09-30,13:42,2253.59
P16536,2020-10-01,16:12,5617.99
P11201,2020-10-03,03:13,1405.43
P17188,2020-10-03,09:32,202739.45
P37533,2020-10-03,13:54,4427.63
P21740,2020-10-04,21:35,8346.14
P17187,2020-10-05,05:03,21725.66
P03153,2020-10-06,02:53,364.62
P43642,2020-10-06,08:20,35605.19
P03749,2020-10-09,03:41,2298.55
P03054,2020-10-09,17:39,739.81
P04617,2020-10-10,13:10,277.43
P07594,2020-10-10,15:34,54024.29
P01462,2020-10-11,15:47,437.35
P19241,2020-10-14,10:12,2811.18
P04493,2020-10-18,03:09,305.61
P42194,2020-10-18,06:58,41784.32
P17186,2020-10-19,17:45,48624.02
P01916,2020-10-20,11:59,51666.21
P04667,2020-10-20,13:03,478.56
P38606,2020-10-20,13:46,2583058.15
P25940,2020-10-21,19:38,54963.87
P03984,2020-10-22,09:47,1159.58
P02298,2020-10-23,07:25,1585.4
P15630,2020-10-23,07:40,1291.32
P16538,2020-10-23,08:35,2381.13
P31483,2020-10-23,21:48,7587.57
P12834,2020-11-01,05:23,26156.69
P21699,2020-11-01,16:25,4088.32
P21387,2020-11-03,04:28,3247.46
P19303,2020-11-04,00:11,167512.3
P05013,2020-11-05,03:16,2454.88
P01227,2020-11-05,18:29,1305.82
P15086,2020-11-07,05:34,1603.25
P10186,2020-11-07,16:36,9630.68
P01659,2020-11-08,04:33,1662.41
P12833,2020-11-08,10:37,884.96
P15589,2020-11-08,20:03,793.85
P03636,2020-11-08,21:04,5819.08
P31318,2020-11-09,22:40,1282.29
P02870,2020-11-10,14:16,1122.99
P42333,2020-11-11,05:46,392.8
P04666,2020-11-11,10:54,4428.42
P03186,2020-11-12,14:14,18106.67
P15621,2020-11-12,17:08,2481.19
P20372,2020-11-13,16:47,1735.9
P18534,2020-11-14,11:57,2997.92
P02370,2020-11-17,01:55,613.56
P02831,2020-11-17,16:46,9187.38
P13079,2020-11-17,23:48,2048.48
P05872,2020-11-18,06:57,2488.44
P12839,2020-11-19,16:04,14356.86
P05190,2020-11-20,22:21,3591.94
P31428,2020-11-22,08:55,2479.71
P04680,2020-11-22,10:57,1837.18
P01224,2020-11-23,00:38,3917.54
P09993,2020-11-25,19:00,1245.79
P21386,2020-11-26,22:25,2626.59
P02850,2020-11-27,22:41,10585.14
P01481,2020-11-30,00:48,740.02
P21378,2020-11-30,01:36,13153.4
P13141,2020-12-01,15:45,2561.3
P20363,2020-12-02,04:27,33296.6
P13825,2020-12-02,10:45,1821.43
P04365,2020-12-02,17:49,2329.81
P33697,2020-12-03,05:22,1676.8
P05898,2020-12-04,19:49,5580.12
P40202,2020-12-06,18:58,8408.92
P02127,2020-12-06,21:28,1370.85
P06007,2020-12-07,12:13,671.56
P04426,2020-12-07,16:13,24970.01
P05682,2020-12-07,16:17,2196.85
P01681,2020-12-08,02:47,2445.88
P43835,2020-12-08,17:00,1260.93
P12840,2020-12-08,19:32,57102.88
P10184,2020-12-08,20:51,12394.62
P04517,2020-12-09,16:22,1124.53
P20364,2020-12-11,12:24,14435.22
P10410,2020-12-12,02:09,51797.11
P04474,2020-12-12,02:55,1221.61
P03227,2020-12-12,12:08,1990.6
P37578,2020-12-13,17:41,946.43
P01455,2020-12-19,21:00,890.62
P01544,2020-12-22,01:51,334.85
P02344,2020-12-23,11:33,2958.03
P41532,2020-12-23,11:58,3520.03
P36399,2020-12-23,11:58,20369.44
P03304,2020-12-23,14:26,2198.43
P03845,2020-12-26,01:23,1258.09
P10115,2020-12-27,00:12,38473.25
P04931,2020-12-27,00:57,303.29
P03327,2020-12-27,11:06,2042.37
P20653,2020-12-27,11:44,1565.3
P42641,2020-12-29,16:43,762.67
P02019,2020-12-29,16:48,1440.56
P09946,2020-12-30,08:53,5960.33
P02202,2020-12-31,02:30,1396.74
P17069,2020-12-31,18:13,5422.14
P18815,2021-01-01,07:15,16956.71
P18814,2021-01-01,16:10,327292.33
P37777,2021-01-03,17:21,103147.55
P43360,2021-01-04,13:59,33172.15
P01440,2021-01-05,15:19,647.81
P20079,2021-01-06,18:24,120434.36
P22668,2021-01-06,18:24,3937.26
P39231,2021-01-07,12:26,1455.1
P18811,2021-01-07,23:46,1109.73
P17067,2021-01-10,10:51,63807.71
P37781,2021-01-10,12:31,16519.13
P29014,2021-01-10,12:31,1178.38
P22665,2021-01-10,17:23,12730.25
P04278,2021-01-11,16:52,3489.05
P27238,2021-01-12,21:53,6831.79
P15667,2021-01-15,09:31,7124.01
P10925,2021-01-15,21:53,2802.38
P02359,2021-01-16,01:04,46255.32
P02376,2021-01-16,19:31,1758.86
P37780,2021-01-17,15:38,114810.93
P41530,2021-01-17,21:49,3263.91
P01713,2021-01-19,02:03,2388.22
P42394,2021-01-19,12:47,4832.28
P04930,2021-01-20,19:03,422.56
P22666,2021-01-21,12:47,1331.61
P41729,2021-01-22,02:34,2576.66
P02361,2021-01-24,07:34,201011.72
P02326,2021-01-25,18:49,2022.41
P21120,2021-01-28,14:31,2563.97
P01500,2021-01-28,15:33,1942.69
P05026,2021-01-29,06:30,716.57
P33852,2021-01-31,01:33,494.21
P03547,2021-02-01,05:49,219.36
P13463,2021-02-02,23:55,18826.79
P10864,2021-02-03,01:49,2255.2
P05695,2021-02-03,23:24,8938.5
P01248,2021-02-04,18:14,1611.04
P32916,2021-02-05,04:28,4693.58
P03990,2021-02-05,07:49,653.11
P01275,2021-02-05,13:13,741.58
P05698,2021-02-05,19:18,495119.02
P26320,2021-02-06,00:58,8054.74
P03294,2021-02-06,06:06,1992.9
P05696,2021-02-06,11:46,24683.81
P03171,2021-02-06,15:23,615.55
P26319,2021-02-07,06:54,323536.15
P02957,2021-02-08,09:30,388.01
P39514,2021-02-10,07:27,902.28
P42860,2021-02-10,12:27,2871.92
P04957,2021-02-12,02:48,658.47
P13155,2021-02-13,00:13,3129.41
P20975,2021-02-13,01:32,1151.74
P01784,2021-02-14,05:25,3211.39
P42595,2021-02-15,18:14,918.28
P32865,2021-02-16,09:28,12148.91
P13466,2021-02-16,23:40,10811.27
P13465,2021-02-17,01:39,10375.21
P24453,2021-02-18,19:49,3287.1
P04726,2021-02-19,04:32,2514.86
P05681,2021-02-19,11:49,1904.65
P10516,2021-02-21,13:47,6167.21
P15918,2021-02-21,18:56,1310.43
P04190,2021-02-22,03:19,2947.92
P03448,2021-02-24,05:19,2904.21
P32856,2021-02-25,17:51,3240.07
P19169,2021-02-27,14:08,668.11
P10654,2021-02-27,23:59,35968.46
P26318,2021-03-01,20:02,43015.01
P13158,2021-03-01,20:02,11153.09
P03302,2021-03-02,04:03,12878.34
P04203,2021-03-03,00:09,2826.0
P05653,2021-03-03,03:56,12898.8
P18096,2021-03-04,23:14,2933.15
P26225,2021-03-05,16:28,16661.87
P01219,2021-03-05,23:04,2117.26
P10649,2021-03-11,00:51,1487263.43
P11890,2021-03-12,03:56,1862.62
P43818,2021-03-16,08:04,10481.32
P05094,2021-03-16,15:05,12364.89
P02594,2021-03-16,16:59,500.72
P18708,2021-03-22,10:45,3030.16
P18085,2021-03-24,23:11,9511.25
P33292,2021-03-26,19:03,50181.41
P04447,2021-03-29,14:52,546.02
P04516,2021-03-29,18:32,1526.93
P25741,2021-03-29,19:50,171.07
P25875,2021-03-29,20:08,5719.21
P14361,2021-03-31,20:56,5766.95
P18084,2021-04-02,18:49,1463.23
P04946,2021-04-03,23:45,1884.04
P04941,2021-04-04,07:40,1508.37
P03148,2021-04-04,15:03,9916.17
P05644,2021-04-04,15:03,1877.8
P10327,2021-04-05,19:11,2261.18
P41869,2021-04-07,17:00,4396.83
P25316,2021-04-08,09:10,7538.52
P21343,2021-04-09,03:11,4576.56
P04633,2021-04-09,08:52,669.59
P01231,2021-04-09,21:12,412.86
P05567,2021-04-09,21:12,374.94
P02922,2021-04-11,09:15,160.67
P05663,2021-04-11,09:15,67692.9
P41870,2021-04-12,03:16,40481.87
P21342,2021-04-12,04:55,1492.87
P03955,2021-04-12,21:18,1605.81
P04803,2021-04-13,15:19,217.29
P05990,2021-04-13,15:19,1338.73
P02838,2021-04-15,03:22,1007.85
P33291,2021-04-15,06:59,56712.48
P13561,2021-04-15,20:56,3333.53
P04806,2021-04-16,15:24,1824.34
P18045,2021-04-17,09:26,134529.56
P04624,2021-04-17,09:26,452.02
P03712,2021-04-17,09:26,982.59
P05683,2021-04-18,03:27,1631.33
P20617,2021-04-20,02:22,163595.54
P04470,2021-04-20,03:56,308.44
P04654,2021-04-20,09:31,975.08
P02448,2021-04-21,03:33,6661.74
P03373,2021-04-21,20:38,205626.34
P04098,2021-04-22,04:40,932.57
P33290,2021-04-23,09:37,109547.21
P29824,2021-04-24,21:39,5559.42
P02309,2021-04-27,03:43,793.14
P02168,2021-04-27,21:45,3225.54
P05301,2021-04-28,15:46,4506.23
P03299,2021-04-28,15:46,2988.48
P04377,2021-05-02,22:36,17042.15
P01284,2021-05-04,15:57,6528.96
P43698,2021-05-04,15:57,22188.94
P01285,2021-05-06,22:12,5816.05
P16130,2021-05-08,02:27,365.72
P42979,2021-05-08,08:12,6458.54
P33679,2021-05-09,12:40,3814.2
P02096,2021-05-09,14:39,12054.09
P05456,2021-05-10,01:26,8597.08
P42985,2021-05-11,04:14,1739.69
P01286,2021-05-12,17:16,45701.92
P14877,2021-05-13,16:13,685.52
P13316,2021-05-15,02:14,7220.9
P05014,2021-05-15,04:16,2560.69
P02172,2021-05-15,22:17,2742.7
P03427,2021-05-16,16:19,3135.98
P10788,2021-05-17,23:07,5802.21
P04711,2021-05-18,02:46,614.0
P42951,2021-05-18,04:21,2534.48
P02132,2021-05-18,04:21,195193.35
P04663,2021-05-18,04:21,3075.12
P26511,2021-05-20,21:00,33263.83
P02450,2021-05-21,02:58,2394.83
P01505,2021-05-21,04:10,7257576.36
P03117,2021-05-21,22:28,8967.2
P02133,2021-05-21,23:54,320180.32
P04944,2021-05-22,16:30,35361.38
P23353,2021-05-23,14:18,2397.34
P39704,2021-05-24,22:34,3896.27
P35066,2021-05-25,00:20,777448.37
P03545,2021-05-25,16:35,3209.24
P03096,2021-05-25,16:35,1133.99
P03564,2021-05-26,10:36,965.45
P21495,2021-05-26,22:41,6924.49
P03426,2021-05-27,04:38,8477.92
P05249,2021-05-28,16:40,31060.58
P14354,2021-05-28,17:57,4413.64
P35762,2021-05-29,23:36,2991.48
P02103,2021-05-30,04:43,2546.45
P11973,2021-05-30,15:27,341.71
P27844,2021-06-01,10:47,551.95
P39703,2021-06-01,22:58,9662.64
P12773,2021-06-02,04:49,19137.86
P03312,2021-06-02,04:49,551.38
P04302,2021-06-02,09:12,3494.18
P01592,2021-06-03,02:09,6844.37
P13313,2021-06-03,16:51,5409.39
P03124,2021-06-03,16:51,796.82
P06070,2021-06-05,16:00,9711.86
P32691,2021-06-05,22:55,1450.35
P16681,2021-06-10,22:29,573.76
P01218,2021-06-11,05:05,43097.16
P17965,2021-06-12,14:36,2414.26
P43951,2021-06-12,17:08,5795.49
P21324,2021-06-13,09:40,455.76
P35818,2021-06-15,03:10,9509.6
P24714,2021-06-17,05:16,636.67
P27303,2021-06-17,09:42,6685.89
P35794,2021-06-17,11:14,2014.81
P28052,2021-06-18,05:13,4616.33
P25625,2021-06-19,20:26,643.54
P05750,2021-06-20,05:21,1178.71
P40649,2021-06-20,23:22,2964.03
P43939,2021-06-20,23:22,555.46
P36582,2021-06-21,17:24,2984.21
P16797,2021-06-22,21:17,25779.23
P01780,2021-06-23,15:20,765.54
P14345,2021-06-23,19:46,4408.5
P28109,2021-06-23,20:18,9747.97
P29930,2021-06-25,10:37,778.63
P04620,2021-06-26,18:14,1642.16
P02827,2021-06-26,23:33,3777.63
P24570,2021-06-27,08:43,2394.84
P04732,2021-06-28,11:36,1264.78
P34743,2021-06-28,19:39,622.61
P26254,2021-06-30,00:13,4347.77
P19023,2021-06-30,08:30,754.83
P23422,2021-06-30,16:18,1130.45
P27304,2021-06-30,17:40,919.96
P36994,2021-07-01,05:08,3843.27
P19075,2021-07-01,11:45,6484.88
P24427,2021-07-02,17:33,1212.7
P28016,2021-07-03,17:02,539.75
P18193,2021-07-03,17:46,4505.55
P01220,2021-07-03,17:46,1755.76
P40718,2021-07-04,08:42,4439.6
P28089,2021-07-05,13:32,2348.86
P27300,2021-07-05,14:12,7357.38
P24774,2021-07-05,16:24,1587.63
P18518,2021-07-07,19:03,904.79
P16701,2021-07-08,19:28,2853.6
P23889,2021-07-09,18:47,1482.69
P38902,2021-07-10,13:22,14920.33
P35758,2021-07-10,13:38,16890.43
P36585,2021-07-10,22:16,13192.38
P11440,2021-07-11,05:59,967.15
P35455,2021-07-11,12:17,3318.45
P24566,2021-07-11,20:03,15471.31
P35800,2021-07-13,18:48,54918.29
P23473,2021-07-14,06:03,526.5
P18192,2021-07-14,08:50,13439.39
P25621,2021-07-15,22:12,3319.24
P01335,2021-07-15,23:41,903.74
P27273,2021-07-18,00:11,10050.85
P10470,2021-07-19,04:13,2212.58
P35775,2021-07-19,08:46,576.09
P34077,2021-07-20,18:57,1467.94
P26494,2021-07-21,04:15,12183.32
P36587,2021-07-21,14:11,21460.68
P18081,2021-07-21,16:00,6730.55
P24413,2021-07-21,17:13,4793.38
P28122,2021-07-21,19:02,7802.82
P17676,2021-07-23,00:44,3098.74
P28018,2021-07-23,00:46,1540.65
P23085,2021-07-24,08:20,3587.14
P23471,2021-07-24,08:48,2886.97
P06232,2021-07-24,09:04,35306.36
P23427,2021-07-25,22:24,14987.84
P35437,2021-07-27,18:10,462.86
P28071,2021-07-31,17:53,6998.23
P35810,2021-08-01,15:26,848.64
P11503,2021-08-04,00:32,1227.81
P16985,2021-08-05,00:44,3245.62
P18834,2021-08-05,00:44,2349.69
P28057,2021-08-06,23:31,1614.24
P28017,2021-08-07,00:51,33643.4
P13260,2021-08-07,02:42,2012.96
P28060,2021-08-07,06:01,641.88
P38455,2021-08-07,06:48,60620.07
P31889,2021-08-07,15:34,5739.98
P19674,2021-08-07,19:26,1459.52
P26483,2021-08-08,00:49,134781.5
P35791,2021-08-08,09:01,17607.31
P20814,2021-08-08,11:06,10595.37
P35459,2021-08-08,18:47,3520.31
P35793,2021-08-09,01:38,1286.73
P25774,2021-08-09,04:19,3021.66
P04173,2021-08-09,07:32,2496.62
P28107,2021-08-10,10:11,2712.58
P28061,2021-08-11,01:54,5867.54
P28085,2021-08-11,10:13,3334.98
P19417,2021-08-11,17:18,593.52
P01894,2021-08-11,18:56,11414.12
P41836,2021-08-12,12:57,3139.8
P19424,2021-08-12,22:56,7166.16
P31890,2021-08-13,06:59,13852.46
P41838,2021-08-13,10:26,14232.0
P35475,2021-08-13,18:05,14270.27
P21276,2021-08-13,23:35,1163.53
P17738,2021-08-14,09:40,671.09
P18178,2021-08-15,13:20,323.65
P03850,2021-08-15,16:00,600.43
P03567,2021-08-16,06:18,1927.06
P24585,2021-08-16,09:02,1704.12
P11968,2021-08-17,13:15,2851.41
P35693,2021-08-17,14:17,4132.37
P32490,2021-08-18,13:48,931438.54
P16984,2021-08-19,03:48,1877.05
P05884,2021-08-20,16:10,381.27
P27094,2021-08-20,16:51,516.58
P21427,2021-08-20,20:42,4515.97
P13273,2021-08-21,01:33,49644.07
P26478,2021-08-21,02:10,1442.67
P18832,2021-08-21,14:05,9890.16
P03118,2021-08-21,21:06,467.72
P36904,2021-08-23,00:14,593.38
P32451,2021-08-24,10:23,398539.38
P31886,2021-08-24,16:53,5459.1
P24051,2021-08-25,19:22,1905.0
P18143,2021-08-26,01:22,824.09
P28065,2021-08-26,04:56,4538.4
P28118,2021-08-26,09:59,3532.86
P20749,2021-08-27,13:24,10658.08
P25639,2021-08-28,06:46,4985.95
P35469,2021-08-30,09:10,12581.33
P28110,2021-08-30,11:23,14050.81
P04515,2021-08-30,14:21,1896.54
P35797,2021-08-31,10:12,2779.16
P35833,2021-09-01,14:46,585.11
P34074,2021-09-01,15:42,1536.78
P35821,2021-09-01,15:49,13896.4
P24055,2021-09-02,09:19,7936.8
P19082,2021-09-02,13:32,3903.83
P28047,2021-09-03,17:50,1688.88
P19074,2021-09-04,09:19,4953.11
P35846,2021-09-04,20:47,1700.7
P23229,2021-09-05,17:54,3591.9
P35789,2021-09-06,23:45,5971.42
P16243,2021-09-07,02:13,23561.26
P25638,2021-09-07,12:24,464.85
P26970,2021-09-07,14:12,5810.35
P16271,2021-09-07,15:04,22821.51
P35824,2021-09-07,17:22,1334.12
P35814,2021-09-09,15:11,5952.76
P27196,2021-09-09,17:00,2241.4
P28042,2021-09-10,06:49,1189.47
P27928,2021-09-10,06:54,2126.96
P27087,2021-09-10,13:30,3662.99
P11405,2021-09-10,13:53,3694393.85
P04629,2021-09-10,22:14,310.63
P13427,2021-09-11,00:51,376.33
P24065,2021-09-11,21:30,8188.46
P06526,2021-09-11,23:30,772.24
P03310,2021-09-13,19:00,510.52
P27083,2021-09-14,00:51,4471.84
P28124,2021-09-14,10:39,1596.28
P36909,2021-09-14,13:57,959.0
P24015,2021-09-14,19:09,3167.57
P17825,2021-09-14,23:01,647.09
P27990,2021-09-16,04:54,1083.66
P35812,2021-09-16,18:05,1791.46
P07421,2021-09-16,20:01,17376.41
P17820,2021-09-17,00:07,3646.32
P23469,2021-09-17,06:47,944.43
P43334,2021-09-18,04:40,1094.25
P36751,2021-09-18,08:04,54107.1
P18693,2021-09-19,03:16,7168.8
P24081,2021-09-19,19:04,3127.62
P28079,2021-09-19,19:56,2322.07
P43711,2021-09-20,05:21,566972.03
P13969,2021-09-20,14:08,7921.31
P14346,2021-09-22,05:36,3339.26
P32193,2021-09-22,10:00,16600.05
P28106,2021-09-22,23:42,2129.42
P22854,2021-09-23,12:38,742.85
P30607,2021-09-23,12:47,6083.51
P35802,2021-09-24,02:04,1874.08
P24077,2021-09-24,02:28,3576.42
P41043,2021-09-24,08:15,1721.02
P27001,2021-09-24,11:23,5780.91
P20924,2021-09-24,12:47,5067.6
P01264,2021-09-24,21:32,829305.48
P35457,2021-09-25,00:10,4619.84
P24718,2021-09-25,14:21,4668.56
P24069,2021-09-25,21:44,1369.09
P28112,2021-09-26,12:03,511.12
P27037,2021-09-28,19:47,3166.54
P21326,2021-09-29,20:21,2057.58
P24342,2021-09-30,07:04,729.92
P07450,2021-09-30,09:19,668244.6
P19520,2021-09-30,15:40,4340.07
P35759,2021-10-01,07:04,451.0
P41278,2021-10-01,20:28,5938.27
P01457,2021-10-02,00:51,4413.47
P18517,2021-10-02,01:51,789.68
P35801,2021-10-02,07:24,3590.72
P24053,2021-10-02,09:41,14433.93
P30605,2021-10-02,17:45,5845.74
P10254,2021-10-03,04:31,1435.66
P12584,2021-10-03,04:56,2160.22
P35830,2021-10-03,22:28,682.07
P28126,2021-10-03,23:13,4497.25
P24667,2021-10-04,00:07,740.09
P26968,2021-10-04,02:35,1993.65
P28083,2021-10-04,08:42,755.73
P13962,2021-10-04,11:08,3463.41
P18916,2021-10-05,09:33,3210.47
P25622,2021-10-05,12:15,9664.22
P16273,2021-10-06,09:47,11049.42
P24464,2021-10-07,06:59,7321.64
P20782,2021-10-07,07:26,20160.38
P35808,2021-10-07,15:43,7965.56
P17598,2021-10-08,00:41,5814.92
P24379,2021-10-09,07:03,553.1
P31391,2021-10-09,07:40,1372.6
P07192,2021-10-09,08:09,25645.58
P24602,2021-10-09,13:51,4596.47
P35692,2021-10-09,18:17,1335.84
P09832,2021-10-10,02:26,662.45
P30602,2021-10-10,02:43,6705.29
P18032,2021-10-10,04:06,995.26
P35438,2021-10-10,09:06,852.66
P28014,2021-10-10,12:55,1379.88
P35446,2021-10-11,05:53,88057.21
P28077,2021-10-11,12:05,2071.24
P23468,2021-10-11,21:22,7238.25
P34059,2021-10-12,00:20,2254.09
P02271,2021-10-12,03:44,1062.24
P25626,2021-10-12,04:42,1525.66
P04153,2021-10-12,08:47,9564.55
P24563,2021-10-13,01:00,2419.07
P35804,2021-10-13,12:26,2080.75
P24692,2021-10-13,23:02,15131.67
P18712,2021-10-14,04:37,913.22
P18082,2021-10-14,11:45,4739.26
P04158,2021-10-14,12:24,43517.2
P35756,2021-10-15,15:48,4826.81
P26500,2021-10-15,21:20,6278.24
P17492,2021-10-16,00:26,2547.09
P28056,2021-10-17,03:52,2312.62
P35832,2021-10-17,11:22,28760.9
P35452,2021-10-17,20:02,3754.1
P41277,2021-10-18,05:38,1373.89
P05511,2021-10-18,08:58,12523.29
P24561,2021-10-18,18:47,1009.0
P35823,2021-10-18,22:33,1003.19
P04520,2021-10-19,00:09,2977.19
P35822,2021-10-19,03:08,1803.0
P42963,2021-10-19,08:18,1305.86
P35755,2021-10-19,13:34,3056.51
P22857,2021-10-19,13:52,2854.84
P35721,2021-10-19,14:07,614.91
P28037,2021-10-20,07:24,3182.47
P05439,2021-10-21,08:56,363.4
P28034,2021-10-21,13:02,657.63
P28096,2021-10-21,18:11,2481.08
P17756,2021-10-21,21:48,16690.55
P03482,2021-10-21,22:35,4845.15
P18017,2021-10-22,03:20,6131.4
P18119,2021-10-22,06:59,3215.7
P42954,2021-10-22,20:52,78199.01
P42888,2021-10-22,21:06,3999.59
P24612,2021-10-23,05:09,7561.28
P17966,2021-10-23,13:17,4678.82
P23689,2021-10-24,07:14,1608.51
P16266,2021-10-24,15:47,3399.08
P24679,2021-10-24,21:35,7885.17
P35453,2021-10-27,08:14,2585.34
P20941,2021-10-27,19:39,4661.22
P35761,2021-10-28,18:49,762.5
P32375,2021-10-29,01:33,16277.01
P24469,2021-10-29,08:45,36877.71
P35834,2021-10-29,17:24,2335.14
P35462,2021-10-30,10:42,66936.79
P17748,2021-10-31,09:00,4202.65
P26264,2021-10-31,10:03,2316.01
P35836,2021-10-31,16:34,998.46
P10411,2021-10-31,16:48,773.53
P12806,2021-10-31,21:22,2065.37
P33154,2021-10-31,21:22,21242.21
P22399,2021-10-31,21:22,4892.61
P28035,2021-11-01,01:45,2586.74
P33155,2021-11-01,03:08,40306.03
P02128,2021-11-01,08:46,447.06
P08096,2021-11-02,00:14,5135.27
P38291,2021-11-02,07:43,772.51
P26249,2021-11-03,13:38,2069.53
P28045,2021-11-03,20:08,856.46
P35809,2021-11-03,21:08,17663.59
P35770,2021-11-03,21:27,839.83
P37996,2021-11-04,01:27,2257.49
P35790,2021-11-04,20:23,2656.65
P35774,2021-11-04,21:53,5164.01
P35799,2021-11-04,23:26,6766.74
P28086,2021-11-05,01:12,20936.47
P26248,2021-11-05,08:25,1791.81
P18025,2021-11-05,18:11,1270.07
P21498,2021-11-06,01:07,2722.22
P24697,2021-11-06,09:12,8926.9
P28064,2021-11-06,11:45,1040.85
P09466,2021-11-07,05:36,18739.93
P35449,2021-11-07,07:17,1641.45
P24631,2021-11-07,08:07,6754.18
P35811,2021-11-07,09:54,953.97
P19425,2021-11-07,13:31,419.94
P21600,2021-11-07,22:25,16762.02
P20813,2021-11-08,00:45,3569.52
P17614,2021-11-08,11:29,4318.66
P43146,2021-11-08,13:25,2394.22
P28103,2021-11-08,23:00,352.43
P25631,2021-11-08,23:19,1554.39
P01933,2021-11-09,21:39,2108.83
P22873,2021-11-10,12:35,2757.38
P27071,2021-11-11,08:05,1848.96
P24091,2021-11-11,09:41,1519.4
P24050,2021-11-11,09:41,900.79
P35736,2021-11-11,18:35,1191.27
P35463,2021-11-11,22:43,51264.68
P25630,2021-11-12,18:42,6540.41
P28108,2021-11-12,19:30,550.72
P35460,2021-11-12,23:09,3505.23
P05376,2021-11-13,00:03,3187.01
P23437,2021-11-13,15:45,42255.71
P35839,2021-11-13,17:03,1199.39
P36992,2021-11-14,12:39,60389.38
P17752,2021-11-14,13:51,2046.51
P18043,2021-11-15,10:06,161706.86
P11969,2021-11-15,19:25,8518.09
P21133,2021-11-15,21:50,1165.37
P10659,2021-11-16,03:14,767.34
P08098,2021-11-16,03:18,6939.06
P13968,2021-11-16,05:10,11527.02
P35796,2021-11-16,06:39,1346.81
P17767,2021-11-16,11:00,1245.03
P15796,2021-11-16,19:01,12113.72
P23066,2021-11-16,21:19,1812.99
P20804,2021-11-16,22:42,3162.93
P21215,2021-11-17,09:52,785.79
P27861,2021-11-17,09:52,10805.44
P18026,2021-11-17,16:46,1237.53
P13963,2021-11-17,20:03,1956.83
P24136,2021-11-18,03:54,17801.08
P24093,2021-11-18,03:54,3716.84
P24092,2021-11-18,03:54,8789.8
P20914,2021-11-18,03:58,53105.68
P18515,2021-11-18,06:03,1265.95
P36942,2021-11-18,16:36,2779.97
P13964,2021-11-18,21:55,16926.15
P30728,2021-11-18,21:55,5768.55
P17821,2021-11-19,01:05,2051.42
P27968,2021-11-19,05:41,1004.06
P35798,2021-11-19,07:20,5401.52
P21601,2021-11-19,15:56,1257.63
P23954,2021-11-19,15:56,87239.63
P27860,2021-11-19,15:56,1417.25
P24054,2021-11-19,15:56,1442902.97
P27883,2021-11-19,15:56,6009.12
P36932,2021-11-20,00:12,175089.85
P35763,2021-11-20,03:34,13482.77
P26233,2021-11-20,08:06,1381.03
P13818,2021-11-20,16:56,2173.26
P17549,2021-11-21,00:14,3943.84
P26951,2021-11-21,01:05,1284.12
P26967,2021-11-21,04:06,4926.24
P20739,2021-11-21,07:25,14374.22
P21579,2021-11-21,07:55,1030.66
P28119,2021-11-21,09:42,10122.23
P35723,2021-11-21,15:04,40511.67
P34075,2021-11-21,18:55,1855.8
P24143,2021-11-21,22:00,1560.03
P14353,2021-11-21,22:00,384.44
P24098,2021-11-21,22:00,1554.29
P24078,2021-11-21,23:32,39602.07
P16296,2021-11-22,12:53,1543.55
P38351,2021-11-23,10:03,4732.8
P27871,2021-11-23,10:03,1994.6
P24717,2021-11-23,19:52,2070.62
P34073,2021-11-23,23:01,5234.19
P27862,2021-11-24,03:55,1740.13
P14356,2021-11-24,04:04,2237.67
P24148,2021-11-24,04:04,4467.22
P21260,2021-11-24,04:04,2171.82
P17580,2021-11-24,04:04,448.05
P35478,2021-11-24,16:32,24099.4
P24151,2021-11-24,22:06,1711.48
P28070,2021-11-24,22:06,6285.61
P27880,2021-11-24,22:06,4005.57
P27125,2021-11-25,05:57,1238.07
P35468,2021-11-25,08:06,1952.37
P29471,2021-11-25,08:33,2585.45
P21321,2021-11-25,16:07,17592.2
P19672,2021-11-25,16:07,2113.87
P27013,2021-11-25,23:18,1500.71
P35720,2021-11-26,01:16,4175.3
P27905,2021-11-26,10:09,982.1
P21322,2021-11-26,10:09,1285.55
P35442,2021-11-26,17:47,718.41
P23475,2021-11-26,23:14,4324.61
P38293,2021-11-27,00:15,814.57
P18031,2021-11-27,04:10,727.78
P15817,2021-11-27,04:10,12175.95
P28123,2021-11-27,05:29,1679.45
P26717,2021-11-27,08:38,3212.82
P24726,2021-11-27,20:50,2108.57
P18020,2021-11-27,22:11,20687.53
P19673,2021-11-27,22:11,1067.83
P27033,2021-11-28,00:47,3125.84
P31401,2021-11-28,05:31,10716.57
P33614,2021-11-28,05:57,1728.21
P11972,2021-11-28,16:13,9194.66
P27884,2021-11-28,16:13,3859.3
P24641,2021-11-28,16:13,5829.4
P34061,2021-11-28,17:41,22930.35
P35476,2021-11-28,19:55,2363.49
P18411,2021-11-28,21:52,2233.12
P17668,2021-11-29,00:43,29162.57
P35722,2021-11-29,04:51,4276.23
P24154,2021-11-29,10:14,2988.53
P15790,2021-11-29,10:14,4225.41
P27878,2021-11-29,10:14,3072.39
P27916,2021-11-29,10:14,25480.5
P23026,2021-11-29,10:14,9783.76
P24075,2021-11-29,10:14,1733.33
P19415,2021-11-29,12:42,740.25
P28025,2021-11-30,03:29,2466.14
P08095,2021-11-30,04:15,4014.34
P23956,2021-11-30,04:15,2830.3
P24074,2021-11-30,04:15,510.7
P21203,2021-11-30,04:15,42194.43
P23945,2021-11-30,04:15,21761.55
P32382,2021-11-30,09:53,395298.66
P43937,2021-11-30,22:17,1130.87
P11509,2021-11-30,22:17,6833.86
P19163,2021-11-30,22:17,4555.99
P24332,2021-12-01,03:11,10804.74
P27902,2021-12-01,16:18,701.56
P27994,2021-12-01,16:18,5842.12
P18088,2021-12-01,16:18,934.22
P28028,2021-12-02,07:34,4824.13
P27899,2021-12-02,10:19,1495.79
P21277,2021-12-02,10:19,2593.37
P17823,2021-12-02,10:19,828.56
P19458,2021-12-02,10:22,5624.66
P18370,2021-12-03,04:21,598.73
P28038,2021-12-03,18:30,3182.41
P27911,2021-12-03,18:58,11310.16
P27918,2021-12-03,22:22,7305.85
P23434,2021-12-03,22:22,3592.03
P20795,2021-12-04,00:12,19929.03
P12803,2021-12-04,14:13,6918.97
P26935,2021-12-04,16:23,2332.37
P32347,2021-12-04,17:34,24139.84
P27995,2021-12-05,00:19,2505.26
P35828,2021-12-05,08:16,5109.15
P22700,2021-12-05,10:25,21119.07
P11974,2021-12-05,10:25,2657.69
P27888,2021-12-05,10:25,5043.73
P24105,2021-12-05,10:25,11920.39
P26981,2021-12-05,10:29,5841.25
P11943,2021-12-05,17:31,5545.83
P18027,2021-12-05,22:58,30433.79
P28059,2021-12-06,04:26,2529.65
P15791,2021-12-06,04:26,1123.11
P17730,2021-12-06,10:51,3809.67
P24062,2021-12-06,22:28,1197.77
P37629,2021-12-06,22:28,13308.09
P19071,2021-12-06,22:28,2654.98
P24057,2021-12-06,22:28,19566.11
P27997,2021-12-06,22:28,4128.25
P26988,2021-12-07,03:10,3756.56
P28105,2021-12-07,10:26,872.36
P35456,2021-12-07,11:42,4199.0
P18854,2021-12-07,16:29,8503.56
P18900,2021-12-07,16:29,822.5
P23950,2021-12-07,16:29,43047.19
P23953,2021-12-07,16:29,2512.54
P18410,2021-12-07,16:29,12355.72
P24097,2021-12-07,16:29,3398.26
P35487,2021-12-07,17:19,10384.01
P23946,2021-12-07,19:07,518.62
P24043,2021-12-07,21:01,1109.5
P32376,2021-12-08,02:59,50110.74
P18087,2021-12-08,10:30,872.9
P18030,2021-12-08,10:30,6918.97
P27924,2021-12-08,10:30,1990.29
P18710,2021-12-08,10:30,1306.15
P22852,2021-12-08,19:26,6360.79
P11977,2021-12-09,04:32,1149.9
P27942,2021-12-09,04:32,1295.91
P15781,2021-12-09,04:32,1717.02
P27865,2021-12-09,18:22,4956.78
P23436,2021-12-09,18:41,3503.89
P28074,2021-12-09,22:33,781.25
P28095,2021-12-09,22:33,13042.46
P27991,2021-12-09,22:33,746.86
P27866,2021-12-09,22:33,1832.57
P18898,2021-12-09,22:33,16930.45
P35713,2021-12-10,03:45,1524.86
P21134,2021-12-10,06:17,27419.56
P35683,2021-12-10,11:42,1325.3
P27921,2021-12-10,16:34,8582.64
P28001,2021-12-10,16:34,1551.57
P23949,2021-12-10,16:34,1443.09
P15783,2021-12-10,16:34,1785.17
P27136,2021-12-10,16:34,23874.19
P14352,2021-12-11,10:36,2041.02
P28021,2021-12-11,10:36,407.68
P27873,2021-12-11,10:36,1140.82
P19070,2021-12-11,10:36,2131.93
P17970,2021-12-11,10:36,1094.69
P23551,2021-12-11,10:36,1019.47
P24073,2021-12-11,10:36,2376.26
P35844,2021-12-11,11:30,1055.55
P24695,2021-12-11,12:10,7770.98
P28036,2021-12-12,04:37,4653.9
P15786,2021-12-12,04:37,848.55
P18920,2021-12-12,04:37,2668.61
P15795,2021-12-12,04:37,1412.09
P27992,2021-12-12,04:37,27455.1
P13438,2021-12-12,06:44,25836.56
P28044,2021-12-12,07:12,2038.64
P43392,2021-12-12,09:29,7203.3
P35483,2021-12-12,15:18,598.53
P35813,2021-12-12,19:28,4812.34
P23421,2021-12-12,22:38,2813.38
P28040,2021-12-12,22:38,6399.53
P23470,2021-12-13,09:21,8253.54
P19072,2021-12-13,16:40,3707.18
P24095,2021-12-13,16:40,1831.27
P23425,2021-12-13,16:40,852.0
P34063,2021-12-14,04:56,1777.03
P23435,2021-12-14,05:42,1697.13
P28063,2021-12-14,10:41,1576.59
P28117,2021-12-14,10:41,186439.3
P28111,2021-12-14,10:41,3199.88
P24298,2021-12-14,10:41,10707.19
P32373,2021-12-14,18:29,199918.1
P06826,2021-12-14,20:55,31448.6
P24336,2021-12-15,04:42,811.0
P17830,2021-12-15,04:42,1910.26
P24610,2021-12-15,11:34,1450.58
P35471,2021-12-15,15:27,80139.52
P18918,2021-12-15,18:12,3546.21
P06823,2021-12-15,21:09,1878.28
P06825,2021-12-15,22:44,6358.88
P28067,2021-12-15,22:44,2398.06
P27863,2021-12-15,22:44,1338.8
P27906,2021-12-15,22:44,1565.96
P27941,2021-12-15,22:44,2900.42
P24058,2021-12-15,22:44,2277.93
P27122,2021-12-15,22:44,9254.09
P24297,2021-12-15,22:44,4399.31
P18080,2021-12-15,22:44,1018.67
P24060,2021-12-15,22:44,758180.81
P10488,2021-12-16,04:20,34474.58
P27049,2021-12-16,09:26,14204.88
P34066,2021-12-16,11:36,2574.01
P15784,2021-12-16,16:45,19441.66
P23426,2021-12-16,16:45,1022.78
P27060,2021-12-16,16:45,5378.29
P19419,2021-12-16,16:45,962.52
P27987,2021-12-16,16:45,885.56
P35841,2021-12-17,00:12,5680.22
P12051,2021-12-17,01:01,5204.32
P21471,2021-12-17,10:07,8743.42
P10487,2021-12-17,10:47,49973.36
P23067,2021-12-17,10:47,14222.34
P24324,2021-12-17,10:47,4830.53
P28091,2021-12-17,10:47,7512.1
P28120,2021-12-17,13:26,1911.34
P18024,2021-12-18,02:04,1446.07
P13418,2021-12-18,03:21,5684.98
P40212,2021-12-18,04:35,7033.73
P28099,2021-12-18,04:48,21874.26
P27925,2021-12-18,04:48,1431.02
P28076,2021-12-18,04:48,1738.8
P24099,2021-12-18,04:48,4932.66
P21265,2021-12-18,04:48,11868.79
P22705,2021-12-18,04:48,7126.92
P27132,2021-12-18,22:49,1921.81
P23432,2021-12-18,22:49,10650.84
P17616,2021-12-18,22:49,13967.5
P19081,2021-12-18,22:49,859.05
P21135,2021-12-18,22:49,1819.48
P27927,2021-12-18,22:49,1148.16
P35447,2021-12-18,23:57,1762.78
P36969,2021-12-19,10:12,2567.84
P23071,2021-12-19,16:51,34145.33
P24321,2021-12-19,16:51,2458.9
P24150,2021-12-19,16:51,811.09
P27898,2021-12-19,16:51,849.95
P28046,2021-12-19,16:51,1086.15
P18853,2021-12-19,16:51,1384.28
P28073,2021-12-19,16:51,1383.35
P23077,2021-12-19,16:51,4067.88
P14347,2021-12-19,20:24,7604.27
P35827,2021-12-19,22:54,1378.63
P15792,2021-12-20,10:52,1416.98
P17610,2021-12-21,04:53,618.71
P14312,2021-12-21,06:37,3791.89
P13272,2021-12-21,15:45,2548.25
P15455,2021-12-21,22:55,2106.85
P23075,2021-12-21,22:55,841.59
P38260,2021-12-21,23:09,1237.55
P24068,2021-12-22,00:30,764.4
P24583,2021-12-22,10:05,439.84
P28039,2021-12-22,16:56,3972.55
P24311,2021-12-22,16:56,303.76
P24576,2021-12-22,16:56,7868.14
P18034,2021-12-22,16:56,1228.52
P23262,2021-12-22,16:56,2007.93
P13428,2021-12-22,17:07,3404.83
P17743,2021-12-23,09:32,1739.25
P28048,2021-12-23,10:57,1507.46
P17811,2021-12-23,10:57,2092.01
P23260,2021-12-23,10:57,1889.84
P21646,2021-12-23,13:09,54650.24
P04990,2021-12-23,19:26,6202.33
P21593,2021-12-23,23:24,1572.77
P25632,2021-12-23,23:27,1219.06
P28055,2021-12-24,04:52,2142.71
P30848,2021-12-24,04:59,65769.79
P27055,2021-12-24,04:59,7260.01
P27067,2021-12-24,04:59,3240.03
P28027,2021-12-24,04:59,1913.33
P17572,2021-12-24,04:59,3492.97
P17612,2021-12-24,17:12,8873.58
P35684,2021-12-24,17:20,1431.71
P24328,2021-12-24,21:37,1275.51
P26991,2021-12-24,23:00,408.54
P24319,2021-12-24,23:00,1102.07
P18914,2021-12-24,23:00,23423.7
P28078,2021-12-24,23:00,4940.96
P20214,2021-12-24,23:00,6047.59
P16276,2021-12-24,23:00,1670.79
P24313,2021-12-24,23:00,2723.98
P24708,2021-12-24,23:00,73476.04
P27908,2021-12-24,23:00,2120.14
P19413,2021-12-24,23:00,2298.43
P25623,2021-12-25,01:48,2704.38
P24435,2021-12-25,17:01,6129.08
P23232,2021-12-25,17:01,9465.32
P27869,2021-12-25,17:01,24750.91
P43399,2021-12-26,11:03,5089.4
P27077,2021-12-26,11:03,1164.13
P11967,2021-12-26,11:03,566.84
P27938,2021-12-26,11:03,547.39
P28084,2021-12-26,11:03,731.39
P19427,2021-12-26,11:03,926.74
P03081,2021-12-27,03:53,395.59
P23265,2021-12-27,05:04,376.84
P19080,2021-12-27,05:04,1401.37
P23058,2021-12-27,05:04,3348.22
P24325,2021-12-27,05:04,2219.25
P17721,2021-12-27,05:04,923.74
P21319,2021-12-27,05:21,4775.1
P23211,2021-12-27,21:57,82239.13
P27886,2021-12-27,23:05,39615.8
P19069,2021-12-27,23:05,1623.28
P24581,2021-12-27,23:05,1751.9
P22799,2021-12-28,17:07,40099.62
P23690,2021-12-28,17:07,23991.81
P17573,2021-12-28,17:07,36620.42
P06831,2021-12-29,02:26,16043.58
P26950,2021-12-29,11:08,933.06
P28090,2021-12-29,11:08,1738.13
P16283,2021-12-29,11:08,344.49
P23080,2021-12-29,11:08,24132.74
P11929,2021-12-29,11:08,3821.59
P24318,2021-12-29,11:08,2352.45
P24574,2021-12-29,11:08,4785.25
P27915,2021-12-29,11:08,2952.8
P15456,2021-12-29,11:08,10436.58
P35477,2021-12-30,01:45,1472.63
P27078,2021-12-30,05:10,668.88
P19083,2021-12-30,05:10,7495.15
P24666,2021-12-30,05:10,1744.5
P19156,2021-12-30,05:10,1271.09
P35686,2021-12-30,07:54,1371.98
P19521,2021-12-30,18:52,3800.53
P23268,2021-12-30,23:11,3736.95
P19434,2021-12-30,23:11,1424.65
P18943,2021-12-30,23:11,468.92
P23208,2021-12-30,23:27,5952.4
P26497,2021-12-31,17:11,971.66
P24422,2021-12-31,17:12,1023.8
P28006,2021-12-31,17:12,3903.12
P23264,2021-12-31,17:12,17161.2
P30847,2021-12-31,17:39,3457.88
P04480,2022-01-01,08:33,535.6
P26944,2022-01-01,11:14,3528.1
P17553,2022-01-01,11:14,2568.15
P20783,2022-01-01,11:14,2841.36
P24052,2022-01-01,11:14,9317.33
P24424,2022-01-01,11:14,954.68
P21599,2022-01-01,11:14,5329.05
P27080,2022-01-01,11:14,1016.44
P24728,2022-01-01,11:14,972.42
P27948,2022-01-01,13:56,1494.11
P24064,2022-01-01,22:32,798891.49
P27130,2022-01-02,05:15,11734.83
P17574,2022-01-02,05:15,18229.37
P19512,2022-01-02,05:15,9191.33
P18976,2022-01-02,05:15,716.76
P17740,2022-01-02,05:15,13925.76
P42967,2022-01-02,17:13,1879.83
P25620,2022-01-02,23:16,963.34
P22801,2022-01-02,23:16,1713.44
P27064,2022-01-02,23:16,4376.61
P27146,2022-01-02,23:16,1744.9
P19507,2022-01-02,23:16,1120.67
P21199,2022-01-02,23:16,1652.57
P02055,2022-01-03,10:47,2194.15
P21477,2022-01-03,12:36,3055.8
P35845,2022-01-03,14:15,1023.3
P27208,2022-01-03,17:15,852.84
P24724,2022-01-03,17:18,16761.2
P24376,2022-01-03,17:18,2050.99
P18845,2022-01-03,20:47,1541.92
P22850,2022-01-04,11:19,1137.21
P11928,2022-01-04,11:19,11043.27
P27091,2022-01-04,11:19,11463.38
P23483,2022-01-04,23:06,8965.1
P28082,2022-01-05,00:08,1523.25
P24608,2022-01-05,05:20,11888.25
P27040,2022-01-05,05:20,18890.29
P35695,2022-01-05,11:47,2038.51
P18035,2022-01-05,15:10,4049.53
P24725,2022-01-05,22:24,2308.87
P07859,2022-01-05,23:22,6261.67
P18880,2022-01-05,23:22,2195.44
P17826,2022-01-05,23:22,1971.15
P24653,2022-01-05,23:22,191697.98
P17732,2022-01-05,23:22,2335.8
P27054,2022-01-05,23:22,1463.88
P16290,2022-01-05,23:22,475.43
P23084,2022-01-05,23:22,2094.28
P17724,2022-01-05,23:22,6690.55
P30726,2022-01-06,17:23,1940.4
P18881,2022-01-06,17:23,943.01
P19432,2022-01-06,17:23,1680.12
P32378,2022-01-07,03:22,9534.47
P07858,2022-01-07,06:57,10056.09
P23063,2022-01-07,11:24,2561.77
P15452,2022-01-07,11:24,2338.51
P24327,2022-01-07,11:24,3107.24
P15460,2022-01-07,11:24,1967.22
P25636,2022-01-07,18:29,25409.0
P27145,2022-01-07,18:58,2768.7
P19066,2022-01-07,20:01,7226.93
P17611,2022-01-08,05:26,11082.15
P17742,2022-01-08,05:26,40194.95
P32590,2022-01-08,05:26,5866.09
P17807,2022-01-08,05:26,2038.4
P17802,2022-01-08,09:01,1892.13
P34067,2022-01-08,20:53,20253.5
P24680,2022-01-08,22:32,3272.78
P32589,2022-01-08,23:27,2140.66
P27038,2022-01-08,23:27,1892.38
P27092,2022-01-08,23:27,1930.74
P35842,2022-01-09,02:12,7159.86
P26984,2022-01-09,08:11,1073.0
P35732,2022-01-09,13:27,121525.76
P24344,2022-01-09,17:29,70417.92
P24431,2022-01-09,17:29,891.96
P26289,2022-01-09,17:29,2019.47
P11930,2022-01-09,17:29,6837.56
P26943,2022-01-09,17:29,1420.83
P04304,2022-01-09,17:29,1140.83
P32587,2022-01-09,17:29,474.99
P26989,2022-01-09,17:29,16017.31
P16282,2022-01-09,17:29,5334.36
P35488,2022-01-09,18:02,1173.29
P19506,2022-01-10,11:30,600.03
P16295,2022-01-10,11:30,10927.11
P27065,2022-01-10,11:30,1228.01
P27016,2022-01-10,11:30,3143.21
P30724,2022-01-11,05:31,979.37
P15461,2022-01-11,05:31,1001.17
P19493,2022-01-11,05:31,1612820.36
P18913,2022-01-11,05:31,898.88
P23074,2022-01-11,05:31,3540.17
P43387,2022-01-11,14:53,6469.66
P16281,2022-01-11,23:33,900.85
P22802,2022-01-11,23:33,1373.82
P24482,2022-01-11,23:33,35908.49
P17728,2022-01-11,23:33,34130.94
P27034,2022-01-11,23:33,1211.32
P32591,2022-01-11,23:33,9574.43
P23250,2022-01-11,23:33,2757.25
P17735,2022-01-11,23:33,32374.12
P17815,2022-01-12,17:34,5519.32
P36997,2022-01-12,17:34,432985.8
P27181,2022-01-12,17:34,1178.88
P23266,2022-01-13,11:35,671.96
P17741,2022-01-13,11:35,11360.12
P24693,2022-01-13,11:35,641.09
P26247,2022-01-13,11:35,789.16
P17818,2022-01-13,11:35,1489.25
P19437,2022-01-13,11:35,473.19
P27031,2022-01-13,11:35,2179.61
P16683,2022-01-13,16:58,1771.24
P17567,2022-01-14,05:37,4173.52
P17808,2022-01-14,05:37,7201.49
P24343,2022-01-14,05:37,2869.06
P24415,2022-01-14,05:37,3200.37
P17810,2022-01-14,05:37,1090.11
P24712,2022-01-14,05:37,8755.69
P20781,2022-01-14,14:05,1667.73
P28058,2022-01-14,15:36,1004.7
P19053,2022-01-14,18:59,7329.54
P26241,2022-01-14,23:38,2889.08
P22848,2022-01-14,23:38,895.44
P16293,2022-01-14,23:38,5170.37
P26960,2022-01-14,23:38,1801.53
P27020,2022-01-14,23:38,8707.49
P28102,2022-01-15,07:54,572.66
P19068,2022-01-15,08:46,2034.77
P27210,2022-01-15,09:33,1731.52
P40210,2022-01-15,17:39,5403.59
P17755,2022-01-15,17:39,2856.39
P22820,2022-01-15,17:39,148057.13
P24428,2022-01-15,17:39,3513.83
P40211,2022-01-16,05:20,26570.01
P18048,2022-01-16,11:41,4667.89
P22804,2022-01-16,11:41,4294.84
P26232,2022-01-16,11:41,631.68
P18849,2022-01-16,11:41,2219.47
P23269,2022-01-16,11:41,4471.09
P01339,2022-01-16,14:57,796.79
P21428,2022-01-16,18:52,22935.02
P24416,2022-01-17,01:03,774.08
P35825,2022-01-17,03:00,664.36
P17602,2022-01-17,05:42,2188.2
P26965,2022-01-17,05:42,915.42
P26258,2022-01-17,05:42,3255.1
P19431,2022-01-17,05:42,798.91
P15812,2022-01-17,05:42,449.19
P18917,2022-01-17,05:42,4838.69
P27081,2022-01-17,05:42,1161.08
P18677,2022-01-17,05:42,901.75
P27207,2022-01-17,11:14,951.94
P35757,2022-01-17,15:57,30945.68
P35773,2022-01-17,16:13,7078.35
P35433,2022-01-17,16:57,4833.61
P27027,2022-01-17,20:54,1096.93
P32369,2022-01-17,21:25,8254.39
P11927,2022-01-17,23:43,5878.98
P26501,2022-01-17,23:43,2387.29
P43153,2022-01-17,23:43,977.28
P17809,2022-01-17,23:43,4261.97
P15459,2022-01-17,23:43,3915.71
P27926,2022-01-17,23:43,981.93
P23086,2022-01-17,23:43,951.21
P17716,2022-01-18,17:45,1210.38
P24604,2022-01-18,17:45,1719.92
P24468,2022-01-18,17:45,61366.1
P17674,2022-01-18,17:45,57599.66
P17734,2022-01-18,17:45,883.53
P28702,2022-01-19,04:07,25643.23
P10495,2022-01-19,06:19,17533.85
P22825,2022-01-19,11:46,56790.43
P04918,2022-01-19,11:46,531.1
P32588,2022-01-19,11:46,1402.42
P17725,2022-01-19,11:46,55743.09
P32349,2022-01-19,16:56,1738545.75
P24476,2022-01-20,05:48,24227.07
P24409,2022-01-20,05:48,1705.88
P38259,2022-01-20,05:48,6343.69
P17806,2022-01-20,05:48,4823.34
P26498,2022-01-20,05:48,127052.78
P27085,2022-01-20,05:48,58056.2
P35843,2022-01-20,11:01,5948.86
P35840,2022-01-20,13:25,1949.95
P17813,2022-01-20,19:20,349.47
P07332,2022-01-20,19:42,512.19
P19473,2022-01-20,23:49,9584.13
P19510,2022-01-20,23:49,1619.13
P16696,2022-01-20,23:49,486.72
P19498,2022-01-21,17:50,7436.53
P24141,2022-01-21,20:58,2876.12
P29758,2022-01-21,22:27,4825.02
P17750,2022-01-22,11:52,1200.41
P24436,2022-01-22,11:52,6418.79
P21476,2022-01-22,15:10,9946.95
P23474,2022-01-23,03:32,1970.55
P26273,2022-01-23,05:53,8143.74
P24698,2022-01-23,05:53,8633.92
P35697,2022-01-23,11:03,4852.49
P18133,2022-01-23,17:47,270.3
P24607,2022-01-23,23:54,4424.89
P17745,2022-01-23,23:54,951.76
P17718,2022-01-23,23:54,825.03
P27059,2022-01-23,23:54,2205.03
P35458,2022-01-24,02:43,11059.16
P43155,2022-01-24,10:05,1587.83
P36970,2022-01-24,17:56,40008.19
P24592,2022-01-24,17:56,1730.39
P17601,2022-01-24,17:56,1352.52
P27018,2022-01-24,17:56,5606.63
P27050,2022-01-24,17:56,26661.6
P24406,2022-01-24,17:56,2067.76
P35795,2022-01-24,23:09,12547.47
P24085,2022-01-25,10:58,15272.07
P03301,2022-01-25,11:57,3748.26
P12048,2022-01-25,11:57,2419.93
P19489,2022-01-25,11:57,187193.79
P27185,2022-01-25,11:57,3606.2
P19433,2022-01-25,11:57,4896.39
P08478,2022-01-25,18:54,3874.19
P36947,2022-01-25,23:13,239226.91
P26277,2022-01-26,05:58,12146.49
P16685,2022-01-26,05:58,3335.95
P18673,2022-01-26,05:58,805.94
P26253,2022-01-26,05:58,16303.07
P24483,2022-01-26,05:58,49466.29
P23440,2022-01-26,05:58,955.83
P21481,2022-01-26,05:58,1923.59
P16280,2022-01-26,05:58,1082.28
P17969,2022-01-26,11:50,12026.33
P36936,2022-01-27,00:00,6924.47
P27133,2022-01-27,00:00,3665.44
P16288,2022-01-27,00:00,2062.87
P17672,2022-01-27,00:00,1447.58
P36946,2022-01-27,00:00,13470.75
P22853,2022-01-27,00:00,1296.55
P28030,2022-01-27,06:23,3855.47
P26261,2022-01-27,18:01,1707.49
P21327,2022-01-27,18:01,12496.3
P19495,2022-01-27,18:01,1800.18
P27214,2022-01-27,18:01,1095.93
P11944,2022-01-27,18:01,7293.2
P16874,2022-01-28,00:24,1153.98
P22803,2022-01-28,01:54,729.4
P40359,2022-01-28,12:02,3923.22
P34070,2022-01-28,12:02,16952.9
P11404,2022-01-28,12:02,424116.79
P13425,2022-01-28,12:02,6791.3
P36967,2022-01-28,12:02,1160.95
P21473,2022-01-28,12:02,5194.08
P22703,2022-01-28,22:49,1706.35
P26266,2022-01-29,06:04,937.94
P17673,2022-01-29,06:04,6259.37
P21475,2022-01-29,06:04,1145.01
P06003,2022-01-29,06:04,1707.15
P13251,2022-01-29,06:04,8850.63
P36976,2022-01-29,06:04,1797.87
P26259,2022-01-29,06:04,353.45
P17677,2022-01-29,06:04,24832.15
P19496,2022-01-29,06:04,8400.73
P11918,2022-01-29,06:04,1163.29
P05966,2022-01-29,18:22,158425.35
P16694,2022-01-30,00:05,23962.91
P13250,2022-01-30,00:05,739.73
P17566,2022-01-30,00:05,809.48
P24688,2022-01-30,00:05,4518.35
P11905,2022-01-30,01:16,942.46
P34177,2022-01-30,01:52,57022.37
P09648,2022-01-30,07:09,8873.14
P26947,2022-01-30,13:22,556.35
P26245,2022-01-30,18:07,1578.7
P26291,2022-01-30,18:07,15523.71
P16631,2022-01-30,18:07,830.97
P27012,2022-01-30,18:07,23091.0
P11938,2022-01-30,18:07,1826.51
P34176,2022-01-31,12:08,800.39
P13271,2022-01-31,12:08,15953.84
P16289,2022-01-31,12:08,6756.18
P36988,2022-01-31,12:08,17000.49
P17544,2022-01-31,12:08,2910.68
P21486,2022-01-31,13:09,996.47
P04889,2022-01-31,15:43,1367.58
P28081,2022-01-31,15:58,2724.16
P18036,2022-01-31,20:41,2645.88
P26985,2022-02-01,06:09,4706.0
P36931,2022-02-01,06:09,94094.73
P19513,2022-02-01,06:09,1346.69
P18892,2022-02-01,06:09,6041.88
P28013,2022-02-01,06:27,2775.34
P35480,2022-02-01,21:21,77016.33
P27017,2022-02-02,00:11,14897.84
P05967,2022-02-02,01:07,46103.07
P24108,2022-02-02,08:01,1865.14
P17575,2022-02-02,17:11,417.31
P16705,2022-02-02,18:12,3150.95
P26964,2022-02-02,18:12,3436.41
P19435,2022-02-02,18:50,693.03
P15787,2022-02-03,06:18,879.25
P02122,2022-02-04,03:15,5743.43
P17546,2022-02-04,06:15,73180.33
P22822,2022-02-04,06:15,3960.19
P26962,2022-02-04,06:15,968.85
P24597,2022-02-04,06:15,2611.0
P35454,2022-02-04,10:05,889.52
P13430,2022-02-05,00:16,13625.34
P21483,2022-02-05,00:16,2938.3
P20740,2022-02-05,00:16,505676.25
P26977,2022-02-05,00:16,2904.59
P35689,2022-02-05,13:37,3384.9
P24314,2022-02-05,14:38,1343.22
P32342,2022-02-05,18:17,31541.59
P13270,2022-02-05,18:17,10078.78
P13414,2022-02-05,18:17,2231.37
P24437,2022-02-05,18:17,1716.53
P26295,2022-02-05,18:17,11336.31
P13436,2022-02-06,05:31,6803.59
P18022,2022-02-06,07:56,3839.43
P13274,2022-02-06,12:19,678.75
P16703,2022-02-06,12:19,1463.62
P11985,2022-02-06,12:19,1297.75
P26959,2022-02-06,12:19,3197.0
P16702,2022-02-06,12:19,8305.36
P28000,2022-02-07,02:49,3172.42
P05024,2022-02-07,04:29,1160.86
P21526,2022-02-07,06:20,1602.74
P26957,2022-02-07,06:20,1107.26
P23096,2022-02-07,06:20,86978.52
P21598,2022-02-07,06:20,35659.69
P24087,2022-02-07,08:36,21032.96
P23439,2022-02-07,10:20,19545.44
P24025,2022-02-08,00:21,5854.44
P11915,2022-02-08,00:21,2106.07
P34062,2022-02-08,00:21,7380.71
P20802,2022-02-08,00:21,53358.87
P32379,2022-02-08,00:21,732.67
P16252,2022-02-08,00:21,969.51
P24024,2022-02-08,01:14,1321.89
P32345,2022-02-08,06:49,163448.81
P05969,2022-02-08,18:23,14827.85
P24687,2022-02-08,18:23,15289.55
P13264,2022-02-08,18:23,579.41
P13275,2022-02-08,18:23,142652.59
P19492,2022-02-08,18:23,9330.33
P21595,2022-02-08,18:23,294333.02
P25634,2022-02-08,18:23,38274.99
P27180,2022-02-08,18:23,7481.82
P42956,2022-02-09,00:41,264657.98
P34072,2022-02-09,04:20,8256.19
P33969,2022-02-09,05:03,23857.63
P43160,2022-02-09,12:24,159021.91
P27186,2022-02-09,12:24,2799.97
P20790,2022-02-09,12:24,82400.66
P26268,2022-02-09,12:24,5431.6
P35439,2022-02-10,01:44,16088.62
P27933,2022-02-10,03:51,2772.37
P43158,2022-02-10,06:25,52957.85
P13249,2022-02-10,06:25,1156.09
P35688,2022-02-10,06:25,1713.81
P16629,2022-02-10,06:25,1976.74
P21512,2022-02-10,06:25,122080.64
P17682,2022-02-10,06:25,4331.98
P12049,2022-02-10,06:25,4000.61
P36943,2022-02-10,06:25,1255.58
P17558,2022-02-10,06:25,3817.22
P13248,2022-02-10,06:25,5006.56
P17727,2022-02-10,06:25,5325.3
P17560,2022-02-10,06:25,7166.4
P17032,2022-02-11,00:27,13785.01
P22874,2022-02-11,00:27,8825.1
P24461,2022-02-11,00:27,29088.42
P16308,2022-02-11,18:28,1906.16
P17726,2022-02-11,18:28,868.76
P18210,2022-02-11,21:35,1419.73
P18624,2022-02-12,05:11,38596.32
P18824,2022-02-12,12:30,771.62
P26492,2022-02-12,12:30,1324.55
P35440,2022-02-12,12:30,16075.71
P18922,2022-02-12,12:30,1862.97
P02343,2022-02-12,12:30,229.04
P43149,2022-02-12,12:30,968.23
P21478,2022-02-12,12:30,1663.48
P36952,2022-02-12,12:30,332425.1
P43148,2022-02-12,12:30,526.06
P25635,2022-02-12,12:30,1458.14
P24458,2022-02-12,12:30,2037.64
P18374,2022-02-12,17:28,2155.07
P17559,2022-02-13,06:31,31272.36
P20794,2022-02-13,06:31,56967.55
P22819,2022-02-13,06:31,314484.73
P36968,2022-02-13,06:31,881.55
P27045,2022-02-13,09:36,5662.14
P04903,2022-02-13,13:50,7859.78
P13429,2022-02-14,00:32,100379.26
P20935,2022-02-14,00:32,3172.39
P24691,2022-02-14,00:32,27042.71
P35441,2022-02-14,00:32,951.0
P32593,2022-02-14,00:32,499.13
P26234,2022-02-14,00:32,21694.44
P34178,2022-02-14,09:35,1796.98
P17816,2022-02-14,18:01,498.79
P04905,2022-02-14,18:34,8187.08
P42961,2022-02-14,18:34,488114.57
P19500,2022-02-14,18:34,11944.85
P36996,2022-02-14,18:34,4383.36
P27008,2022-02-14,18:34,853.79
P24731,2022-02-14,18:34,13988.25
P20100,2022-02-14,18:34,794.69
P20932,2022-02-14,22:21,1030.16
P35450,2022-02-15,02:29,2170.92
P17005,2022-02-15,05:33,533.69
P20793,2022-02-15,12:35,22393.78
P19522,2022-02-15,12:35,1193.68
P11942,2022-02-15,12:35,996.47
P24684,2022-02-15,16:46,4668.88
P23227,2022-02-16,06:36,1745.99
P32720,2022-02-16,06:36,1135.28
P43156,2022-02-16,06:36,640008.78
P27220,2022-02-16,06:36,1134.66
P22875,2022-02-16,06:36,133314.02
P01935,2022-02-16,08:34,11801.24
P01466,2022-02-17,00:37,2290.14
P36935,2022-02-17,00:38,3233.56
P11994,2022-02-17,00:38,876.35
P36979,2022-02-17,00:38,11910.76
P32344,2022-02-17,00:38,32475.2
P36940,2022-02-17,00:38,974.7
P40360,2022-02-17,01:06,1473.57
P24463,2022-02-17,08:00,21636.41
P36949,2022-02-17,10:11,25964.88
P07422,2022-02-17,11:14,31316.11
P20105,2022-02-17,18:39,910.25
P21480,2022-02-17,18:39,17643.7
P13255,2022-02-17,18:39,5139.91
P38297,2022-02-17,18:39,2482.81
P32383,2022-02-17,18:39,16616.97
P11413,2022-02-17,18:39,92491.71
P13254,2022-02-17,18:39,3272.65
P24589,2022-02-18,03:22,2308.96
P06732,2022-02-18,11:56,3258.35
P32361,2022-02-18,12:40,512269.46
P27205,2022-02-18,12:40,1254.68
P20933,2022-02-18,12:40,2068.8
P27189,2022-02-18,12:40,1398.32
P21524,2022-02-18,12:40,202266.61
P13252,2022-02-18,12:40,4857.26
P11407,2022-02-18,12:40,1780.92
P20920,2022-02-18,12:40,863.58
P21264,2022-02-18,14:28,19598.57
P18823,2022-02-19,06:42,690.4
P32368,2022-02-19,06:42,229263.29
P20926,2022-02-19,06:42,2158.88
P36933,2022-02-19,06:42,106342.54
P11916,2022-02-19,06:42,4538.23
P21508,2022-02-20,00:43,1043.16
P22901,2022-02-20,00:43,1371.06
P26305,2022-02-20,00:43,103657.29
P36964,2022-02-20,00:43,5013.66
P24587,2022-02-20,09:08,37949.67
P21496,2022-02-20,15:14,109999.8
P26304,2022-02-20,18:44,20109.75
P03010,2022-02-20,18:44,985.62
P11908,2022-02-20,18:44,9136.19
P22881,2022-02-20,18:44,2668.8
P23312,2022-02-21,12:46,1171.69
P13267,2022-02-21,12:46,870.52
P12052,2022-02-21,12:46,7129.93
P32722,2022-02-21,12:46,302810.57
P13416,2022-02-21,12:46,12453.05
P07975,2022-02-21,12:46,7430.97
P32723,2022-02-21,12:46,53862.11
P36953,2022-02-21,12:46,7281.33
P23076,2022-02-22,01:43,1346.9
P19054,2022-02-22,03:44,76789.75
P21494,2022-02-22,06:47,11920.24
P24465,2022-02-22,06:47,29910.99
P16698,2022-02-22,06:47,599.75
P27184,2022-02-22,06:47,3862.8
P03541,2022-02-22,15:36,570.21
P18028,2022-02-22,19:56,26953.28
P18855,2022-02-22,22:55,2656.83
P23228,2022-02-23,00:49,1547.16
P20913,2022-02-23,00:49,5851.66
P26244,2022-02-23,00:49,1160.36
P24690,2022-02-23,00:49,5947.27
P35547,2022-02-23,03:10,10003.52
P24414,2022-02-23,17:29,4571.48
P43141,2022-02-23,18:50,27833.84
P20921,2022-02-23,18:50,2638020.15
P26269,2022-02-23,18:50,2323.08
P15799,2022-02-23,18:50,62758.68
P35816,2022-02-23,20:52,1782.22
P32380,2022-02-24,12:51,836.28
P26323,2022-02-24,12:51,14764.64
P17557,2022-02-24,12:51,45770.68
P21497,2022-02-25,06:53,3472.08
P27216,2022-02-25,06:53,14942.98
P27191,2022-02-25,06:53,4929.03
P32374,2022-02-25,06:53,12740.02
P18821,2022-02-25,06:53,9823.91
P12669,2022-02-25,07:25,29096.09
P13426,2022-02-26,00:54,12523.17
P21499,2022-02-26,00:54,6556.45
P10672,2022-02-26,12:15,2392.47
P35434,2022-02-26,18:28,6137.35
P13421,2022-02-26,18:55,766.31
P21507,2022-02-26,18:55,22872.62
P15803,2022-02-26,18:55,2000.34
P27951,2022-02-27,00:15,3689.5
P16630,2022-02-27,12:57,4498.51
P27224,2022-02-27,12:57,3183.6
P27952,2022-02-27,12:57,975.66
P26312,2022-02-27,12:57,1474.13
P24299,2022-02-27,15:29,413.68
P16700,2022-02-27,23:40,1126.16
P26274,2022-02-28,06:58,4198.46
P27206,2022-02-28,06:58,23418.01
P06945,2022-02-28,11:43,483.52
P18628,2022-02-28,14:55,963.18
P23203,2022-03-01,00:59,13988.14
P19367,2022-03-01,00:59,5531.38
P32724,2022-03-01,00:59,1851.01
P16617,2022-03-01,00:59,153602.76
P23207,2022-03-01,00:59,4136.03
P13269,2022-03-01,00:59,2307.45
P24418,2022-03-01,11:27,743.21
P02342,2022-03-01,19:01,796.9
P21510,2022-03-01,19:01,18444.38
P23009,2022-03-02,05:49,21243.09
P26267,2022-03-02,09:16,1128.69
P11416,2022-03-02,13:02,1089.62
P11185,2022-03-02,13:02,642.64
P23198,2022-03-02,13:02,35503.34
P11914,2022-03-02,13:02,21107.62
P27959,2022-03-03,07:03,50081.0
P15809,2022-03-03,07:03,1771.89
P36954,2022-03-03,07:03,523015.73
P21500,2022-03-03,07:03,117590.47
P43157,2022-03-03,07:03,2749.2
P22904,2022-03-03,11:01,61540.62
P22871,2022-03-03,22:17,2169.61
P24103,2022-03-04,08:07,10222.11
P35445,2022-03-04,18:57,13709.35
P43166,2022-03-04,19:06,1022.08
P18924,2022-03-04,19:06,1866.76
P42957,2022-03-04,19:06,5509.7
P35815,2022-03-05,05:30,13573.09
P18620,2022-03-05,13:08,13705.88
P19369,2022-03-05,13:08,52554.65
P15806,2022-03-05,13:08,1138.94
P35451,2022-03-05,13:08,553.92
P06774,2022-03-06,09:23,25818.17
P11212,2022-03-07,01:10,1070.46
P43663,2022-03-07,17:37,3627.47
P27199,2022-03-07,19:12,2490.88
P27187,2022-03-07,19:12,3488.02
P42964,2022-03-07,19:12,159195.32
P38064,2022-03-07,19:50,430.67
P35465,2022-03-07,22:23,198811.15
P33930,2022-03-08,03:44,5572.52
P36934,2022-03-08,13:13,113545.88
P32343,2022-03-08,13:13,75469.21
P42970,2022-03-08,13:13,549.15
P11982,2022-03-08,13:13,875.05
P03328,2022-03-09,01:02,1209.12
P27203,2022-03-09,07:14,7305.64
P36910,2022-03-09,07:14,1253.55
P27202,2022-03-09,07:14,675.5
P21509,2022-03-09,07:14,211942.65
P23082,2022-03-09,08:18,10523.97
P15794,2022-03-09,13:22,853.14
P18923,2022-03-10,01:16,4341.99
P27957,2022-03-10,01:16,9528.58
P11184,2022-03-10,01:16,1288.36
P30764,2022-03-10,05:14,7235.97
P27121,2022-03-10,09:14,22596.76
P24049,2022-03-10,11:27,332.26
P43163,2022-03-10,19:17,4292.43
P36911,2022-03-11,13:18,2914.32
P15811,2022-03-12,06:54,1501.27
P21504,2022-03-12,07:20,88105.63
P43150,2022-03-12,07:20,1128.1
P06594,2022-03-12,17:03,2430.28
P24345,2022-03-12,20:36,9201.14
P04878,2022-03-13,01:21,4572.97
P23477,2022-03-13,02:58,1631.43
P13420,2022-03-13,08:53,391.52
P19676,2022-03-13,09:47,1372.45
P24734,2022-03-13,11:44,60888.46
P32356,2022-03-13,19:22,46425.92
P26986,2022-03-14,03:48,674.02
P18672,2022-03-14,13:05,27243.53
P21331,2022-03-14,16:21,1260.28
P26978,2022-03-14,23:00,5654.54
P22859,2022-03-15,16:38,13796.89
P17814,2022-03-15,19:36,997.35
P38283,2022-03-16,01:27,5354.97
P42973,2022-03-16,01:27,1288.88
P43164,2022-03-16,19:28,9638.62
P20940,2022-03-16,19:28,2942.28
P41088,2022-03-17,07:38,13614.23
P43167,2022-03-17,13:29,27942.74
P20796,2022-03-17,18:33,18080.82
P24044,2022-03-17,20:21,11987.25
P13413,2022-03-17,22:17,510.04
P27197,2022-03-18,10:29,3182.87
P21589,2022-03-18,12:05,1846.3
P04883,2022-03-19,13:28,4329.42
P27958,2022-03-19,19:33,1051.88
P27126,2022-03-20,06:45,3920.15
P26286,2022-03-20,10:36,4349.16
P23069,2022-03-20,17:43,4326.32
P20927,2022-03-21,01:04,6331.15
P18029,2022-03-21,02:15,1444.28
P20915,2022-03-21,07:36,36816.86
P34594,2022-03-21,20:18,11068.72
P11907,2022-03-22,11:22,5544.6
P27872,2022-03-22,20:20,331.53
P14217,2022-03-23,06:30,1559.75
P22906,2022-03-23,13:40,817504.72
P35569,2022-03-23,22:08,41739.72
P18967,2022-03-24,02:52,656.72
P06738,2022-03-24,04:45,3433.49
P34029,2022-03-24,05:46,13549.61
P36913,2022-03-24,07:41,22375.94
P19357,2022-03-24,10:33,2303.42
P23257,2022-03-24,11:44,1657.84
P35444,2022-03-24,11:51,2006.82
P16327,2022-03-24,21:30,5145.41
P08416,2022-03-25,01:39,8220.26
P06548,2022-03-25,09:26,17689.58
P35443,2022-03-25,10:30,13205.59
P38884,2022-03-25,12:13,848.97
P06834,2022-03-25,14:46,4765.85
P41093,2022-03-26,06:11,15212.68
P43815,2022-03-26,09:28,350841.3
P06514,2022-03-26,16:17,13382.03
P20104,2022-03-26,21:02,234944.55
P24462,2022-03-27,02:06,13917.28
P32715,2022-03-27,03:28,1810.37
P11912,2022-03-27,07:47,2712.59
P28704,2022-03-27,16:03,1220.03
P18071,2022-03-28,07:03,8315.48
P35225,2022-03-28,09:39,7529.44
P27950,2022-03-28,19:50,68677.2
P42962,2022-03-28,20:51,866.81
P27989,2022-03-28,21:58,1817.43
P02387,2022-03-29,01:43,4432.52
P43172,2022-03-29,13:51,1535.26
P42958,2022-03-29,16:54,1093.42
P38011,2022-03-30,07:52,1457.78
P28054,2022-03-31,00:40,402.48
P06758,2022-03-31,03:56,15833.37
P43151,2022-03-31,07:51,2667.27
P35792,2022-03-31,16:38,10613.69
P13699,2022-03-31,19:53,2168.28
P19366,2022-03-31,19:55,1012.01
P19125,2022-03-31,22:48,879.24
P15167,2022-04-01,00:44,25700.98
P33923,2022-04-01,01:45,105340.02
P38007,2022-04-01,14:13,5839.5
P01360,2022-04-02,05:29,16479.12
P27204,2022-04-02,12:14,4540.32
P38010,2022-04-02,12:53,27210.79
P07180,2022-04-02,13:59,3225.03
P26272,2022-04-02,20:23,10383.37
P23097,2022-04-02,21:43,15237.7
P21006,2022-04-02,22:19,1698.79
P43173,2022-04-03,11:50,5206.1
P27223,2022-04-04,14:07,631.03
P15138,2022-04-04,16:06,1218.54
P32353,2022-04-05,04:24,95861.09
P15139,2022-04-05,08:03,5301.79
P27200,2022-04-05,08:03,422.87
P39780,2022-04-06,09:32,3885.72
P06664,2022-04-06,18:47,7534.0
P27015,2022-04-07,06:52,3919.41
P06804,2022-04-07,07:11,12517.57
P35244,2022-04-07,09:07,11837.71
P35607,2022-04-07,12:22,767.14
P13698,2022-04-07,14:07,16041.33
P36965,2022-04-08,02:07,13394.14
P27024,2022-04-08,08:03,1436.78
P35192,2022-04-08,09:35,9606.95
P09419,2022-04-08,20:08,166503.03
P04007,2022-04-08,21:28,1541.54
P07835,2022-04-09,03:59,13459.07
P19370,2022-04-09,07:02,50733.59
P06495,2022-04-09,09:47,28688.12
P24713,2022-04-09,11:20,2979.16
P36956,2022-04-09,15:27,2398.53
P24425,2022-04-09,15:42,15062.06
P35604,2022-04-09,15:45,34555.54
P07879,2022-04-09,23:53,59786.58
P17628,2022-04-10,00:52,1499.94
P23297,2022-04-10,04:37,1065.31
P06772,2022-04-10,06:29,10688.07
P11936,2022-04-10,13:25,5743.23
P13700,2022-04-10,16:40,5160.55
P17079,2022-04-10,19:44,2117.79
P15454,2022-04-12,05:51,3154.41
P35202,2022-04-12,09:03,260154.17
P22849,2022-04-12,10:16,21831.29
P22823,2022-04-12,12:11,4667.94
P14007,2022-04-12,16:43,335817.68
P18619,2022-04-13,08:55,13914.27
P35600,2022-04-13,14:15,5517.8
P26322,2022-04-13,17:07,41375.49
P24474,2022-04-13,21:56,1641.76
P39546,2022-04-14,11:15,68655.24
P04879,2022-04-14,15:04,15568.97
P20741,2022-04-14,15:16,36402.48
P19472,2022-04-15,01:05,40501.39
P01359,2022-04-15,02:21,19777.8
P23197,2022-04-15,11:25,116309.87
P32362,2022-04-15,13:20,2862.7
P36957,2022-04-15,23:10,2710.41
P07884,2022-04-16,00:30,13792.97
P08925,2022-04-16,01:21,6421464.83
P24710,2022-04-16,02:35,439.95
P18915,2022-04-16,02:50,550.63
P42966,2022-04-16,05:21,24919.84
P26292,2022-04-16,08:34,461.75
P28023,2022-04-16,15:38,1005.46
P35620,2022-04-16,15:48,17392.13
P06789,2022-04-16,17:36,8996.77
P01956,2022-04-17,08:25,224.56
P06497,2022-04-17,15:30,227121.7
P20956,2022-04-17,18:46,1179.94
P13422,2022-04-17,22:03,21130.98
P22704,2022-04-17,22:31,7036.21
P35615,2022-04-18,02:39,84049.38
P11911,2022-04-18,04:26,13324.71
P06697,2022-04-19,01:56,9454.71
P38278,2022-04-19,02:01,12634.61
P15802,2022-04-19,21:07,6849.5
P36945,2022-04-20,07:40,2228.82
P42959,2022-04-20,09:03,208807.46
P35165,2022-04-20,12:37,28874.13
P35602,2022-04-20,16:54,27135.51
P16275,2022-04-20,21:20,248.92
P26972,2022-04-20,23:16,1378.96
P13529,2022-04-21,01:07,391864.32
P07330,2022-04-21,07:27,8566.95
P24340,2022-04-21,23:01,1235.72
P08529,2022-04-22,00:34,14893.55
P09422,2022-04-22,07:29,27371.76
P06727,2022-04-22,14:34,4906.69
P06525,2022-04-22,16:55,9449.62
P08333,2022-04-22,20:40,11034.22
P22080,2022-04-23,07:53,2805.75
P35562,2022-04-23,18:30,21644.81
P18932,2022-04-23,20:10,32149.02
P06686,2022-04-24,11:07,14296.55
P06820,2022-04-24,13:46,4971.78
P40035,2022-04-24,16:06,100280.8
P17751,2022-04-24,16:47,1539.07
P36907,2022-04-24,18:51,435070.05
P34033,2022-04-24,21:13,8707.53
P07430,2022-04-24,23:44,81229.17
P35597,2022-04-25,01:50,5668.79
P20801,2022-04-25,13:34,1130.82
P07407,2022-04-25,22:23,8459.66
P21228,2022-04-25,23:36,3450.44
P35186,2022-04-26,19:19,18102.51
P07345,2022-04-27,03:35,65408.15
P06461,2022-04-27,12:30,7455.16
P25629,2022-04-27,12:48,3672.01
P25633,2022-04-27,13:29,32601.05
P27026,2022-04-27,14:04,973.4
P06720,2022-04-27,16:36,18688.41
P35230,2022-04-27,20:26,5124.42
P25321,2022-04-27,20:44,4469.53
P40078,2022-04-27,22:10,204951.53
P35551,2022-04-27,22:41,4203.98
P35543,2022-04-28,05:58,13673.06
P09165,2022-04-28,15:52,9546.83
P08542,2022-04-28,19:12,113165.65
P01080,2022-04-28,22:34,635.25
P07440,2022-04-28,23:11,73180.24
P17961,2022-04-29,01:22,7236.76
P27076,2022-04-29,09:10,469.0
P12909,2022-04-29,22:39,3825.23
P09180,2022-04-30,08:13,4152.92
P35552,2022-04-30,10:29,9115.9
P28002,2022-04-30,15:42,5720.07
P24331,2022-05-01,01:07,2631.74
P06765,2022-05-01,04:44,8054.36
P32364,2022-05-01,10:10,1027757.31
P38290,2022-05-01,12:34,493.37
P35282,2022-05-01,15:05,3794.22
P06776,2022-05-01,16:18,6299.9
P06057,2022-05-01,18:29,27235.42
P06518,2022-05-01,19:54,29492.83
P16249,2022-05-01,22:45,1833.95
P09563,2022-05-02,06:36,3762.1
P06656,2022-05-03,02:48,5590.44
P35588,2022-05-03,08:58,997.5
P11414,2022-05-03,14:16,2135.41
P07900,2022-05-03,22:58,2748.0
P41668,2022-05-04,03:18,1758.58
P21597,2022-05-04,13:00,1495.92
P35281,2022-05-04,21:48,1581.01
P08961,2022-05-04,21:57,16308.58
P07807,2022-05-05,09:45,22255.08
P35234,2022-05-05,13:34,20130.85
P18371,2022-05-05,17:55,1708.73
P07434,2022-05-06,00:25,18115.96
P40044,2022-05-06,02:36,1690.47
P06442,2022-05-06,06:01,106640.98
P07875,2022-05-06,06:11,3969.53
P27053,2022-05-06,06:29,1927.32
P08556,2022-05-06,08:58,188200.3
P06743,2022-05-06,11:16,63820.18
P35189,2022-05-06,12:44,30992.89
P06688,2022-05-06,13:48,2326.32
P22878,2022-05-06,15:36,1493.91
P17551,2022-05-06,15:54,909.84
P07175,2022-05-06,21:27,18266.72
P43143,2022-05-06,21:34,6342.35
P20792,2022-05-06,21:37,2160.48
P27896,2022-05-06,22:58,30803.2
P26496,2022-05-06,23:47,5380.35
P35595,2022-05-07,04:40,12107.58
P24076,2022-05-07,06:17,2237.69
P34023,2022-05-07,12:33,53869.59
P30087,2022-05-07,16:27,1555.13
P24564,2022-05-07,20:05,745.44
P25322,2022-05-08,02:00,2554.69
P25323,2022-05-08,03:32,9144.91
P07842,2022-05-08,06:41,26074.25
P12971,2022-05-08,08:52,3095.34
P18079,2022-05-08,12:16,4039.53
P24137,2022-05-08,13:06,1172.98
P24061,2022-05-08,13:46,2886.62
P33915,2022-05-08,14:49,46672.51
P06043,2022-05-08,16:41,151545.94
P39628,2022-05-08,17:47,1683.98
P06749,2022-05-08,17:54,2398.03
P06515,2022-05-08,21:30,6807.34
P33206,2022-05-09,01:44,2428.47
P35594,2022-05-09,15:22,13354.06
P17972,2022-05-09,17:50,2692.19
P13611,2022-05-09,21:05,1601.53
P08947,2022-05-10,04:56,14592.04
P06498,2022-05-10,10:44,27907.03
P06796,2022-05-10,11:18,3892.68
P08968,2022-05-10,18:32,10927.21
P06058,2022-05-10,21:48,36829.51
P35196,2022-05-11,02:22,7358.93
P06745,2022-05-11,06:32,8111.61
P05941,2022-05-11,09:08,4450.86
P11211,2022-05-11,10:57,2423.89
P13612,2022-05-11,17:54,2231.29
P06606,2022-05-12,00:11,2564.19
P06824,2022-05-12,03:29,6798.62
P06560,2022-05-12,04:24,8841.13
P06647,2022-05-12,06:15,22009.81
P06778,2022-05-12,09:28,4674.84
P06541,2022-05-12,11:47,2061.24
P08914,2022-05-12,20:42,4445.57
P06044,2022-05-12,21:11,17647.82
P17035,2022-05-12,23:18,4988.21
P06734,2022-05-13,04:01,1732.42
P07412,2022-05-13,07:21,5907.18
P35235,2022-05-13,07:49,53614.57
P19153,2022-05-13,08:09,374.65
P34068,2022-05-13,08:20,1280.94
P35563,2022-05-13,08:53,18369.69
P17615,2022-05-13,12:47,2156.61
P06678,2022-05-13,14:38,7648.19
P11720,2022-05-13,21:12,1181.16
P33957,2022-05-13,21:30,2631.81
P08945,2022-05-13,23:51,20372.26
P07953,2022-05-14,04:02,16957.94
P07844,2022-05-14,17:07,1503.42
P26307,2022-05-14,17:34,886.91
P40026,2022-05-14,17:41,4701.68
P06792,2022-05-14,22:41,7638.98
P07348,2022-05-15,00:49,160540.65
P35610,2022-05-15,02:17,6929.05
P33745,2022-05-15,07:35,1657.46
P31669,2022-05-15,08:19,70043.43
P35197,2022-05-15,14:19,31696.65
P06818,2022-05-16,08:29,7097.3
P08923,2022-05-16,08:56,3113.47
P06757,2022-05-16,10:03,8418.48
P24668,2022-05-16,13:16,4082.14
P35264,2022-05-16,14:35,10806.78
P06519,2022-05-16,15:20,18757.08
P06833,2022-05-16,21:44,29693.75
P07930,2022-05-17,04:57,13071.02
P06742,2022-05-17,09:29,6557.66
P35207,2022-05-17,10:06,1563.37
P06039,2022-05-17,14:56,46283.25
P24330,2022-05-17,16:28,3537.23
P08588,2022-05-17,21:19,383913.76
P07432,2022-05-17,23:21,168918.22
P26958,2022-05-18,01:53,10724.59
P19470,2022-05-18,02:28,76772.27
P35579,2022-05-18,04:04,1053.57
P07144,2022-05-18,04:05,472.69
P08894,2022-05-18,04:43,11671.96
P13860,2022-05-18,05:24,11672.76
P08922,2022-05-18,08:36,20030.87
P09409,2022-05-18,10:29,47889.97
P06816,2022-05-18,11:17,8070.59
P40065,2022-05-18,11:26,509.71
P32365,2022-05-18,15:12,5597.43
P13437,2022-05-18,22:38,17075.49
P40030,2022-05-19,02:54,116723.9
P32732,2022-05-19,09:25,1249.76
P06791,2022-05-19,12:57,5862.32
P07377,2022-05-19,13:12,13344.67
P34065,2022-05-19,21:48,1475.49
P06532,2022-05-19,22:06,23172.1
P08896,2022-05-19,22:08,3202.03
P07937,2022-05-20,04:06,10289.34
P06572,2022-05-20,04:24,5212.38
P06729,2022-05-20,10:07,4570.99
P40069,2022-05-20,16:11,842.75
P07895,2022-05-20,16:41,19426.85
P18930,2022-05-20,17:52,44111.12
P21330,2022-05-21,05:13,2773.39
P24155,2022-05-21,05:17,9560.66
P35590,2022-05-21,09:38,5810.05
P06819,2022-05-21,12:18,52516.45
P06747,2022-05-21,17:49,1220.32
P40047,2022-05-21,20:39,24827.95
P17737,2022-05-21,22:15,419.78
P07189,2022-05-22,00:22,722010.54
P35554,2022-05-22,04:07,11683.92
P09406,2022-05-22,11:24,4927.66
P08547,2022-05-22,18:16,90287.41
P08528,2022-05-22,20:04,12894.32
P09433,2022-05-23,04:42,10593.17
P22903,2022-05-23,08:50,954.68
P08932,2022-05-23,15:04,9311.95
P24434,2022-05-23,20:53,5825.52
P05940,2022-05-23,20:57,15230.92
P05939,2022-05-23,22:09,42040.89
P13710,2022-05-23,23:42,6346.91
P24575,2022-05-24,00:01,2254.26
P06754,2022-05-24,01:43,2102.32
P12832,2022-05-24,03:31,1976.19
P07344,2022-05-24,04:56,42442.46
P35173,2022-05-24,08:10,9262.29
P06739,2022-05-24,10:10,8196.82
P35160,2022-05-24,15:37,6614.81
P26316,2022-05-24,16:11,18240.43
P35575,2022-05-24,16:31,240972.27
P27007,2022-05-25,06:28,2964.89
P33922,2022-05-25,12:16,34011.38
P27889,2022-05-25,13:05,2527.82
P09425,2022-05-25,15:39,43555.68
P35627,2022-05-25,15:51,263499.82
P35586,2022-05-25,16:05,8085.34
P33953,2022-05-25,20:17,330532.22
P19055,2022-05-25,22:13,15557.93
P12970,2022-05-26,09:35,1960.32
P40077,2022-05-26,15:03,11023.56
P39957,2022-05-26,15:03,2210.36
P13859,2022-05-26,18:39,6619.07
P07355,2022-05-26,21:59,15195.4
P07442,2022-05-27,07:46,21277.67
P06620,2022-05-27,08:07,2047.81
P06520,2022-05-27,10:00,12037.88
P06661,2022-05-27,11:07,10668.82
P35625,2022-05-27,14:45,9274.51
P06815,2022-05-27,14:58,8624.92
P06596,2022-05-27,20:46,5857.89
P24400,2022-05-27,22:04,1380.48
P08418,2022-05-27,22:52,3494.08
P08474,2022-05-28,01:17,7711.23
P07845,2022-05-28,03:00,17701.31
P24056,2022-05-28,03:27,934.48
P06712,2022-05-28,06:38,19834.27
P06691,2022-05-28,11:26,11923.3
P35273,2022-05-28,14:30,1451.95
P41661,2022-05-28,17:13,636.12
P35249,2022-05-28,18:34,6230.77
P06441,2022-05-28,20:17,11342.46
P06440,2022-05-29,04:06,12846.65
P32586,2022-05-29,11:48,5373.23
P27052,2022-05-29,16:36,1644.99
P08578,2022-05-29,23:32,1404.0
P40031,2022-05-30,07:08,21788.33
P06462,2022-05-30,11:54,7427.24
P24683,2022-05-30,12:08,4320.09
P12044,2022-05-31,01:35,53663.82
P28087,2022-05-31,03:22,24476.37
P12042,2022-05-31,03:46,642.88
P06592,2022-05-31,04:51,7553.12
P06724,2022-05-31,14:13,18428.74
P09744,2022-05-31,15:29,2445.91
P06704,2022-05-31,16:56,14881.77
P07894,2022-05-31,22:54,30109.44
P07367,2022-05-31,23:29,186224.86
P40034,2022-06-01,00:22,65798.1
P08886,2022-06-01,01:06,14276.83
P07852,2022-06-01,06:47,3789.12
P08955,2022-06-01,10:30,934095.46
P35232,2022-06-01,17:32,6459.95
P17822,2022-06-01,17:49,9443.48
P08550,2022-06-01,22:06,10294.14
P06485,2022-06-02,08:03,965240.86
P39969,2022-06-02,08:44,13176.45
P07959,2022-06-02,14:07,8292.06
P08874,2022-06-02,17:07,11569.61
P06670,2022-06-03,03:23,8614.04
P35541,2022-06-03,05:34,28308.81
P06775,2022-06-03,16:20,6975.15
P06687,2022-06-03,16:33,5426.42
P08907,2022-06-03,16:43,8420.92
P06486,2022-06-03,17:44,5588.19
P07374,2022-06-03,17:48,45031.9
P12969,2022-06-03,18:41,81175.45
P06785,2022-06-03,21:03,4770.4
P06805,2022-06-03,22:51,7727.86
P06782,2022-06-03,23:15,3788.73
P08420,2022-06-04,02:16,3507.68
P06699,2022-06-04,10:02,2378.62
P27897,2022-06-04,22:13,948.06
P26287,2022-06-05,00:25,650.89
P12708,2022-06-05,08:36,912.85
P07446,2022-06-05,13:41,82290.64
P06821,2022-06-05,14:00,5702.97
P07965,2022-06-05,18:09,17900.82
P06822,2022-06-06,00:18,2999.84
P08985,2022-06-06,02:20,16016.3
P06695,2022-06-06,03:28,36306.18
P19502,2022-06-06,04:26,592.75
P06500,2022-06-06,06:17,18779.23
P23078,2022-06-06,09:43,725.66
P35260,2022-06-06,18:27,7504.19
P27044,2022-06-06,19:59,2300.28
P27056,2022-06-07,05:16,1879.51
P41664,2022-06-07,08:11,3489.99
P06642,2022-06-07,14:28,72727.3
P08976,2022-06-07,18:01,156538.16
P40061,2022-06-07,23:21,4554.63
P09156,2022-06-08,01:59,6048.48
P06517,2022-06-08,07:58,14645.18
P41665,2022-06-08,08:27,31837.68
P11931,2022-06-08,13:39,5701.52
P27999,2022-06-08,16:50,683.53
P32358,2022-06-08,18:42,1303.08
P06690,2022-06-08,19:35,12494.06
P06490,2022-06-08,19:48,9266.51
P24337,2022-06-08,21:26,9401.58
P26982,2022-06-09,03:55,1735.29
P35227,2022-06-09,04:25,32243.79
P06546,2022-06-09,06:32,6248.39
P27009,2022-06-09,08:22,723.48
P24403,2022-06-09,08:39,3833.17
P07853,2022-06-09,10:57,368.38
P06574,2022-06-09,13:08,1651.09
P40050,2022-06-09,13:23,41272.7
P35558,2022-06-09,13:54,1555.59
P36951,2022-06-09,14:57,117807.12
P32582,2022-06-09,18:43,7185.96
P35581,2022-06-09,23:45,3841.83
P08936,2022-06-10,00:00,28992.58
P07368,2022-06-10,02:00,18925.35
P07986,2022-06-10,08:48,21744.21
P07840,2022-06-10,12:23,7243.79
P23072,2022-06-10,13:42,780.93
P08875,2022-06-10,14:24,5814.96
P12582,2022-06-10,16:52,3297.03
P11919,2022-06-10,18:51,2639.84
P08937,2022-06-10,21:21,6887.0
P35605,2022-06-10,23:34,676623.24
P07369,2022-06-11,04:26,369807.16
P09429,2022-06-11,07:24,10773.03
P35177,2022-06-11,10:38,1223.92
P18047,2022-06-11,11:24,1198.73
P42163,2022-06-11,18:40,83938.09
P06751,2022-06-11,19:32,7620.66
P35556,2022-06-11,22:34,5906.51
P21596,2022-06-12,05:34,8163.32
P08572,2022-06-12,09:39,19776.87
P07437,2022-06-12,14:49,40660.04
P35247,2022-06-12,18:12,197226.74
P06558,2022-06-12,18:38,11152.27
P07882,2022-06-12,18:53,2906.83
P07925,2022-06-12,19:52,7327.57
P06733,2022-06-12,20:57,22534.69
P06797,2022-06-13,01:10,165572.03
P06777,2022-06-13,01:31,8249.48
P11417,2022-06-13,02:08,20016.85
P07836,2022-06-13,05:02,14851.55
P12581,2022-06-13,05:29,1724.56
P07860,2022-06-13,05:42,6357.06
P09192,2022-06-13,05:45,19903.95
P35587,2022-06-13,10:18,5961.95
P06427,2022-06-13,13:10,25550.47
P08904,2022-06-13,15:54,11027.74
P39932,2022-06-13,18:40,22556.22
P06767,2022-06-13,23:24,157873.09
P40046,2022-06-14,00:35,3404.26
P35195,2022-06-14,02:18,5821.72
P35240,2022-06-14,05:14,5645.48
P22824,2022-06-14,09:40,989.77
P06530,2022-06-14,15:07,9697.56
P25943,2022-06-14,18:01,905.75
P06795,2022-06-15,00:06,8562.43
P07801,2022-06-15,05:41,35158.97
P18622,2022-06-15,06:28,18982.79
P35690,2022-06-15,07:45,1471.61
P41652,2022-06-15,12:21,2386.39
P06741,2022-06-15,16:54,8565.72
P07402,2022-06-15,18:39,2799.46
P07891,2022-06-15,21:28,6116.78
P08966,2022-06-16,01:52,3213.47
P27211,2022-06-16,02:46,1224.77
P35269,2022-06-16,04:58,244358.42
P06680,2022-06-16,07:11,23002.94
P06466,2022-06-16,09:28,5230.53
P34092,2022-06-16,11:31,5976.16
P07855,2022-06-16,18:03,19750.2
P09237,2022-06-17,00:09,278857.95
P13750,2022-06-17,03:32,15470.16
P06700,2022-06-17,05:07,2713.22
P18899,2022-06-17,11:18,10210.64
P08879,2022-06-17,22:04,115495.55
P23812,2022-06-17,22:16,2625.7
P22896,2022-06-17,23:55,8257.88
P07962,2022-06-18,00:18,14223.71
P07817,2022-06-18,03:15,22218.81
P06628,2022-06-18,04:10,65566.14
P06779,2022-06-18,06:43,14338.89
P17545,2022-06-18,08:05,31045.1
P06576,2022-06-18,09:44,20973.53
P08873,2022-06-18,11:23,30893.69
P07918,2022-06-18,12:54,6621.74
P35591,2022-06-18,15:18,73710.02
P07932,2022-06-18,16:15,25511.6
P13711,2022-06-18,18:01,14273.88
P08470,2022-06-18,18:35,5757.3
P06494,2022-06-18,22:17,107128.49
P07827,2022-06-19,05:13,2130.11
P07401,2022-06-19,07:59,13045.75
P06475,2022-06-19,14:57,32654.47
P06755,2022-06-19,17:17,30950.05
P32351,2022-06-19,17:53,821.38
P07428,2022-06-19,19:04,290957.28
P35548,2022-06-19,21:16,9406.63
P24100,2022-06-19,22:01,10024.59
P35149,2022-06-19,22:16,8741.95
P18413,2022-06-20,00:18,1585.53
P06784,2022-06-20,03:23,9634.12
P35585,2022-06-20,05:15,145462.08
P33956,2022-06-20,07:37,14933.36
P35219,2022-06-20,08:54,27807.19
P11408,2022-06-20,10:40,5247.35
P07910,2022-06-20,11:53,10203.41
P35609,2022-06-20,15:59,1944.12
P06566,2022-06-20,17:08,4439.98
P25879,2022-06-20,19:38,17055.74
P35546,2022-06-20,20:57,202176.99
P01108,2022-06-20,22:21,41939.18
P06725,2022-06-20,22:46,11128.61
P06803,2022-06-21,06:31,6481.12
P35191,2022-06-21,08:20,3266.74
P33968,2022-06-21,08:40,88020.9
P07950,2022-06-21,09:15,5544.27
P08571,2022-06-21,14:57,24333.12
P09974,2022-06-21,16:23,1348558.97
P06780,2022-06-21,17:31,9814.62
P17962,2022-06-21,23:00,1443.56
P07832,2022-06-22,01:07,4449.63
P08427,2022-06-22,11:13,30255.83
P27885,2022-06-22,13:50,1574.47
P08545,2022-06-22,17:17,332941.32
P35508,2022-06-23,00:31,51333.92
P08929,2022-06-23,00:41,5983.6
P24727,2022-06-23,02:06,2255.62
P08971,2022-06-23,03:37,143470.9
P08884,2022-06-23,06:11,12093.89
P39933,2022-06-23,09:08,72075.87
P08967,2022-06-23,10:52,27681.65
P07167,2022-06-23,11:13,808471.9
P08428,2022-06-23,12:45,16893.41
P35506,2022-06-23,21:03,6648.93
P25627,2022-06-24,03:58,111678.27
P06735,2022-06-24,04:34,22797.24
P09232,2022-06-24,06:16,81783.32
P35213,2022-06-24,08:31,308603.99
P07912,2022-06-24,08:51,9890.83
P19310,2022-06-24,11:21,217155.7
P23216,2022-06-24,11:40,7345.22
P17617,2022-06-24,14:31,37388.75
P41654,2022-06-24,17:29,6755.39
P19160,2022-06-24,18:19,755.57
P35574,2022-06-24,19:22,5765.66
P08466,2022-06-24,23:37,76921.7
P06469,2022-06-25,02:31,10256.69
P35612,2022-06-25,02:52,55188.43
P26787,2022-06-25,06:11,10034.58
P06832,2022-06-25,12:15,4441.49
P08205,2022-06-25,12:32,16641.13
P17819,2022-06-25,22:15,2649.64
P06568,2022-06-26,00:11,4910.36
P06580,2022-06-26,05:15,4024.25
P24723,2022-06-26,06:39,68373.88
P07376,2022-06-26,11:02,50312.95
P06683,2022-06-26,14:23,32547.22
P08969,2022-06-26,16:37,95237.33
P08581,2022-06-26,21:01,90862.94
P35163,2022-06-26,22:41,4832.95
P35246,2022-06-27,02:24,2788.38
P08908,2022-06-27,04:57,22187.15
P09176,2022-06-27,05:14,247869.28
P07857,2022-06-27,07:01,4321.38
P39953,2022-06-27,08:20,5130.59
P35253,2022-06-27,10:03,11320.88
P08453,2022-06-27,16:31,1327.12
P09701,2022-06-27,16:58,779646.74
P43071,2022-06-27,19:31,51177.49
P35538,2022-06-28,00:53,44678.16
P07503,2022-06-28,04:32,396214.59
P27859,2022-06-28,06:09,1183.85
P18016,2022-06-28,07:59,3488.2
P07375,2022-06-28,10:18,45569.26
P08473,2022-06-28,14:56,206534.45
P08573,2022-06-28,16:38,3995.26
P33307,2022-06-28,19:20,7797.16
P07379,2022-06-28,22:04,3979.28
P42969,2022-06-28,22:09,53457.92
P06615,2022-06-28,22:27,6495.94
P06768,2022-06-29,01:37,8101.27
P07983,2022-06-29,03:34,23256.69
P20646,2022-06-29,03:59,4053.63
P06753,2022-06-29,06:52,2430.88
P06689,2022-06-29,08:59,6135.47
P07936,2022-06-29,09:20,7164.89
P35150,2022-06-29,20:24,11213.06
P06801,2022-06-29,20:30,1635.05
P30766,2022-06-29,20:54,1300.64
P07186,2022-06-29,22:45,55435.66
P41076,2022-06-30,01:48,39346.69
P06527,2022-06-30,02:52,2810.96
P08539,2022-06-30,05:09,4288.52
P11409,2022-06-30,05:12,471.9
P06481,2022-06-30,05:16,24951.97
P07174,2022-06-30,07:34,35464.94
P09445,2022-06-30,09:50,1124.71
P18675,2022-06-30,21:39,4602.11
P43470,2022-06-30,23:31,3195.02
P35201,2022-07-01,02:17,43359.54
P11921,2022-07-01,02:42,5402.37
P08460,2022-07-01,02:55,48712.75
P16302,2022-07-01,04:03,7033.21
P08566,2022-07-01,08:30,5074.11
P35210,2022-07-01,08:49,6281.6
P09432,2022-07-01,09:05,71965.45
P06507,2022-07-01,10:07,159377.52
P07928,2022-07-01,15:05,11103.97
P07967,2022-07-01,16:56,11382.95
P24067,2022-07-01,17:27,4222.56
P06529,2022-07-01,17:32,4757.39
P07799,2022-07-01,17:43,407797.59
P35582,2022-07-01,18:25,1567219.05
P13857,2022-07-02,00:29,2321.26
P07373,2022-07-02,03:55,1152.57
P23809,2022-07-02,04:12,3986.52
P16245,2022-07-02,04:29,1564.83
P06068,2022-07-02,04:45,1491672.14
P06716,2022-07-02,04:47,6998.22
P06464,2022-07-02,06:58,7004.06
P07830,2022-07-02,09:00,2889.47
P35624,2022-07-02,16:27,12467.36
P35507,2022-07-02,18:45,24933.46
P08948,2022-07-02,19:35,13609.72
P12580,2022-07-02,22:43,17262.45
P43386,2022-07-02,22:43,38376.7
P08541,2022-07-03,04:40,6676.28
P17568,2022-07-03,11:40,1652.29
P17733,2022-07-03,13:30,3319.86
P24484,2022-07-03,13:38,90147.45
P27188,2022-07-03,20:20,912.47
P35229,2022-07-03,20:35,46315.95
P35243,2022-07-03,21:43,6874.37
P07892,2022-07-04,01:33,7582.34
P09183,2022-07-04,05:01,9914.93
P06736,2022-07-04,06:46,7258.78
P06599,2022-07-04,07:18,5202.48
P06713,2022-07-04,08:43,7138.93
P08900,2022-07-04,11:19,7613.51
P07354,2022-07-04,13:18,14634.29
P09250,2022-07-04,15:40,11215.55
P04490,2022-07-04,15:58,5193.88
P06509,2022-07-04,17:40,160253.72
P23810,2022-07-04,18:21,6813.26
P27940,2022-07-04,19:02,4621.25
P06605,2022-07-04,19:11,2940.45
P27047,2022-07-05,00:33,7314.6
P08881,2022-07-05,11:02,6662.28
P07883,2022-07-05,13:21,28996.35
P16270,2022-07-05,13:54,2085.73
P35571,2022-07-05,17:21,1117.2
P06590,2022-07-05,18:01,19938.95
P35613,2022-07-06,07:11,1017.34
P07993,2022-07-06,08:07,15436.97
P39952,2022-07-06,12:02,207992.55
P35175,2022-07-06,13:47,2098.52
P36963,2022-07-06,14:00,818.83
P18019,2022-07-06,16:21,1830.43
P18778,2022-07-06,16:30,1227.93
P07781,2022-07-06,17:11,40035.56
P06604,2022-07-06,17:47,12544.17
P06698,2022-07-06,18:29,1350.93
P35283,2022-07-06,18:52,4621.78
P35351,2022-07-06,21:23,25140.4
P09301,2022-07-06,23:45,8922.62
P06444,2022-07-07,07:17,7326.18
P35567,2022-07-07,07:51,4832.6
P06810,2022-07-07,08:50,10241.77
P07944,2022-07-07,10:31,2871.74
P39931,2022-07-07,16:08,10200.34
P07342,2022-07-07,16:45,72217.9
P35601,2022-07-08,01:30,48877.48
P35271,2022-07-08,02:13,12826.75
P35555,2022-07-08,04:03,9015.98
P41083,2022-07-08,07:43,22947.15
P27195,2022-07-08,13:28,893.09
P35194,2022-07-08,13:35,6052.42
P08866,2022-07-08,15:50,64045.87
P09559,2022-07-08,19:05,13397.07
P06711,2022-07-09,02:28,8492.98
P40024,2022-07-09,03:07,43670.56
P06614,2022-07-09,03:16,9917.41
P33952,2022-07-09,06:39,13727.4
P27870,2022-07-09,07:48,1830.47
P08972,2022-07-09,11:28,34674.88
P09187,2022-07-09,11:48,13683.92
P35148,2022-07-09,14:50,7047.48
P30727,2022-07-09,15:26,4138.12
P40041,2022-07-09,21:34,26832.66
P09238,2022-07-10,00:26,2063.28
P09178,2022-07-10,00:58,5189.43
P08862,2022-07-10,03:48,21577.76
P08531,2022-07-10,04:44,2793.28
P24046,2022-07-10,08:15,1340.98
P07856,2022-07-10,12:01,1902.9
P08977,2022-07-10,16:20,32717.81
P41659,2022-07-10,21:04,535575.88
P08522,2022-07-11,00:45,10485.81
P21820,2022-07-11,03:05,835.25
P09188,2022-07-11,04:34,11078.44
P35161,2022-07-11,04:41,7499.48
P35159,2022-07-11,07:34,1719.1
P08334,2022-07-11,14:18,11318.0
P35181,2022-07-11,15:01,71711.37
P06479,2022-07-11,18:24,4356.63
P07387,2022-07-11,19:13,3849.99
P09186,2022-07-11,23:20,48195.35
P35540,2022-07-11,23:57,9250.07
P08984,2022-07-12,03:20,11237.6
P06635,2022-07-12,11:21,75704.43
P09221,2022-07-12,11:35,237725.39
P27901,2022-07-12,12:43,518.73
P06502,2022-07-12,13:50,3249.89
P12261,2022-07-12,17:01,11612.45
P15752,2022-07-12,19:03,609.53
P07597,2022-07-12,19:46,27675.92
P09435,2022-07-13,00:11,5823.87
P23430,2022-07-13,02:36,7931.43
P08892,2022-07-13,03:14,39160.75
P12583,2022-07-13,05:31,1227.78
P07982,2022-07-13,06:12,53705.43
P19331,2022-07-13,06:27,5340.86
P06561,2022-07-13,13:24,5644.38
P06634,2022-07-13,13:58,85030.0
P06679,2022-07-13,16:03,30448.95
P23311,2022-07-13,17:23,6355.14
P35258,2022-07-13,23:39,34853.63
P15779,2022-07-14,05:10,4684.46
P06617,2022-07-14,05:28,37684.53
P06719,2022-07-14,06:10,7464.74
P06511,2022-07-14,07:57,118387.99
P33931,2022-07-14,09:03,2083.24
P35599,2022-07-14,09:55,2539.82
P24694,2022-07-14,10:36,8341.43
P40052,2022-07-14,10:45,415149.34
P07878,2022-07-14,11:56,11171.62
P07825,2022-07-14,14:22,7069.2
P07406,2022-07-14,17:29,13058.93
P08565,2022-07-14,18:56,4861.29
P27910,2022-07-14,21:51,3627.2
P35164,2022-07-14,22:00,7868.55
P08912,2022-07-14,23:06,8447.69
P21479,2022-07-15,01:54,725.85
P35198,2022-07-15,02:59,49599.49
P35267,2022-07-15,04:53,5404.2
P16312,2022-07-15,10:27,3517.32
P08950,2022-07-15,10:30,56704.89
P35618,2022-07-15,11:33,4235.42
P08935,2022-07-15,17:33,21593.92
P19509,2022-07-15,20:08,469.16
P40051,2022-07-15,23:30,10175.87
P25582,2022-07-16,02:26,16907.55
P27084,2022-07-16,03:10,1538.95
P08436,2022-07-16,05:25,1171340.76
P08443,2022-07-16,08:17,17766.33
P06760,2022-07-16,10:54,4847.81
P38154,2022-07-16,11:54,301.22
P06806,2022-07-16,15:45,15431.6
P07990,2022-07-16,17:40,9445.91
P13253,2022-07-16,22:57,2413.2
P27882,2022-07-17,06:06,801.39
P09154,2022-07-17,08:12,16370.33
P25880,2022-07-17,12:32,2833.11
P08867,2022-07-17,13:38,6062.45
P34039,2022-07-17,13:50,9711.98
P07976,2022-07-17,14:39,56213.5
P17967,2022-07-17,16:30,587.49
P34089,2022-07-17,19:23,32438.27
P06771,2022-07-18,05:45,1817.38
P06535,2022-07-18,06:12,2177.22
P35262,2022-07-18,06:20,4460.47
P07981,2022-07-18,09:05,16668.17
P27063,2022-07-18,10:02,3233.41
P07386,2022-07-18,15:14,7573.15
P35626,2022-07-18,18:50,2050.66
P28009,2022-07-19,01:21,2006.92
P13751,2022-07-19,02:13,15807.92
P06536,2022-07-19,03:00,2968.09
P06646,2022-07-19,04:41,8422.07
P13712,2022-07-19,05:09,10921.57
P28066,2022-07-19,07:31,2942.29
P17577,2022-07-19,08:16,435.73
P08563,2022-07-19,09:16,34974.45
P06489,2022-07-19,12:29,32366.96
P24611,2022-07-19,15:18,1213.35
P07871,2022-07-19,16:19,7905.55
P35606,2022-07-20,01:59,41511.94
P40045,2022-07-20,02:13,33156.85
P07985,2022-07-20,05:22,10039.31
P06759,2022-07-20,09:23,1719.32
P23960,2022-07-20,10:21,5887.69
P33920,2022-07-20,12:01,24310.49
P07960,2022-07-20,15:50,2122.66
P25578,2022-07-20,18:20,9574.83
P40070,2022-07-20,18:56,6901.4
P07850,2022-07-20,20:00,9251.95
P35621,2022-07-20,21:38,2369.18
P06463,2022-07-20,22:08,4954.36
P07943,2022-07-21,03:00,3856.16
P06640,2022-07-21,03:20,16756.96
P06434,2022-07-21,03:31,2227.43
P19486,2022-07-21,09:22,645.48
P24094,2022-07-21,10:11,395.95
P07995,2022-07-21,10:47,3601.91
P13515,2022-07-21,11:10,1244.75
P27042,2022-07-21,16:13,21161.08
P07187,2022-07-21,16:34,7470.78
P33980,2022-07-21,16:46,2574.61
P12014,2022-07-21,18:05,17958.16
P07958,2022-07-21,19:19,5844.61
P06783,2022-07-21,20:30,3454.2
P07957,2022-07-22,00:44,3693.32
P07346,2022-07-22,05:05,159726.17
P07436,2022-07-22,07:40,59737.07
P26954,2022-07-22,07:57,643.24
P16409,2022-07-22,10:39,542.65
P08933,2022-07-22,15:56,4947.43
P06636,2022-07-22,17:22,20770.45
P35549,2022-07-22,19:35,27777.58
P06601,2022-07-23,00:30,6943.48
P34786,2022-07-23,11:55,5390.02
P35561,2022-07-23,13:41,11763.43
P06607,2022-07-23,14:17,12464.34
P06653,2022-07-23,20:03,2645.14
P40064,2022-07-23,21:23,6557.16
P19436,2022-07-24,00:11,555.45
P11922,2022-07-24,00:41,12049.49
P07909,2022-07-24,03:38,3400.55
P09191,2022-07-24,12:50,305337.07
P06483,2022-07-24,17:22,28703.19
P35206,2022-07-24,18:48,2943.29
P08883,2022-07-24,18:51,23831.02
P06619,2022-07-24,21:25,16021.4
P06638,2022-07-24,22:41,76779.37
P35187,2022-07-25,01:29,37682.93
P40055,2022-07-25,02:46,16007.36
P21362,2022-07-25,02:48,1031.2
P06506,2022-07-25,06:19,7558.92
P27032,2022-07-25,07:52,544.12
P13423,2022-07-25,09:27,1714.95
P01899,2022-07-25,11:24,29401.3
P09573,2022-07-25,12:49,10309.93
P32198,2022-07-25,16:19,1170.81
P35589,2022-07-25,16:31,41849.84
P13774,2022-07-25,17:43,42446.81
P09227,2022-07-25,18:32,50859.22
P06567,2022-07-25,20:15,9764.25
P09579,2022-07-25,22:44,7124.33
P06459,2022-07-26,00:01,4992.91
P07182,2022-07-26,05:27,5168.56
P07887,2022-07-26,10:06,7125.98
P33964,2022-07-26,10:50,7865.12
P09153,2022-07-26,12:20,6184.9
P08954,2022-07-26,16:28,228324.79
P24421,2022-07-26,17:00,1306.8
P27079,2022-07-27,02:01,53153.56
P06807,2022-07-27,03:37,10541.54
P26987,2022-07-27,08:17,19549.97
P35182,2022-07-27,08:49,40366.75
P06817,2022-07-27,09:12,24291.23
P07974,2022-07-27,09:20,10139.25
P06667,2022-07-27,09:56,10708.3
P06843,2022-07-27,12:52,22386.52
P09217,2022-07-27,13:11,261288.58
P41656,2022-07-27,18:13,5572.26
P18695,2022-07-28,02:48,4107.35
P40037,2022-07-28,04:05,7217.16
P07793,2022-07-28,10:40,9604.47
P15453,2022-07-28,13:16,1595.52
P09583,2022-07-28,14:09,6386.77
P07877,2022-07-28,16:43,6075.31
P35577,2022-07-28,17:35,5394.98
P43754,2022-07-28,18:27,78443.71
P16299,2022-07-28,20:47,2682.91
P06794,2022-07-28,21:09,6844.4
P08422,2022-07-28,21:36,9140.12
P23287,2022-07-29,04:34,17404.93
P40054,2022-07-29,07:01,8362.81
P08557,2022-07-29,10:39,18826.81
P09241,2022-07-29,18:24,113073.8
P08963,2022-07-29,18:43,17692.73
P13246,2022-07-29,18:54,954.83
P08865,2022-07-29,20:56,18193.75
P08902,2022-07-29,23:14,11147.68
P06504,2022-07-30,07:03,13034.58
P08569,2022-07-30,09:15,13890.64
P35212,2022-07-30,10:19,75730.38
P08432,2022-07-30,15:43,3657.49
P12683,2022-07-30,16:44,3291.77
P02817,2022-07-30,17:33,19.78
P06658,2022-07-30,19:53,14370.91
P12046,2022-07-30,21:14,1484.36
P39960,2022-07-31,05:21,3858.58
P07902,2022-08-01,02:37,9384.33
P06484,2022-08-01,06:12,23584.5
P06598,2022-08-01,10:06,5079.61
P17670,2022-08-01,15:47,4430.7
P22890,2022-08-01,21:24,69534.31
P09242,2022-08-01,22:33,27846.7
P28003,2022-08-01,23:25,1204.46
P09174,2022-08-02,03:38,40291.78
P21028,2022-08-02,03:47,50187.09
P08548,2022-08-02,05:44,29369.36
P07911,2022-08-02,05:56,10256.25
P18516,2022-08-02,10:03,1372.47
P08553,2022-08-02,12:08,276614.05
P01901,2022-08-02,13:13,37114.33
P35616,2022-08-02,20:48,209143.69
P26996,2022-08-02,23:05,2484.31
P19426,2022-08-03,01:55,30651.29
P24459,2022-08-03,09:29,5034.43
P06452,2022-08-03,15:14,3435.39
P35188,2022-08-03,16:38,7652.59
P39964,2022-08-03,21:37,200585.35
P40074,2022-08-04,08:12,61556.72
P07906,2022-08-04,11:45,3894.51
P07908,2022-08-04,16:24,3949.31
P17322,2022-08-04,17:14,2997.9
P07803,2022-08-04,20:57,15630.8
P40022,2022-08-05,02:28,40708.07
P06763,2022-08-05,04:45,2103.59
P07978,2022-08-05,06:07,9641.08
P35550,2022-08-05,15:16,25814.1
P21198,2022-08-05,16:14,1667.85
P07195,2022-08-05,23:12,98788.14
P07901,2022-08-05,23:28,1116.24
P09172,2022-08-06,01:40,1150.82
P08953,2022-08-06,03:06,35816.21
P13752,2022-08-06,10:58,889.37
P23431,2022-08-06,11:34,1218.81
P06798,2022-08-06,13:21,2736.84
P06551,2022-08-06,17:29,5311.73
P34385,2022-08-06,18:35,2174.38
P07443,2022-08-06,23:09,81646.7
P06629,2022-08-07,06:16,45567.4
P30147,2022-08-07,15:57,2148.47
P06746,2022-08-07,23:00,5467.22
P41081,2022-08-08,05:21,14857.91
P08584,2022-08-08,11:55,8613.26
P35565,2022-08-08,12:19,145447.73
P07816,2022-08-08,16:07,126905.59
P08939,2022-08-08,20:19,120955.59
P07864,2022-08-08,22:06,26666.74
P21263,2022-08-09,00:47,893.77
P12145,2022-08-09,02:18,14355.8
P09431,2022-08-09,05:19,12239.49
P35180,2022-08-09,07:42,9225.78
P09224,2022-08-09,10:49,3185.8
P27036,2022-08-09,11:18,638.68
P01451,2022-08-09,11:51,28548.83
P07924,2022-08-09,12:44,7918.44
P07435,2022-08-09,13:47,83243.27
P06470,2022-08-09,18:01,8282.73
P09577,2022-08-09,18:16,8713.43
P14009,2022-08-09,22:45,6532.28
P35276,2022-08-09,22:52,5249.48
P35252,2022-08-09,23:12,10119.32
P24677,2022-08-09,23:33,8729.9
P06611,2022-08-10,00:59,11329.93
P07951,2022-08-10,01:39,10068.16
P21229,2022-08-10,06:02,2099.74
P14852,2022-08-10,08:35,3052.2
P40025,2022-08-10,10:51,129684.51
P04524,2022-08-10,12:37,4436.49
P24460,2022-08-10,18:02,5671.56
P16305,2022-08-11,00:20,2540.61
P08918,2022-08-11,01:53,25319.62
P32594,2022-08-11,02:10,1542.54
P08580,2022-08-11,02:28,2273.32
P21323,2022-08-11,08:59,18900.74
P35236,2022-08-11,09:33,954.14
P24277,2022-08-11,12:50,8307.61
P08543,2022-08-11,16:42,17449.63
P09212,2022-08-11,16:55,29820.58
P21077,2022-08-11,23:06,1812.61
P08899,2022-08-11,23:46,11862.83
P06540,2022-08-12,03:07,15632.56
P07343,2022-08-12,04:49,10166.09
P35146,2022-08-12,05:51,13424.27
P07914,2022-08-12,08:44,13536.07
P07889,2022-08-12,11:32,4979.9
P09231,2022-08-12,11:44,159920.57
P35176,2022-08-12,13:14,15896.23
P35265,2022-08-12,15:42,1916.36
P21121,2022-08-12,18:02,6039.31
P09745,2022-08-12,18:07,3403.09
P07352,2022-08-12,20:05,15958.82
P08574,2022-08-13,01:09,16814.79
P08981,2022-08-13,03:03,18401.06
P13256,2022-08-13,04:22,13509.61
P07846,2022-08-13,05:54,6307.7
P06612,2022-08-13,06:08,2060.64
P06446,2022-08-13,07:53,3058.24
P07447,2022-08-13,15:01,6386.49
P24378,2022-08-13,16:42,1354.87
P23148,2022-08-13,16:44,45245.82
P33919,2022-08-13,16:59,46751.28
P16313,2022-08-13,17:40,7866.64
P17746,2022-08-13,19:07,804.4
P07973,2022-08-13,20:26,6151.64
P08973,2022-08-14,06:00,436262.04
P07416,2022-08-14,08:26,13865.34
P16303,2022-08-14,09:00,591.38
P40048,2022-08-14,11:00,26940.51
P08992,2022-08-14,13:32,171760.21
P24149,2022-08-14,18:00,12263.58
P35566,2022-08-14,23:57,1385.03
P08885,2022-08-15,04:01,15138.0
P23089,2022-08-15,04:36,3776.42
P08554,2022-08-15,04:39,272848.04
P35241,2022-08-15,07:37,578655.71
P08905,2022-08-15,09:50,890502.96
P30037,2022-08-15,12:02,345.79
P23068,2022-08-15,14:21,615.24
P09556,2022-08-15,18:43,5195.87
P35226,2022-08-15,21:08,6209.59
P33966,2022-08-15,22:10,6786.0
P20953,2022-08-15,23:42,21644.74
P40028,2022-08-16,00:08,23579.35
P06814,2022-08-16,00:37,6031.12
P35221,2022-08-16,04:21,498285.62
P30633,2022-08-16,06:03,238078.23
P40049,2022-08-16,13:26,19472.67
P30631,2022-08-16,14:23,619.47
P08982,2022-08-16,15:08,9960.94
P13746,2022-08-16,15:47,1311.8
P06706,2022-08-16,17:14,4617.3
P35208,2022-08-16,17:28,1320.87
P06457,2022-08-16,18:30,14905.91
P06740,2022-08-16,21:07,11935.7
P18037,2022-08-16,22:21,788.14
P30139,2022-08-17,00:04,2294.44
P23225,2022-08-17,04:30,7004.18
P07824,2022-08-17,07:38,10718.12
P06625,2022-08-17,07:55,136748.74
P41084,2022-08-17,14:41,4551.0
P34386,2022-08-17,18:06,2339.98
P08993,2022-08-17,20:27,34966.01
P07885,2022-08-17,23:36,4704.37
P01900,2022-08-18,00:14,8325.05
P18999,2022-08-18,02:05,496.88
P06523,2022-08-18,08:08,14238.1
P23282,2022-08-18,13:50,47201.78
P06659,2022-08-18,14:37,2623.01
P34376,2022-08-18,16:08,3300.12
P09404,2022-08-18,17:32,5469.57
P22856,2022-08-18,19:00,645.36
P07904,2022-08-19,05:00,1005.01
P18690,2022-08-19,06:09,14086.3
P06569,2022-08-19,14:46,2083.23
P06769,2022-08-19,15:47,5656.88
P27021,2022-08-19,18:02,979.59
P08444,2022-08-19,18:50,172600.41
P12146,2022-08-19,20:06,7051.24
P41087,2022-08-19,22:17,11246.49
P35172,2022-08-19,23:07,4374.18
P35544,2022-08-20,02:48,52529.98
P35572,2022-08-20,04:09,1731.32
P18941,2022-08-20,06:31,4258.41
P35166,2022-08-20,06:49,708.21
P19487,2022-08-20,08:22,42188.74
P40066,2022-08-20,14:35,5525.55
P09418,2022-08-20,18:22,7034.47
P07349,2022-08-20,22:48,114146.92
P06512,2022-08-20,23:35,3700.55
P13766,2022-08-21,01:35,6650.02
P01450,2022-08-21,03:53,15655.16
P41662,2022-08-21,04:41,11200.25
P06488,2022-08-21,07:04,10858.7
P09214,2022-08-21,10:02,3475.41
P09430,2022-08-21,12:35,58920.62
P26949,2022-08-21,13:29,729.66
P07866,2022-08-21,14:22,20393.92
P33977,2022-08-21,18:20,4206.85
P06675,2022-08-21,19:30,6366.78
P41079,2022-08-21,19:40,17472.39
P07813,2022-08-21,22:38,26620.84
P07861,2022-08-22,03:00,5414.8
P07870,2022-08-22,11:41,8725.17
P07350,2022-08-22,13:29,1869341.98
P09402,2022-08-22,21:55,10872.94
P08454,2022-08-23,03:09,6745.85
P06429,2022-08-23,03:50,8471.34
P13740,2022-08-23,05:08,3702.05
P39954,2022-08-23,12:51,1076.11
P08472,2022-08-23,15:13,77976.83
P14393,2022-08-23,21:05,2745.89
P08898,2022-08-24,04:24,15922.9
P32363,2022-08-24,10:44,1780.31
P24090,2022-08-24,12:18,5546.3
P07004,2022-08-24,16:09,5173.61
P08570,2022-08-25,00:09,4801.29
P35274,2022-08-25,01:51,1386.61
P35231,2022-08-25,02:03,8219.23
P11412,2022-08-25,05:13,6736.78
P21225,2022-08-25,06:19,962.83
P06696,2022-08-25,08:10,6872.06
P07564,2022-08-25,12:06,8334.27
P06709,2022-08-25,12:56,6444.39
P09243,2022-08-25,14:48,83405.2
P08928,2022-08-25,14:57,8443.98
P32381,2022-08-25,20:54,2262.8
P08423,2022-08-25,22:47,7073.8
P06453,2022-08-26,07:08,8111.65
P08471,2022-08-26,11:01,19879.3
P35217,2022-08-26,18:25,17336.19
P06761,2022-08-26,19:02,7706.07
P09821,2022-08-26,21:31,705.87
P08991,2022-08-26,23:47,24232.68
P06433,2022-08-27,02:40,11821.31
P23270,2022-08-27,02:51,12476.32
P06435,2022-08-27,05:03,2636.72
P06553,2022-08-27,06:40,6394.15
P08952,2022-08-27,07:49,20194.62
P32377,2022-08-27,07:59,10705.67
P07831,2022-08-27,08:38,6191.98
P06445,2022-08-27,12:24,6968.77
P07927,2022-08-27,15:27,16381.65
P25577,2022-08-27,16:09,16758.9
P09179,2022-08-27,19:27,7002.77
P06651,2022-08-27,23:02,17954.83
P27887,2022-08-27,23:48,561.84
P07504,2022-08-28,03:14,383765.19
P34024,2022-08-28,06:14,67449.4
P09424,2022-08-28,12:16,16427.88
P24586,2022-08-28,18:33,2536.67
P35583,2022-08-28,22:16,25662.46
P07424,2022-08-29,02:09,30252.32
P07445,2022-08-29,04:49,395808.01
P26276,2022-08-29,05:50,1979.52
P07893,2022-08-29,12:52,4859.26
P08988,2022-08-29,18:12,215762.68
P07173,2022-08-29,20:12,6069.58
P08552,2022-08-29,20:33,18746.56
P06632,2022-08-29,22:23,15796.75
P35623,2022-08-30,04:06,14137.5
P07185,2022-08-30,04:30,250307.14
P08871,2022-08-30,06:30,26615.35
P08887,2022-08-30,07:24,2493.63
P06543,2022-08-30,15:22,10675.04
P07347,2022-08-30,18:10,109937.14
P09582,2022-08-30,18:17,2765.41
P08930,2022-08-30,18:40,23547.28
P13777,2022-08-30,19:56,2218.65
P27956,2022-08-31,08:07,1156.16
P06726,2022-08-31,13:41,7337.81
P08994,2022-08-31,13:54,7191.45
P06584,2022-08-31,20:23,4336.42
P43709,2022-08-31,20:53,122668.74
P06787,2022-08-31,21:57,96642.87
P35153,2022-08-31,22:31,1786.66
P27881,2022-09-01,00:32,1509.09
P07972,2022-09-01,07:01,42089.57
P22892,2022-09-01,11:56,7156.25
P09166,2022-09-01,12:17,123700.23
P07179,2022-09-01,13:42,10258.27
P32386,2022-09-01,17:39,1315.95
P14357,2022-09-02,00:19,537.51
P08430,2022-09-02,02:35,73560.93
P07169,2022-09-02,03:05,31839.04
P06808,2022-09-02,03:18,5028.23
P09408,2022-09-02,04:05,8725.39
P08533,2022-09-02,07:18,229088.46
P41077,2022-09-02,08:06,60526.04
P07865,2022-09-02,10:52,18228.24
P08889,2022-09-02,12:05,6693.25
P11913,2022-09-02,13:13,735.57
P19514,2022-09-02,14:52,702.81
P17576,2022-09-02,16:13,2339.15
P06847,2022-09-02,16:57,6334.81
P06339,2022-09-02,21:30,464.32
P35261,2022-09-02,21:45,24107.29
P07791,2022-09-03,04:41,30927.15
P06708,2022-09-03,10:38,41627.03
P27934,2022-09-03,15:45,2018.17
P08579,2022-09-03,18:39,51860.75
P06593,2022-09-03,22:37,15235.57
P32266,2022-09-04,02:00,17964.59
P17608,2022-09-04,08:54,3064.97
P31791,2022-09-04,12:39,2051.54
P07168,2022-09-04,13:56,14701.25
P12043,2022-09-04,17:18,488.33
P22851,2022-09-04,22:05,25885.32
P42978,2022-09-05,01:54,19196.94
P32584,2022-09-05,02:14,580.31
P07897,2022-09-05,03:19,10181.92
P07947,2022-09-05,03:20,7544.38
P33914,2022-09-05,05:00,8167.18
P26279,2022-09-05,05:47,1967.26
P07929,2022-09-05,07:03,1095.27
P35214,2022-09-05,07:35,7104.03
P27917,2022-09-05,12:40,577.04
P07417,2022-09-05,16:18,34232.38
P23948,2022-09-05,17:46,2414.53
P06493,2022-09-05,19:17,44879.46
P39963,2022-09-05,19:25,703.29
P26771,2022-09-05,20:01,1941.95
P16922,2022-09-06,00:55,7714.7
P06830,2022-09-06,01:12,3036.07
P09830,2022-09-06,06:41,5233.96
P24106,2022-09-06,06:41,1152.34
P06550,2022-09-06,07:19,10389.99
P08435,2022-09-06,07:38,8554.02
P08567,2022-09-06,13:24,10108.75
P38261,2022-09-06,14:37,1150.21
P06842,2022-09-06,16:36,10569.38
P10118,2022-09-07,00:42,2188.84
P06557,2022-09-07,06:46,1577.33
P33933,2022-09-07,07:09,33411.53
P08564,2022-09-07,12:57,1167.74
P07815,2022-09-07,15:15,11683.61
P19501,2022-09-07,17:42,6934.35
P28020,2022-09-07,18:44,2069.69
P27996,2022-09-07,18:44,6221.15
P06639,2022-09-07,19:33,8141.36
P13411,2022-09-07,19:55,3770.28
P08964,2022-09-07,23:19,22498.04
P35311,2022-09-08,01:15,68917.85
P27000,2022-09-08,03:30,4375.97
P09746,2022-09-08,04:49,8307.03
P06844,2022-09-08,06:43,13011.75
P35278,2022-09-08,06:49,11772.64
P06460,2022-09-08,10:50,2738.85
P27929,2022-09-08,12:45,3671.11
P06684,2022-09-08,13:09,38025.39
P06467,2022-09-08,18:35,28601.85
P08882,2022-09-08,18:42,46984.42
P07408,2022-09-08,23:08,9258.71
P11920,2022-09-09,01:41,1442.12
P33948,2022-09-09,06:34,3343.71
P07834,2022-09-09,07:03,7259.61
P08204,2022-09-09,07:12,24926.62
P24603,2022-09-09,07:52,2310.76
P35592,2022-09-09,08:08,11273.24
P06456,2022-09-09,09:47,4383.0
P07941,2022-09-09,13:01,4643.65
P21487,2022-09-09,13:12,13835.05
P27998,2022-09-09,16:52,543.14
P22883,2022-09-09,17:36,53339.42
P33970,2022-09-09,19:24,90318.76
P30722,2022-09-09,20:35,1784.7
P09584,2022-09-09,21:22,19425.48
P09226,2022-09-10,00:06,4608.97
P06710,2022-09-10,04:42,5672.57
P41576,2022-09-10,07:56,4215.27
P06556,2022-09-10,09:44,3562.2
P09244,2022-09-10,10:52,39295.76
P09157,2022-09-10,12:12,5620.73
P30723,2022-09-10,18:49,1861.28
P27895,2022-09-10,18:49,787.2
P09585,2022-09-10,19:04,6503.42
P16682,2022-09-11,01:42,37707.11
P09251,2022-09-11,03:17,27465.79
P33959,2022-09-11,04:21,1773.35
P24475,2022-09-11,10:37,1228.33
P06552,2022-09-11,12:19,8347.66
P08558,2022-09-11,12:21,112347.38
P07963,2022-09-11,21:54,1774.52
P19324,2022-09-12,00:33,1088749.01
P17613,2022-09-12,06:52,830.18
P27131,2022-09-12,06:52,2247.0
P07808,2022-09-12,19:48,279802.93
P18882,2022-09-12,20:52,2909.95
P35179,2022-09-12,23:04,7377.69
P35204,2022-09-12,23:38,1511.57
P35218,2022-09-12,23:57,90873.92
P23120,2022-09-13,00:51,3865.55
P07896,2022-09-13,03:09,3534.57
P30685,2022-09-13,08:27,726.93
P13705,2022-09-13,09:10,80817.33
P35279,2022-09-13,11:07,1103.38
P27877,2022-09-13,18:55,681.77
P23239,2022-09-13,18:55,1129.45
P40036,2022-09-13,19:29,32731.36
P38281,2022-09-13,23:11,1166.51
P42362,2022-09-13,23:37,704.75
P39947,2022-09-14,01:11,213845.61
P08956,2022-09-14,06:44,3193.87
P33311,2022-09-14,12:00,80243.18
P21325,2022-09-14,12:56,4753.95
P06496,2022-09-14,15:32,33717.31
P24565,2022-09-14,17:48,863.18
P11910,2022-09-14,18:32,46087.71
P28125,2022-09-15,00:17,11102.64
P41660,2022-09-15,03:41,4270.34
P06840,2022-09-15,04:11,7091.5
P08455,2022-09-15,04:39,9331.99
P29152,2022-09-15,06:21,61665.46
P08913,2022-09-15,08:23,4661.6
P24322,2022-09-15,10:21,2075.19
P31386,2022-09-15,11:43,555.05
P19416,2022-09-15,12:29,1679.58
P35147,2022-09-15,14:08,24825.8
P05561,2022-09-15,15:16,1528.66
P33984,2022-09-15,20:00,18075.78
P08995,2022-09-15,20:18,20090.82
P07984,2022-09-15,21:40,27766.17
P27010,2022-09-15,23:28,1309.96
P28012,2022-09-16,00:59,854.72
P07805,2022-09-16,01:05,4715.41
P06662,2022-09-16,01:22,1178.57
P06478,2022-09-16,02:20,6326.6
P40075,2022-09-16,03:47,2460.81
P35272,2022-09-16,05:35,6740.2
P21830,2022-09-16,06:07,549.04
P08944,2022-09-16,07:33,63352.13
P26321,2022-09-16,10:14,25706.59
P08987,2022-09-16,13:02,105678.8
P20939,2022-09-16,13:11,1911.57
P25091,2022-09-16,13:21,1537.9
P41663,2022-09-16,16:28,23786.72
P24335,2022-09-16,19:00,25036.17
P27922,2022-09-16,19:00,6655.3
P12138,2022-09-16,20:45,83990.38
P06169,2022-09-16,22:52,1947.55
P06618,2022-09-16,22:54,30627.22
P19418,2022-09-16,23:54,14823.81
P08974,2022-09-17,05:18,368436.7
P06431,2022-09-17,05:25,18933.65
P12010,2022-09-17,08:27,1909.76
P35209,2022-09-17,09:42,4049.12
P23420,2022-09-17,10:48,2262.7
P43152,2022-09-17,11:35,3434.36
P10143,2022-09-17,11:36,1849.55
P07956,2022-09-17,11:43,9805.13
P27581,2022-09-17,13:01,1288.98
P26993,2022-09-17,13:01,3975.42
P41657,2022-09-17,19:50,242564.63
P16899,2022-09-18,00:57,4105.93
P06800,2022-09-18,01:09,8919.93
P24138,2022-09-18,03:37,2893.07
P06835,2022-09-18,05:06,17060.92
P08903,2022-09-18,05:21,9574.26
P15788,2022-09-18,07:03,1446.4
P32719,2022-09-18,07:19,12158.07
P30904,2022-09-18,10:13,2460.7
P08870,2022-09-18,13:46,26203.56
P09831,2022-09-18,18:23,1782.07
P18310,2022-09-18,21:06,1936.38
P26306,2022-09-18,23:56,1496.61
P06717,2022-09-19,00:41,15331.86
P27920,2022-09-19,01:04,1034.87
P19420,2022-09-19,01:04,1694.42
P06666,2022-09-19,04:00,1905.38
P26309,2022-09-19,04:32,1509.22
P08949,2022-09-19,06:59,53570.89
P31534,2022-09-19,20:14,889.12
P41658,2022-09-19,20:58,6301.9
P04870,2022-09-19,21:13,1369.38
P01562,2022-09-20,04:13,1779.81
P19095,2022-09-20,05:58,1071.47
P13440,2022-09-20,07:38,2506.99
P28075,2022-09-20,13:07,1916.55
P07919,2022-09-20,17:03,15681.62
P33924,2022-09-20,19:43,49730.87
P43752,2022-09-20,20:47,5578.51
P07804,2022-09-20,23:33,6874.07
P23234,2022-09-20,23:42,2475.92
P07792,2022-09-21,00:46,3139.19
P08562,2022-09-21,04:22,115114.82
P07419,2022-09-21,04:49,15245.12
P11947,2022-09-21,07:08,1864.92
P10725,2022-09-21,09:09,37988.13
P08990,2022-09-21,15:04,43456.65
P27656,2022-09-21,20:27,1496.19
P06630,2022-09-21,21:21,168867.6
P08415,2022-09-21,22:34,6928.25
P06438,2022-09-22,02:02,6609.31
P07796,2022-09-22,06:11,3360.42
P06538,2022-09-22,07:45,7861.52
P25422,2022-09-22,08:07,1901.44
P26948,2022-09-22,15:25,10598.67
P06545,2022-09-22,15:32,8439.47
P18709,2022-09-22,19:11,14241.24
P06621,2022-09-22,23:19,22226.59
P09586,2022-09-23,04:07,26037.68
P02401,2022-09-23,06:03,1508.55
P24329,2022-09-23,13:12,11715.55
P19430,2022-09-23,13:12,3024.32
P08437,2022-09-23,14:24,1869.47
P26294,2022-09-23,14:44,7106.98
P27939,2022-09-23,16:51,735.67
P09236,2022-09-23,17:41,320238.46
P33932,2022-09-23,18:15,362582.63
P07952,2022-09-23,21:29,19103.41
P06595,2022-09-23,21:37,123135.05
P09439,2022-09-23,22:57,12212.38
P16277,2022-09-24,07:14,1215.09
P02395,2022-09-24,07:14,56.28
P09403,2022-09-24,09:45,32110.83
P07403,2022-09-24,10:13,8722.6
P08336,2022-09-24,15:20,13679.17
P03626,2022-09-24,15:27,1537.81
P08958,2022-09-24,18:14,2240.95
P35268,2022-09-24,21:50,11559.14
P08911,2022-09-25,00:51,17031.1
P03587,2022-09-25,01:11,1844.87
P27900,2022-09-25,01:15,38300.83
P04085,2022-09-25,01:32,1552.79
P06202,2022-09-25,02:38,1300.81
P07217,2022-09-25,03:50,526.17
P07872,2022-09-25,07:35,3322.05
P34027,2022-09-25,07:58,143738.91
P23153,2022-09-25,09:15,624.02
P07441,2022-09-25,10:07,14806.79
P09642,2022-09-25,10:16,1769.62
P04961,2022-09-25,11:38,1366.79
P04459,2022-09-25,15:11,1598.14
P10119,2022-09-25,15:12,1001.4
P24702,2022-09-25,16:24,4388.62
P25042,2022-09-25,19:16,3336.84
P06455,2022-09-25,20:54,4144.31
P07502,2022-09-25,21:46,33250.25
P32263,2022-09-25,22:29,4095.95
P41583,2022-09-26,01:54,2859.37
P13266,2022-09-26,05:36,2324.98
P06563,2022-09-26,09:20,8581.15
P13279,2022-09-26,10:47,1617.54
P18372,2022-09-26,13:18,3774.24
P32017,2022-09-26,13:32,24028.14
P08941,2022-09-26,16:49,4277.57
P19421,2022-09-26,21:04,1527.91
P10726,2022-09-27,02:15,9520.27
P32247,2022-09-27,06:01,1048.2
P06627,2022-09-27,07:15,2631.78
P21201,2022-09-27,07:19,975.1
P12674,2022-09-27,11:41,1894.34
P11984,2022-09-27,18:33,335.67
P27123,2022-09-28,01:20,2757.66
P06510,2022-09-28,03:31,6886.68
P08996,2022-09-28,03:47,125098.75
P06637,2022-09-28,06:21,37018.58
P08366,2022-09-28,15:17,20165.31
P09555,2022-09-28,16:38,1022.95
P06756,2022-09-28,18:35,6420.88
P35559,2022-09-28,19:06,3971.21
P27088,2022-09-28,19:22,5144.0
P27068,2022-09-28,19:22,1312.18
P27949,2022-09-28,23:04,4294.46
P02406,2022-09-29,02:27,1890.87
P14348,2022-09-29,04:59,1800.01
P07170,2022-09-29,05:19,5088.44
P09181,2022-09-29,05:46,47831.32
P27368,2022-09-29,10:54,1884.22
P08439,2022-09-29,13:19,18534.06
P32731,2022-09-29,17:13,1658.09
P33287,2022-09-29,17:39,1285.97
P39971,2022-09-29,17:39,13684.92
P34954,2022-09-30,06:03,1187.37
P30765,2022-09-30,07:24,1464.0
P23118,2022-09-30,07:24,19797.81
P36269,2022-09-30,07:45,1060.06
P06869,2022-09-30,08:24,328.65
P24490,2022-09-30,09:39,1130.14
P07876,2022-09-30,10:42,14499.01
P20784,2022-09-30,12:36,55738.23
P06707,2022-09-30,13:04,5195.88
P33979,2022-09-30,13:52,5267.73
P35184,2022-09-30,16:45,88150.02
P11983,2022-09-30,20:26,9123.25
P07188,2022-09-30,21:50,168979.42
P13442,2022-09-30,23:45,5104.7
P10372,2022-10-01,00:05,1746.4
P06722,2022-10-01,00:16,8536.62
P13446,2022-10-01,01:26,2717.27
P22448,2022-10-01,01:26,2326.53
P17034,2022-10-01,01:26,5789.59
P27041,2022-10-01,01:26,1405.36
P09240,2022-10-01,07:11,22698.15
P19381,2022-10-01,12:35,3802.49
P40073,2022-10-01,13:26,47608.04
P24423,2022-10-01,17:25,1495.08
P17754,2022-10-01,19:27,3260.43
P23273,2022-10-01,19:27,612406.09
P24572,2022-10-01,19:27,5333.69
P22449,2022-10-01,19:41,207459.9
P18968,2022-10-02,01:54,10443.6
P03804,2022-10-02,03:45,1615.2
P03397,2022-10-02,06:26,1402.76
P06505,2022-10-02,06:49,2978.72
P06564,2022-10-02,07:39,9619.17
P20423,2022-10-02,13:29,1743.93
P24059,2022-10-02,13:29,2235.91
P20785,2022-10-02,13:29,858.18
P08438,2022-10-03,00:38,12461.08
P05514,2022-10-03,04:32,2616.4
P28026,2022-10-03,07:30,1592.45
P17824,2022-10-03,07:30,2134.99
P25043,2022-10-03,09:26,15366.81
P06626,2022-10-03,11:19,34545.68
P08798,2022-10-03,14:05,1036.01
P35568,2022-10-03,16:39,4208.02
P32352,2022-10-04,00:30,389184.49
P19078,2022-10-04,01:31,637.43
P27937,2022-10-04,01:31,1391.08
P13441,2022-10-04,03:33,2305.42
P30900,2022-10-04,04:07,2771.74
P31657,2022-10-04,05:22,8752.69
P06436,2022-10-04,06:43,13395.3
P06608,2022-10-04,06:50,11605.0
P36995,2022-10-04,16:54,10030.94
P29147,2022-10-04,18:07,55791.33
P28051,2022-10-04,19:33,2466.4
P24373,2022-10-04,19:33,2014.69
P18840,2022-10-04,19:33,19041.0
P06624,2022-10-04,22:19,49117.66
P07542,2022-10-05,00:06,18473.72
P06752,2022-10-05,02:31,5195.63
P27075,2022-10-05,05:37,1295.79
P12688,2022-10-05,06:50,7602.58
P24096,2022-10-05,12:06,6197.59
P23283,2022-10-05,13:34,68836.79
P24408,2022-10-05,13:34,28372.46
P26240,2022-10-05,13:34,3173.2
P24584,2022-10-05,13:34,2541.41
P06602,2022-10-05,18:38,10469.59
P07940,2022-10-05,21:23,7536.03
P07966,2022-10-05,23:23,9875.06
P25938,2022-10-05,23:31,17443.76
P03937,2022-10-06,02:34,1209.16
P32197,2022-10-06,05:53,904.13
P38063,2022-10-06,06:05,604.77
P30738,2022-10-06,07:35,1238.99
P21328,2022-10-06,07:35,2526.85
P40406,2022-10-06,08:05,1121.32
P09421,2022-10-06,11:13,153270.27
P32110,2022-10-06,14:26,828.04
P32235,2022-10-06,21:31,9386.81
P06450,2022-10-06,21:51,10544.02
P35573,2022-10-06,23:31,649.03
P19299,2022-10-07,01:37,2195.67
P17803,2022-10-07,01:37,2133.11
P18671,2022-10-07,01:37,1547.27
P24733,2022-10-07,07:35,1208.2
P08582,2022-10-07,18:13,1451.96
P19304,2022-10-07,19:38,5957.36
P19025,2022-10-07,19:38,753.08
P27947,2022-10-07,19:38,2838.49
P23070,2022-10-07,19:38,4316.02
P02858,2022-10-07,20:11,1822.13
P12691,2022-10-07,23:24,9442.94
P35277,2022-10-07,23:24,24900.91
P21167,2022-10-08,02:33,2603.89
P10730,2022-10-08,02:38,849.03
P40023,2022-10-08,02:53,8302.0
P06600,2022-10-08,13:07,5849.44
P19073,2022-10-08,13:39,5097.99
P23119,2022-10-08,13:39,1342.02
P08959,2022-10-08,15:00,8329.25
P35580,2022-10-08,17:17,1885.46
P20934,2022-10-09,00:26,1684.47
P33944,2022-10-09,01:17,13681.83
P06474,2022-10-09,03:58,3310.7
P07991,2022-10-09,04:30,3054.29
P06522,2022-10-09,06:28,7291.48
P01524,2022-10-09,06:59,1616.83
P11934,2022-10-09,07:41,879.12
P16285,2022-10-09,07:41,1344.92
P19079,2022-10-09,07:41,2363.55
P09213,2022-10-09,09:49,980.89
P08975,2022-10-09,10:27,10087.16
P07822,2022-10-09,11:13,15148.5
P06587,2022-10-09,13:46,8141.33
P03746,2022-10-09,20:49,2098.81
P22887,2022-10-10,01:13,18166.65
P25039,2022-10-10,01:36,19257.79
P21826,2022-10-10,01:42,6049.77
P24399,2022-10-10,01:42,2803.86
P26236,2022-10-10,03:26,1517.89
P13861,2022-10-10,04:53,5097.49
P07800,2022-10-10,06:25,1558573.98
P26998,2022-10-10,12:38,661.53
P39735,2022-10-10,18:18,1850.52
P06839,2022-10-10,20:05,4033.71
P07181,2022-10-10,20:17,1815.43
P27221,2022-10-10,20:47,520.98
P04312,2022-10-10,21:13,1339.11
P07961,2022-10-11,07:19,5602.14
P39145,2022-10-11,09:55,1932.32
P07802,2022-10-11,13:44,1544.65
P30905,2022-10-11,13:45,1001.41
P18931,2022-10-11,13:45,62048.81
P23280,2022-10-11,13:45,26468.19
P22925,2022-10-11,13:45,36178.46
P07905,2022-10-11,16:27,8424.08
P11840,2022-10-11,18:10,1545.39
P39523,2022-10-11,18:33,1957.54
P07191,2022-10-12,00:07,61067.36
P07806,2022-10-12,04:15,18041.0
P08434,2022-10-12,05:35,7823.49
P23233,2022-10-12,07:46,7580.71
P24377,2022-10-12,07:46,300.79
P06813,2022-10-12,08:25,14346.53
P07868,2022-10-12,11:11,14022.65
P33297,2022-10-12,12:51,16226.58
P20799,2022-10-12,12:56,3475.82
P33051,2022-10-12,14:47,132274.17
P20950,2022-10-12,21:28,3761.23
P28005,2022-10-12,23:56,499.87
P19471,2022-10-13,01:48,1373.88
P19313,2022-10-13,01:48,4971.03
P19511,2022-10-13,01:48,5213.15
P09228,2022-10-13,03:12,4001.47
P07938,2022-10-13,06:12,4870.88
P21493,2022-10-13,14:51,4563.03
P07971,2022-10-13,15:21,8975.31
P06539,2022-10-13,17:00,10484.97
P06571,2022-10-13,18:53,5780.53
P21811,2022-10-13,19:49,121670.02
P21360,2022-10-13,19:49,1108.39
P09448,2022-10-13,22:28,18644.43
P26251,2022-10-14,05:42,11180.5
P08001,2022-10-14,09:48,941.78
P18793,2022-10-14,13:12,403.22
P20428,2022-10-14,13:50,1297.94
P03133,2022-10-14,13:50,229.71
P26983,2022-10-14,13:50,3363.97
P22450,2022-10-14,14:03,2368.31
P08864,2022-10-14,16:35,288995.54
P35190,2022-10-14,23:27,7591.54
P06609,2022-10-15,01:46,2241.57
P41655,2022-10-15,02:18,6888.6
P09446,2022-10-15,06:41,4120.5
P11935,2022-10-15,07:52,1672.18
P32141,2022-10-15,07:52,16936.97
P14022,2022-10-15,16:16,1991.97
P33302,2022-10-16,00:58,4940.19
P26975,2022-10-16,01:53,22915.31
P11954,2022-10-16,01:53,1451.72
P09220,2022-10-16,02:28,26460.62
P09436,2022-10-16,02:53,14920.99
P14040,2022-10-16,04:05,1470.93
P33078,2022-10-16,04:47,16900.83
P39550,2022-10-16,04:48,8623.83
P06731,2022-10-16,07:13,12276.08
P07907,2022-10-16,11:18,6551.38
P26772,2022-10-16,11:59,4867.47
P01782,2022-10-16,17:11,1877.92
P33285,2022-10-16,19:54,1400307.99
P35256,2022-10-17,06:11,4456.64
P06669,2022-10-17,06:52,16144.94
P18841,2022-10-17,13:56,47080.74
P24719,2022-10-17,13:56,2831.47
P21813,2022-10-17,13:56,50613.49
P19343,2022-10-17,13:56,609907.42
P17719,2022-10-17,13:56,1136.78
P26786,2022-10-17,17:18,1891.66
P31677,2022-10-17,18:06,2401.24
P43706,2022-10-18,04:41,13284.51
P32173,2022-10-18,07:57,56644.35
P26246,2022-10-18,07:57,2748.59
P38289,2022-10-18,07:57,1551.95
P27022,2022-10-18,07:57,2116.23
P06649,2022-10-18,17:54,1753.49
P29144,2022-10-18,18:37,64170.14
P18780,2022-10-19,00:22,4412.11
P13582,2022-10-19,01:14,3540.7
P11950,2022-10-19,01:22,3921.59
P25351,2022-10-19,01:58,92924.18
P23286,2022-10-19,01:58,41692.44
P07797,2022-10-19,17:49,38062.57
P19347,2022-10-19,18:21,194604.74
P22907,2022-10-19,20:00,4791.12
P24411,2022-10-19,20:00,7844.08
P22909,2022-10-19,20:00,1530.42
P17031,2022-10-19,20:00,688.38
P09420,2022-10-20,04:15,11639.31
P19305,2022-10-20,14:01,2597.45
P16286,2022-10-20,14:01,7959.35
P22902,2022-10-20,14:01,3775.99
P36060,2022-10-20,18:15,884.51
P31783,2022-10-20,22:58,95713.62
P03473,2022-10-21,03:52,1237.93
P25352,2022-10-21,08:02,8131.45
P21592,2022-10-21,08:02,333.11
P29140,2022-10-21,08:02,35703.69
P29132,2022-10-21,08:16,5469.35
P09215,2022-10-21,11:44,22132.21
P39585,2022-10-21,13:05,1843.53
P43872,2022-10-21,16:18,1318.61
P10657,2022-10-22,00:26,2921.05
P18848,2022-10-22,02:04,13494.24
P25353,2022-10-22,02:04,27562.81
P06471,2022-10-22,02:58,10168.07
P15808,2022-10-22,04:28,30182.65
P36971,2022-10-22,05:17,1705.45
P02846,2022-10-22,06:32,1467.47
P07427,2022-10-22,07:08,3019.48
P05445,2022-10-22,09:52,1745.65
P29139,2022-10-22,17:00,19770.15
P38540,2022-10-22,19:16,1738.81
P23145,2022-10-22,20:05,809.25
P13523,2022-10-22,20:05,7095.89
P32545,2022-10-22,20:40,1483.25
P34026,2022-10-22,23:42,46426.33
P32156,2022-10-23,00:44,5956.87
P12645,2022-10-23,07:59,1874.15
P26999,2022-10-23,14:06,3336.03
P19348,2022-10-23,14:06,12703.28
P17058,2022-10-23,14:06,201848.54
P27932,2022-10-23,15:48,1112.69
P09222,2022-10-24,01:41,63559.64
P04104,2022-10-24,03:54,2093.16
P23275,2022-10-24,08:08,8013.27
P32165,2022-10-24,08:08,16515.09
P19337,2022-10-24,08:08,1558.98
P13537,2022-10-24,08:08,185409.98
P13015,2022-10-24,08:08,20279.6
P23218,2022-10-24,08:08,2768.64
P13519,2022-10-24,08:08,1360.9
P26285,2022-10-24,08:08,3213.45
P09230,2022-10-24,14:13,1289.39
P07979,2022-10-24,23:01,1656.49
P43170,2022-10-25,02:09,5183.4
P19318,2022-10-25,02:09,4374.88
P25284,2022-10-25,02:09,67298.65
P17241,2022-10-25,02:09,69869.52
P27993,2022-10-25,05:14,2246.01
P05404,2022-10-25,08:05,1847.77
P08906,2022-10-25,14:34,21588.13
P13424,2022-10-25,15:14,1122.93
P31698,2022-10-25,17:19,8606.44
P09564,2022-10-25,19:28,5753.67
P09411,2022-10-25,19:38,76276.55
P19360,2022-10-25,20:11,4835.81
P23222,2022-10-26,00:48,2236.03
P16255,2022-10-26,11:16,517.93
P08927,2022-10-26,12:15,19136.64
P08431,2022-10-26,12:30,7511.57
P24711,2022-10-26,14:12,8142.24
P13539,2022-10-26,14:12,48622.79
P26856,2022-10-26,14:12,6244.18
P21361,2022-10-26,14:12,597.41
P13016,2022-10-26,14:12,11752.37
P33951,2022-10-26,15:31,4914.91
P09414,2022-10-26,16:39,173449.23
P08452,2022-10-26,23:10,9101.81
P06443,2022-10-26,23:37,6009.0
P06492,2022-10-27,00:51,42317.6
P24701,2022-10-27,02:34,755.76
P07977,2022-10-27,07:25,8598.53
P09952,2022-10-27,08:13,2091.71
P24594,2022-10-27,08:13,893.25
P33052,2022-10-27,08:13,3257.5
P32212,2022-10-27,08:13,12964.21
P22923,2022-10-27,08:13,15181.75
P43176,2022-10-27,08:44,511.65
P34031,2022-10-27,10:01,20757.38
P26282,2022-10-28,02:15,3864.24
P19320,2022-10-28,02:15,23436.79
P43154,2022-10-28,02:15,658.82
P13749,2022-10-28,02:23,7073.44
P20949,2022-10-28,20:16,16517.41
P32262,2022-10-28,20:16,40494.23
P13522,2022-10-28,20:16,221678.2
P42053,2022-10-28,20:19,1605.41
P05983,2022-10-28,22:27,1609.51
P02974,2022-10-29,00:57,1408.23
P19456,2022-10-29,02:26,2447.27
P23215,2022-10-29,03:20,25263.05
P09171,2022-10-29,04:36,8027.32
P35617,2022-10-29,06:39,15261.48
P19339,2022-10-29,14:17,640021.06
P16294,2022-10-29,14:17,25404.69
P29149,2022-10-29,14:17,11002.1
P19346,2022-10-29,14:17,3278.89
P26788,2022-10-29,14:17,3867.41
P25583,2022-10-29,19:35,102595.06
P24730,2022-10-29,23:52,59135.45
P09234,2022-10-30,00:51,10421.47
P04430,2022-10-30,06:29,1846.51
P26857,2022-10-30,08:19,1226.32
P18989,2022-10-30,08:19,22841.26
P32370,2022-10-30,08:19,6229.11
P11419,2022-10-30,08:19,6698.84
P26255,2022-10-30,08:19,761.61
P09175,2022-10-30,19:59,8123.06
P33961,2022-10-30,21:25,514.62
P30638,2022-10-30,21:49,11803.8
P22911,2022-10-31,02:20,567.21
P12015,2022-10-31,02:20,16516.58
P19354,2022-10-31,02:20,2322.82
P18998,2022-10-31,02:20,1071.7
P25283,2022-10-31,02:55,325725.15
P32717,2022-10-31,06:06,1003.27
P13534,2022-10-31,20:21,34106.42
P13542,2022-10-31,20:21,15982.05
P33080,2022-10-31,20:21,132351.84
P06610,2022-11-01,06:05,2324.31
P32596,2022-11-01,14:23,1409.04
P29142,2022-11-01,14:23,77670.26
P32184,2022-11-01,14:23,42775.07
P13516,2022-11-01,14:23,103659.48
P32208,2022-11-01,14:23,2372.23
P33042,2022-11-01,14:23,12774.27
P19328,2022-11-01,23:16,7428.87
P15532,2022-11-02,04:55,1909.68
P32242,2022-11-02,05:08,1242.16
P36977,2022-11-02,08:24,3250.76
P19311,2022-11-02,08:24,344970.22
P32222,2022-11-02,08:24,1364.33
P20797,2022-11-02,08:24,3511.78
P33039,2022-11-02,08:24,5696.98
P23290,2022-11-02,08:24,39926.22
P20798,2022-11-02,08:24,5014.55
P21005,2022-11-02,09:45,2360.84
P37930,2022-11-02,10:28,3938.16
P08417,2022-11-02,17:02,2703.81
P06528,2022-11-02,18:26,10827.48
P33295,2022-11-03,02:25,763.57
P40040,2022-11-03,02:25,2560.64
P43750,2022-11-03,02:25,3630.74
P32016,2022-11-03,02:25,9133.81
P07423,2022-11-03,03:38,130698.76
P11940,2022-11-03,07:34,3121.12
P13819,2022-11-03,10:59,8425.37
P09444,2022-11-03,12:48,10850.86
P29122,2022-11-03,20:27,3414.29
P29109,2022-11-03,20:27,7832.06
P32199,2022-11-03,20:27,7459.85
P19362,2022-11-03,20:27,2430.9
P21484,2022-11-03,20:27,1663.77
P13526,2022-11-03,20:27,12280.55
P12027,2022-11-04,06:32,3375.68
P06473,2022-11-04,09:38,7786.85
P13517,2022-11-04,14:28,21622.37
P32101,2022-11-04,14:28,57844.54
P32195,2022-11-04,14:28,18106.94
P07176,2022-11-04,15:18,4178.93
P36912,2022-11-04,22:14,38634.86
P43758,2022-11-05,00:26,4072.32
P26952,2022-11-05,03:00,564.59
P36923,2022-11-05,08:30,952.24
P13520,2022-11-05,08:30,128774.13
P09442,2022-11-05,12:43,39427.82
P13412,2022-11-06,02:31,6080.85
P23122,2022-11-06,02:31,720.07
P19319,2022-11-06,02:31,7545.61
P20957,2022-11-06,02:31,598.37
P27014,2022-11-06,02:31,6204.73
P35222,2022-11-06,08:33,290429.97
P27655,2022-11-06,09:36,2640.99
P09223,2022-11-06,12:39,4018.68
P12141,2022-11-06,20:32,23809.04
P18933,2022-11-06,20:32,56708.03
P34036,2022-11-06,20:32,16236.35
P19359,2022-11-06,20:32,8401.39
P35545,2022-11-07,13:05,5174.52
P07439,2022-11-07,14:34,39361.62
P24678,2022-11-07,14:34,6430.55
P23146,2022-11-07,14:34,1707.11
P38335,2022-11-07,14:34,5463.01
P33046,2022-11-07,14:34,58554.2
P24686,2022-11-07,14:34,407.13
P11981,2022-11-07,14:34,2193.09
P32233,2022-11-07,14:34,17862.42
P25945,2022-11-07,19:05,8279.37
P02612,2022-11-08,04:00,1133.48
P31516,2022-11-08,08:35,88702.37
P26971,2022-11-08,08:35,3178.7
P33553,2022-11-08,12:47,1617.27
P29143,2022-11-09,02:36,9325.8
P32239,2022-11-09,02:36,15633.43
P32911,2022-11-09,02:36,3040.62
P13742,2022-11-09,04:36,4906.45
P13769,2022-11-09,05:06,10982.71
P26252,2022-11-09,14:12,5919.78
P22026,2022-11-09,17:38,1196.88
P43757,2022-11-09,20:38,8135.93
P19356,2022-11-09,20:38,358347.22
P06029,2022-11-10,00:31,1250.75
P05614,2022-11-10,02:29,1699.07
P20912,2022-11-10,05:20,38299.89
P23200,2022-11-10,08:17,989.05
P03046,2022-11-10,13:26,2821.07
P22913,2022-11-10,14:39,1687.94
P13530,2022-11-10,14:39,7257.97
P20421,2022-11-10,14:39,886.72
P43747,2022-11-10,14:39,13496.82
P20627,2022-11-10,18:47,880.15
P16431,2022-11-10,22:29,10718.35
P36929,2022-11-11,08:40,1416.14
P19342,2022-11-11,08:40,24470.0
P32175,2022-11-11,08:40,3229.19
P32160,2022-11-11,08:40,18798.01
P17548,2022-11-11,08:40,2075.66
P19351,2022-11-11,08:40,12557.08
P25187,2022-11-11,09:49,1100.65
P07399,2022-11-11,15:48,3341.48
P06534,2022-11-11,16:56,9933.9
P06672,2022-11-11,19:29,9460.97
P24084,2022-11-12,01:17,3041.2
P32257,2022-11-12,02:23,15102.38
P12006,2022-11-12,02:42,284032.26
P10065,2022-11-12,02:42,1447.13
P38288,2022-11-12,02:42,154408.1
P13767,2022-11-12,02:42,11476.51
P32252,2022-11-12,02:42,4588.14
P07829,2022-11-12,04:07,12678.74
P11941,2022-11-12,06:28,1852.9
P04985,2022-11-12,10:45,1556.92
P33075,2022-11-12,12:24,61901.11
P07839,2022-11-12,18:31,15895.77
P31660,2022-11-12,20:43,10155.07
P32245,2022-11-12,20:43,104175.45
P31693,2022-11-12,20:43,5891.94
P12047,2022-11-12,20:43,25233.03
P31939,2022-11-12,22:52,1597.39
P20958,2022-11-13,01:05,594.06
P32213,2022-11-13,14:44,425.19
P43572,2022-11-13,14:44,4229.59
P33949,2022-11-13,14:44,15906.81
P16251,2022-11-13,14:44,1487.38
P16423,2022-11-13,14:44,859.61
P16253,2022-11-13,14:44,1592.63
P31176,2022-11-14,00:44,1823.95
P27955,2022-11-14,02:20,6342.95
P07931,2022-11-14,02:23,6575.18
P18919,2022-11-14,07:05,484.35
P32191,2022-11-14,08:46,28625.44
P18927,2022-11-14,08:46,23719.26
P26955,2022-11-14,08:46,7798.72
P33087,2022-11-14,08:46,2163.7
P09575,2022-11-15,01:33,5752.89
P21841,2022-11-15,02:47,4278.51
P32256,2022-11-15,02:47,72997.9
P40021,2022-11-15,02:47,6082.44
P32348,2022-11-15,02:47,1525.94
P42971,2022-11-15,02:47,2613.45
P32112,2022-11-15,03:07,1526.72
P09190,2022-11-15,06:06,302948.95
P33925,2022-11-15,20:49,11217.61
P08895,2022-11-15,20:49,11711.79
P19327,2022-11-15,20:49,37021.45
P01912,2022-11-15,20:49,161.74
P22088,2022-11-15,22:07,4061.93
P28104,2022-11-15,23:12,7752.79
P20894,2022-11-16,06:43,699.75
P37449,2022-11-16,14:50,1155.15
P18621,2022-11-16,14:50,52621.76
P43762,2022-11-16,14:50,120853.56
P29148,2022-11-16,14:50,65497.03
P24596,2022-11-16,14:50,4411.23
P23780,2022-11-16,19:41,1832.68
P27061,2022-11-16,21:22,9496.8
P28866,2022-11-17,06:29,389.6
P15180,2022-11-17,07:12,2425.72
P01169,2022-11-17,07:57,1632.6
P07178,2022-11-17,07:58,22965.64
P26502,2022-11-17,08:51,33971.28
P32265,2022-11-17,08:51,13294.17
P43672,2022-11-17,08:51,9232.21
P31517,2022-11-17,08:51,10211.88
P13538,2022-11-17,08:51,26408.59
P02467,2022-11-17,11:57,1689.67
P09189,2022-11-17,19:51,76325.08
P09423,2022-11-17,20:33,22940.82
P33055,2022-11-18,02:53,4835.43
P17731,2022-11-18,02:58,1868.78
P35254,2022-11-18,07:35,22049.85
P16396,2022-11-18,12:20,37214.57
P19365,2022-11-18,13:16,16590.29
P32167,2022-11-18,20:54,4975.16
P36914,2022-11-18,20:54,9398.21
P23248,2022-11-18,20:54,8926.17
P12690,2022-11-18,20:54,17330.53
P21824,2022-11-18,20:54,1444.15
P06362,2022-11-19,06:52,1207.04
P15339,2022-11-19,14:55,8377.66
P39541,2022-11-19,14:55,9222.47
P17681,2022-11-19,14:55,3287.2
P12672,2022-11-19,14:55,15610.79
P33308,2022-11-19,14:55,496.19
P26493,2022-11-19,14:55,3405.05
P19314,2022-11-19,14:55,18065.92
P19301,2022-11-19,19:26,31769.29
P22880,2022-11-19,21:41,46540.02
P35215,2022-11-19,23:41,6924.29
P21842,2022-11-20,00:29,19541.55
P09576,2022-11-20,02:08,15964.75
P06623,2022-11-20,07:05,84938.84
P32021,2022-11-20,08:57,24577.63
P17059,2022-11-20,08:57,417262.51
P43573,2022-11-20,08:57,2951.64
P13540,2022-11-20,08:57,5271.57
P02547,2022-11-20,14:02,1500.67
P07438,2022-11-20,16:06,34969.31
P13528,2022-11-20,19:04,9029.72
P01131,2022-11-20,21:06,1828.86
P24487,2022-11-20,21:10,3081.64
P23217,2022-11-21,02:58,547.74
P43622,2022-11-21,02:58,53835.77
P27192,2022-11-21,02:58,741.17
P33085,2022-11-21,02:58,99845.78
P19344,2022-11-21,02:58,2099.28
P29124,2022-11-21,02:58,7999.42
P29115,2022-11-21,20:59,2694.51
P07886,2022-11-21,20:59,6695.48
P13772,2022-11-21,20:59,9445.57
P31796,2022-11-21,20:59,1009.78
P32258,2022-11-21,20:59,24542.2
P39973,2022-11-21,21:42,170501.87
P31794,2022-11-21,23:27,24416.99
P15340,2022-11-22,11:51,5172.4
P09558,2022-11-22,12:20,1975.66
P08917,2022-11-22,14:37,8615.16
P13268,2022-11-22,15:01,488.81
P31383,2022-11-22,15:01,957.87
P36939,2022-11-22,15:01,832.68
P06477,2022-11-22,17:28,5570.06
P07812,2022-11-22,19:33,2989.77
P02067,2022-11-23,05:36,1544.64
P12689,2022-11-23,08:23,96984.12
P43723,2022-11-23,09:02,8720.73
P15805,2022-11-23,09:02,17869.97
P31655,2022-11-23,09:02,2422.28
P32176,2022-11-23,09:02,13120.89
P33045,2022-11-23,09:02,19462.69
P27069,2022-11-23,10:53,1010.71
P09954,2022-11-24,02:52,9300.5
P09417,2022-11-24,03:03,16930.59
P31671,2022-11-24,03:03,180817.05
P09441,2022-11-24,03:03,18656.8
P40096,2022-11-24,18:28,60580.69
P23219,2022-11-24,18:49,19353.54
P24144,2022-11-24,21:05,926.59
P29146,2022-11-24,22:32,11550.25
P23289,2022-11-25,00:58,74571.18
P03487,2022-11-25,08:54,2913.0
P04100,2022-11-25,14:44,1910.25
P06676,2022-11-25,22:28,16366.54
P05613,2022-11-26,03:11,1473.05
P43764,2022-11-26,09:08,101882.29
P29113,2022-11-26,09:08,6477.47
P33288,2022-11-26,09:08,64473.18
P32227,2022-11-26,09:08,2551.23
P09427,2022-11-26,11:43,29099.52
P34712,2022-11-26,13:24,1655.67
P01703,2022-11-27,01:20,1487.53
P34032,2022-11-27,03:09,372988.82
P32246,2022-11-27,03:09,10160.07
P22900,2022-11-27,03:09,116379.43
P27746,2022-11-27,03:09,4534.91
P15884,2022-11-27,03:09,50743.18
P08960,2022-11-27,06:51,6064.07
P33306,2022-11-27,13:26,1758.78
P09410,2022-11-27,13:57,38071.11
P21840,2022-11-27,14:07,4537.47
P43112,2022-11-27,21:10,34268.15
P35889,2022-11-27,23:54,480.65
P14079,2022-11-28,01:37,7779.18
P29912,2022-11-28,09:44,1304.1
P37928,2022-11-28,15:12,62054.84
P12687,2022-11-28,15:12,3257.95
P07828,2022-11-29,04:57,14759.4
P43599,2022-11-29,09:13,93141.55
P06491,2022-11-29,13:07,155741.83
P04765,2022-11-29,15:27,1529.72
P32243,2022-11-29,21:32,27174.37
P13019,2022-11-29,22:52,12354.56
P27082,2022-11-30,03:04,1331.92
P43761,2022-11-30,03:14,61912.91
P10066,2022-11-30,03:14,1276.4
P33955,2022-11-30,03:14,36956.41
P15782,2022-11-30,08:24,819.34
P17768,2022-11-30,15:22,1027.09
P31656,2022-11-30,21:16,80576.8
P13510,2022-11-30,21:16,5201.38
P26296,2022-11-30,21:16,1268.75
P23209,2022-11-30,21:20,649.9
P31701,2022-12-01,15:17,1212.01
P34625,2022-12-01,21:01,2060.01
P26256,2022-12-02,08:52,1457.9
P43169,2022-12-02,09:18,1454.08
P12655,2022-12-02,09:18,13434.09
P40043,2022-12-02,09:18,647.86
P22079,2022-12-02,09:18,4090.21
P27201,2022-12-02,17:11,6708.68
P34035,2022-12-03,03:20,22280.6
P05562,2022-12-03,16:48,2233.15
P32238,2022-12-03,23:48,1397.08
P08442,2022-12-04,12:21,21872.21
P11964,2022-12-05,01:36,1460.31
P17597,2022-12-05,02:44,1007.73
P24920,2022-12-05,03:02,1481.24
P43673,2022-12-05,09:24,11998.09
P12140,2022-12-05,09:24,635799.08
P16265,2022-12-05,21:46,3024.42
P12007,2022-12-06,03:25,3332.42
P20928,2022-12-06,03:25,3850.86
P32716,2022-12-06,03:25,4441.15
P23213,2022-12-06,06:22,6276.7
P04309,2022-12-06,11:48,1771.69
P27879,2022-12-06,18:58,3220.77
P43676,2022-12-06,21:26,14318.86
P36948,2022-12-07,05:53,21124.09
P08957,2022-12-07,11:01,4948.14
P23224,2022-12-07,11:28,1992.98
P08560,2022-12-07,15:28,17706.78
P15254,2022-12-07,18:44,4561.48
P21216,2022-12-07,19:41,983.21
P20854,2022-12-07,23:31,84081.61
P15255,2022-12-08,09:29,15904.35
P07992,2022-12-08,16:38,9119.86
P27213,2022-12-09,03:31,364227.73
P36975,2022-12-09,03:31,3929.02
P11909,2022-12-09,03:31,538.56
P27954,2022-12-09,03:31,51745.22
P06019,2022-12-09,08:14,2403.26
P04111,2022-12-09,18:29,2360.72
P02527,2022-12-09,20:44,1970.07
P43629,2022-12-09,21:32,11141.91
P31673,2022-12-09,21:32,9611.94
P27904,2022-12-09,21:38,2918.53
P06701,2022-12-10,04:32,4037.65
P21485,2022-12-10,15:33,26979.06
P05946,2022-12-10,22:31,2188.55
P22886,2022-12-11,01:58,33487.98
P26504,2022-12-11,07:23,4876.5
P07431,2022-12-11,08:00,8754.51
P04404,2022-12-11,08:30,2074.79
P09447,2022-12-11,20:38,8227.69
P16684,2022-12-11,22:13,1248.41
P21505,2022-12-12,03:36,264867.57
P20893,2022-12-12,03:36,329.67
P06677,2022-12-12,03:36,144840.9
P25988,2022-12-12,06:22,1595.2
P44021,2022-12-12,20:48,3865.67
P07809,2022-12-13,03:20,20533.11
P19087,2022-12-13,06:40,2370.68
P02030,2022-12-13,12:31,2878.29
P43624,2022-12-13,15:39,218559.4
P43168,2022-12-13,17:36,12878.55
P32107,2022-12-13,19:57,1697.65
P37906,2022-12-14,07:38,331.32
P31653,2022-12-14,09:40,761.09
P31389,2022-12-14,09:40,1857.27
P31649,2022-12-14,09:40,3872.08
P13417,2022-12-14,10:17,1122.2
P34764,2022-12-14,16:29,9707.92
P05982,2022-12-14,19:31,2251.92
P10034,2022-12-15,00:17,1666.91
P01134,2022-12-15,01:02,2158.92
P43679,2022-12-15,03:41,127357.84
P31658,2022-12-15,03:41,19564.77
P25282,2022-12-15,05:42,14071.18
P06578,2022-12-15,09:21,10367.43
P20968,2022-12-15,12:08,5520.82
P43623,2022-12-15,21:43,39764.62
P43674,2022-12-15,21:43,323973.57
P09185,2022-12-15,21:43,13244.33
P10721,2022-12-16,05:05,3894.92
P29125,2022-12-16,11:45,15858.27
P43770,2022-12-16,15:44,110181.12
P33983,2022-12-16,16:35,6514.21
P27840,2022-12-16,16:37,1501.03
P04042,2022-12-17,02:42,1433.63
P30619,2022-12-17,06:19,1566.54
P39736,2022-12-17,06:56,4088.35
P21458,2022-12-17,07:31,1466.52
P21834,2022-12-17,08:15,1777.61
P43594,2022-12-17,09:45,16756.09
P04988,2022-12-17,14:36,1407.66
P03985,2022-12-17,21:24,74777.85
P12686,2022-12-18,03:47,16440.41
P12028,2022-12-18,03:47,33191.49
P34123,2022-12-18,06:46,1340.37
P04187,2022-12-18,17:46,2677.03
P10061,2022-12-18,21:48,2865.8
P39095,2022-12-19,11:49,4074.07
P09405,2022-12-19,12:15,17585.61
P08897,2022-12-19,15:50,2605.82
P33041,2022-12-19,22:01,95386.53
P31702,2022-12-20,09:51,518.08
P43722,2022-12-20,09:51,424537.72
P43704,2022-12-20,09:51,7101.15
P24833,2022-12-20,13:43,2128.12
P13265,2022-12-21,03:52,2550.38
P18825,2022-12-21,03:52,6708.28
P31689,2022-12-21,08:09,14043.45
P43921,2022-12-22,11:56,2151.67
P19334,2022-12-22,14:13,1368.95
P31400,2022-12-22,15:55,757.7
P25240,2022-12-22,19:06,2340.84
P24910,2022-12-23,09:56,3168.86
P06123,2022-12-23,22:05,1685.97
P07794,2022-12-23,22:15,7440.21
P01764,2022-12-24,03:58,2099.69
P12684,2022-12-24,03:58,10026.04
P27945,2022-12-24,06:21,1753.41
P26506,2022-12-24,10:31,2185.56
P17649,2022-12-24,17:49,1176.84
P39930,2022-12-24,21:59,120043.82
P21761,2022-12-24,22:19,880.35
P43669,2022-12-25,16:00,5942.43
P24104,2022-12-26,01:48,2607.65
P33303,2022-12-26,04:14,10375.05
P38295,2022-12-26,10:02,2196.83
P08920,2022-12-26,21:01,7246.62
P19901,2022-12-27,02:06,1991.98
P43876,2022-12-27,02:35,2302.51
P36827,2022-12-27,03:11,1489.96
P01395,2022-12-27,03:15,1897.78
P01237,2022-12-27,06:46,1118.49
P22879,2022-12-27,09:53,385.02
P43671,2022-12-27,22:04,14360.69
P16693,2022-12-28,04:24,12232.83
P28116,2022-12-28,04:47,927.29
P31595,2022-12-28,11:34,62899.03
P18095,2022-12-28,12:18,1956.39
P43828,2022-12-28,12:50,1590.84
P07841,2022-12-28,16:06,3596.29
P07848,2022-12-28,19:28,2525.68
P21823,2022-12-29,00:04,3390.55
P14419,2022-12-29,15:46,2850.05
P21591,2022-12-29,22:36,471.52
P43707,2022-12-30,01:31,31044.79
P39713,2022-12-30,04:09,4644.36
P08464,2022-12-30,04:09,22568.96
P06682,2022-12-30,11:23,18226.68
P14365,2022-12-31,05:45,2976.86
P21502,2022-12-31,16:11,258866.7
P08860,2022-12-31,16:11,570021.76
P31382,2022-12-31,16:11,13659.04
P01140,2023-01-01,08:03,1990.24
P39093,2023-01-01,10:13,16296.84
P43557,2023-01-01,15:48,1370.38
P28881,2023-01-02,04:14,8065.28
P24481,2023-01-02,06:10,610885.15
P20897,2023-01-03,01:07,1296.96
P02032,2023-01-03,04:25,2668.66
P07949,2023-01-03,08:28,15320.98
P32108,2023-01-04,08:01,1650.5
P11900,2023-01-04,11:26,1906.1
P13613,2023-01-04,19:08,31876.0
P28706,2023-01-04,19:58,10679.63
P02031,2023-01-05,04:19,56916.32
P43577,2023-01-05,22:21,30914.91
P06764,2023-01-06,07:46,508.01
P18929,2023-01-06,07:48,12995.49
P28889,2023-01-07,18:00,10287.43
P09041,2023-01-08,01:35,1851.89
P05323,2023-01-08,06:49,1536.65
P22701,2023-01-08,11:56,858.01
P18822,2023-01-08,13:01,1345.77
P02365,2023-01-08,14:01,1686.1
P35782,2023-01-08,19:10,4847.02
P17729,2023-01-09,04:11,861.28
P43625,2023-01-09,05:30,84396.82
P26846,2023-01-09,06:26,6913.04
P26021,2023-01-09,20:03,2889.78
P24047,2023-01-10,00:34,1346.83
P24341,2023-01-10,03:33,1394.2
P37726,2023-01-10,11:35,2330.87
P38262,2023-01-11,06:45,446.4
P20917,2023-01-11,12:37,41219.96
P21636,2023-01-11,17:22,5754.28
P43600,2023-01-11,22:32,176608.25
P14789,2023-01-12,06:52,1903.33
P04861,2023-01-12,21:00,2061.16
P10787,2023-01-13,10:34,4513.7
P19445,2023-01-13,17:37,1904.96
P43773,2023-01-14,04:36,15829.95
P28478,2023-01-14,08:28,1682.0
P28113,2023-01-14,22:57,2416.48
P34851,2023-01-15,01:14,945480.84
P27867,2023-01-15,07:15,330.34
P43113,2023-01-15,09:42,1447.25
P06425,2023-01-16,10:40,2461.71
P18843,2023-01-16,12:15,6806.95
P19349,2023-01-16,13:49,53437.55
P08942,2023-01-17,02:47,41014.78
P22077,2023-01-17,09:08,5086.77
P31599,2023-01-17,12:38,2175.87
P13536,2023-01-18,01:48,9749.91
P01986,2023-01-18,07:31,2514.58
P27074,2023-01-18,07:34,4517.45
P34874,2023-01-18,08:02,3131.35
P33313,2023-01-18,17:23,8263.77
P31402,2023-01-19,07:10,1099.75
P39002,2023-01-19,10:45,1787.63
P25350,2023-01-19,18:08,131617.7
P08940,2023-01-20,05:04,1725.72
P06030,2023-01-20,10:00,3277.01
P16424,2023-01-20,12:50,846.69
P21648,2023-01-21,11:03,1487.53
P35880,2023-01-21,11:39,5009.49
P24382,2023-01-22,08:18,2510.07
P24606,2023-01-22,12:41,7397.66
P06017,2023-01-22,21:35,4247.39
P21819,2023-01-22,22:05,2458.66
P03057,2023-01-22,22:52,1976.54
P43576,2023-01-23,14:31,159061.73
P03490,2023-01-24,01:37,4399.24
P36377,2023-01-24,04:43,1119.32
P18807,2023-01-24,22:13,2244.96
P26023,2023-01-25,04:01,3180.13
P21831,2023-01-25,09:06,542.86
P20342,2023-01-25,21:48,1055.66
P04535,2023-01-25,22:16,2309.38
P14075,2023-01-26,02:03,1208.31
P08525,2023-01-26,11:07,13927.57
P19423,2023-01-27,05:33,256.75
P04293,2023-01-28,01:38,2120.57
P04184,2023-01-28,02:34,12587.59
P42176,2023-01-28,03:49,100561.67
P38983,2023-01-29,05:03,2406.76
P42172,2023-01-29,05:03,17144.52
P14337,2023-01-29,05:03,877.1
P13521,2023-01-29,06:18,15260.42
P38165,2023-01-29,16:03,1477.0
P27194,2023-01-29,16:07,1453.84
P19340,2023-01-29,18:42,13255.65
P07632,2023-01-29,21:04,1266.94
P23641,2023-01-29,21:16,13334.83
P22894,2023-01-30,07:18,21384.76
P24609,2023-01-31,02:30,1442.0
P32162,2023-01-31,20:48,5739.7
P20545,2023-02-01,02:03,1678.05
P32240,2023-02-01,03:32,5646.69
P39542,2023-02-01,19:18,37230.27
P43787,2023-02-02,10:06,3205.76
P24973,2023-02-03,11:12,2727.63
P29141,2023-02-04,00:39,5354.74
P17942,2023-02-04,05:33,2287.07
P14443,2023-02-04,21:25,3854.99
P24164,2023-02-05,08:31,2482.72
P17761,2023-02-05,17:16,4878.1
P40857,2023-02-06,03:55,2228.55
P38976,2023-02-06,14:40,154436.46
P29117,2023-02-06,22:17,4658.56
P01066,2023-02-06,23:11,2233.48
P15944,2023-02-07,03:02,9314.83
P31510,2023-02-07,14:11,23632.25
P33309,2023-02-07,15:01,4635.98
P32217,2023-02-07,15:25,38154.91
P30636,2023-02-07,17:51,544.74
P28586,2023-02-08,00:31,5771.16
P32111,2023-02-08,03:16,1969.1
P42908,2023-02-08,05:34,1680.82
P28100,2023-02-08,13:53,857.85
P12675,2023-02-08,16:07,27371.21
P06454,2023-02-09,06:09,1669.77
P41218,2023-02-10,04:06,3495.95
P22922,2023-02-10,07:49,7978.58
P23460,2023-02-10,19:00,1936.27
P14914,2023-02-10,22:53,5790.12
P05163,2023-02-11,10:46,19221.58
P35878,2023-02-11,11:21,2508.77
P34932,2023-02-12,04:23,819.92
P35417,2023-02-12,05:06,2105.05
P31792,2023-02-12,07:45,1563.78
P19309,2023-02-12,11:15,50520.19
P32004,2023-02-12,11:51,1477.26
P23952,2023-02-12,23:07,1865.07
P13967,2023-02-13,12:01,1434.16
P29663,2023-02-13,13:05,967.2
P17953,2023-02-13,15:39,7188.13
P26020,2023-02-13,17:29,1149.41
P30710,2023-02-13,23:19,2363.52
P43845,2023-02-14,02:55,2472.61
P12139,2023-02-14,08:33,4813.06
P21886,2023-02-14,12:34,1831.62
P26012,2023-02-14,14:51,424.62
P36374,2023-02-14,17:33,6527.83
P15242,2023-02-15,08:25,3510.57
P42174,2023-02-15,11:47,39449.0
P02878,2023-02-16,00:10,1616.31
P31670,2023-02-16,02:31,9109.22
P20699,2023-02-16,08:50,690.37
P34934,2023-02-16,17:03,19872.73
P01767,2023-02-17,06:55,1911.03
P43171,2023-02-17,10:16,1751.71
P12556,2023-02-17,22:58,2208.2
P24473,2023-02-18,01:38,910.76
P12041,2023-02-18,06:13,89354.3
P22908,2023-02-18,09:36,4651.66
P28492,2023-02-18,11:39,3475.12
P21750,2023-02-18,12:29,2788.46
P27806,2023-02-18,12:41,1310.75
P32544,2023-02-18,14:06,1924.68
P43076,2023-02-19,00:33,7438.97
P14078,2023-02-19,03:18,2045.58
P22926,2023-02-19,09:02,27290.91
P32241,2023-02-19,10:47,2184.31
P30718,2023-02-19,10:52,8896.51
P14420,2023-02-19,11:45,4157.28
P40856,2023-02-19,16:20,20499.52
P10823,2023-02-19,22:26,1436.79
P20329,2023-02-20,10:55,1315.56
P37155,2023-02-20,13:27,2155.99
P05007,2023-02-21,03:49,960.04
P04147,2023-02-21,05:59,1785.7
P25021,2023-02-22,06:23,1283.66
P02412,2023-02-22,08:45,1489.2
P14376,2023-02-22,09:21,7674.73
P34710,2023-02-23,07:01,738.68
P04754,2023-02-23,12:43,1895.72
P10077,2023-02-23,14:35,1594.79
P16692,2023-02-23,21:29,2363.18
P38954,2023-02-24,02:25,14648.23
P24830,2023-02-24,03:42,3453.38
P16264,2023-02-24,21:43,66146.83
P02318,2023-02-25,00:23,2084.15
P30570,2023-02-25,05:14,855.5
P40855,2023-02-25,05:52,6716.05
P04868,2023-02-25,06:45,4271.32
P32137,2023-02-25,20:14,10835.54
P30712,2023-02-25,21:17,982.11
P13947,2023-02-26,06:26,1410.16
P05435,2023-02-26,12:04,3426.5
P28579,2023-02-26,17:44,385.72
P24429,2023-02-27,01:41,12384.34
P30674,2023-02-27,04:17,41517.04
P24070,2023-02-27,05:20,1046.8
P43628,2023-02-28,00:21,4569.69
P14866,2023-02-28,06:29,940.08
P34935,2023-02-28,15:07,7955.49
P22474,2023-02-28,16:34,2194.63
P08551,2023-02-28,19:45,8458.07
P03884,2023-03-01,02:13,2056.5
P14525,2023-03-01,08:04,2322.84
P22476,2023-03-01,15:26,2973.39
P24709,2023-03-01,18:40,14337.2
P40057,2023-03-01,20:15,484.28
P28848,2023-03-02,10:44,1554.3
P43038,2023-03-02,21:55,1522.26
P05834,2023-03-03,09:19,1517.47
P14363,2023-03-03,11:52,2150.38
P10064,2023-03-03,14:29,1376.23
P35883,2023-03-03,17:54,31091.69
P20791,2023-03-03,22:52,18848.71
P34613,2023-03-04,09:15,3582.44
P19361,2023-03-04,17:00,4464.86
P18351,2023-03-05,06:16,1035.39
P31081,2023-03-05,20:08,903.51
P32200,2023-03-05,22:32,1857.06
P26335,2023-03-06,02:05,813.89
P42974,2023-03-06,03:16,1516.94
P02227,2023-03-06,08:14,1437.14
P02364,2023-03-06,16:13,2852.02
P27632,2023-03-06,16:16,3134.45
P38279,2023-03-06,16:22,1663.58
P01161,2023-03-07,08:13,1764.52
P29112,2023-03-07,13:03,8710.32
P30573,2023-03-08,21:21,293.4
P32009,2023-03-09,04:53,4186.78
P21697,2023-03-09,08:45,10495.52
P27182,2023-03-09,15:25,12732.55
P03791,2023-03-09,17:38,1366.03
P43657,2023-03-10,00:36,591.35
P19322,2023-03-10,04:33,26413.36
P16895,2023-03-10,14:43,97319.21
P13709,2023-03-10,18:46,39525.16
P33056,2023-03-11,00:19,18756.53
P14417,2023-03-11,05:21,6150.36
P28062,2023-03-11,22:31,5584.99
P24171,2023-03-11,23:31,1346.52
P33305,2023-03-12,07:58,842.55
P04701,2023-03-12,08:54,178.4
P03314,2023-03-12,18:24,3077.37
P14848,2023-03-12,19:34,3338.94
P36240,2023-03-13,00:20,3382.44
P19338,2023-03-13,14:21,16916.73
P08497,2023-03-13,18:21,232393.21
P35882,2023-03-14,05:07,7122.06
P19468,2023-03-14,05:13,451.13
P26953,2023-03-14,07:40,2439.19
P29137,2023-03-14,10:15,44467.66
P38287,2023-03-15,07:00,56338.97
P19494,2023-03-15,18:01,3244.3
P23220,2023-03-15,21:29,6927.22
P33298,2023-03-16,03:28,10672.39
P29440,2023-03-17,12:28,1778.09
P04416,2023-03-17,14:00,2289.75
P35886,2023-03-17,14:44,4072.11
P28696,2023-03-17,19:02,371.97
P21556,2023-03-18,06:19,5171.47
P39966,2023-03-18,12:23,1342.48
P39578,2023-03-18,17:56,687.53
P11775,2023-03-18,19:54,5293.24
P30673,2023-03-18,20:04,3721.52
P32683,2023-03-19,18:11,2132.33
P30667,2023-03-19,22:42,5435.23
P16278,2023-03-19,23:16,6681.33
P24419,2023-03-20,01:41,586.2
P21551,2023-03-20,01:54,18390.52
P27891,2023-03-20,04:04,32154.06
P14870,2023-03-20,09:45,621.77
P15024,2023-03-20,10:16,3089.57
P13858,2023-03-20,11:39,7425.7
P34417,2023-03-20,16:47,1558.65
P20841,2023-03-20,20:12,23042.56
P05551,2023-03-20,23:11,1588.9
P34931,2023-03-20,23:58,2296.79
P24080,2023-03-21,01:14,105427.44
P16166,2023-03-21,17:11,1330.36
P27209,2023-03-21,21:00,1458.19
P31797,2023-03-22,08:15,278.1
P14740,2023-03-22,17:03,7978.93
P03076,2023-03-22,22:32,2164.83
P12144,2023-03-23,02:36,1813588.52
P19321,2023-03-23,05:20,1345.56
P06292,2023-03-23,06:47,2703.64
P32003,2023-03-23,11:46,3419.16
P26819,2023-03-23,13:58,10495.43
P29127,2023-03-23,17:44,7524.32
P26017,2023-03-24,00:36,820.05
P39967,2023-03-24,08:32,24361.65
P34947,2023-03-24,14:11,7971.82
P21808,2023-03-24,18:04,7249.66
P08016,2023-03-24,18:05,1113.83
P05134,2023-03-24,21:44,2418.94
P11902,2023-03-25,18:54,3858.2
P20039,2023-03-25,19:02,5451.09
P06200,2023-03-25,21:18,3406.1
P41864,2023-03-26,05:16,1458.51
P26293,2023-03-26,09:49,6402.28
P07177,2023-03-26,13:00,12886.6
P20298,2023-03-26,13:18,1496.08
P27284,2023-03-26,13:31,3417.63
P21694,2023-03-27,01:47,784.14
P11769,2023-03-27,11:24,3530.54
P01805,2023-03-27,22:17,4149.17
P03798,2023-03-28,03:27,1607.77
P28698,2023-03-28,05:36,1763.22
P29131,2023-03-28,06:47,7567.86
P15489,2023-03-28,09:17,330.62
P15044,2023-03-28,12:09,3283.56
P35897,2023-03-29,17:02,1487.77
P16557,2023-03-29,17:28,1562.77
P12654,2023-03-30,01:35,73133.26
P19515,2023-03-30,08:51,1816.56
P26011,2023-03-30,17:18,533.38
P28584,2023-03-30,18:41,991.68
P08496,2023-03-30,21:36,3036.49
P08142,2023-03-31,00:59,1000.56
P27255,2023-03-31,07:08,15679.1
P01846,2023-03-31,11:18,1346.65
P17678,2023-03-31,14:14,17092.08
P33310,2023-03-31,15:40,882.65
P07468,2023-03-31,21:42,683.26
P04221,2023-04-01,01:54,1892.18
P26019,2023-04-01,06:42,17805.49
P41865,2023-04-01,12:55,3753.3
P16241,2023-04-01,13:40,2356.35
P31779,2023-04-01,15:08,38783.12
P06437,2023-04-02,04:23,4966.57
P31511,2023-04-02,14:08,51263.29
P41777,2023-04-02,18:11,2784.46
P23779,2023-04-02,21:57,2111.85
P31616,2023-04-03,02:13,1415.07
P32585,2023-04-03,07:51,1313.29
P36238,2023-04-03,07:56,6020.12
P28549,2023-04-03,13:08,2186.2
P08140,2023-04-03,18:19,1515.01
P27256,2023-04-03,18:59,60924.6
P16311,2023-04-04,01:17,1538.68
P27930,2023-04-04,03:37,2652.05
P15810,2023-04-04,03:58,7190.38
P11401,2023-04-04,11:18,2406.01
P02062,2023-04-04,19:20,2057.7
P30707,2023-04-04,20:31,1431.01
P35913,2023-04-05,03:06,1330.15
P32214,2023-04-05,03:43,1092.75
P20925,2023-04-05,12:45,652.2
P13512,2023-04-05,17:14,27555.47
P03917,2023-04-05,20:07,2122.65
P14336,2023-04-06,04:38,1246.81
P19325,2023-04-06,05:06,9347.05
P43760,2023-04-06,10:44,29100.34
P28594,2023-04-07,19:40,3609.22
P20296,2023-04-08,01:58,6536.05
P14074,2023-04-08,17:44,646.65
P26773,2023-04-08,20:56,1395.65
P05040,2023-04-09,04:49,1587.47
P04865,2023-04-10,02:10,1755.76
P22912,2023-04-10,07:34,19328.46
P28544,2023-04-10,18:47,2183.24
P03986,2023-04-11,03:04,2790.12
P14903,2023-04-13,06:30,1404.09
P31790,2023-04-13,07:56,1101.5
P13513,2023-04-13,19:54,6788.21
P27636,2023-04-14,02:03,8370.17
P05402,2023-04-14,03:49,1696.16
P13008,2023-04-14,06:18,3380.59
P32181,2023-04-14,10:47,11982.23
P19353,2023-04-14,15:23,4659.02
P39959,2023-04-15,08:10,2252.28
P19355,2023-04-15,10:23,12089.0
P20422,2023-04-15,19:23,1571.15
P17753,2023-04-15,19:56,2237.27
P17945,2023-04-16,00:36,970.49
P21455,2023-04-16,13:30,1517.1
P29645,2023-04-16,19:24,460.27
P33286,2023-04-16,20:09,1270.06
P39547,2023-04-17,02:17,14363.17
P27661,2023-04-17,08:30,15225.8
P02155,2023-04-17,16:39,1949.66
P23201,2023-04-17,17:16,930.0
P17944,2023-04-17,20:49,3351.91
P08337,2023-04-18,15:08,25420.65
P43175,2023-04-19,03:08,1204.46
P22918,2023-04-19,09:47,8402.7
P09925,2023-04-19,11:52,1974.82
P06287,2023-04-19,19:25,1369.19
P19341,2023-04-19,20:08,4713.56
P23625,2023-04-20,04:02,4184.15
P35026,2023-04-20,04:59,4568.52
P15187,2023-04-20,16:21,2582.45
P32209,2023-04-20,18:54,7884.26
P14919,2023-04-20,21:14,1262.45
P03881,2023-04-21,00:13,1286.14
P21977,2023-04-21,00:42,1414.63
P34873,2023-04-21,06:54,2974.27
P23212,2023-04-21,14:42,55181.01
P17498,2023-04-21,14:44,1215.37
P41852,2023-04-21,19:32,19678.02
P17168,2023-04-21,23:53,80566.83
P34850,2023-04-22,05:43,648.14
P26030,2023-04-22,07:57,988.0
P34709,2023-04-22,12:02,1329.44
P30461,2023-04-22,17:56,1170.04
P35667,2023-04-23,04:27,53828.35
P32354,2023-04-23,05:08,41028.97
P01452,2023-04-23,05:25,1553.62
P04306,2023-04-23,06:10,1705.39
P41747,2023-04-23,07:35,3595.02
P25472,2023-04-23,08:14,795.39
P12012,2023-04-23,17:04,961.35
P13953,2023-04-24,00:52,18272.1
P29843,2023-04-24,01:24,8660.38
P04521,2023-04-24,14:28,3262.91
P29749,2023-04-24,18:24,4766.58
P27657,2023-04-24,22:12,9748.68
P14377,2023-04-24,22:13,1834.83
P31789,2023-04-24,23:09,100979.1
P22895,2023-04-25,09:53,28980.85
P35885,2023-04-25,10:33,1001.4
P21828,2023-04-25,11:47,3557.17
P21822,2023-04-25,12:02,1451.36
P17932,2023-04-25,22:18,1492.4
P41854,2023-04-26,00:00,10365.99
P32210,2023-04-26,04:25,1532.69
P17060,2023-04-26,06:49,135127.85
P05042,2023-04-26,14:03,2552.61
P05800,2023-04-26,14:36,1310.02
P13787,2023-04-27,06:56,2516.2
P22910,2023-04-27,14:33,5755.85
P31398,2023-04-27,18:17,1681.24
P28585,2023-04-27,19:16,866.06
P06235,2023-04-28,05:28,1396.21
P01317,2023-04-28,12:38,1171.46
P01078,2023-04-28,19:35,2711.21
P18657,2023-04-29,02:47,786.07
P41944,2023-04-29,02:54,2583.75
P34926,2023-04-29,05:30,720796.12
P14292,2023-04-29,20:22,1722.89
P03485,2023-04-29,21:18,3199.7
P31243,2023-04-30,02:57,2358.28
P05970,2023-04-30,16:26,2734.39
P21814,2023-04-30,16:53,30544.79
P21983,2023-04-30,22:00,6419.85
P05139,2023-04-30,23:33,1657.3
P37143,2023-05-01,09:36,1546.17
P14895,2023-05-01,09:59,1533.69
P20712,2023-05-01,21:00,751.26
P30696,2023-05-01,21:28,4952.61
P33299,2023-05-02,05:21,3473.34
P10039,2023-05-02,07:58,17235.74
P03349,2023-05-02,11:46,4301.55
P36950,2023-05-02,12:54,5830.1
P33466,2023-05-02,15:31,954.45
P04869,2023-05-02,16:10,2923.31
P28570,2023-05-03,03:24,1858.95
P10815,2023-05-03,09:57,6297.76
P28506,2023-05-03,19:54,1463.86
P05447,2023-05-04,12:31,1060.77
P23007,2023-05-04,22:06,485.54
P32190,2023-05-05,01:20,20439.89
P34944,2023-05-05,01:40,2551.82
P42422,2023-05-05,07:56,4286.91
P20711,2023-05-05,07:56,667.61
P19352,2023-05-05,17:29,103595.73
P27635,2023-05-05,20:00,1382.61
P17238,2023-05-05,21:31,15407.0
P41943,2023-05-06,01:58,12244.32
P12300,2023-05-06,14:33,624.17
P19364,2023-05-06,18:20,5206.17
P21584,2023-05-06,19:59,275516.16
P20323,2023-05-07,01:08,3842.9
P14858,2023-05-07,05:16,5213.52
P18659,2023-05-07,07:35,340.43
P23621,2023-05-07,14:00,927.23
P20713,2023-05-07,14:00,390.25
P15482,2023-05-07,14:00,3146.91
P13919,2023-05-07,22:29,2000.06
P06802,2023-05-07,22:46,341.58
P14681,2023-05-08,02:07,862.25
P23639,2023-05-08,08:02,1137.69
P28581,2023-05-08,08:02,12739.35
P16541,2023-05-08,14:02,2082.33
P41745,2023-05-08,16:02,2003.94
P34539,2023-05-08,21:20,1934.49
P07084,2023-05-09,00:28,1062.13
P28531,2023-05-09,02:03,2231.19
P17812,2023-05-09,02:18,478.23
P30769,2023-05-09,11:04,6685.07
P18993,2023-05-09,11:37,18798.65
P03371,2023-05-09,18:26,3165.9
P41856,2023-05-09,19:57,2557.24
P22998,2023-05-09,20:04,3704.1
P33048,2023-05-10,09:12,3838.28
P05458,2023-05-10,11:29,1876.37
P16237,2023-05-10,14:06,658.39
P02670,2023-05-10,17:55,3734.8
P28523,2023-05-11,08:07,4300.69
P28693,2023-05-11,08:07,14397.43
P15524,2023-05-11,13:29,10111.8
P15469,2023-05-12,02:09,12022.06
P39767,2023-05-12,03:29,5545.47
P21465,2023-05-12,05:12,19441.71
P17552,2023-05-12,15:36,2674.29
P03008,2023-05-12,15:51,1359.56
P15517,2023-05-12,20:10,1631.3
P20723,2023-05-12,20:10,2536.97
P28697,2023-05-12,20:10,7756.31
P13743,2023-05-13,01:19,3094.32
P41945,2023-05-13,02:36,5353.96
P02912,2023-05-13,03:03,2859.02
P28590,2023-05-13,14:11,1164.73
P32020,2023-05-13,22:13,47884.71
P28527,2023-05-14,02:03,665.34
P27217,2023-05-14,03:53,502.2
P18986,2023-05-14,04:47,15429.58
P28513,2023-05-14,08:13,1574.47
P22999,2023-05-14,08:13,570.39
P12340,2023-05-14,20:50,532.49
P28694,2023-05-15,02:14,23641.92
P21583,2023-05-15,02:54,4033.18
P39599,2023-05-15,07:48,332.9
P13007,2023-05-15,12:45,31678.17
P24968,2023-05-15,20:15,18514.2
P28577,2023-05-15,20:15,6482.78
P27634,2023-05-15,20:15,1700.23
P28536,2023-05-15,20:15,1783.89
P26961,2023-05-15,20:26,868.18
P30407,2023-05-16,02:43,2727.1
P26963,2023-05-16,08:04,8305.78
P28591,2023-05-16,14:17,2379.28
P23620,2023-05-16,14:17,436.9
P16238,2023-05-16,14:17,918.92
P19183,2023-05-16,14:17,2731.53
P23619,2023-05-16,14:17,958.96
P28598,2023-05-17,08:18,64003.29
P21623,2023-05-17,08:18,4012.22
P19191,2023-05-17,08:18,2648.47
P15464,2023-05-17,08:18,30587.59
P05504,2023-05-17,10:47,1289.48
P23638,2023-05-18,02:19,1754.87
P16246,2023-05-18,20:21,1554.61
P25983,2023-05-18,20:41,2267.17
P26006,2023-05-18,21:08,1666.43
P05476,2023-05-19,04:57,1629.39
P11948,2023-05-19,06:37,1376.39
P34842,2023-05-19,10:50,1891423.98
P31231,2023-05-19,14:22,14448.74
P28573,2023-05-19,14:22,7259.05
P20714,2023-05-19,14:22,1901.89
P21637,2023-05-19,14:22,8316.18
P28517,2023-05-19,14:22,219.51
P06182,2023-05-19,15:32,1524.22
P18455,2023-05-20,08:23,2148.77
P28518,2023-05-20,08:23,1990.41
P15518,2023-05-20,08:23,14084.72
P20808,2023-05-20,08:23,2870.81
P21586,2023-05-20,08:23,11205.95
P31697,2023-05-20,11:06,2282.36
P33294,2023-05-20,16:09,9394.82
P06124,2023-05-20,16:09,2074.48
P24339,2023-05-20,22:27,1238.36
P35894,2023-05-21,02:25,5738.68
P24963,2023-05-21,10:34,1659.13
P21472,2023-05-21,19:39,4910.16
P30770,2023-05-21,20:26,1641.44
P30032,2023-05-21,20:26,2739.1
P28599,2023-05-21,20:26,4904.15
P28699,2023-05-21,20:26,25540.69
P33084,2023-05-21,21:08,30310.96
P27820,2023-05-22,14:28,1706.95
P19178,2023-05-22,14:28,572.56
P28568,2023-05-22,14:28,899.51
P28540,2023-05-22,14:28,5682.27
P24967,2023-05-22,14:58,34696.45
P32180,2023-05-22,15:47,2492.86
P05047,2023-05-23,06:32,297.38
P34580,2023-05-23,07:31,3165.32
P21768,2023-05-23,08:29,17748.58
P28587,2023-05-23,08:29,2141.61
P35891,2023-05-23,08:29,3838.93
P28509,2023-05-23,12:00,483.68
P21462,2023-05-24,06:30,729.42
P20536,2023-05-24,20:32,897.13
P30025,2023-05-24,20:32,30915.37
P28580,2023-05-24,20:32,16523.55
P20716,2023-05-24,20:32,792.18
P34751,2023-05-25,00:30,10467.97
P02545,2023-05-25,03:07,1586.61
P05106,2023-05-25,03:14,2305.02
P27633,2023-05-25,07:34,4521.3
P39583,2023-05-25,13:02,1287.42
P15501,2023-05-25,14:33,5197.18
P15526,2023-05-25,14:33,2824.3
P20702,2023-05-25,14:33,2354.47
P23623,2023-05-25,14:33,6817.77
P05560,2023-05-25,17:11,1839.2
P20302,2023-05-25,17:51,2780.55
P20717,2023-05-26,08:34,6995.85
P06302,2023-05-26,11:34,1793.42
P21040,2023-05-26,20:19,21959.07
P39561,2023-05-27,00:24,110043.21
P23628,2023-05-27,02:36,1135.82
P19106,2023-05-27,03:25,1901.02
P02316,2023-05-27,08:27,636.71
P23933,2023-05-27,15:21,2510.79
P27819,2023-05-27,20:37,827.83
P20300,2023-05-27,20:37,2327.28
P20706,2023-05-27,20:37,995.23
P21639,2023-05-27,20:37,639.07
P21612,2023-05-28,09:45,3371.5
P26802,2023-05-28,10:04,1138.97
P28588,2023-05-28,14:38,2493.4
P31233,2023-05-28,14:38,7330.89
P18944,2023-05-28,14:38,405.56
P28533,2023-05-28,14:38,5399.9
P01978,2023-05-28,15:52,1814.43
P34847,2023-05-28,16:53,464.62
P22919,2023-05-28,23:25,12138.93
P28503,2023-05-29,08:40,37150.72
P15515,2023-05-29,08:40,5053.81
P28547,2023-05-29,08:40,6548.6
P13946,2023-05-29,09:49,1115.59
P15943,2023-05-30,02:41,1312.6
P15839,2023-05-30,02:41,2750.54
P30720,2023-05-30,02:41,636.84
P31228,2023-05-30,02:41,5638.19
P21942,2023-05-30,02:41,1053.42
P20715,2023-05-30,02:41,3613.58
P27637,2023-05-30,02:41,4285.73
P29845,2023-05-30,02:41,1375.6
P34022,2023-05-30,04:26,35004.0
P23002,2023-05-30,07:09,2268.95
P31781,2023-05-30,09:07,9899.31
P20657,2023-05-30,15:48,7092.12
P30030,2023-05-30,20:42,1428.59
P18456,2023-05-30,20:42,10118.65
P39590,2023-05-30,20:42,7620.9
P26250,2023-05-30,23:38,712.55
P17749,2023-05-31,07:36,13956.26
P23003,2023-05-31,08:27,1733.63
P24975,2023-05-31,10:05,1753.58
P26820,2023-05-31,13:36,1035.97
P10833,2023-05-31,14:44,1821.98
P39577,2023-05-31,14:44,834.46
P21970,2023-05-31,14:44,4824.72
P15468,2023-05-31,14:44,819.84
P27821,2023-05-31,14:44,4697.68
P30637,2023-05-31,14:44,4762.36
P28019,2023-05-31,21:06,12356.78
P09943,2023-06-01,08:34,1298.21
P23631,2023-06-01,08:45,8350.72
P19184,2023-06-01,08:45,793.0
P21767,2023-06-01,08:45,487.24
P20709,2023-06-01,08:45,741.3
P29850,2023-06-01,08:45,894.28
P21967,2023-06-01,08:45,3874.71
P20572,2023-06-01,08:45,8610.29
P21763,2023-06-01,08:45,10848.38
P14362,2023-06-01,08:45,950.05
P10059,2023-06-01,19:31,1194.93
P21817,2023-06-01,22:11,2006.54
P14076,2023-06-02,02:46,434.97
P10818,2023-06-02,02:46,15095.25
P21728,2023-06-02,02:46,1302.24
P19180,2023-06-02,02:46,1200.15
P19181,2023-06-02,02:46,1472.21
P21971,2023-06-02,20:48,1175.45
P15514,2023-06-02,20:48,9393.0
P30677,2023-06-02,20:48,3046.53
P30645,2023-06-02,20:48,1085.43
P16250,2023-06-02,22:28,2275.82
P20966,2023-06-03,07:14,19671.88
P39642,2023-06-03,14:49,1839.23
P30670,2023-06-03,14:49,2076.47
P23626,2023-06-03,14:49,9473.38
P15837,2023-06-03,14:49,2185.0
P28521,2023-06-03,14:49,2048.54
P15513,2023-06-03,14:49,5473.64
P13551,2023-06-03,23:14,785.46
P11624,2023-06-04,14:06,1298.22
P34575,2023-06-04,20:32,1847.69
P21587,2023-06-05,00:22,2140.59
P18934,2023-06-05,02:27,12474.03
P29846,2023-06-05,02:52,5415.69
P14778,2023-06-05,02:52,2728.74
P28496,2023-06-05,02:52,7458.94
P20284,2023-06-05,02:52,2370.64
P05925,2023-06-05,05:15,2336.12
P17675,2023-06-05,15:08,2719.57
P06331,2023-06-05,17:04,4445.04
P31247,2023-06-05,20:53,1691.78
P39579,2023-06-05,20:53,1060.27
P19167,2023-06-05,20:53,12857.38
P28497,2023-06-05,20:53,1594.56
P18691,2023-06-05,20:53,2319.06
P23042,2023-06-05,20:53,19901.72
P05168,2023-06-06,10:31,2363.22
P04311,2023-06-06,14:39,1980.72
P21626,2023-06-06,14:55,4404.6
P21940,2023-06-06,14:55,5151.86
P28499,2023-06-06,14:55,1997.81
P28595,2023-06-06,14:55,1275.19
P18662,2023-06-06,14:55,2973.8
P18415,2023-06-06,14:55,2160.14
P15490,2023-06-06,14:55,653.87
P29854,2023-06-06,14:55,2554.82
P14680,2023-06-06,14:55,2833.32
P20321,2023-06-06,14:55,580.09
P21142,2023-06-06,14:55,7876.84
P31395,2023-06-06,17:52,15678.59
P39545,2023-06-07,07:55,106261.52
P30714,2023-06-07,08:56,599.77
P28555,2023-06-07,08:56,2011.4
P35888,2023-06-07,08:56,2738.5
P10822,2023-06-07,08:56,1266.05
P32185,2023-06-07,11:43,14247.53
P20179,2023-06-07,16:35,523.41
P28593,2023-06-08,02:57,1741.21
P15840,2023-06-08,02:57,3876.42
P24082,2023-06-08,02:57,2843.34
P18945,2023-06-08,02:57,13263.35
P15465,2023-06-08,02:57,43266.37
P13951,2023-06-08,02:57,573.62
P02099,2023-06-08,03:58,2239.92
P31514,2023-06-08,04:51,8290.26
P13881,2023-06-08,11:43,2448.34
P13550,2023-06-08,12:43,1139.7
P27660,2023-06-08,18:33,802.34
P30683,2023-06-08,20:59,2068.22
P21952,2023-06-08,20:59,14877.08
P21765,2023-06-08,20:59,880.68
P28515,2023-06-08,20:59,1745.12
P30693,2023-06-08,20:59,4922.16
P15530,2023-06-08,20:59,753.78
P28597,2023-06-08,20:59,83540.97
P21950,2023-06-08,20:59,1846.02
P31393,2023-06-09,00:13,732.82
P32166,2023-06-09,14:19,5382.78
P20324,2023-06-09,15:00,2728.55
P19165,2023-06-09,15:00,5772.46
P25946,2023-06-09,15:00,20911.02
P14677,2023-06-09,15:00,538.34
P22086,2023-06-09,15:00,1529.22
P18946,2023-06-09,15:00,9054.4
P39593,2023-06-09,15:00,4332.14
P21313,2023-06-09,15:00,631.91
P21460,2023-06-09,15:00,1973.81
P10058,2023-06-09,23:52,493.86
P21501,2023-06-10,03:32,25355.47
P20281,2023-06-10,07:14,22207.42
P14741,2023-06-10,09:01,1057.59
P28567,2023-06-10,09:01,2087.95
P30027,2023-06-10,09:01,89199.5
P24161,2023-06-10,09:01,1715.42
P22087,2023-06-10,09:01,1455.54
P23635,2023-06-10,09:01,2749.37
P34573,2023-06-10,14:45,4926.44
P04186,2023-06-10,15:01,1176.59
P34843,2023-06-10,16:10,910.73
P31705,2023-06-10,18:31,12072.61
P36234,2023-06-10,20:01,4707.23
P30465,2023-06-10,23:21,1739.5
P29483,2023-06-11,00:09,1826.27
P21986,2023-06-11,03:03,7027.86
P29866,2023-06-11,03:03,5038.3
P20960,2023-06-11,03:03,1445.39
P31080,2023-06-11,03:03,5343.63
P30028,2023-06-11,03:03,455.86
P14779,2023-06-11,03:03,920.87
P30644,2023-06-11,03:03,6292.63
P21827,2023-06-11,04:22,37152.68
P28532,2023-06-11,09:57,1483.35
P02432,2023-06-11,12:37,2730.38
P20345,2023-06-11,15:38,3531.64
P20585,2023-06-11,21:04,1866.1
P28550,2023-06-11,21:04,2357.24
P28546,2023-06-11,21:04,1924.07
P15516,2023-06-11,21:04,609.0
P21985,2023-06-11,21:04,709.35
P06314,2023-06-12,08:12,15755.77
P15664,2023-06-12,10:23,1593.72
P04305,2023-06-12,14:15,1613.0
P36237,2023-06-12,15:05,7872.71
P14675,2023-06-12,15:05,3681.03
P39591,2023-06-12,15:05,5986.31
P24162,2023-06-12,15:05,861.36
P20535,2023-06-12,15:05,6707.85
P28495,2023-06-12,15:05,5085.15
P06189,2023-06-12,23:33,54012.54
P05608,2023-06-12,23:44,4478.52
P26179,2023-06-13,01:35,1018.73
P03704,2023-06-13,05:43,2119.8
P20305,2023-06-13,09:07,8773.42
P20584,2023-06-13,09:07,1165.85
P15945,2023-06-13,09:07,2160.05
P28564,2023-06-13,09:07,956.59
P15481,2023-06-13,09:07,8138.65
P18842,2023-06-13,10:52,137650.85
P44005,2023-06-13,20:29,1048212.62
P35887,2023-06-14,00:08,2291.78
P28543,2023-06-14,00:44,2197.88
P20967,2023-06-14,03:08,187053.66
P28548,2023-06-14,03:08,657.35
P27072,2023-06-14,03:08,1033.5
P29847,2023-06-14,03:08,1281.54
P30690,2023-06-14,03:08,1142.61
P10820,2023-06-14,03:08,1645.7
P42975,2023-06-14,10:10,1912.74
P21833,2023-06-14,18:30,9902.86
P30704,2023-06-14,21:10,658.96
P20338,2023-06-14,21:10,882.88
P21314,2023-06-14,21:10,3030.49
P21737,2023-06-14,21:10,21433.71
P28690,2023-06-14,21:10,60050.41
P21760,2023-06-14,21:10,19181.01
P28050,2023-06-14,23:42,1171.92
P04467,2023-06-15,01:33,2451.76
P32216,2023-06-15,03:43,744.79
P29593,2023-06-15,12:56,1464.76
P30711,2023-06-15,14:03,515.53
P21742,2023-06-15,15:11,935.59
P39575,2023-06-15,15:11,1162.54
P20722,2023-06-15,15:11,2289.61
P22084,2023-06-15,15:11,1853.3
P13518,2023-06-15,17:04,1427.07
P28205,2023-06-15,21:41,1901.09
P39625,2023-06-16,00:09,2006.81
P30577,2023-06-16,09:11,826.22
P19102,2023-06-16,09:12,1347.17
P21550,2023-06-16,09:12,954.97
P39576,2023-06-16,09:12,4731.55
P14917,2023-06-16,09:12,1131.56
P38277,2023-06-16,18:01,1160.79
P28542,2023-06-16,22:17,4304.7
P27066,2023-06-17,03:07,2182.05
P31603,2023-06-17,03:14,3907.89
P20899,2023-06-17,03:14,2605.76
P30713,2023-06-17,03:14,3272.0
P31242,2023-06-17,03:14,1049.73
P15470,2023-06-17,03:14,1604.35
P21947,2023-06-17,03:14,727.16
P33043,2023-06-17,10:46,33180.43
P19024,2023-06-17,15:46,1099.17
P31244,2023-06-17,21:15,1994.5
P28554,2023-06-17,21:15,684.18
P28545,2023-06-17,21:15,1205.81
P21467,2023-06-17,21:15,6671.91
P27823,2023-06-17,21:15,1031.49
P18868,2023-06-17,21:15,62288.46
P20969,2023-06-17,21:15,3595.59
P16240,2023-06-17,23:20,8449.34
P18991,2023-06-18,03:07,19807.19
P30701,2023-06-18,06:14,797.14
P33049,2023-06-18,06:28,19134.38
P18711,2023-06-18,13:42,3279.32
P23274,2023-06-18,15:54,15910.09
P30453,2023-06-18,19:31,1927.79
P19192,2023-06-18,22:07,3783.0
P23091,2023-06-19,05:57,2101.68
P31590,2023-06-19,09:18,711.01
P29849,2023-06-19,09:18,1160.27
P19323,2023-06-19,09:26,19048.08
P05432,2023-06-19,10:19,1715.48
P13532,2023-06-19,11:02,69994.29
P12347,2023-06-19,11:28,18100.99
P12045,2023-06-19,18:05,569.1
P35893,2023-06-19,21:43,3611.54
P17952,2023-06-19,23:21,3573.68
P20347,2023-06-20,03:19,1155.82
P29678,2023-06-20,03:19,10044.74
P20275,2023-06-20,03:19,2553.64
P20577,2023-06-20,03:19,15654.51
P25606,2023-06-20,03:19,1000.04
P27892,2023-06-20,03:19,1044.77
P30699,2023-06-20,03:19,3321.73
P31245,2023-06-20,03:19,2424.01
P28551,2023-06-20,03:19,3252.54
P02728,2023-06-20,15:57,1795.66
P39544,2023-06-20,16:54,57856.74
P20285,2023-06-20,21:20,3488.75
P22083,2023-06-20,21:20,1400.83
P31227,2023-06-20,21:20,2809.44
P20571,2023-06-20,21:20,1213.31
P20582,2023-06-20,21:20,709.28
P39596,2023-06-20,21:20,2720.71
P22082,2023-06-20,21:20,64446.34
P29680,2023-06-20,21:20,698.72
P30575,2023-06-20,21:20,3898.94
P01002,2023-06-21,04:13,3331.32
P34928,2023-06-21,15:22,1448.67
P21315,2023-06-21,15:22,11164.18
P30669,2023-06-21,15:22,257.04
P29672,2023-06-21,15:22,13750.25
P30702,2023-06-21,15:22,683.29
P26936,2023-06-21,15:22,7449.23
P27639,2023-06-21,15:22,24560.26
P28504,2023-06-21,19:36,985.16
P04076,2023-06-22,01:16,2938.92
P34930,2023-06-22,02:05,1647.96
P31621,2023-06-22,09:23,6759.23
P26755,2023-06-22,09:23,480.29
P31404,2023-06-22,09:23,47869.58
P14910,2023-06-22,09:23,1321.37
P21638,2023-06-22,09:23,7674.04
P17123,2023-06-22,09:23,1641.82
P32225,2023-06-22,15:03,587.75
P15535,2023-06-22,16:36,654.67
P26015,2023-06-22,22:41,11889.33
P13966,2023-06-22,22:58,18229.58
P02085,2023-06-22,23:17,2235.08
P31589,2023-06-23,03:24,1132.44
P21984,2023-06-23,03:24,3438.38
P28559,2023-06-23,03:24,3664.24
P17943,2023-06-23,03:24,11179.55
P29602,2023-06-23,03:24,10546.57
P31997,2023-06-23,03:24,706.7
P38623,2023-06-23,07:59,97665.44
P32259,2023-06-23,08:31,7103.98
P31073,2023-06-23,17:30,2563.81
P38627,2023-06-23,20:42,13168.06
P17950,2023-06-23,21:26,10755.95
P20303,2023-06-23,21:26,9480.42
P31596,2023-06-23,21:26,11803.31
P21759,2023-06-23,21:26,6029.02
P15834,2023-06-23,21:26,2454.34
P31600,2023-06-23,21:26,745.72
P15528,2023-06-24,06:40,1084.87
P30698,2023-06-24,15:27,2151.56
P21735,2023-06-24,15:27,1003.04
P14909,2023-06-24,15:27,1015.88
P15838,2023-06-24,15:27,898.39
P34538,2023-06-24,16:12,1362.4
P23630,2023-06-24,22:11,1899.76
P19306,2023-06-25,08:54,4130.88
P27836,2023-06-25,09:29,2301.66
P23320,2023-06-25,09:29,68882.74
P29855,2023-06-25,09:29,2193.58
P20839,2023-06-25,09:29,136032.91
P31613,2023-06-25,09:29,1548.77
P30688,2023-06-25,09:29,1087.75
P30682,2023-06-25,09:29,27110.28
P23044,2023-06-25,09:29,3626.27
P17948,2023-06-25,09:29,1246.46
P25941,2023-06-25,18:06,1066.34
P33296,2023-06-26,00:35,3999.34
P16316,2023-06-26,03:30,1256.14
P21691,2023-06-26,03:30,647.25
P31593,2023-06-26,03:30,16508.52
P13789,2023-06-26,03:30,2382.26
P29608,2023-06-26,03:30,796.38
P34581,2023-06-26,03:30,11120.05
P18950,2023-06-26,03:30,1554.91
P15531,2023-06-26,03:30,1254.37
P26026,2023-06-26,07:24,1722.29
P04289,2023-06-26,08:21,2353.42
P12656,2023-06-26,08:33,38649.24
P15447,2023-06-26,09:31,1298.13
P04707,2023-06-26,13:55,4266.48
P14355,2023-06-26,21:31,1224.64
P36102,2023-06-26,21:31,20760.72
P24163,2023-06-26,21:31,2317.0
P21736,2023-06-26,21:31,3926.37
P01815,2023-06-26,23:06,22434.95
P32995,2023-06-27,02:55,1111.53
P35912,2023-06-27,13:48,38496.26
P31989,2023-06-27,15:33,863.33
P31607,2023-06-27,15:33,5758.33
P14687,2023-06-27,15:33,2607.29
P30703,2023-06-27,15:33,900.23
P21938,2023-06-27,15:33,1389.91
P29691,2023-06-27,15:33,5153.12
P20962,2023-06-27,15:33,86493.74
P04600,2023-06-27,22:30,2071.65
P16426,2023-06-27,22:48,1568.75
P06315,2023-06-28,04:00,25473.48
P36235,2023-06-28,04:25,5317.26
P41763,2023-06-28,07:40,1350.49
P39641,2023-06-28,09:34,3707.11
P17935,2023-06-28,09:34,1555.82
P20326,2023-06-28,09:34,8655.44
P18658,2023-06-28,09:34,530.8
P20341,2023-06-28,09:34,1993.54
P15079,2023-06-28,10:39,202940.9
P20610,2023-06-28,14:06,1626.27
P43772,2023-06-28,19:49,10722.13
P31782,2023-06-29,02:46,30829.69
P25332,2023-06-29,03:35,1092.34
P34939,2023-06-29,03:35,955.82
P21039,2023-06-29,03:35,287.25
P03591,2023-06-29,05:29,1551.75
P05828,2023-06-29,05:32,1710.5
P21825,2023-06-29,11:09,7701.61
P31645,2023-06-29,16:24,1415.89
P34929,2023-06-29,21:37,994.57
P20339,2023-06-29,21:37,4838.31
P26757,2023-06-29,21:37,5633.44
P16826,2023-06-29,21:37,26039.73
P21469,2023-06-29,21:37,653.96
P39636,2023-06-29,21:37,1111.06
P29591,2023-06-29,21:37,1432.46
P21143,2023-06-29,21:37,578.68
P44014,2023-06-30,01:33,1593.68
P04986,2023-06-30,03:34,3036.43
P35881,2023-06-30,08:58,1763.85
P34940,2023-06-30,15:38,14853.49
P31615,2023-06-30,15:38,5666.39
P18818,2023-06-30,15:38,3860.86
P30672,2023-06-30,15:38,608.57
P13790,2023-06-30,15:38,1558.88
P20580,2023-06-30,15:38,864.03
P14369,2023-06-30,15:38,12916.97
P25058,2023-06-30,23:20,1263.31
P20534,2023-07-01,00:18,566.0
P14907,2023-07-01,08:50,3174.83
P34846,2023-07-01,09:39,1675.52
P29641,2023-07-01,09:39,1699.8
P17939,2023-07-01,09:39,4716.29
P30578,2023-07-01,09:39,1302.15
P26750,2023-07-01,09:39,991.59
P14184,2023-07-01,09:39,1240.95
P14908,2023-07-01,09:39,9099.32
P21829,2023-07-01,09:39,18145.4
P12367,2023-07-01,09:39,1833.7
P30705,2023-07-01,09:39,987.65
P20574,2023-07-01,09:39,6512.34
P20332,2023-07-01,09:39,6793.86
P43766,2023-07-01,19:13,89623.83
P04308,2023-07-02,03:41,7350.07
P06312,2023-07-02,03:41,6892.34
P18896,2023-07-02,03:41,387.75
P29603,2023-07-02,03:41,647.85
P31602,2023-07-02,21:42,3049.74
P39603,2023-07-02,21:42,3323.3
P23322,2023-07-02,21:42,17464.87
P23324,2023-07-02,21:42,656741.73
P26749,2023-07-02,21:42,722.27
P14394,2023-07-02,21:42,1145.57
P20898,2023-07-02,21:42,931.28
P23000,2023-07-02,21:42,7597.49
P17172,2023-07-03,07:24,5686.5
P15492,2023-07-03,10:37,2182.47
P13514,2023-07-03,13:26,1040.86
P34933,2023-07-03,15:43,10904.05
P29324,2023-07-03,15:43,603.01
P39643,2023-07-03,15:43,2489.06
P31246,2023-07-03,15:43,4680.73
P20295,2023-07-03,15:43,13334.5
P29852,2023-07-03,18:03,9196.79
P32249,2023-07-04,03:53,1565.62
P38628,2023-07-04,09:45,161380.82
P12266,2023-07-04,09:45,10262.9
P31403,2023-07-04,09:45,135994.73
P20961,2023-07-04,09:45,8098.1
P17954,2023-07-04,09:45,4697.54
P14390,2023-07-04,09:45,729.14
P16824,2023-07-04,09:45,2145.95
P18779,2023-07-04,11:09,19012.33
P32145,2023-07-04,16:11,8829.62
P29129,2023-07-04,21:09,18659.54
P26542,2023-07-05,00:49,1354.76
P23323,2023-07-05,02:58,39485.47
P20293,2023-07-05,03:46,752.97
P12404,2023-07-05,03:46,4600.81
P32006,2023-07-05,21:07,3791.37
P34614,2023-07-05,21:48,2177.02
P13949,2023-07-05,21:48,1051.49
P30695,2023-07-05,21:48,15662.57
P23321,2023-07-05,21:48,28195.68
P37457,2023-07-05,22:00,2164.8
P27833,2023-07-06,11:38,1496.88
P33284,2023-07-06,15:49,1576.85
P20590,2023-07-06,15:49,470.69
P20862,2023-07-06,15:49,2399.91
P36114,2023-07-06,15:49,9635.81
P14686,2023-07-06,15:49,2597.47
P43555,2023-07-06,17:38,21957.71
P26756,2023-07-06,18:02,2376.56
P21453,2023-07-06,23:29,3247.84
P10830,2023-07-07,03:54,7380.33
P20162,2023-07-07,09:50,1567.49
P20592,2023-07-07,09:50,1057.5
P29658,2023-07-07,09:50,26844.86
P12405,2023-07-07,21:55,715.0
P29689,2023-07-08,03:52,3079.86
P22916,2023-07-08,03:52,12443.61
P29719,2023-07-08,03:52,16113.84
P26008,2023-07-08,03:52,858.42
P39631,2023-07-08,03:52,2155.32
P34941,2023-07-08,03:52,6733.68
P30401,2023-07-08,15:41,1197.71
P14954,2023-07-08,17:55,2487.83
P21450,2023-07-08,18:14,2965.3
P20161,2023-07-08,21:53,1562.09
P20626,2023-07-08,21:53,1234.56
P27222,2023-07-09,04:51,2032.62
P19026,2023-07-09,12:29,7210.14
P32134,2023-07-09,13:53,1264.63
P21729,2023-07-09,15:20,804.15
P14912,2023-07-09,15:54,28319.56
P19316,2023-07-09,15:54,217694.33
P25280,2023-07-09,15:54,177744.55
P34948,2023-07-09,15:54,2568.83
P37158,2023-07-09,15:54,4517.96
P12368,2023-07-09,15:54,2218.36
P16363,2023-07-09,15:54,1566.22
P21696,2023-07-09,15:54,6180.81
P36113,2023-07-09,15:54,574.14
P19499,2023-07-09,15:54,1612.4
P21044,2023-07-09,15:54,661.87
P34583,2023-07-09,22:15,4997.14
P09042,2023-07-10,02:47,2026.82
P37863,2023-07-10,09:56,3028.28
P29644,2023-07-10,09:56,867.28
P20319,2023-07-10,09:56,1943.37
P19104,2023-07-10,09:56,37348.93
P15457,2023-07-10,09:56,1987.5
P12302,2023-07-10,09:56,19223.6
P39821,2023-07-11,01:08,1101.54
P01571,2023-07-11,03:57,4283.21
P12262,2023-07-11,03:57,8425.68
P29599,2023-07-11,03:57,616.42
P24166,2023-07-11,14:38,3530.43
P17600,2023-07-11,19:34,9807.47
P05486,2023-07-11,21:47,3714.77
P34853,2023-07-11,21:58,15913.38
P17946,2023-07-11,21:58,1484.46
P31467,2023-07-11,21:58,1415.5
P11352,2023-07-12,08:55,3039.71
P18798,2023-07-12,10:53,8082.6
P30665,2023-07-12,16:00,9300.6
P26014,2023-07-12,19:05,1259.02
P36061,2023-07-12,19:42,1080.6
P24346,2023-07-13,10:01,1326.68
P37702,2023-07-13,10:01,4351.53
P31082,2023-07-13,10:01,18647.88
P12254,2023-07-13,10:01,2964.55
P29660,2023-07-13,10:01,4098.72
P39584,2023-07-13,10:01,4728.59
P40484,2023-07-13,17:19,1890.19
P22914,2023-07-13,17:26,105792.91
P18816,2023-07-14,04:02,1801.11
P29665,2023-07-14,04:02,6591.17
P27651,2023-07-14,22:04,1218.02
P31620,2023-07-14,22:04,2119.26
P14915,2023-07-14,22:04,2133.45
P34711,2023-07-15,04:23,11315.74
P21195,2023-07-15,09:48,6068.72
P11634,2023-07-15,10:39,2633.63
P09932,2023-07-16,01:15,5765.43
P13786,2023-07-16,10:06,7308.3
P10819,2023-07-16,10:06,1649.35
P27838,2023-07-16,10:06,5933.1
P33651,2023-07-17,01:20,7831.2
P36966,2023-07-17,02:27,14054.88
P42113,2023-07-17,02:43,1744.48
P11819,2023-07-17,04:08,4127.52
P27829,2023-07-17,04:08,1130.6
P32183,2023-07-17,12:17,5580.27
P37127,2023-07-17,22:09,2230.28
P32001,2023-07-17,22:09,54338.68
P13913,2023-07-17,22:09,2486.63
P14081,2023-07-18,08:37,685.77
P06077,2023-07-18,09:25,1052.9
P16398,2023-07-18,16:11,475.87
P25481,2023-07-18,16:11,671.9
P27057,2023-07-18,16:11,381.51
P15484,2023-07-19,00:32,927.37
P39634,2023-07-19,10:12,1109.53
P24433,2023-07-19,10:12,1070.45
P12374,2023-07-19,19:50,11323.68
P05758,2023-07-19,20:57,2216.75
P28206,2023-07-20,04:13,1706.42
P12988,2023-07-20,04:59,1619.4
P29327,2023-07-20,22:15,1231.55
P03702,2023-07-21,15:49,3174.49
P16399,2023-07-21,16:16,1415.06
P32140,2023-07-21,16:16,32314.88
P29675,2023-07-21,16:16,7370.09
P29667,2023-07-21,16:16,11486.82
P11823,2023-07-21,16:16,2952.43
P24601,2023-07-21,23:48,5298.76
P42375,2023-07-22,05:09,6238.73
P13912,2023-07-22,10:17,631.96
P26821,2023-07-22,10:17,327.52
P13914,2023-07-22,10:55,3269.88
P02191,2023-07-22,16:59,44763.36
P29662,2023-07-22,18:16,1094.45
P01689,2023-07-22,20:08,1734.24
P04224,2023-07-22,20:55,1905.24
P34574,2023-07-22,23:32,1892.64
P14859,2023-07-23,04:19,3337.22
P21041,2023-07-23,04:19,5930.61
P27834,2023-07-23,04:19,465.38
P32144,2023-07-23,04:19,20066.07
P28222,2023-07-23,04:19,38760.25
P20320,2023-07-23,04:19,14629.58
P17931,2023-07-23,04:19,4297.7
P04262,2023-07-23,04:30,2081.67
P32022,2023-07-23,22:20,4484.01
P20625,2023-07-23,22:20,775.46
P12257,2023-07-24,08:16,30493.54
P23319,2023-07-24,16:21,528516.92
P29123,2023-07-24,16:21,233868.69
P15245,2023-07-24,16:21,34654.75
P13955,2023-07-25,06:37,3603.03
P12249,2023-07-25,10:23,1260.93
P25579,2023-07-25,19:58,19058.01
P11581,2023-07-25,23:24,18203.76
P24128,2023-07-26,03:01,5191.64
P22052,2023-07-26,04:24,2961.76
P12349,2023-07-26,04:24,1282.39
P32170,2023-07-26,22:25,176499.73
P36927,2023-07-26,22:25,2860.43
P17940,2023-07-26,22:25,8026.69
P14415,2023-07-26,23:53,2471.78
P28576,2023-07-27,00:55,1038.56
P44009,2023-07-27,07:23,129179.21
P06245,2023-07-27,13:51,3182.95
P14005,2023-07-28,08:33,1629.49
P32189,2023-07-28,10:28,2202.74
P32177,2023-07-28,10:28,126687.48
P30576,2023-07-28,10:28,7628.62
P10873,2023-07-28,20:37,335.83
P18595,2023-07-29,04:30,4563.56
P36111,2023-07-29,07:48,694.83
P29151,2023-07-29,17:45,31763.76
P13788,2023-07-29,22:31,2229.16
P36107,2023-07-29,22:31,6161.21
P26974,2023-07-29,22:31,2229.52
P31387,2023-07-30,06:31,1688.18
P21181,2023-07-30,09:25,724.38
P25878,2023-07-30,11:12,46219.44
P32224,2023-07-30,14:21,510.35
P34845,2023-07-30,15:11,10426.56
P32023,2023-07-30,16:32,2421.9
P32194,2023-07-30,16:32,8143.82
P26257,2023-07-30,20:20,2378.07
P22972,2023-07-31,10:34,4746.57
P29116,2023-07-31,10:34,1879.93
P28494,2023-07-31,22:45,1099.77
P20333,2023-08-01,13:27,1393.61
P32223,2023-08-01,22:36,826485.07
P32232,2023-08-01,22:36,19292.56
P15885,2023-08-01,22:36,12595.66
P05575,2023-08-02,00:59,35391.8
P14486,2023-08-02,03:15,834.79
P22917,2023-08-02,20:05,1646.79
P28511,2023-08-02,22:41,1155.48
P17169,2023-08-03,10:39,68967.45
P26003,2023-08-03,10:39,988.21
P39635,2023-08-03,16:17,576.62
P20658,2023-08-03,19:20,8717.92
P32169,2023-08-03,20:16,22442.0
P12005,2023-08-03,21:24,4638.95
P37156,2023-08-04,04:40,8094.38
P29176,2023-08-04,06:57,3793.08
P31717,2023-08-04,10:45,1475.12
P18988,2023-08-04,22:42,268047.36
P23149,2023-08-04,22:42,4132.14
P21692,2023-08-04,22:42,2654.62
P31624,2023-08-04,22:42,1245.65
P03493,2023-08-05,04:24,1606.84
P32211,2023-08-05,16:43,1076.61
P20165,2023-08-05,16:43,3401.03
P29648,2023-08-05,16:43,1538.86
P12142,2023-08-05,18:02,2629.67
P21632,2023-08-05,21:55,1240.14
P34946,2023-08-06,04:34,2311.22
P15804,2023-08-06,10:44,2294.05
P09901,2023-08-06,11:46,16515.55
P14905,2023-08-06,12:36,3684.9
P18992,2023-08-06,17:38,47180.82
P07302,2023-08-07,01:03,21974.87
P33079,2023-08-07,04:46,11897.34
P22920,2023-08-07,04:46,23642.65
P21513,2023-08-07,22:47,184023.8
P29596,2023-08-07,22:47,2079.44
P31626,2023-08-07,22:47,2050.57
P34750,2023-08-07,22:47,458.66
P36126,2023-08-08,15:09,1650.41
P32234,2023-08-08,16:49,4952.81
P14869,2023-08-08,16:49,4072.95
P13547,2023-08-08,21:53,7623.11
P21329,2023-08-09,00:28,1711.47
P38294,2023-08-09,05:19,58556.23
P25281,2023-08-09,05:22,156201.8
P28007,2023-08-09,10:50,8087.92
P09939,2023-08-09,21:52,14447.13
P43753,2023-08-10,04:51,5516.23
P18990,2023-08-10,04:51,94983.54
P25581,2023-08-10,04:51,41940.2
P22981,2023-08-10,07:46,2178.16
P38318,2023-08-10,08:21,2513.4
P10490,2023-08-10,13:55,1318.11
P15848,2023-08-10,14:35,2955.36
P05128,2023-08-10,16:08,2910.28
P05055,2023-08-10,17:23,1860.11
P26016,2023-08-10,18:09,553.5
P05576,2023-08-10,22:53,24290.92
P39548,2023-08-10,22:53,14177.72
P10828,2023-08-11,01:00,1674.66
P32135,2023-08-11,03:20,5725.69
P17055,2023-08-11,08:54,6253.62
P33047,2023-08-11,16:54,85637.07
P32172,2023-08-11,17:57,49759.78
P29639,2023-08-12,13:26,455.17
P19103,2023-08-13,04:03,509.08
P43746,2023-08-13,04:57,3796.49
P33929,2023-08-13,04:57,1783.05
P43749,2023-08-13,04:57,115493.19
P29128,2023-08-13,04:57,37972.28
P31079,2023-08-13,05:12,1916.98
P34034,2023-08-13,22:58,106048.77
P40029,2023-08-13,22:58,181574.67
P32138,2023-08-14,04:29,21505.49
P24169,2023-08-14,06:19,6726.18
P31604,2023-08-14,22:16,1445.06
P29190,2023-08-14,22:52,9013.05
P02864,2023-08-15,09:22,1341.18
P01238,2023-08-16,14:08,2018.46
P44008,2023-08-16,23:03,3405617.73
P12004,2023-08-16,23:03,2846.76
P23206,2023-08-16,23:03,5866.47
P39640,2023-08-17,08:19,7853.49
P09922,2023-08-17,13:38,1735.58
P12025,2023-08-17,17:05,4021.93
P13507,2023-08-17,17:05,30964.25
P32253,2023-08-17,17:05,6091.51
P39312,2023-08-18,02:33,1112.59
P36591,2023-08-18,14:32,526.8
P15730,2023-08-18,21:10,2510.57
P01922,2023-08-19,00:31,156231.95
P32147,2023-08-19,05:08,132244.91
P32143,2023-08-19,21:25,8783.23
P26010,2023-08-20,06:06,3424.22
P05448,2023-08-21,03:06,2566.12
P20589,2023-08-21,10:30,1288.4
P15257,2023-08-21,11:12,11989.99
P43755,2023-08-21,11:12,2259688.48
P12134,2023-08-21,11:12,21894.88
P24229,2023-08-21,17:34,9723.14
P10980,2023-08-22,02:17,308529.31
P32215,2023-08-22,05:13,2271.22
P18305,2023-08-22,05:38,2084.73
P29670,2023-08-22,07:52,2226.19
P09902,2023-08-22,09:08,10155.95
P39972,2023-08-22,23:14,5994.21
P16433,2023-08-22,23:14,711.14
P14611,2023-08-23,01:02,1108.79
P25877,2023-08-23,04:13,1985.42
P12680,2023-08-23,07:15,7712.01
P31788,2023-08-23,17:16,7298.78
P37569,2023-08-23,19:28,2900.92
P04581,2023-08-23,22:19,5438.25
P33962,2023-08-23,23:08,3514.4
P27791,2023-08-24,02:53,4197.79
P02674,2023-08-25,05:02,2182.1
P14817,2023-08-25,15:47,3225.96
P11822,2023-08-25,16:07,2207.83
P20892,2023-08-25,18:29,4062.72
P34745,2023-08-27,02:36,8586.83
P20343,2023-08-27,18:48,4454.71
P43771,2023-08-28,01:26,44779.98
P30675,2023-08-28,02:14,15601.88
P28944,2023-08-28,05:24,1200.22
P43765,2023-08-28,05:24,7466.09
P38296,2023-08-28,05:24,1297.6
P21807,2023-08-28,20:07,66638.01
P22032,2023-08-29,07:37,2720.64
P26271,2023-08-29,17:26,33167.68
P31390,2023-08-29,17:26,1904.78
P38946,2023-08-29,22:26,3007.8
P19129,2023-08-30,01:59,2116.36
P32244,2023-08-30,08:42,7390.41
P31388,2023-08-31,05:29,4940.09
P39935,2023-08-31,05:29,10763.93
P41201,2023-08-31,07:26,1051.6
P14057,2023-08-31,10:28,1716.34
P28575,2023-08-31,11:54,2841.96
P29781,2023-08-31,18:14,1257.27
P37024,2023-08-31,22:35,2633.71
P23737,2023-09-02,03:18,3233.51
P34869,2023-09-02,19:08,3731.71
P01148,2023-09-03,12:28,2580.38
P14143,2023-09-03,18:04,2563.66
P31795,2023-09-03,19:35,1462.73
P05043,2023-09-03,23:23,2450.28
P13855,2023-09-03,23:36,20121.17
P28592,2023-09-04,00:00,807.35
P21449,2023-09-04,01:53,1601.42
P16840,2023-09-04,03:29,1381.24
P11003,2023-09-04,14:34,2857.86
P03259,2023-09-04,20:00,2332.62
P28029,2023-09-04,20:50,332.11
P30415,2023-09-05,03:30,2607.99
P21456,2023-09-05,18:12,544.69
P21973,2023-09-06,11:47,7582.45
P19189,2023-09-06,19:39,1484.05
P28534,2023-09-08,02:01,20171.66
P39956,2023-09-08,11:44,3796.64
P39442,2023-09-08,20:07,502.15
P13509,2023-09-08,22:55,40782.78
P23634,2023-09-09,05:35,7464.9
P03402,2023-09-09,22:16,2522.11
P39965,2023-09-09,23:47,5723.59
P31583,2023-09-10,15:33,3255.41
P30521,2023-09-11,01:06,8049.72
P26845,2023-09-11,07:13,7171.31
P11218,2023-09-11,12:12,1723.25
P06370,2023-09-12,00:54,1730.45
P22465,2023-09-12,03:44,4166.81
P21708,2023-09-12,05:51,4082.21
P32360,2023-09-12,12:07,991.21
P18378,2023-09-12,22:01,1712.45
P31385,2023-09-12,23:52,2423.07
P24805,2023-09-13,04:38,1865.41
P39630,2023-09-13,05:50,1277.47
P39423,2023-09-13,06:57,901.55
P22362,2023-09-13,15:14,20806.37
P20700,2023-09-13,19:00,2695.9
P30450,2023-09-14,05:58,520.81
P34037,2023-09-14,11:55,5570.05
P42407,2023-09-14,15:14,523.0
P43993,2023-09-14,16:24,3703.61
P02667,2023-09-14,21:26,6701.88
P08275,2023-09-14,21:48,5047.3
P20807,2023-09-15,02:23,661.43
P37699,2023-09-15,05:30,885.62
P20945,2023-09-15,05:56,2746.92
P12320,2023-09-15,19:25,7127.68
P26472,2023-09-15,19:51,3433.41
P39419,2023-09-16,02:18,1337.53
P37257,2023-09-16,10:24,2700.62
P42977,2023-09-16,17:59,2932.07
P43626,2023-09-16,17:59,48041.43
P26013,2023-09-17,04:54,1069.78
P27445,2023-09-17,10:11,586.82
P22366,2023-09-18,06:02,2697.26
P42386,2023-09-18,12:05,1049.75
P29864,2023-09-19,02:44,3824.13
P02600,2023-09-19,03:44,3503.16
P03655,2023-09-19,12:56,11115.52
P12403,2023-09-20,18:21,22787.81
P43597,2023-09-21,06:07,33936.79
P21711,2023-09-21,12:40,3009.23
P21713,2023-09-21,21:59,651790.36
P36712,2023-09-22,02:42,2895.9
P43907,2023-09-22,02:58,3764.56
P21376,2023-09-22,09:58,1588.51
P44036,2023-09-22,11:28,2230.15
P25668,2023-09-22,14:02,1925.33
P35890,2023-09-22,15:34,1102.36
P43768,2023-09-22,18:10,27506.22
P43675,2023-09-22,18:10,33782.61
P14183,2023-09-22,18:22,680.59
P32109,2023-09-22,19:55,7999.37
P20549,2023-09-22,21:39,4317.5
P10829,2023-09-23,03:21,15412.57
P10843,2023-09-23,05:17,153617.54
P28512,2023-09-23,06:26,6162.81
P37824,2023-09-23,07:15,2837.68
P12147,2023-09-23,23:56,10701.04
P32327,2023-09-24,00:46,2122.6
P36242,2023-09-24,02:37,4990.93
P02764,2023-09-24,02:38,4495.85
P12253,2023-09-24,11:41,1352.74
P01803,2023-09-24,12:07,1201.55
P43665,2023-09-24,12:10,1314.57
P15485,2023-09-24,23:16,4233.53
P31650,2023-09-25,02:29,929.43
P02410,2023-09-25,09:19,1962.7
P35461,2023-09-25,16:17,1764.83
P14993,2023-09-25,16:18,16101.41
P43596,2023-09-25,18:15,48188.22
P13511,2023-09-25,18:15,11679.46
P18376,2023-09-25,20:04,6707.93
P05103,2023-09-25,20:38,2184.3
P29844,2023-09-26,09:35,2631.59
P38461,2023-09-26,16:23,5441.07
P13706,2023-09-27,03:17,97581.0
P10831,2023-09-27,20:39,974.38
P13049,2023-09-27,21:11,2759.44
P25944,2023-09-28,00:19,9626.6
P30398,2023-09-28,04:00,1461.19
P28502,2023-09-28,09:34,36953.12
P26517,2023-09-28,12:07,1982.03
P20959,2023-09-29,09:10,1106.06
P19133,2023-09-29,12:22,2012.77
P02666,2023-09-30,06:23,3908.96
P05140,2023-09-30,11:34,2949.68
P30444,2023-09-30,14:15,2589.79
P14378,2023-09-30,14:54,3467.92
P41480,2023-09-30,20:34,7696.73
P14006,2023-09-30,23:49,21044.03
P31588,2023-10-01,00:21,3884.76
P43551,2023-10-01,18:26,626415.73
P43794,2023-10-02,03:55,3702.48
P13839,2023-10-02,21:31,1097.29
P02665,2023-10-02,22:49,3474.16
P20304,2023-10-03,07:54,4741.68
P26919,2023-10-03,11:04,2850.11
P18057,2023-10-03,21:47,5179.66
P43578,2023-10-04,00:30,250050.98
P21372,2023-10-04,05:42,2093.7
P20178,2023-10-04,09:01,3076.83
P14372,2023-10-04,09:39,737.7
P21762,2023-10-04,17:03,12279.15
P04417,2023-10-04,20:40,4052.61
P13498,2023-10-05,07:22,1254.41
P18939,2023-10-05,16:37,1893.1
P28498,2023-10-06,05:03,1573.56
P08540,2023-10-06,06:34,2796.7
P26748,2023-10-06,06:53,1653.24
P01836,2023-10-06,09:48,24893.97
P43664,2023-10-06,15:03,1838.31
P05924,2023-10-07,07:09,3146.38
P05060,2023-10-07,11:19,1127.02
P31236,2023-10-07,12:46,14497.67
P21732,2023-10-07,19:52,5687.52
P29180,2023-10-08,04:23,2494.8
P28485,2023-10-08,05:00,3261.54
P22365,2023-10-08,07:28,45725.06
P42724,2023-10-08,11:45,2869.1
P04801,2023-10-08,13:45,2537.26
P20707,2023-10-09,09:24,3358.14
P30098,2023-10-09,15:42,7582.19
P39446,2023-10-09,19:51,106146.87
P08398,2023-10-09,20:15,763.37
P09897,2023-10-10,01:40,1713.82
P34640,2023-10-10,03:43,4086.92
P11818,2023-10-10,03:52,1856.55
P30447,2023-10-10,07:34,1090.8
P23627,2023-10-10,09:35,1184.24
P02708,2023-10-10,14:15,4826.35
P34025,2023-10-10,17:25,22238.73
P32921,2023-10-11,06:09,307.82
P33963,2023-10-11,07:00,22768.26
P01720,2023-10-11,08:13,2585.25
P10871,2023-10-12,02:52,832.8
P37685,2023-10-12,22:20,1821.9
P28484,2023-10-13,07:36,2097.82
P04752,2023-10-14,02:16,1784.11
P26686,2023-10-14,03:22,2985.4
P09924,2023-10-14,14:25,1493.28
P20170,2023-10-15,05:54,5631.97
P21869,2023-10-15,07:58,1433.21
P14872,2023-10-15,09:18,1657.12
P25334,2023-10-15,09:18,9352.66
P14418,2023-10-15,13:17,3100.6
P27631,2023-10-15,13:42,13174.11
P37864,2023-10-15,21:23,1981.5
P10724,2023-10-16,13:46,27701.67
P21047,2023-10-16,16:41,2448.77
P43780,2023-10-17,07:06,3225.11
P13533,2023-10-19,09:38,9713.18
P04496,2023-10-19,11:11,2383.99
P02663,2023-10-19,16:20,4059.44
P29455,2023-10-19,19:37,4790.13
P38463,2023-10-20,07:49,6872.96
P32218,2023-10-20,08:29,2659.92
P05769,2023-10-20,09:54,1468.55
P34852,2023-10-20,10:37,1321.82
P11694,2023-10-21,12:55,2298.63
P29155,2023-10-21,14:50,1022.03
P15835,2023-10-21,16:29,1125.58
P01380,2023-10-21,18:20,2251.36
P31786,2023-10-21,22:27,1033.43
P02707,2023-10-22,01:03,5802.07
P18414,2023-10-23,04:23,2114.16
P03387,2023-10-23,05:42,1534.65
P23895,2023-10-23,05:42,2364.87
P15979,2023-10-23,19:27,1408.64
P14613,2023-10-23,21:45,799.43
P03412,2023-10-24,02:14,24860.25
P43348,2023-10-24,12:05,344914.99
P05978,2023-10-24,21:41,3681.11
P23064,2023-10-25,00:24,2867.94
P12692,2023-10-25,03:37,9352.84
P04860,2023-10-25,07:51,1317.15
P03988,2023-10-25,16:33,1373.75
P11838,2023-10-26,01:08,592.11
P04698,2023-10-26,06:31,3197.73
P17941,2023-10-26,08:41,3174.42
P17693,2023-10-26,18:17,5258.02
P14900,2023-10-26,21:11,38506.62
P39602,2023-10-27,01:59,8808.33
P30421,2023-10-27,02:16,1368.11
P19350,2023-10-27,10:14,8458.65
P36578,2023-10-27,15:33,2239.16
P24515,2023-10-28,04:48,2715.04
P14868,2023-10-28,10:47,1211.03
P27198,2023-10-28,12:10,884.22
P26028,2023-10-28,16:51,1353.28
P18457,2023-10-28,18:31,872.29
P15540,2023-10-28,19:20,2136.57
P43144,2023-10-28,20:20,508.64
P40453,2023-10-29,05:53,7294.1
P42311,2023-10-29,07:37,1141.26
P23314,2023-10-29,13:31,17877.5
P14395,2023-10-29,14:44,4846.9
P33426,2023-10-29,17:07,2020.5
P02908,2023-10-30,02:40,2048.94
P20335,2023-10-30,15:34,9109.93
P28516,2023-10-30,19:04,806.96
P15471,2023-10-30,19:49,6059.24
P20701,2023-10-30,23:32,31242.26
P33081,2023-10-31,08:28,5132.76
P20116,2023-11-01,02:31,13441.88
P09096,2023-11-01,15:43,12513.61
P33050,2023-11-01,17:06,3309.61
P36011,2023-11-01,20:45,1563.52
P01054,2023-11-02,03:53,2483.01
P09724,2023-11-02,07:23,2515.68
P29130,2023-11-02,07:48,2394.82
P30159,2023-11-02,12:26,785.48
P22036,2023-11-02,13:21,2818.16
P14601,2023-11-02,14:20,602.67
P30747,2023-11-03,01:22,2178.57
P39597,2023-11-03,13:14,11020.43
P26029,2023-11-03,17:07,1349.7
P35807,2023-11-03,19:26,1763.11
P20108,2023-11-04,07:06,259097.02
P21816,2023-11-04,14:57,38576.1
P03388,2023-11-04,16:42,18048.77
P15491,2023-11-04,17:20,1660.28
P06193,2023-11-04,17:21,1147.42
P29404,2023-11-04,19:03,781.8
P09941,2023-11-05,01:05,713.82
P28562,2023-11-05,11:55,1000.88
P20163,2023-11-05,13:37,1612.24
P16300,2023-11-05,19:31,2356.84
P12011,2023-11-06,07:20,59414.14
P05036,2023-11-06,11:27,3283.7
P29424,2023-11-06,23:34,12020.95
P39504,2023-11-07,03:31,2898.51
P16924,2023-11-07,13:33,36828.78
P42424,2023-11-07,21:00,2253.6
P12013,2023-11-08,00:08,3786.62
P19333,2023-11-08,03:00,80863.4
P06184,2023-11-08,20:34,2289.0
P20205,2023-11-08,21:04,2128.92
P26822,2023-11-09,04:00,4562.07
P09725,2023-11-09,11:47,10667.64
P30697,2023-11-09,19:11,9720.07
P28657,2023-11-10,08:41,113818.39
P20112,2023-11-10,13:38,1634.35
P27811,2023-11-10,13:54,1735.94
P35291,2023-11-11,08:03,3160.94
P20301,2023-11-11,11:46,1276.8
P22017,2023-11-11,20:59,408.01
P28507,2023-11-12,03:45,346.42
P22053,2023-11-12,19:40,680.77
P07333,2023-11-13,03:27,883.86
P34945,2023-11-13,06:46,4825.65
P18454,2023-11-13,07:28,1316.36
P34689,2023-11-13,16:55,1229.54
P37374,2023-11-13,21:39,1456.16
P27816,2023-11-13,22:31,1519.45
P23121,2023-11-14,12:25,38678.69
P02246,2023-11-14,21:57,12884.73
P27658,2023-11-15,00:13,6175.12
P24253,2023-11-15,09:39,1131.69
P21046,2023-11-15,13:13,1420.89
P10438,2023-11-15,18:59,2306.58
P12681,2023-11-15,21:23,10180.21
P34937,2023-11-15,23:08,3228.45
P23047,2023-11-16,12:39,907.3
P02245,2023-11-16,13:49,4986.33
P17936,2023-11-16,14:34,2177.57
P11647,2023-11-16,18:39,2131.2
P24317,2023-11-17,07:50,395.87
P20287,2023-11-17,12:17,610.75
P19300,2023-11-17,13:24,43506.94
P30548,2023-11-17,14:19,4033.72
P04249,2023-11-17,23:44,1957.26
P09904,2023-11-18,00:08,3497.27
P20704,2023-11-18,16:43,1083.84
P24272,2023-11-19,02:15,1116.35
P20327,2023-11-19,03:26,3714.82
P26753,2023-11-19,06:26,1360.65
P14391,2023-11-19,07:24,615.68
P39604,2023-11-19,09:35,726.43
P21966,2023-11-19,20:48,1403.55
P01838,2023-11-20,04:18,2653.57
P41061,2023-11-20,05:40,2136.85
P43179,2023-11-20,08:11,975.29
P30678,2023-11-20,16:46,2075.49
P26751,2023-11-20,21:22,1348.68
P28700,2023-11-21,05:37,10805.18
P29526,2023-11-21,06:37,22893.81
P07131,2023-11-21,08:00,1183.97
P20276,2023-11-21,18:51,11044.31
P31706,2023-11-22,03:20,2134.53
P01166,2023-11-22,03:30,1436.41
P14618,2023-11-22,04:00,1001.27
P27127,2023-11-22,10:38,6118.06
P11353,2023-11-23,22:31,6144.6
P33057,2023-11-24,02:02,1090.07
P36062,2023-11-24,11:15,1878.06
P02914,2023-11-24,11:29,4564.7
P01959,2023-11-24,16:18,2950.04
P10977,2023-11-24,17:05,1938.55
P11418,2023-11-25,00:03,6010.18
P24266,2023-11-25,00:34,15027.16
P28537,2023-11-25,02:26,1189.01
P43790,2023-11-25,07:16,1654.08
P27835,2023-11-25,12:22,26131.2
P05229,2023-11-26,17:21,2331.25
P19177,2023-11-26,18:10,4415.82
P30628,2023-11-27,09:05,11755.93
P20337,2023-11-27,10:27,5337.57
P38907,2023-11-27,15:09,489.33
P42293,2023-11-27,16:59,512.12
P30148,2023-11-28,00:09,4771.49
P17874,2023-11-28,11:17,7009.6
P31394,2023-11-28,11:33,2206.93
P05594,2023-11-28,14:11,1076.23
P30436,2023-11-28,19:57,991.78
P36112,2023-11-29,16:50,427.03
P21463,2023-11-30,02:40,309393.89
P20578,2023-11-30,15:47,8731.32
P13439,2023-11-30,20:15,2221.69
P20444,2023-12-01,03:20,3424.87
P29192,2023-12-01,08:25,2529.88
P20328,2023-12-02,03:30,3596.86
P17183,2023-12-02,07:59,11086.99
P36373,2023-12-02,20:18,4127.92
P30629,2023-12-03,00:56,3569.27
P26024,2023-12-04,05:22,25884.99
P01112,2023-12-04,06:49,3639.79
P09568,2023-12-04,13:55,11534.85
P14125,2023-12-04,15:30,1636.55
P10868,2023-12-05,19:01,1089.76
P13911,2023-12-07,02:46,1062.37
P17694,2023-12-07,04:53,833.38
P38951,2023-12-08,04:01,3928.36
P29485,2023-12-08,05:22,904.62
P22738,2023-12-08,08:28,30821.48
P31190,2023-12-08,11:12,5011.84
P26031,2023-12-08,11:36,1675.55
P04862,2023-12-08,13:16,1731.96
P22827,2023-12-08,21:15,2271.05
P17889,2023-12-08,21:50,617.31
P15016,2023-12-09,03:18,7592.19
P01350,2023-12-09,06:47,1676.35
P34382,2023-12-09,13:18,1956.3
P30676,2023-12-10,02:15,16023.81
P30457,2023-12-10,08:31,3570.25
P09900,2023-12-10,14:23,31629.81
P43670,2023-12-10,19:41,50509.72
P31695,2023-12-10,21:06,1384.83
P17880,2023-12-10,22:28,1058.58
P32689,2023-12-11,00:02,11322.34
P33289,2023-12-11,15:28,1774.44
P37142,2023-12-12,00:21,9894.1
P21946,2023-12-12,00:48,1686.58
P14126,2023-12-12,02:35,1918.72
P30530,2023-12-12,03:06,19892.38
P13296,2023-12-12,11:59,5435.44
P30172,2023-12-12,13:16,4498329.32
P09929,2023-12-12,18:23,14163.63
P30188,2023-12-13,01:03,1116.12
P30120,2023-12-13,21:29,4548.52
P16823,2023-12-14,01:30,5535.08
P23259,2023-12-14,07:12,3328.31
P30680,2023-12-14,11:20,2455.43
P26468,2023-12-14,18:35,3197.11
P20340,2023-12-15,02:36,12767.43
P29677,2023-12-15,10:26,2225.5
P21630,2023-12-15,11:44,1437.9
P20344,2023-12-15,18:01,3230.2
P39538,2023-12-16,06:06,9431.96
P26009,2023-12-16,10:23,797.85
P38972,2023-12-17,00:39,5095.13
P10979,2023-12-17,09:40,1300676.75
P14480,2023-12-17,12:40,2919.58
P29848,2023-12-18,07:02,2937.24
P29553,2023-12-18,09:45,771.73
P37146,2023-12-18,15:36,6396.3
P12256,2023-12-18,17:35,1975.72
P31581,2023-12-18,20:27,4196.18
P21944,2023-12-19,00:22,1584.62
P04074,2023-12-19,03:31,1558.27
P40231,2023-12-19,03:32,1953.41
P30417,2023-12-19,13:29,2932.84
P17938,2023-12-19,20:14,1579.45
P34383,2023-12-20,02:24,2325.54
P04495,2023-12-20,02:31,3540.9
P30668,2023-12-20,03:33,6756.36
P29325,2023-12-20,06:48,2176.89
P02717,2023-12-20,07:05,3741.77
P27043,2023-12-20,08:50,14001.7
P14489,2023-12-20,19:33,1174.15
P13775,2023-12-20,20:47,5696.55
P42276,2023-12-20,21:08,12284.37
P14124,2023-12-20,21:45,10406.97
P16248,2023-12-20,23:11,11901.18
P10219,2023-12-21,03:12,8720.44
P06072,2023-12-21,04:26,2732.25
P21625,2023-12-21,06:32,2249.48
P14873,2023-12-21,10:28,404.32
P15467,2023-12-21,11:34,20715.49
P21454,2023-12-21,22:54,1906.55
P01813,2023-12-22,01:18,2645.65
P18377,2023-12-22,21:22,3728.39
P20199,2023-12-23,12:27,7955.45
P30106,2023-12-23,14:28,982.95
P29607,2023-12-23,21:05,46331.82
P07090,2023-12-24,02:46,1280.77
P30550,2023-12-24,04:41,721.99
P02000,2023-12-24,20:51,2272.79
P04152,2023-12-25,13:31,2478.34
P02649,2023-12-25,14:59,68.32
P30111,2023-12-25,22:34,54626.02
P42428,2023-12-26,04:43,1671.43
P29688,2023-12-26,19:50,26540.45
P09898,2023-12-27,01:35,7563.37
P20169,2023-12-27,10:03,7907.1
P14847,2023-12-27,11:14,880.42
P15013,2023-12-27,15:11,107905.84
P13783,2023-12-27,21:03,984956.0
P30430,2023-12-27,21:46,15436.8
P39570,2023-12-27,22:52,7536.86
P28476,2023-12-28,08:07,5480.71
P26525,2023-12-28,17:40,2692.77
P14636,2023-12-29,09:06,705.07
P33019,2023-12-29,18:40,3643.82
P09942,2023-12-29,21:40,3741.47
P10451,2023-12-30,13:04,1313.02
P28823,2023-12-31,15:10,30463.55
P09307,2024-01-01,05:43,11911.8
P30402,2024-01-01,09:12,5818.87
P12653,2024-01-02,09:57,68348.54
P30192,2024-01-02,11:10,1705.68
P22027,2024-01-02,11:41,1470.5
P34381,2024-01-02,21:14,19844.74
P29600,2024-01-03,05:13,3717.18
P29862,2024-01-03,08:07,14846.18
P20193,2024-01-03,15:16,18968.04
P34545,2024-01-03,21:34,4205.78
P14967,2024-01-04,05:26,24408.11
P26022,2024-01-04,10:47,677.52
P15976,2024-01-04,16:09,3514.09
P37112,2024-01-04,17:32,3471.26
P31652,2024-01-05,01:56,612.75
P24263,2024-01-05,03:18,631.51
P03623,2024-01-05,13:22,3120.3
P30207,2024-01-05,21:20,14568.59
P30445,2024-01-05,21:20,3767.72
P30431,2024-01-05,21:20,2778.97
P30425,2024-01-05,21:20,2606.65
P30117,2024-01-05,21:20,2951.76
P20172,2024-01-05,21:20,2398.58
P29182,2024-01-06,03:10,3313.6
P07079,2024-01-06,06:30,1337.73
P22015,2024-01-06,07:53,1794.25
P29671,2024-01-06,09:48,934.56
P20842,2024-01-06,13:38,1018.19
P29498,2024-01-06,14:57,150501.16
P28822,2024-01-06,15:21,3671.66
P20177,2024-01-06,15:21,1711.39
P15364,2024-01-06,15:21,1031.05
P09905,2024-01-06,15:21,4843.1
P29111,2024-01-07,00:49,4645.37
P08185,2024-01-07,04:34,2003.56
P23142,2024-01-07,05:59,581.16
P04078,2024-01-07,06:58,5640.12
P14960,2024-01-07,09:22,2698.08
P09934,2024-01-07,15:27,5279.66
P39469,2024-01-08,07:37,17732.02
P21951,2024-01-08,11:45,615.22
P04433,2024-01-08,11:49,1882.58
P17490,2024-01-08,14:40,2786.93
P27441,2024-01-08,15:13,20280.81
P31614,2024-01-08,19:52,2356.54
P15545,2024-01-08,21:25,9328.48
P29925,2024-01-08,21:29,18343.3
P14966,2024-01-09,10:23,610.39
P30175,2024-01-09,15:26,790.55
P17884,2024-01-09,15:26,548.15
P24264,2024-01-09,15:26,6752.13
P30409,2024-01-09,15:26,494.23
P29489,2024-01-09,15:26,2463.37
P42361,2024-01-09,15:26,1828.81
P24250,2024-01-09,15:26,1707.62
P42380,2024-01-09,15:26,1376.71
P42358,2024-01-09,15:26,9983.37
P29186,2024-01-09,16:21,18743.11
P38780,2024-01-09,20:24,2544.78
P21622,2024-01-09,20:32,9796.04
P14635,2024-01-10,09:28,5469.17
P30518,2024-01-10,09:28,57481.9
P24275,2024-01-10,09:28,2951.7
P31329,2024-01-10,17:12,3284.89
P29538,2024-01-10,20:30,5522.61
P32196,2024-01-10,23:12,27927.08
P31785,2024-01-11,10:18,15811.52
P42274,2024-01-11,16:05,10746.16
P29554,2024-01-11,21:31,3765.27
P42429,2024-01-11,21:31,3110.69
P29564,2024-01-11,21:31,547.6
P24249,2024-01-11,21:31,2696.9
P32219,2024-01-12,01:28,3036.73
P14998,2024-01-12,03:47,8963.9
P15017,2024-01-12,09:11,1184.19
P30150,2024-01-12,15:32,16442.5
P30424,2024-01-12,15:32,6168.55
P29559,2024-01-12,15:32,5439.53
P23001,2024-01-12,19:35,2225.63
P23981,2024-01-12,22:36,5125.18
P05329,2024-01-12,23:36,2587.46
P29494,2024-01-12,23:55,960.98
P18090,2024-01-13,00:37,4028.5
P14957,2024-01-13,09:33,7056.42
P24269,2024-01-13,09:33,2629.12
P42410,2024-01-13,09:33,1095.33
P09936,2024-01-13,18:00,2219.31
P29795,2024-01-14,00:24,30333.23
P09938,2024-01-14,03:35,1837.09
P30449,2024-01-14,03:35,2511.01
P30571,2024-01-14,16:55,2163.61
P39319,2024-01-14,19:33,71591.53
P42273,2024-01-14,21:36,22864.43
P34388,2024-01-15,11:49,1198.15
P29556,2024-01-15,15:37,1706.19
P24271,2024-01-15,15:37,2163.48
P19065,2024-01-15,17:56,1669.56
P28852,2024-01-15,20:29,1947.53
P14871,2024-01-15,22:16,1999.15
P06050,2024-01-16,00:02,2041.26
P15325,2024-01-16,05:02,4199.79
P28813,2024-01-17,03:40,1853.43
P30715,2024-01-17,04:27,2136.86
P38460,2024-01-17,06:54,4228.73
P04247,2024-01-17,14:38,2038.17
P30178,2024-01-17,20:37,681.91
P14481,2024-01-17,21:41,10828.19
P20082,2024-01-17,21:41,1090.32
P17882,2024-01-17,21:41,3274.97
P30193,2024-01-17,21:41,23379.69
P01401,2024-01-18,01:59,5822.63
P18809,2024-01-18,02:33,12098.8
P29540,2024-01-18,03:52,864.52
P01057,2024-01-18,09:01,3422.74
P15883,2024-01-18,11:19,35526.79
P28490,2024-01-18,15:43,3247.98
P28855,2024-01-18,15:43,666.35
P22033,2024-01-18,15:43,547.21
P28824,2024-01-18,15:43,1823.99
P28830,2024-01-18,15:43,9731.15
P29428,2024-01-18,15:43,2631.67
P17879,2024-01-19,09:44,1104.36
P30416,2024-01-19,09:44,1054.17
P30174,2024-01-19,09:44,6056.95
P20168,2024-01-19,09:44,7610.76
P14640,2024-01-19,10:06,1515.83
P12713,2024-01-19,10:45,1777.92
P29532,2024-01-19,15:43,370.7
P29160,2024-01-19,18:45,13659.09
P20206,2024-01-20,03:45,11255.09
P29551,2024-01-20,03:45,6547.4
P42366,2024-01-20,03:45,3011.33
P26798,2024-01-20,10:19,2830.68
P28829,2024-01-20,11:24,1369.82
P13610,2024-01-20,13:45,2257.23
P30155,2024-01-20,18:25,1522.56
P20211,2024-01-20,21:47,1592.78
P30411,2024-01-20,21:47,14001.79
P29399,2024-01-20,21:47,146104.95
P15000,2024-01-20,21:47,4399.25
P16408,2024-01-20,22:17,785.29
P29477,2024-01-21,09:30,1978.37
P27575,2024-01-21,15:48,4706.93
P28847,2024-01-21,15:48,2007.37
P28475,2024-01-21,15:48,21147.69
P28812,2024-01-21,15:48,3362.46
P42360,2024-01-21,15:48,3668.75
P30483,2024-01-22,09:17,2982.25
P28826,2024-01-22,09:50,23318.45
P30158,2024-01-22,09:50,2990.48
P14947,2024-01-22,09:50,1117.78
P14955,2024-01-22,09:50,17676.6
P19179,2024-01-22,10:17,6160.48
P14487,2024-01-22,18:17,720.45
P30639,2024-01-22,20:53,1624.2
P33890,2024-01-23,02:00,4629.7
P42417,2024-01-23,03:51,8918.24
P38459,2024-01-23,03:51,45443.49
P42551,2024-01-23,07:38,2143.12
P29673,2024-01-23,16:16,2119.82
P24273,2024-01-23,19:36,2062.29
P29514,2024-01-23,21:52,2463.9
P29511,2024-01-23,21:52,9972.25
P34332,2024-01-24,08:24,7620.59
P38567,2024-01-24,12:05,3840.98
P30519,2024-01-24,15:30,1474.62
P18808,2024-01-24,15:37,4153.38
P24252,2024-01-24,15:54,786.48
P29487,2024-01-24,15:54,7646.06
P38978,2024-01-24,15:54,1315.5
P06177,2024-01-24,17:16,51345.39
P02650,2024-01-25,00:34,2049.29
P16422,2024-01-25,09:15,6330.95
P30170,2024-01-25,09:55,747.31
P29563,2024-01-25,09:55,1660.59
P24270,2024-01-25,09:55,3507.05
P24268,2024-01-25,09:55,22635.54
P15014,2024-01-25,09:55,5278.75
P14865,2024-01-25,12:27,14574.9
P28574,2024-01-25,18:16,13133.76
P30545,2024-01-25,20:00,15355.84
P20591,2024-01-26,01:10,26887.64
P33891,2024-01-26,03:56,42701.44
P10872,2024-01-26,03:56,1330.82
P30452,2024-01-26,03:56,5994.14
P07603,2024-01-26,12:15,1331.2
P15263,2024-01-26,17:44,2151.99
P14971,2024-01-26,21:58,800.57
P42378,2024-01-26,21:58,1363.26
P39474,2024-01-26,21:58,4612.28
P14375,2024-01-27,00:22,12750.3
P20201,2024-01-27,01:55,1289.01
P17690,2024-01-27,04:02,859.18
P19182,2024-01-27,06:19,508.41
P14989,2024-01-27,15:59,547.35
P14977,2024-01-27,15:59,1199.86
P30429,2024-01-27,15:59,3031.09
P16825,2024-01-27,18:09,26585.07
P17686,2024-01-27,21:08,541.64
P38929,2024-01-28,01:36,844.69
P15002,2024-01-28,10:00,1789.6
P29491,2024-01-28,10:00,15578.82
P29539,2024-01-28,10:00,2030.71
P42419,2024-01-28,10:00,1241.91
P30442,2024-01-28,10:00,4396.77
P29442,2024-01-28,15:54,64106.35
P17124,2024-01-29,02:32,6790.94
P20171,2024-01-29,04:02,273.75
P20233,2024-01-29,04:02,9512.6
P42416,2024-01-29,04:02,981.17
P14962,2024-01-29,04:02,988.27
P36105,2024-01-29,14:00,7686.77
P02526,2024-01-29,22:03,13381.47
P42391,2024-01-29,22:03,1741.64
P38949,2024-01-29,22:03,3290.56
P30420,2024-01-29,22:03,1653.09
P30406,2024-01-29,22:03,2515.94
P42266,2024-01-29,22:03,10042.09
P14964,2024-01-29,22:03,2713.56
P09923,2024-01-30,06:56,1369.32
P09899,2024-01-30,13:14,2267.62
P09254,2024-01-30,13:27,10734.88
P38854,2024-01-30,16:04,7835.07
P42408,2024-01-30,16:04,914.71
P14973,2024-01-30,16:04,1014.88
P29499,2024-01-30,16:04,1145.56
P28470,2024-01-30,16:04,1264.11
P30204,2024-01-30,16:04,3738.49
P30101,2024-01-30,16:04,427.46
P30010,2024-01-30,23:03,10139.72
P28856,2024-01-31,10:06,1874.22
P29175,2024-01-31,10:06,4652.06
P29398,2024-01-31,10:06,910.95
P29550,2024-01-31,10:06,16964.63
P14996,2024-01-31,10:06,653.52
P42272,2024-01-31,18:29,2813.1
P02700,2024-01-31,20:26,3542.0
P28524,2024-01-31,20:48,3824.98
P36063,2024-02-01,00:31,526.46
P28850,2024-02-01,04:07,11231.76
P39467,2024-02-01,05:51,2224.4
P42369,2024-02-01,22:09,17856.1
P20204,2024-02-01,22:09,2068.17
P29164,2024-02-01,22:09,16717.89
P23636,2024-02-01,22:09,1799.44
P22021,2024-02-02,00:24,22805.37
P14436,2024-02-02,07:11,875.9
P16379,2024-02-02,08:24,4153.47
P30912,2024-02-02,15:15,2701.26
P12529,2024-02-02,16:10,9857.51
P14952,2024-02-02,16:10,32839.51
P30182,2024-02-02,16:10,1690.11
P10874,2024-02-02,16:10,2462.05
P28491,2024-02-02,16:10,5755.13
P14963,2024-02-02,16:10,36995.24
P29546,2024-02-02,16:10,3541.32
P20195,2024-02-02,16:10,750.67
P18572,2024-02-02,22:36,3690.8
P42277,2024-02-03,10:11,6136.1
P38933,2024-02-03,10:11,3230.36
P29166,2024-02-03,10:11,1748.65
P30135,2024-02-03,10:11,2308.93
P39426,2024-02-03,10:11,1683.91
P03080,2024-02-03,10:11,175.46
P28691,2024-02-03,12:45,6241.39
P34338,2024-02-03,13:54,1368.51
P19312,2024-02-03,15:09,10132.49
P28520,2024-02-04,04:13,35969.11
P29475,2024-02-04,04:13,212382.96
P29537,2024-02-04,04:13,635.93
P15341,2024-02-04,04:13,1327.44
P29434,2024-02-04,04:13,15545.49
P38945,2024-02-04,04:13,1071.18
P15519,2024-02-04,04:32,551.86
P05787,2024-02-04,05:55,2352.27
P21045,2024-02-04,11:48,7790.96
P06282,2024-02-04,13:42,3167.33
P22031,2024-02-04,14:44,1268.64
P10875,2024-02-04,20:59,1487.38
P28481,2024-02-04,22:14,3111.47
P42387,2024-02-04,22:14,7732.52
P42288,2024-02-04,22:14,1906.75
P28474,2024-02-04,22:14,1261.56
P20703,2024-02-05,00:45,5392.28
P14972,2024-02-05,04:59,1486.06
P30180,2024-02-05,16:15,7135.46
P37427,2024-02-05,16:15,1698.81
P38932,2024-02-05,16:15,1042.4
P14974,2024-02-05,16:15,415.5
P28456,2024-02-05,16:15,4356.75
P30426,2024-02-05,16:15,1810.11
P11216,2024-02-05,17:53,4730.0
P30527,2024-02-05,21:29,11680.46
P12525,2024-02-05,23:52,9247.62
P15521,2024-02-06,10:17,17919.45
P38982,2024-02-06,10:17,1356.5
P29436,2024-02-06,10:17,3086.61
P14961,2024-02-06,10:17,8918.95
P38956,2024-02-06,10:17,1429.0
P12341,2024-02-06,13:56,2311.2
P16434,2024-02-06,15:12,776.2
P14780,2024-02-07,01:10,1870.54
P39433,2024-02-07,04:18,715.42
P28851,2024-02-07,04:18,17188.79
P15015,2024-02-07,04:18,7165.1
P15542,2024-02-07,04:18,19713.22
P39472,2024-02-07,04:18,38527.37
P29339,2024-02-07,08:10,3698.97
P28508,2024-02-07,21:44,1350.67
P29154,2024-02-07,22:19,5463.48
P30191,2024-02-07,22:19,4197.41
P42420,2024-02-07,22:19,550.38
P29481,2024-02-08,06:35,1152.99
P09880,2024-02-08,06:37,5701.84
P39313,2024-02-08,07:06,23746.03
P12527,2024-02-08,10:26,2689.86
P06921,2024-02-08,13:17,9909.77
P29794,2024-02-08,16:21,2240.07
P39502,2024-02-08,16:21,734.27
P30433,2024-02-08,16:21,7062.25
P29222,2024-02-08,16:21,4687.49
P24261,2024-02-08,16:21,5448.99
P39317,2024-02-08,16:21,44759.02
P27576,2024-02-08,18:05,1436.54
P38457,2024-02-08,21:48,5089.13
P42411,2024-02-09,10:22,39141.14
P30176,2024-02-09,10:22,1611.87
P30414,2024-02-09,10:45,1320.2
P01985,2024-02-09,12:49,1320.62
P30460,2024-02-09,14:13,3021.43
P38906,2024-02-09,16:35,828.45
P42370,2024-02-10,04:23,4424.9
P39478,2024-02-10,04:23,6987.07
P30189,2024-02-10,04:23,1978.54
P38969,2024-02-10,04:23,467.53
P29162,2024-02-10,04:23,1432.29
P23622,2024-02-10,04:23,1028.42
P29410,2024-02-10,04:23,7487.63
P30133,2024-02-10,04:40,8257.9
P18583,2024-02-10,07:51,15074.02
P18994,2024-02-10,13:27,13529.53
P24454,2024-02-10,22:25,4247.45
P09931,2024-02-10,22:25,5815.09
P29519,2024-02-10,22:25,3970.83
P30086,2024-02-10,22:25,6839.22
P38952,2024-02-10,22:25,1950.24
P14995,2024-02-10,22:25,3354.92
P40576,2024-02-11,00:50,4136.1
P37422,2024-02-11,16:26,5518.83
P30531,2024-02-11,16:26,2714.05
P39507,2024-02-11,16:26,1094.76
P38990,2024-02-11,16:26,5089.63
P39509,2024-02-11,16:26,798.3
P17901,2024-02-11,16:26,2145.66
P09945,2024-02-11,16:26,15721.01
P39448,2024-02-11,16:26,18310.63
P42313,2024-02-11,16:26,5121.23
P35464,2024-02-12,06:43,1892482.71
P14477,2024-02-12,10:27,7741.68
P38947,2024-02-12,10:27,1625.07
P30138,2024-02-12,10:27,2298.16
P38963,2024-02-12,10:27,1196.0
P29163,2024-02-12,10:27,597.88
P29502,2024-02-13,04:29,3493.89
P20297,2024-02-13,14:06,4120.12
P33939,2024-02-13,21:15,1925.64
P30437,2024-02-13,22:30,388.77
P15343,2024-02-13,22:30,16600.21
P40568,2024-02-14,14:00,320.23
P20208,2024-02-14,16:32,13230.78
P38981,2024-02-14,16:32,3944.82
P29161,2024-02-14,16:32,1591.25
P15511,2024-02-14,16:32,7021.33
P14364,2024-02-14,18:01,6593.87
P29165,2024-02-14,19:29,20332.08
P03217,2024-02-14,20:35,2355.08
P30454,2024-02-14,22:01,2928.16
P39605,2024-02-15,02:56,278.13
P30432,2024-02-15,10:33,30909.4
P38937,2024-02-15,10:33,1925.0
P22010,2024-02-15,10:33,1564.73
P29391,2024-02-15,10:33,1432.46
P02745,2024-02-15,22:55,4013.03
P05126,2024-02-16,00:18,2942.59
P42525,2024-02-16,02:45,115276.71
P22028,2024-02-16,04:34,15251.49
P39424,2024-02-16,04:34,1130.91
P16239,2024-02-16,08:31,13453.84
P30525,2024-02-16,11:59,5991.63
P10876,2024-02-16,20:01,8587.9
P30533,2024-02-16,22:36,3803.01
P29229,2024-02-16,22:36,30938.94
P21769,2024-02-16,22:36,3262.69
P30523,2024-02-16,22:36,4150.74
P38930,2024-02-16,22:36,95427.44
P14080,2024-02-16,22:36,8497.09
P39001,2024-02-16,22:36,5053.43
P15083,2024-02-16,23:38,2099.36
P29522,2024-02-17,11:09,796.3
P30169,2024-02-17,16:37,1068.95
P15345,2024-02-17,16:37,21834.11
P16242,2024-02-17,16:37,1571.59
P39496,2024-02-17,16:37,2107.02
P29167,2024-02-17,16:37,1202.31
P18450,2024-02-17,16:37,512.3
P39476,2024-02-17,18:05,1748.05
P02998,2024-02-17,18:50,3032.93
P20203,2024-02-18,02:54,23591.19
P25331,2024-02-18,04:36,13831.91
P26522,2024-02-18,10:38,1574.8
P37423,2024-02-18,10:38,14625.93
P29195,2024-02-18,10:38,1599.71
P30528,2024-02-18,11:14,1528.41
P30167,2024-02-18,12:20,2872.57
P09944,2024-02-19,02:26,578.64
P28486,2024-02-19,02:27,2837.44
P39482,2024-02-19,04:40,558.68
P20698,2024-02-19,04:40,2329.5
P29396,2024-02-19,04:40,1691.06
P29460,2024-02-19,08:42,6892.55
P09882,2024-02-19,18:20,5591.83
P38977,2024-02-19,22:41,110131.94
P27824,2024-02-19,22:41,3133.02
P14610,2024-02-19,22:41,1606.71
P42294,2024-02-19,22:41,2463.44
P29510,2024-02-19,22:41,1787.88
P30412,2024-02-19,22:41,2869.13
P40532,2024-02-20,05:14,4460.02
P38965,2024-02-20,16:42,638.61
P30198,2024-02-20,16:42,569.89
P26538,2024-02-20,16:42,2504.6
P30185,2024-02-20,16:42,1114.63
P29503,2024-02-20,16:42,1528.29
P09903,2024-02-21,03:21,289.69
P27579,2024-02-21,05:14,1970.01
P29531,2024-02-21,10:44,1259.68
P42308,2024-02-21,10:44,1459.19
P30024,2024-02-21,10:44,9329.31
P09927,2024-02-21,10:44,1101.62
P15881,2024-02-21,21:40,4920.8
P29851,2024-02-22,04:45,237.27
P30534,2024-02-22,04:45,1029.18
P38462,2024-02-22,04:45,7240.26
P39444,2024-02-22,04:45,93943.93
P25951,2024-02-22,19:27,1599.37
P15522,2024-02-22,22:46,1704.01
P17691,2024-02-22,22:46,3383.45
P30146,2024-02-22,22:46,6448.92
P24227,2024-02-22,22:46,9157.74
P29177,2024-02-22,22:46,789.39
P26537,2024-02-22,22:46,1610.8
P30684,2024-02-23,02:39,1092.87
P21968,2024-02-23,16:48,1001.46
P14810,2024-02-23,16:48,998.8
P29187,2024-02-23,16:48,2439.92
P03415,2024-02-23,17:12,1338.74
P19188,2024-02-23,21:57,3056.82
P29853,2024-02-23,22:16,5246.39
P34326,2024-02-24,00:29,1522.88
P39318,2024-02-24,06:07,1009354.15
P29228,2024-02-24,10:26,981.34
P15006,2024-02-24,10:49,2911.04
P29458,2024-02-24,10:49,1327.74
P22020,2024-02-24,10:49,27124.26
P28530,2024-02-24,10:49,3453.91
P42402,2024-02-24,10:49,1558.28
P21640,2024-02-24,10:49,96349.1
P27626,2024-02-24,11:25,4014.9
P36115,2024-02-24,21:46,3065.22
P29425,2024-02-25,03:14,655.6
P29178,2024-02-25,04:51,1783.67
P42381,2024-02-25,04:51,1568.61
P20232,2024-02-25,22:52,1243.55
P30408,2024-02-25,22:52,5267.29
P28583,2024-02-25,22:52,5660.79
P29517,2024-02-25,22:52,1219.2
P19610,2024-02-26,07:32,45333.55
P16897,2024-02-26,15:47,383.96
P14988,2024-02-26,16:53,514.97
P39432,2024-02-26,16:53,380.64
P21043,2024-02-26,18:28,15381.16
P29433,2024-02-26,21:02,2917.3
P29473,2024-02-27,08:54,1992.28
P17695,2024-02-27,10:55,7114.86
P19185,2024-02-27,10:55,725.44
P14787,2024-02-27,10:55,11142.14
P15523,2024-02-27,12:04,665.8
P36863,2024-02-27,18:37,1655.85
P34548,2024-02-27,20:34,4454.28
P42279,2024-02-28,04:56,5345.75
P34578,2024-02-28,11:15,4378.81
P09879,2024-02-28,13:35,2818.08
P40456,2024-02-28,15:24,3465.44
P42406,2024-02-28,16:09,1868.05
P14435,2024-02-28,22:57,651.94
P09866,2024-02-29,00:33,4146.44
P39506,2024-02-29,16:59,3541.78
P39316,2024-02-29,16:59,3401.61
P30195,2024-02-29,16:59,3948.33
P39473,2024-02-29,16:59,1549.5
P39436,2024-02-29,16:59,90997.96
P03335,2024-03-01,03:06,3687.49
P01645,2024-03-01,07:48,1959.01
P28560,2024-03-01,11:00,2266.05
P37421,2024-03-01,11:00,1985.92
P22018,2024-03-01,11:00,4045.87
P20238,2024-03-01,11:00,891.6
P21943,2024-03-01,12:52,3145.47
P40569,2024-03-01,17:21,1756.11
P02862,2024-03-01,21:03,2893.44
P29158,2024-03-02,01:27,2863.62
P24247,2024-03-02,05:01,1499.91
P24245,2024-03-02,05:01,817.59
P29185,2024-03-02,05:01,5511.21
P28596,2024-03-02,19:07,2495.44
P14742,2024-03-02,23:03,6429.06
P39427,2024-03-02,23:03,1005.14
P20209,2024-03-02,23:03,2750.77
P11237,2024-03-03,01:02,4059.54
P15008,2024-03-03,17:04,1188.21
P22038,2024-03-03,17:04,3795.43
P26541,2024-03-03,17:04,1327.21
P42409,2024-03-03,19:45,420.34
P39428,2024-03-04,11:05,714.3
P28449,2024-03-04,11:45,16913.1
P10679,2024-03-04,23:15,2286.41
P18575,2024-03-05,05:07,309.04
P38985,2024-03-05,05:07,5761.57
P39425,2024-03-05,22:30,11409.2
P24248,2024-03-05,23:08,7647.6
P29533,2024-03-05,23:08,647.87
P28563,2024-03-05,23:08,940.7
P29435,2024-03-05,23:08,2622.03
P09894,2024-03-06,01:35,4715.8
P03665,2024-03-06,04:28,1443.74
P20196,2024-03-06,08:49,3253.22
P21727,2024-03-06,09:20,4319.52
P17892,2024-03-06,17:10,2132.3
P14991,2024-03-06,17:10,1515.15
P39499,2024-03-06,17:10,6725.2
P29536,2024-03-06,17:10,1895.63
P19020,2024-03-07,07:27,1424.55
P29701,2024-03-07,11:11,1409.12
P22085,2024-03-07,11:11,502.99
P42404,2024-03-07,11:11,3319.41
P31692,2024-03-07,11:15,11034.24
P29474,2024-03-07,18:20,26601.92
P05278,2024-03-07,19:14,2104.21
P29408,2024-03-08,04:11,6559.78
P16061,2024-03-08,05:12,25974.38
P29156,2024-03-08,05:12,1144.14
P24372,2024-03-08,11:43,5098.75
P42427,2024-03-08,21:26,2390.41
P30136,2024-03-08,23:14,12158.15
P15556,2024-03-08,23:14,1848.78
P16436,2024-03-09,04:28,1696.51
P23632,2024-03-09,04:50,4640.03
P05759,2024-03-09,05:25,2228.33
P29856,2024-03-09,17:15,5253.12
P16071,2024-03-09,17:15,5799.9
P26754,2024-03-09,17:15,6783.05
P31232,2024-03-09,19:41,3099.77
P21937,2024-03-09,21:42,2591.8
P21052,2024-03-10,11:16,713.53
P30706,2024-03-10,11:16,16285.05
P14965,2024-03-10,11:16,484.31
P05609,2024-03-10,14:39,1964.05
P37141,2024-03-10,16:32,7060.28
P12345,2024-03-10,17:04,227.0
P11906,2024-03-10,17:45,4022.47
P28703,2024-03-11,02:00,1542.62
P20864,2024-03-11,05:18,859.64
P15178,2024-03-11,05:18,1467.53
P10978,2024-03-11,07:59,212297.94
P11997,2024-03-11,08:10,1120.91
P31067,2024-03-11,10:27,1919.83
P09926,2024-03-11,14:41,867.86
P39421,2024-03-11,15:55,986.02
P09881,2024-03-11,18:59,787.51
P42812,2024-03-11,23:19,9808.41
P20325,2024-03-11,23:19,7211.18
P23637,2024-03-12,04:33,1938.26
P02611,2024-03-12,07:49,3915.64
P27837,2024-03-12,14:49,1700.3
P17773,2024-03-12,17:20,2323.09
P21976,2024-03-12,17:20,10127.25
P29842,2024-03-12,17:20,1192.0
P17185,2024-03-12,17:20,1461.26
P29445,2024-03-12,23:22,1812.49
P02009,2024-03-13,03:11,3822.51
P17771,2024-03-13,04:12,7069.03
P29402,2024-03-13,10:44,8227.19
P16606,2024-03-13,11:22,404.0
P21972,2024-03-13,11:22,3056.03
P15880,2024-03-14,03:06,23391.62
P21125,2024-03-14,05:23,1553.01
P39498,2024-03-14,05:23,779.86
P09813,2024-03-14,10:57,1131.64
P15544,2024-03-14,12:59,906.99
P29548,2024-03-14,16:46,559.18
P39595,2024-03-14,23:24,1300.08
P19019,2024-03-15,06:31,1203.61
P03394,2024-03-15,10:59,2128.7
P09871,2024-03-15,17:22,1320.35
P27826,2024-03-15,17:26,1258.34
P15243,2024-03-15,19:27,93084.17
P21764,2024-03-16,03:59,2835.4
P21726,2024-03-16,07:07,3654.17
P40527,2024-03-16,08:06,3290.53
P02733,2024-03-16,11:14,1582.39
P14082,2024-03-16,11:27,1784.88
P28528,2024-03-16,11:27,1352.55
P07287,2024-03-16,18:07,1416.61
P10182,2024-03-16,23:41,2690.31
P30085,2024-03-17,00:49,813.24
P20463,2024-03-17,05:29,3713.26
P24244,2024-03-17,05:29,82561.02
P11899,2024-03-17,23:30,2850.83
P29590,2024-03-17,23:30,1304.71
P16483,2024-03-17,23:36,2072.04
P34348,2024-03-18,01:11,1051.51
P30434,2024-03-18,12:33,7783.35
P26539,2024-03-18,13:42,629.18
P31229,2024-03-18,17:31,1492.48
P31591,2024-03-18,17:31,10538.05
P03619,2024-03-18,18:17,1558.18
P23454,2024-03-18,21:01,1556.75
P06300,2024-03-19,03:54,3126.94
P21585,2024-03-19,06:47,325.46
P26855,2024-03-19,07:54,1100.33
P27830,2024-03-19,11:33,582.76
P30679,2024-03-19,15:47,1397.73
P14808,2024-03-19,19:46,1055.1
P34303,2024-03-20,04:14,2892.24
P31691,2024-03-20,04:36,11612.38
P18869,2024-03-20,05:34,1573.33
P21741,2024-03-20,05:34,1723.25
P09812,2024-03-20,08:25,2944.5
P36119,2024-03-20,12:32,2734.65
P30443,2024-03-20,21:34,3164.87
P09305,2024-03-20,22:17,8849.93
P26758,2024-03-20,23:35,1141.17
P02712,2024-03-21,06:46,3458.35
P42275,2024-03-21,08:43,5643.51
P40794,2024-03-21,12:07,2081.49
P29698,2024-03-21,13:17,2517.85
P30405,2024-03-21,15:52,4560.41
P17888,2024-03-21,17:37,9591.32
P36075,2024-03-21,19:10,481.49
P21549,2024-03-21,21:58,5325.17
P19016,2024-03-22,05:58,5878.43
P28553,2024-03-22,11:38,336.51
P20290,2024-03-22,11:38,2431.59
P29169,2024-03-22,19:25,2417.93
P02319,2024-03-22,19:38,3015.08
P11193,2024-03-23,03:30,2345.38
P20331,2024-03-23,05:39,41337.51
P28556,2024-03-23,05:39,621.87
P28450,2024-03-23,06:54,8483.91
P42292,2024-03-23,15:54,830.36
P03058,2024-03-23,17:30,3458.74
P34321,2024-03-23,22:53,36156.74
P11355,2024-03-23,23:41,1897.17
P29598,2024-03-23,23:41,3436.46
P24243,2024-03-23,23:41,44461.32
P30717,2024-03-23,23:41,15433.43
P20820,2024-03-24,06:11,1085.04
P34347,2024-03-24,07:18,404.1
P15237,2024-03-24,13:04,161.06
P29699,2024-03-25,10:06,17225.12
P34301,2024-03-25,11:01,1792.3
P30691,2024-03-25,11:43,1225.75
P20575,2024-03-25,11:43,7333.29
P29049,2024-03-25,12:19,3165.04
P27809,2024-03-25,21:27,2939.7
P04969,2024-03-26,03:40,4218.74
P36072,2024-03-26,05:45,1731.99
P20322,2024-03-26,05:45,985.97
P15344,2024-03-26,21:31,630.47
P16085,2024-03-27,09:14,1272.62
P03895,2024-03-27,09:31,1862.39
P15488,2024-03-27,12:28,2568.61
P03919,2024-03-27,14:38,1840.79
P13856,2024-03-27,21:15,8925.51
P42515,2024-03-27,22:40,4279.18
P42265,2024-03-28,01:10,18647.21
P31998,2024-03-28,06:00,1782622.15
P10827,2024-03-28,11:49,468.4
P28821,2024-03-28,12:55,1438.94
P05449,2024-03-28,13:53,2445.07
P09877,2024-03-28,17:11,2553.15
P28558,2024-03-29,05:50,7026.15
P19190,2024-03-29,05:50,1490.22
P38971,2024-03-29,14:28,1985.25
P16568,2024-03-29,23:06,1531.35
P12255,2024-03-29,23:52,1080.35
P20650,2024-03-30,05:49,4511.7
P02087,2024-03-30,12:02,1569.56
P29326,2024-03-31,11:54,868.51
P40574,2024-03-31,17:43,2703.74
P14556,2024-03-31,19:00,911.09
P08848,2024-03-31,23:51,939.81
P20863,2024-04-01,05:56,8195.7
P15836,2024-04-01,05:56,4112.84
P40538,2024-04-01,18:56,867.22
P28960,2024-04-02,06:39,4935.19
P30285,2024-04-02,07:24,2440.1
P40531,2024-04-02,09:06,452.62
P11618,2024-04-02,18:25,1188.87
P41806,2024-04-02,18:26,3856.35
P43595,2024-04-02,23:32,44050.89
P10898,2024-04-02,23:49,4782.95
P36106,2024-04-03,12:00,3690.04
P15133,2024-04-03,14:12,753.33
P42049,2024-04-04,01:54,2426.97
P21466,2024-04-04,06:01,1401.34
P26202,2024-04-04,10:22,2164.82
P17772,2024-04-05,22:21,2420.02
P29174,2024-04-05,22:46,2203.42
P27419,2024-04-05,23:36,4110.11
P17876,2024-04-06,04:16,37231.85
P14479,2024-04-06,06:12,74149.76
P36077,2024-04-06,06:43,7500.41
P34204,2024-04-06,13:22,3453.63
P28744,2024-04-06,15:04,2116.56
P29515,2024-04-06,17:59,551.79
P07621,2024-04-06,23:07,1225.38
P34389,2024-04-07,15:35,805.38
P40567,2024-04-07,18:17,1149.43
P34340,2024-04-08,05:54,7847.22
P42295,2024-04-08,14:44,6569.82
P12258,2024-04-08,18:09,722.26
P26929,2024-04-08,18:18,5041.38
P16370,2024-04-09,02:21,3257.36
P08878,2024-04-09,14:29,751.51
P03943,2024-04-10,04:47,1503.75
P14860,2024-04-10,06:12,882.38
P09886,2024-04-10,16:11,1179.86
P09888,2024-04-10,17:31,40488.97
P04451,2024-04-11,09:26,4879.15
P09872,2024-04-11,13:46,1396.59
P03451,2024-04-11,17:22,4501.51
P09892,2024-04-11,19:34,25050.41
P30203,2024-04-12,07:19,466.49
P29604,2024-04-12,12:16,1194.13
P34375,2024-04-12,16:21,2095.84
P09868,2024-04-12,17:46,775.61
P27831,2024-04-12,22:49,7854.28
P34333,2024-04-13,22:49,1523.59
P12375,2024-04-14,00:19,674.34
P27832,2024-04-14,18:20,1111.28
P20167,2024-04-15,02:41,1929.86
P11354,2024-04-15,12:21,4222.91
P34307,2024-04-15,18:39,1781.3
P43995,2024-04-16,00:09,3362.1
P09876,2024-04-16,03:15,1407.45
P29493,2024-04-16,05:02,6546.28
P40579,2024-04-16,05:59,423.7
P37697,2024-04-16,06:23,855.98
P06199,2024-04-16,12:10,4396.49
P12248,2024-04-17,00:24,2941.41
P28522,2024-04-17,02:44,2087.06
P34392,2024-04-17,03:03,1670.3
P14616,2024-04-17,08:01,4149.99
P29223,2024-04-17,14:20,11476.83
P21734,2024-04-17,18:25,4563.59
P34327,2024-04-17,20:30,1470.22
P29690,2024-04-18,12:27,3137.2
P37425,2024-04-18,12:37,2976.93
P14275,2024-04-18,13:15,1193.44
P24256,2024-04-18,15:41,717.35
P02683,2024-04-19,06:28,49.3
P38467,2024-04-19,07:27,1054.15
P42853,2024-04-19,15:55,4225.67
P10572,2024-04-19,19:40,958.0
P18817,2024-04-20,00:30,159209.3
P18949,2024-04-20,12:45,3030.48
P15541,2024-04-20,13:21,3076.3
P09883,2024-04-20,18:27,2983.65
P05991,2024-04-20,21:56,23958.06
P40452,2024-04-20,22:25,1627.02
P23730,2024-04-21,02:24,1649.41
P42509,2024-04-21,08:10,503.06
P30758,2024-04-21,12:38,2113.81
P31721,2024-04-21,17:44,2859.52
P34320,2024-04-21,18:57,2182.54
P03939,2024-04-22,04:02,1280.0
P15234,2024-04-22,21:44,1656.89
P28820,2024-04-23,17:14,14605.01
P21806,2024-04-23,18:36,16485.57
P03024,2024-04-23,18:36,129.18
P31461,2024-04-24,03:48,2009.67
P12177,2024-04-24,20:28,3308.5
P09873,2024-04-25,03:49,3781.8
P11821,2024-04-25,11:03,6107.73
P28815,2024-04-25,13:20,15498.06
P30095,2024-04-25,23:44,1062.61
P17225,2024-04-26,14:34,3949.4
P09599,2024-04-28,04:49,214.24
P40042,2024-04-28,06:44,7700.08
P30438,2024-04-28,11:33,2063.5
P14786,2024-04-28,13:02,1893.88
P09884,2024-04-28,14:01,21167.92
P40534,2024-04-28,18:25,36062.66
P01003,2024-04-28,21:05,4000.21
P25333,2024-04-28,23:19,10056.04
P02347,2024-04-29,01:51,1109.97
P04635,2024-04-29,04:05,9294.66
P24258,2024-04-29,14:56,1490.6
P38411,2024-04-29,14:58,1462.33
P40575,2024-04-29,15:36,30375.92
P01603,2024-04-29,23:07,18153.6
P42368,2024-04-30,17:22,19443.62
P24732,2024-05-01,18:59,108314.58
P25510,2024-05-02,00:09,15453.17
P09895,2024-05-02,17:20,4835.76
P28452,2024-05-03,03:40,7444.81
P38757,2024-05-03,12:52,516.31
P30112,2024-05-03,18:33,1137.84
P16607,2024-05-04,12:52,47913.3
P15272,2024-05-04,16:33,1389.99
P18573,2024-05-04,18:50,386.67
P15256,2024-05-05,00:57,46031.24
P04259,2024-05-05,16:02,1687.26
P09867,2024-05-05,16:43,1912.87
P40541,2024-05-06,07:24,7153.91
P20278,2024-05-06,07:44,2083.07
P19294,2024-05-06,12:12,3202.36
P30643,2024-05-06,22:52,738.87
P27510,2024-05-07,03:33,2819.85
P27443,2024-05-07,06:03,1310.87
P13928,2024-05-08,01:02,12149.51
P28471,2024-05-08,07:28,1044.65
P18699,2024-05-08,08:41,3735.41
P29568,2024-05-08,15:37,5080.9
P02845,2024-05-08,17:44,1615.01
P13927,2024-05-09,00:40,1544.73
P42285,2024-05-09,09:24,591.78
P36454,2024-05-09,10:29,1804.66
P22030,2024-05-09,19:25,4634.23
P05799,2024-05-10,00:17,2771.87
P38959,2024-05-10,03:39,5615.15
P30090,2024-05-10,04:18,1901.72
P21978,2024-05-10,18:35,3674.85
P21448,2024-05-11,01:54,1286.58
P25511,2024-05-11,07:19,4831.47
P29077,2024-05-11,14:25,965.65
P05767,2024-05-11,18:22,1925.87
P29188,2024-05-12,04:38,2212.78
P10555,2024-05-12,16:51,2616.05
P29189,2024-05-12,19:43,1095.28
P18419,2024-05-13,01:27,482.79
P09864,2024-05-13,23:04,15004.86
P17910,2024-05-14,13:10,1856.27
P24383,2024-05-14,19:14,2935.37
P29347,2024-05-15,07:14,4830.74
P29566,2024-05-15,10:08,749.03
P20081,2024-05-15,15:32,1982.91
P11073,2024-05-15,16:56,6270.21
P25563,2024-05-15,20:45,1799.38
P14223,2024-05-15,23:40,849.35
P25558,2024-05-16,03:47,2828.47
P21503,2024-05-16,19:36,904926.07
P05814,2024-05-16,22:16,1411.23
P42471,2024-05-17,07:23,4534.45
P05102,2024-05-17,10:52,4194.29
P34373,2024-05-17,13:00,7997.77
P28514,2024-05-17,23:36,1444.37
P24380,2024-05-18,04:24,4489.57
P09889,2024-05-19,00:27,5142.99
P25509,2024-05-19,07:22,1417.91
P17012,2024-05-19,13:56,1630.66
P34339,2024-05-20,15:13,7910.56
P39461,2024-05-21,11:06,2252.42
P09890,2024-05-21,17:22,2165.62
P31077,2024-05-21,19:04,3349.37
P27520,2024-05-21,19:40,681.85
P03738,2024-05-22,15:32,4865.65
P04131,2024-05-23,06:08,3079.7
P22744,2024-05-23,15:35,1968.78
P29406,2024-05-23,18:29,1424.17
P28853,2024-05-23,21:18,1554.5
P11621,2024-05-24,05:13,1343.85
P40883,2024-05-24,07:18,1821.7
P40692,2024-05-24,17:40,3089.45
P23277,2024-05-24,22:50,20294.69
P15520,2024-05-24,22:52,1307.23
P14440,2024-05-25,05:38,2385.44
P34341,2024-05-25,13:17,327.5
P43779,2024-05-26,00:29,1919.24
P13671,2024-05-26,14:38,2516.61
P29542,2024-05-27,06:57,672.01
P34309,2024-05-27,10:32,736.78
P30052,2024-05-27,14:41,893.32
P40458,2024-05-27,16:36,927.71
P20371,2024-05-28,03:00,15856.74
P40528,2024-05-28,05:22,8696.26
P34319,2024-05-28,06:12,1290.3
P01558,2024-05-28,07:39,128.11
P20631,2024-05-28,13:47,4063.01
P30160,2024-05-28,20:28,8338.37
P16389,2024-05-28,23:26,2512.08
P29506,2024-05-29,10:46,1630.42
P18767,2024-05-30,03:11,6184.85
P30289,2024-05-30,03:26,465.99
P25689,2024-05-30,12:07,3157.08
P39991,2024-05-30,13:43,11041.4
P12228,2024-05-30,20:22,1276.91
P14392,2024-05-30,21:39,5934.03
P23740,2024-05-31,09:37,4994.83
P30681,2024-05-31,12:53,2007.79
P08840,2024-05-31,15:36,1424.43
P30109,2024-06-01,09:07,4108.31
P22029,2024-06-01,12:56,32585.13
P28831,2024-06-01,16:28,1835.79
P29168,2024-06-01,20:31,2721.52
P01064,2024-06-02,13:48,129.75
P15413,2024-06-02,15:46,17286.83
P02274,2024-06-02,18:37,3187.9
P13702,2024-06-02,20:41,1729.92
P20279,2024-06-03,02:07,930.06
P40573,2024-06-03,11:07,1005.1
P43745,2024-06-04,01:51,6207.53
P42497,2024-06-04,02:28,1046.78
P10552,2024-06-04,15:50,1126.55
P41471,2024-06-05,10:58,5155.29
P14679,2024-06-05,17:55,1862.22
P17692,2024-06-05,18:45,1044.75
P38729,2024-06-06,02:54,2557.67
P29227,2024-06-06,07:53,3154.36
P39420,2024-06-06,10:06,2611.11
P29343,2024-06-06,20:16,1693.74
P09869,2024-06-07,10:59,1278.97
P28734,2024-06-07,12:20,925.09
P31230,2024-06-07,20:04,690.32
P09743,2024-06-08,00:44,19239.92
P14918,2024-06-08,03:25,2568.49
P20235,2024-06-08,08:32,43836.39
P34324,2024-06-08,11:48,1358.89
P42289,2024-06-08,13:17,3419.22
P15153,2024-06-08,13:59,3040.02
P15181,2024-06-08,17:08,4950.16
P40578,2024-06-08,19:01,2061.84
P29179,2024-06-08,23:10,3882.76
P04047,2024-06-08,23:47,3585.24
P27298,2024-06-09,00:44,1052.58
P14608,2024-06-09,01:17,6335.19
P15151,2024-06-09,02:54,7267.17
P18323,2024-06-09,03:15,5222.09
P13643,2024-06-09,09:17,1677.72
P29647,2024-06-09,17:36,34497.11
P01249,2024-06-09,22:40,4675.13
P21721,2024-06-09,22:50,2435.83
P31345,2024-06-10,03:38,4940.11
P30692,2024-06-10,09:48,1813.09
P14663,2024-06-10,11:19,10386.99
P14809,2024-06-10,18:30,6356.57
P32151,2024-06-11,00:06,2307.22
P14985,2024-06-11,04:32,574.14
P33754,2024-06-11,21:55,3616.32
P30107,2024-06-12,03:07,1137.82
P29478,2024-06-12,18:00,1641.09
P39993,2024-06-12,19:01,26882.52
P20282,2024-06-12,21:12,1067.74
P38537,2024-06-13,02:37,5583.96
P02504,2024-06-13,15:47,1923.68
P15537,2024-06-14,16:09,9982.43
P34122,2024-06-14,16:39,4566.07
P14577,2024-06-14,17:53,4069.42
P03195,2024-06-15,14:24,4510.65
P31347,2024-06-16,02:13,2899.25
P09742,2024-06-16,02:13,3888.25
P21461,2024-06-16,02:13,167530.54
P29409,2024-06-16,04:46,16139.91
P15547,2024-06-16,09:00,3724.91
P20758,2024-06-16,15:38,1962.06
P23596,2024-06-16,15:59,3782.72
P21411,2024-06-16,18:27,1439.65
P15148,2024-06-17,01:08,5253.48
P40009,2024-06-17,04:11,3529.77
P05446,2024-06-17,05:24,3613.6
P29659,2024-06-17,06:51,2508.63
P42438,2024-06-17,19:35,2169.53
P04962,2024-06-17,20:44,1277.23
P43184,2024-06-18,09:19,425116.57
P05313,2024-06-18,16:01,1091.09
P17235,2024-06-18,20:52,3617.92
P28500,2024-06-19,03:25,15338.69
P28968,2024-06-19,07:09,1408.16
P28964,2024-06-19,16:52,901.39
P24259,2024-06-19,19:56,1552.41
P40455,2024-06-19,21:16,2093.01
P30186,2024-06-20,11:31,8838.98
P30103,2024-06-20,16:03,1015.12
P10553,2024-06-20,18:15,722.23
P30418,2024-06-20,20:02,1200.57
P12501,2024-06-21,09:55,1836.62
P43183,2024-06-22,02:14,7503.06
P32320,2024-06-22,18:33,632.35
P03946,2024-06-23,04:52,2213.22
P30404,2024-06-23,06:32,1547.52
P20587,2024-06-23,14:26,938.75
P40539,2024-06-23,20:01,15416.86
P42468,2024-06-24,02:52,10898.71
P38456,2024-06-24,08:42,1814.03
P16072,2024-06-24,10:58,946.99
P40533,2024-06-24,17:48,2163.16
P21468,2024-06-24,22:17,17300.4
P10549,2024-06-25,00:10,4364.27
P21416,2024-06-25,02:29,1543.32
P30400,2024-06-25,08:14,401.11
P29796,2024-06-25,11:51,1120.97
P14753,2024-06-25,14:28,1244.26
P39447,2024-06-25,19:08,4232.79
P34344,2024-06-25,22:13,12198.84
P34390,2024-06-26,16:11,1359.88
P06213,2024-06-26,19:56,2151.95
P21634,2024-06-27,02:25,33212.21
P24251,2024-06-27,07:49,4105.89
P42290,2024-06-27,09:13,2081.53
P03888,2024-06-27,15:10,3726.1
P36327,2024-06-27,20:14,4827.91
P36423,2024-06-28,07:04,2053.73
P28557,2024-06-28,10:18,6145.78
P25553,2024-06-28,12:28,2656.49
P30459,2024-06-28,13:14,869.78
P30399,2024-06-28,17:40,716.03
P29092,2024-06-28,23:26,1564.11
P42286,2024-06-29,00:51,2139.22
P27589,2024-06-29,02:24,2952.49
P39429,2024-06-29,05:06,1337.56
P34342,2024-06-29,08:02,2298.68
P13745,2024-06-29,09:07,3024.46
P36421,2024-06-29,18:24,1839.62
P34317,2024-06-29,23:00,1528.45
P18653,2024-06-30,02:07,3158.34
P04252,2024-06-30,06:17,5350.92
P05618,2024-06-30,08:20,3737.55
P27397,2024-06-30,13:09,1692.73
P30410,2024-07-01,06:01,544.11
P09878,2024-07-02,02:48,617.19
P05450,2024-07-02,07:16,3167.79
P34374,2024-07-02,11:49,3542.84
P39435,2024-07-02,13:29,957.02
P27554,2024-07-02,16:00,622.87
P15011,2024-07-02,22:07,2254.09
P01005,2024-07-03,10:05,2663.18
P21953,2024-07-03,14:10,552.83
P37428,2024-07-03,20:50,2751.86
P38943,2024-07-03,23:38,1698.46
P15366,2024-07-04,02:24,1213.37
P32250,2024-07-04,18:54,4717.46
P01331,2024-07-04,21:46,1731.07
P07098,2024-07-04,23:30,1994.65
P30108,2024-07-05,00:29,16706.62
P34318,2024-07-05,02:47,3042.54
P15443,2024-07-05,02:54,4501.47
P12668,2024-07-05,04:19,29013.22
P20194,2024-07-05,04:45,1291.17
P04082,2024-07-05,15:02,3232.46
P39511,2024-07-05,17:19,1357.17
P12265,2024-07-05,17:34,1413.44
P06025,2024-07-06,02:44,1142.72
P30100,2024-07-06,08:34,3564.76
P10543,2024-07-06,09:11,58980.87
P14013,2024-07-06,09:21,906.71
P30522,2024-07-06,16:23,1149.82
P12110,2024-07-06,16:47,4484.97
P10545,2024-07-06,17:13,804.29
P30275,2024-07-06,18:20,3916.45
P30152,2024-07-06,21:05,7038.3
P40526,2024-07-07,02:03,1049.37
P25576,2024-07-07,02:55,1164.42
P27610,2024-07-07,16:32,23775.38
P01874,2024-07-08,01:14,2728.75
P16391,2024-07-08,05:02,1133.37
P15966,2024-07-09,08:55,1532.83
P38950,2024-07-09,10:31,1358866.17
P14468,2024-07-09,19:41,817.2
P20226,2024-07-09,21:58,1470.21
P31123,2024-07-10,02:18,2015.08
P15968,2024-07-10,02:56,891.38
P01062,2024-07-10,12:48,2999.28
P32229,2024-07-10,22:53,550.96
P37426,2024-07-11,00:19,6320.26
P26679,2024-07-11,05:24,3591.17
P09874,2024-07-11,07:52,1300.44
P42431,2024-07-11,08:48,1505.03
P42506,2024-07-12,06:50,519.65
P42501,2024-07-12,09:00,2362.82
P13195,2024-07-12,10:04,811.43
P10551,2024-07-12,19:19,3744.96
P09155,2024-07-12,19:59,1964.06
P03278,2024-07-12,22:09,4200.13
P31513,2024-07-13,02:12,30118.12
P15071,2024-07-13,03:01,52063.56
P29099,2024-07-13,03:01,3559.14
P29547,2024-07-13,05:40,374.04
P29342,2024-07-13,21:03,2900.05
P30105,2024-07-13,21:06,1928.2
P19157,2024-07-14,07:05,3789.72
P29395,2024-07-14,11:59,893.08
P42498,2024-07-14,15:04,1259.21
P42518,2024-07-14,15:04,1063.6
P42520,2024-07-15,09:05,38845.76
P23734,2024-07-15,15:25,1666.74
P43540,2024-07-15,15:27,3398.93
P30532,2024-07-15,16:06,5914.44
P39157,2024-07-15,18:57,5132.56
P22037,2024-07-15,23:25,18662.2
P10550,2024-07-16,03:07,1458.99
P14980,2024-07-16,03:10,2333.57
P43821,2024-07-16,15:29,1763.24
P16148,2024-07-16,17:03,496.52
P29089,2024-07-16,19:01,3278.06
P27502,2024-07-16,21:08,2545.26
P34312,2024-07-16,23:32,875.6
P14434,2024-07-17,07:56,702.29
P04410,2024-07-17,10:56,2356.88
P29534,2024-07-17,12:18,8837.23
P17042,2024-07-17,13:39,480.39
P21909,2024-07-17,16:45,2017.3
P42495,2024-07-17,23:02,23299.27
P34334,2024-07-18,04:07,930.09
P13434,2024-07-18,06:21,13381.97
P42549,2024-07-18,09:11,3321.12
P34315,2024-07-18,22:13,1715.99
P27506,2024-07-19,03:12,6867.19
P42499,2024-07-19,03:12,1171.19
P27549,2024-07-19,16:30,679.57
P42483,2024-07-19,21:14,5818.33
P16485,2024-07-20,04:43,1852.92
P27683,2024-07-20,08:42,4206.17
P15978,2024-07-20,15:15,3999.59
P14657,2024-07-20,15:44,1031.02
P20200,2024-07-20,21:36,17605.45
P27512,2024-07-21,09:16,1112.67
P30035,2024-07-21,09:16,674.83
P15258,2024-07-21,09:16,720.03
P38958,2024-07-21,13:53,607.37
P13925,2024-07-21,17:39,2206.01
P38740,2024-07-22,03:18,6244.28
P42535,2024-07-22,03:18,718.47
P20721,2024-07-22,11:34,6247.1
P27630,2024-07-22,15:41,1287.53
P38944,2024-07-22,21:00,30680.29
P12497,2024-07-23,00:29,10691.12
P01386,2024-07-23,01:44,2681.88
P30709,2024-07-23,01:59,2412.25
P02404,2024-07-23,04:41,1626.0
P10566,2024-07-23,11:01,966.68
P20779,2024-07-23,15:20,4888.51
P42574,2024-07-23,15:20,694.67
P23748,2024-07-23,18:15,19658.94
P29450,2024-07-23,19:37,27169.19
P07266,2024-07-24,01:52,1255.59
P15974,2024-07-24,04:49,459.27
P14923,2024-07-24,09:22,364.25
P30473,2024-07-24,16:44,2444.21
P42567,2024-07-25,03:23,2488.75
P30034,2024-07-25,03:23,2772.09
P15070,2024-07-25,03:23,4499.12
P29079,2024-07-25,03:23,1553.02
P42555,2024-07-25,03:23,601.08
P30046,2024-07-25,03:23,1239.93
P16478,2024-07-25,03:23,1628.9
P29103,2024-07-25,03:23,1731.11
P29518,2024-07-25,09:11,552.01
P36414,2024-07-25,21:24,5640.27
P14638,2024-07-25,21:48,1975.09
P14637,2024-07-26,01:06,1061.26
P14975,2024-07-26,01:44,1143.0
P01011,2024-07-26,01:53,4605.92
P27501,2024-07-26,03:43,1130.36
P19525,2024-07-26,05:33,2508.48
P14661,2024-07-27,09:27,3564.15
P15260,2024-07-27,09:27,1657.28
P18321,2024-07-27,09:27,2301.47
P28969,2024-07-27,12:21,7951.09
P04559,2024-07-27,15:32,1225.37
P07612,2024-07-27,16:50,4162.9
P30093,2024-07-27,21:45,2548.22
P40102,2024-07-28,00:31,2031.29
P15261,2024-07-28,03:29,1622.1
P27540,2024-07-28,03:29,1272.62
P29094,2024-07-28,03:29,536.95
P29437,2024-07-28,05:03,17027.6
P38766,2024-07-28,05:29,14803.01
P39500,2024-07-28,08:28,1102.48
P43887,2024-07-28,09:14,4703.08
P15971,2024-07-28,21:30,697.72
P38711,2024-07-28,21:30,36757.75
P36416,2024-07-28,21:30,4822.09
P28966,2024-07-28,21:30,1170.02
P13931,2024-07-28,21:30,627.73
P27297,2024-07-28,21:30,1578.17
P15073,2024-07-28,21:30,22435.37
P42519,2024-07-28,21:30,2190.44
P20231,2024-07-29,06:31,2167.2
P42462,2024-07-29,09:55,118491.61
P18318,2024-07-29,15:31,1545.56
P27301,2024-07-30,09:17,3590.82
P34351,2024-07-30,10:40,1270.31
P23744,2024-07-30,11:09,4133.08
P42389,2024-07-30,11:31,2797.68
P29567,2024-07-30,11:56,637.03
P37157,2024-07-30,15:34,1226.15
P16480,2024-07-31,03:34,20753.28
P42557,2024-07-31,03:34,3661.36
P27543,2024-07-31,03:34,727.89
P23258,2024-07-31,05:10,4992.29
P28718,2024-07-31,07:25,624.5
P41060,2024-07-31,09:54,1119.07
P19176,2024-07-31,12:40,317.5
P32255,2024-07-31,19:12,7633.91
P27583,2024-07-31,21:35,758.82
P14452,2024-07-31,21:35,611.69
P14666,2024-07-31,21:35,20979.11
P40537,2024-07-31,21:35,1342.79
P14458,2024-07-31,21:35,2074.73
P42566,2024-07-31,21:35,1806.33
P15267,2024-08-01,15:37,8254.6
P36415,2024-08-01,15:37,3596.8
P15270,2024-08-01,15:37,3351.93
P15307,2024-08-01,15:37,710.24
P42568,2024-08-01,15:37,11647.42
P09885,2024-08-01,20:01,1423.55
P14562,2024-08-01,20:54,1299.32
P12493,2024-08-01,23:25,2748.86
P30517,2024-08-02,00:56,454.31
P34337,2024-08-02,06:16,2916.47
P03226,2024-08-02,09:23,3715.34
P27507,2024-08-02,09:38,1434.11
P42473,2024-08-02,09:38,9356.84
P42504,2024-08-02,09:38,391.06
P38741,2024-08-02,09:38,1947.53
P01595,2024-08-02,16:09,5367.99
P30154,2024-08-02,19:16,11938.03
P31851,2024-08-02,19:45,2586.76
P27614,2024-08-02,21:32,4987.7
P29194,2024-08-02,22:08,1398.24
P19528,2024-08-02,22:46,6433.67
P23747,2024-08-03,03:39,4656.21
P16484,2024-08-03,03:39,13208.32
P30042,2024-08-03,03:39,2353.9
P27509,2024-08-03,21:41,799.32
P15264,2024-08-03,21:41,2437.38
P29082,2024-08-03,21:41,458.4
P42510,2024-08-03,21:41,3510.22
P27625,2024-08-03,21:41,3268.8
P42565,2024-08-03,21:41,1070.05
P21447,2024-08-04,06:43,3615.43
P42390,2024-08-04,07:23,1847.76
P16689,2024-08-04,14:22,1494.26
P20821,2024-08-04,15:42,14824.67
P11616,2024-08-04,15:42,472.64
P16469,2024-08-04,15:42,1186.16
P19198,2024-08-04,18:48,1387.13
P16523,2024-08-04,19:20,3958.87
P27585,2024-08-05,09:43,897.53
P20348,2024-08-05,09:43,3580.73
P16608,2024-08-05,09:45,1958.94
P30164,2024-08-06,03:39,3570.74
P38753,2024-08-06,03:45,1853.54
P15072,2024-08-06,03:45,2373.63
P42469,2024-08-06,03:45,2854.09
P42542,2024-08-06,03:45,1603.42
P36422,2024-08-06,06:03,1394.34
P10975,2024-08-06,19:07,2041.75
P27557,2024-08-06,21:46,2512.15
P38745,2024-08-06,21:46,71470.34
P42421,2024-08-06,23:57,1327.71
P17886,2024-08-07,00:22,688.17
P42544,2024-08-07,08:42,2657.51
P27291,2024-08-07,15:47,1326.73
P29090,2024-08-07,15:47,3343.93
P42441,2024-08-07,15:47,56351.5
P42440,2024-08-07,15:47,106180.49
P42546,2024-08-07,15:47,10013.39
P42494,2024-08-07,15:47,636.38
P30520,2024-08-07,17:05,436.69
P29102,2024-08-08,03:18,5543.47
P42496,2024-08-08,09:49,11526.0
P42502,2024-08-08,09:49,1287.4
P28715,2024-08-08,09:49,1329.41
P15279,2024-08-08,09:49,602.73
P42484,2024-08-08,09:49,1018.4
P34304,2024-08-08,14:07,5700.01
P38454,2024-08-08,17:53,2412.49
P11068,2024-08-09,03:50,4692.35
P14469,2024-08-09,03:50,11214.89
P09893,2024-08-09,03:50,277.68
P14672,2024-08-09,03:50,762.46
P38468,2024-08-09,21:52,12514.32
P27605,2024-08-09,21:52,439.96
P29081,2024-08-09,21:52,930.35
P30505,2024-08-09,21:52,2814.86
P38712,2024-08-09,21:52,3407.89
P14466,2024-08-09,21:52,2618.58
P24254,2024-08-09,23:13,1216.64
P14463,2024-08-10,04:44,2029.66
P16476,2024-08-10,13:36,1431.92
P38709,2024-08-10,15:53,10343.27
P27617,2024-08-10,15:53,2908.58
P42505,2024-08-10,15:53,915.89
P42527,2024-08-10,15:53,1498.06
P11044,2024-08-10,15:53,1096.0
P42552,2024-08-10,15:53,12639.98
P21055,2024-08-10,15:53,3278.88
P29086,2024-08-10,17:16,10919.14
P20822,2024-08-10,19:20,7606.26
P13604,2024-08-11,09:54,9345.51
P14459,2024-08-11,09:54,1031.71
P34306,2024-08-11,09:54,662.23
P16152,2024-08-11,09:54,499.8
P18329,2024-08-11,09:54,3349.49
P42541,2024-08-11,09:54,1433.29
P29098,2024-08-11,09:54,371.19
P27440,2024-08-11,10:33,673.99
P34335,2024-08-11,13:46,3336.53
P03260,2024-08-12,03:03,2513.22
P26605,2024-08-12,03:40,3254.32
P16153,2024-08-12,03:56,5948.31
P42485,2024-08-12,03:56,2545.61
P27290,2024-08-12,03:56,17706.7
P02977,2024-08-12,07:35,1389.64
P31713,2024-08-12,10:07,3732.91
P29157,2024-08-12,10:17,1308.39
P13920,2024-08-12,11:29,1724.95
P03906,2024-08-12,14:51,2829.05
P20197,2024-08-12,16:49,2761.41
P30478,2024-08-12,21:57,5747.47
P42433,2024-08-12,21:57,14201.66
P31464,2024-08-12,21:57,14570.0
P15302,2024-08-12,21:57,39728.55
P29046,2024-08-12,21:57,30422.79
P38472,2024-08-12,21:57,7867.96
P42281,2024-08-12,22:02,7434.47
P22014,2024-08-12,23:17,3042.41
P30187,2024-08-13,14:53,2744.88
P21917,2024-08-13,15:58,231.16
P11050,2024-08-13,15:58,731.91
P11063,2024-08-13,15:58,860.21
P29338,2024-08-13,15:58,1171.44
P27602,2024-08-13,15:58,889.7
P11617,2024-08-13,15:58,8427.02
P38720,2024-08-13,15:58,2802.99
P01114,2024-08-13,19:52,4160.81
P16822,2024-08-13,21:29,728.45
P41899,2024-08-14,05:14,2581.2
P01761,2024-08-14,07:13,3133.98
P42287,2024-08-14,09:23,700.17
P30053,2024-08-14,10:00,2261.41
P30479,2024-08-14,10:00,2006.38
P42626,2024-08-14,10:00,1105.09
P27292,2024-08-14,10:00,423.11
P15265,2024-08-14,10:00,2374.47
P20224,2024-08-14,12:58,7865.15
P42364,2024-08-14,14:53,2022.74
P17877,2024-08-14,17:06,2405.4
P07265,2024-08-15,04:01,12901.61
P27515,2024-08-15,04:01,7571.71
P30270,2024-08-15,04:01,502.25
P29108,2024-08-15,04:01,837.78
P18320,2024-08-15,04:01,958.52
P27613,2024-08-15,07:43,578.93
P30455,2024-08-15,19:30,567.03
P23731,2024-08-15,22:02,3299.18
P14669,2024-08-15,22:02,4831.13
P29093,2024-08-15,22:02,761.57
P30842,2024-08-16,08:06,3195.98
P07611,2024-08-16,16:04,18034.99
P20377,2024-08-16,16:04,842.86
P27629,2024-08-16,16:04,1331.32
P30496,2024-08-16,16:04,88690.54
P42564,2024-08-16,16:04,23540.6
P15305,2024-08-16,16:04,1132.85
P31466,2024-08-16,16:04,2720.71
P30156,2024-08-16,17:14,10945.64
P32955,2024-08-17,01:20,1770.27
P17222,2024-08-17,01:22,418.39
P01277,2024-08-17,05:29,3755.21
P38783,2024-08-17,10:05,3125.18
P38714,2024-08-17,10:05,2466.78
P42529,2024-08-17,10:05,1643.58
P42447,2024-08-17,10:05,16160.69
P20359,2024-08-17,10:05,2215.89
P36425,2024-08-17,10:05,8436.09
P30516,2024-08-17,14:23,10970.55
P42465,2024-08-18,04:06,3835.66
P20356,2024-08-18,04:06,2846.16
P36419,2024-08-18,04:06,8378.71
P27606,2024-08-18,04:06,22268.85
P04003,2024-08-18,05:10,3753.12
P30199,2024-08-18,05:55,21041.67
P05457,2024-08-18,07:09,4073.06
P28828,2024-08-18,11:42,4530.44
P38347,2024-08-18,19:56,1734.96
P11038,2024-08-18,22:08,1784.1
P21914,2024-08-18,22:08,5857.2
P11042,2024-08-18,22:08,15174.49
P29095,2024-08-18,22:08,32284.09
P42534,2024-08-18,22:08,2725.7
P15308,2024-08-18,22:08,1135.72
P34305,2024-08-19,01:38,4087.97
P40571,2024-08-19,12:42,2058.11
P29036,2024-08-19,15:17,2543.03
P42479,2024-08-19,16:09,23115.86
P28733,2024-08-19,16:09,1373.4
P11054,2024-08-19,16:09,8447.15
P29822,2024-08-20,08:23,36204.2
P27597,2024-08-20,09:16,10710.49
P27539,2024-08-20,10:11,2158.54
P38744,2024-08-20,10:11,2707.85
P27604,2024-08-20,10:11,12138.21
P01193,2024-08-21,00:32,3783.52
P34664,2024-08-21,02:22,1263.77
P20376,2024-08-21,04:12,4744.26
P15280,2024-08-21,04:12,7944.16
P42466,2024-08-21,04:12,67727.11
P17221,2024-08-21,04:12,5620.07
P30050,2024-08-21,04:12,41696.91
P39480,2024-08-21,05:51,840.33
P30274,2024-08-21,06:45,735.04
P42355,2024-08-21,10:59,3416.66
P42278,2024-08-21,21:38,5879.52
P30503,2024-08-21,22:13,2289.75
P21913,2024-08-21,22:13,5001.95
P15417,2024-08-21,22:13,9877.53
P14442,2024-08-21,22:13,11212.88
P34310,2024-08-22,13:23,839.8
P29044,2024-08-22,16:15,1405.23
P21919,2024-08-22,16:15,4004.13
P27618,2024-08-22,16:15,1037.99
P38727,2024-08-22,16:15,6069.28
P42005,2024-08-23,01:01,3817.29
P38737,2024-08-23,10:16,3873.22
P18327,2024-08-23,10:16,27273.08
P18420,2024-08-23,10:16,2485.91
P27522,2024-08-23,10:16,1042.31
P42376,2024-08-23,11:09,3649.22
P12499,2024-08-23,21:21,1426.69
P14121,2024-08-24,02:05,3145.84
P12461,2024-08-24,03:47,2209.02
P11072,2024-08-24,04:17,1672.84
P20354,2024-08-24,04:17,1594.39
P16677,2024-08-24,04:17,895.2
P30468,2024-08-24,04:17,2588.4
P27294,2024-08-24,04:17,3889.86
P15876,2024-08-24,09:45,2647.86
P38715,2024-08-25,16:20,1195.62
P30495,2024-08-25,16:20,6169.09
P27542,2024-08-25,16:20,33894.88
P29052,2024-08-26,10:21,1594.88
P42569,2024-08-26,10:21,682.81
P18335,2024-08-26,10:21,398.06
P29171,2024-08-26,15:14,1323.61
P16468,2024-08-26,19:38,1917.72
P42500,2024-08-27,01:53,7733.94
P34300,2024-08-27,02:24,8774.02
P29060,2024-08-27,04:23,3817.03
P13929,2024-08-27,04:23,2560.66
P18424,2024-08-27,04:23,628.28
P30482,2024-08-27,04:23,406.73
P27622,2024-08-27,04:23,19381.49
P22024,2024-08-27,08:07,3892.05
P15179,2024-08-27,13:45,2786.44
P31806,2024-08-27,16:03,2044.43
P34345,2024-08-27,19:09,756.58
P30288,2024-08-27,22:24,134813.38
P14473,2024-08-27,22:24,831.49
P11148,2024-08-27,22:24,4727.64
P15586,2024-08-28,16:25,5454.87
P30290,2024-08-28,16:25,1072.27
P11066,2024-08-28,16:25,935.36
P30273,2024-08-28,16:25,1217.65
P11067,2024-08-28,16:25,6527.01
P42472,2024-08-28,16:25,28103.72
P27503,2024-08-28,16:25,9568.47
P41550,2024-08-29,10:27,220411.24
P38718,2024-08-29,10:27,675.5
P29084,2024-08-29,10:27,3711.99
P30269,2024-08-29,10:27,1454.2
P30403,2024-08-29,12:21,1304.27
P38733,2024-08-30,04:28,465.83
P14575,2024-08-30,04:28,1531.42
P14560,2024-08-30,04:28,1063.74
P30250,2024-08-30,04:28,1831.62
P30497,2024-08-30,04:28,5655.78
P27611,2024-08-30,04:28,2770.51
P39422,2024-08-30,05:53,4285.57
P42413,2024-08-30,10:30,1241.58
P10546,2024-08-30,16:06,1141.22
P42280,2024-08-30,17:29,6671.73
P30464,2024-08-30,22:30,896.63
P16827,2024-08-31,05:48,471.43
P38762,2024-08-31,16:31,1169.64
P29078,2024-08-31,16:31,421.58
P28479,2024-08-31,17:48,7393.07
P16073,2024-08-31,21:32,4118.24
P35694,2024-08-31,21:42,1761.78
P38755,2024-09-01,10:32,3748.8
P38723,2024-09-01,10:32,1097.97
P26736,2024-09-01,10:32,5956.18
P42539,2024-09-01,11:53,13153.66
P04165,2024-09-01,19:13,4587.45
P21965,2024-09-01,19:17,2661.09
P17698,2024-09-01,20:27,14396.84
P39468,2024-09-01,23:46,1321.78
P38735,2024-09-02,04:34,15401.47
P28956,2024-09-02,06:37,975.17
P29562,2024-09-02,13:19,9869.83
P14674,2024-09-02,18:33,2560.32
P03477,2024-09-02,21:03,3598.52
P39463,2024-09-02,21:57,1032.3
P41579,2024-09-02,22:35,338645.67
P29071,2024-09-02,22:35,2817.19
P27558,2024-09-02,22:35,1426.12
P18330,2024-09-02,22:35,1267.77
P30089,2024-09-03,02:24,469.08
P06062,2024-09-03,04:21,2053.73
P21904,2024-09-03,16:36,1031.13
P28458,2024-09-03,21:46,1878.37
P02263,2024-09-04,01:09,3221.28
P21925,2024-09-04,10:38,1986.32
P29088,2024-09-04,10:38,1713.2
P39443,2024-09-04,14:20,9976.65
P14992,2024-09-04,20:33,697.52
P42451,2024-09-05,04:39,3736.24
P20366,2024-09-05,04:39,2524.36
P14665,2024-09-05,04:39,5218.41
P14455,2024-09-05,19:26,2653.21
P11043,2024-09-05,22:40,380.66
P20361,2024-09-05,22:40,589.9
P27601,2024-09-05,22:40,687.42
P30277,2024-09-05,22:40,48751.32
P14584,2024-09-05,22:40,1181.03
P40530,2024-09-06,05:45,1153.54
P34892,2024-09-06,16:42,1588.62
P30499,2024-09-06,16:42,3722.24
P29756,2024-09-06,21:32,3799.06
P17697,2024-09-07,10:43,6552.71
P15434,2024-09-07,10:43,1545.66
P15431,2024-09-07,10:43,4717.16
P27499,2024-09-07,10:43,12797.58
P38778,2024-09-07,10:43,2645.7
P38759,2024-09-07,10:43,728.39
P16472,2024-09-07,10:43,270.66
P27548,2024-09-07,10:43,494.16
P27546,2024-09-08,01:30,6435.73
P42452,2024-09-08,04:44,834.59
P27563,2024-09-08,04:44,882.34
P28745,2024-09-08,04:44,2108.09
P38754,2024-09-08,04:44,2483.3
P15956,2024-09-08,04:44,1816.55
P14341,2024-09-08,08:47,3338.15
P19233,2024-09-08,09:33,3287.57
P29170,2024-09-08,09:44,1225.29
P28719,2024-09-08,22:46,713.71
P15422,2024-09-08,22:46,6445.89
P11052,2024-09-09,00:50,871.8
P40503,2024-09-09,01:19,856.29
P03834,2024-09-09,16:20,1669.92
P27615,2024-09-09,18:30,10272.22
P14559,2024-09-10,10:48,2293.24
P34313,2024-09-10,10:48,466.48
P15282,2024-09-11,04:50,11182.34
P11062,2024-09-11,04:50,746.21
P04337,2024-09-11,09:42,3254.24
P36619,2024-09-11,17:39,3436.79
P02920,2024-09-11,22:21,4135.19
P29061,2024-09-11,22:51,785.17
P20370,2024-09-11,22:51,43499.02
P26731,2024-09-12,14:09,1980.46
P04764,2024-09-12,16:14,2276.61
P12494,2024-09-12,16:53,2456.16
P18313,2024-09-12,16:53,5255.63
P11053,2024-09-12,16:53,2522.92
P20360,2024-09-12,16:53,1450.14
P14476,2024-09-12,16:53,2061.6
P30249,2024-09-12,16:53,2280.86
P42492,2024-09-13,07:38,1484.96
P27559,2024-09-13,10:54,345.98
P38855,2024-09-13,17:48,1156.17
P27293,2024-09-13,17:57,1715.38
P14664,2024-09-13,22:15,706.35
P40509,2024-09-14,02:11,6029.77
P42377,2024-09-14,04:06,403.75
P21906,2024-09-14,04:55,4265.43
P40552,2024-09-14,17:33,3840.72
P15587,2024-09-14,17:43,4115.54
P02146,2024-09-14,19:53,5218.65
P39587,2024-09-14,22:34,4203.85
P39059,2024-09-14,22:52,4010.75
P38779,2024-09-14,22:57,9876.24
P05760,2024-09-15,00:09,6115.26
P04077,2024-09-15,02:48,3870.91
P15952,2024-09-15,02:59,3732.43
P03854,2024-09-15,09:23,3125.39
P34352,2024-09-15,13:26,9268.28
P29427,2024-09-15,15:21,489.88
P14552,2024-09-15,16:58,1473.5
P20426,2024-09-15,23:42,3807.95
P15548,2024-09-16,07:59,1623.06
P38722,2024-09-16,10:59,12095.01
P14553,2024-09-16,10:59,923.96
P23728,2024-09-16,10:59,11567.99
P14446,2024-09-16,10:59,49932.0
P29397,2024-09-16,15:40,7277.61
P05669,2024-09-17,00:30,1327.54
P08139,2024-09-17,03:31,2192.56
P29820,2024-09-17,23:02,912.21
P15433,2024-09-17,23:02,6792.68
P05342,2024-09-18,02:06,2697.7
P29226,2024-09-18,09:05,1844.9
P30292,2024-09-18,17:03,3075.87
P12500,2024-09-18,17:03,799.12
P05764,2024-09-18,21:18,4800.68
P13921,2024-09-19,01:41,2592.72
P01945,2024-09-19,10:34,3896.29
P42269,2024-09-19,10:50,2218.28
P16150,2024-09-19,11:05,960.14
P29075,2024-09-20,05:06,1088.16
P11064,2024-09-20,05:06,5379.78
P42453,2024-09-20,13:09,1138.49
P29076,2024-09-20,23:07,797.85
P18422,2024-09-20,23:07,1642.96
P42457,2024-09-20,23:07,3756.34
P30271,2024-09-20,23:20,1613.07
P19220,2024-09-21,03:43,2562.81
P42475,2024-09-21,23:13,342.54
P11046,2024-09-22,04:27,2455.78
P10547,2024-09-22,08:05,896.52
P41549,2024-09-22,09:57,420936.83
P27599,2024-09-22,11:10,1292.16
P39826,2024-09-22,15:54,2437.82
P16659,2024-09-23,01:52,8400.69
P15981,2024-09-23,05:12,4247.09
P42548,2024-09-23,13:35,2596.69
P14662,2024-09-23,18:16,5780.15
P18208,2024-09-23,18:43,980.31
P14563,2024-09-23,23:13,8418.74
P27564,2024-09-23,23:13,4908.02
P36772,2024-09-24,03:45,711.38
P20675,2024-09-24,13:27,1349.55
P20810,2024-09-24,17:14,6184.56
P34350,2024-09-25,03:56,2474.07
P29497,2024-09-25,04:02,918.11
P38975,2024-09-25,11:13,1078.8
P28746,2024-09-26,23:18,94278.59
P38767,2024-09-26,23:18,17722.31
P07409,2024-09-27,06:48,88.44
P26688,2024-09-27,10:36,3729.96
P31720,2024-09-27,12:32,4646.93
P14585,2024-09-27,17:20,2024.22
P20365,2024-09-27,17:20,7820.1
P15948,2024-09-27,17:20,1260.05
P29676,2024-09-27,19:38,11879.14
P02428,2024-09-29,04:09,4083.51
P05950,2024-09-29,12:24,2747.72
P04124,2024-09-29,21:07,9248.36
P07102,2024-09-29,23:02,2159.17
P29512,2024-09-29,23:23,7635.61
P38713,2024-09-29,23:24,925.23
P15004,2024-09-30,03:03,4844.7
P34894,2024-09-30,12:29,829.21
P16667,2024-09-30,13:53,2392.46
P23732,2024-09-30,20:18,3003.15
P27551,2024-09-30,22:42,10913.18
P01650,2024-10-02,03:39,1164.79
P24255,2024-10-02,23:29,811.26
P01572,2024-10-03,01:48,4090.14
P42284,2024-10-03,12:44,2702.2
P24274,2024-10-03,17:31,1169.2
P43908,2024-10-03,23:19,4156.14
P39481,2024-10-04,01:14,10330.1
P15588,2024-10-04,03:49,7455.77
P01205,2024-10-04,13:58,3207.48
P18280,2024-10-04,23:28,2204.27
P14576,2024-10-05,05:33,5927.41
P40553,2024-10-05,23:35,8399.99
P11620,2024-10-06,05:16,1785.51
P38989,2024-10-06,07:35,1472.09
P29429,2024-10-06,13:02,50180.89
P42356,2024-10-07,00:23,10997.32
P14488,2024-10-07,11:37,2308.36
P15424,2024-10-07,17:16,3171.57
P30484,2024-10-08,01:25,1188.57
P20583,2024-10-08,02:17,1373.29
P28487,2024-10-08,05:39,645.41
P15001,2024-10-08,07:55,4752.27
P04536,2024-10-08,14:56,2326.14
P26640,2024-10-08,15:08,1124.77
P30514,2024-10-08,22:32,3914.42
P28717,2024-10-09,10:15,2633.88
P30489,2024-10-09,16:15,4813.41
P29557,2024-10-09,17:41,18018.52
P30458,2024-10-09,17:41,950.38
P38768,2024-10-09,17:41,1210.49
P29486,2024-10-09,17:41,11708.18
P04583,2024-10-09,17:58,3407.71
P42913,2024-10-09,19:25,1821.64
P28967,2024-10-09,19:29,2526.09
P28455,2024-10-10,13:15,2874.98
P15416,2024-10-10,15:14,29699.22
P34722,2024-10-10,21:31,3411.05
P42572,2024-10-11,05:42,4930.69
P30537,2024-10-11,05:47,7851.86
P42547,2024-10-11,11:15,24963.24
P05829,2024-10-11,22:30,3082.95
P15949,2024-10-11,23:05,6812.41
P02144,2024-10-11,23:45,132.74
P03774,2024-10-12,07:35,1540.48
P15536,2024-10-12,17:47,33231.56
P39434,2024-10-12,18:33,1992646.25
P03652,2024-10-13,06:59,3230.56
P29430,2024-10-13,11:48,6833.23
P05765,2024-10-13,23:31,7140.8
P29068,2024-10-14,06:00,2869.47
P04327,2024-10-15,17:57,1996.13
P16069,2024-10-16,05:30,803.75
P38853,2024-10-16,16:14,2519.66
P02697,2024-10-16,17:40,2573.4
P30201,2024-10-16,19:57,3664.44
P30200,2024-10-17,05:55,1998.66
P14953,2024-10-17,05:55,7035.62
P43981,2024-10-17,15:48,2562.56
P30118,2024-10-17,23:56,9274.42
P14609,2024-10-18,01:50,809.8
P24152,2024-10-18,07:30,1953.19
P30114,2024-10-18,17:58,1164.86
P42392,2024-10-18,18:39,592.21
P38903,2024-10-18,19:14,710.2
P15546,2024-10-19,06:38,23336.92
P30205,2024-10-19,11:59,2483.22
P30166,2024-10-19,18:19,1494.31
P27652,2024-10-19,20:46,693.63
P31618,2024-10-20,02:35,6610.31
P30121,2024-10-20,06:00,2657.78
P14959,2024-10-20,08:31,1023.39
P05559,2024-10-21,03:04,5462.57
P42291,2024-10-21,07:45,23220.56
P14901,2024-10-21,12:41,3712.34
P37118,2024-10-22,12:13,2269.38
P36838,2024-10-23,12:18,4219.14
P30463,2024-10-23,13:22,7894.93
P27562,2024-10-23,14:50,8029.59
P29438,2024-10-24,00:07,10907.06
P29528,2024-10-25,09:38,1127.85
P02937,2024-10-25,15:21,1747.68
P12343,2024-10-25,22:24,4044.11
P03491,2024-10-26,06:11,16534.88
P39475,2024-10-26,06:11,24422.21
P29549,2024-10-26,06:11,4447.53
P30451,2024-10-26,06:11,4386.32
P30097,2024-10-26,06:11,3726.43
P15512,2024-10-26,18:45,18642.38
P34470,2024-10-27,00:13,3996.33
P28846,2024-10-27,00:13,1538.79
P14814,2024-10-27,08:12,4513.14
P29072,2024-10-28,11:20,772.27
P42367,2024-10-28,12:15,18065.58
P30116,2024-10-28,14:46,7621.62
P37145,2024-10-28,18:47,83376.1
P03398,2024-10-29,06:17,125.09
P03218,2024-10-30,00:18,40187.05
P38936,2024-10-30,00:18,1340.38
P15347,2024-10-30,02:59,2036.02
P30441,2024-10-30,08:07,491.59
P38458,2024-10-30,14:56,1151.2
P14997,2024-10-30,18:19,2343.03
P36829,2024-10-31,12:21,3352.67
P28858,2024-10-31,12:21,940.32
P38962,2024-10-31,12:21,11654.66
P24265,2024-11-01,00:52,2219.84
P19403,2024-11-01,01:10,2937.18
P15236,2024-11-01,06:22,1984.3
P02162,2024-11-01,19:20,5250.92
P30439,2024-11-02,00:23,1213.95
P42283,2024-11-02,00:23,1172.97
P29441,2024-11-02,00:23,695.42
P12344,2024-11-02,00:26,10382.5
P30092,2024-11-02,03:28,2981.3
P05588,2024-11-02,15:34,2979.99
P28860,2024-11-02,18:25,2768.46
P01407,2024-11-03,03:02,2233.95
P37115,2024-11-03,12:26,13184.93
P29191,2024-11-03,12:26,606.76
P29492,2024-11-03,12:26,1956.34
P13390,2024-11-03,18:26,1084.67
P29431,2024-11-04,06:27,2207.07
P42359,2024-11-04,06:27,585.83
P17494,2024-11-04,10:51,3493.39
P42405,2024-11-04,19:41,4150.61
P22012,2024-11-04,19:44,10272.88
P30162,2024-11-05,00:29,853.24
P06397,2024-11-05,02:31,6311.29
P34473,2024-11-05,12:17,6682.46
P06396,2024-11-05,18:30,13641.9
P29509,2024-11-06,12:34,1501.23
P10976,2024-11-06,18:44,1479.8
P34475,2024-11-06,23:14,7342.68
P30168,2024-11-07,06:33,407442.37
P39477,2024-11-07,06:33,11813.53
P06014,2024-11-07,20:18,4417.3
P05979,2024-11-07,21:48,2712.15
P38953,2024-11-08,00:34,1233.28
P09896,2024-11-08,03:12,4356.62
P42522,2024-11-08,12:16,909.21
P13693,2024-11-08,17:49,5751.21
P30440,2024-11-08,18:36,1061.66
P42372,2024-11-09,00:55,5854.71
P23843,2024-11-09,17:10,6803.32
P29407,2024-11-10,06:38,1518.57
P40841,2024-11-10,10:32,5907.16
P42270,2024-11-10,18:28,942.18
P10896,2024-11-11,00:40,77759.84
P36835,2024-11-11,06:46,3237.73
P30502,2024-11-11,13:39,997.13
P01065,2024-11-11,14:18,4123.65
P30104,2024-11-11,18:41,1426.89
P16059,2024-11-14,00:45,1370.26
P06395,2024-11-14,07:13,230890.96
P15951,2024-11-14,10:31,710.99
P30181,2024-11-14,15:38,20555.85
P27302,2024-11-14,17:09,861.95
P39479,2024-11-14,18:46,1339.67
P16477,2024-11-14,22:07,1748.89
P04481,2024-11-15,06:35,4819.5
P39311,2024-11-15,12:48,805.81
P21980,2024-11-16,04:11,2574.75
P42412,2024-11-16,23:11,31544.67
P30161,2024-11-17,00:51,841.6
P30287,2024-11-17,06:15,25055.21
P11358,2024-11-17,18:28,1470.19
P42357,2024-11-17,18:52,2256.09
P23870,2024-11-18,01:38,4269.23
P17890,2024-11-18,12:53,796.8
P42414,2024-11-18,12:53,3931.95
P34451,2024-11-19,06:38,5224.48
P38942,2024-11-19,06:55,1623.62
P11528,2024-11-19,07:12,2493.96
P03965,2024-11-19,22:21,30572.92
P15423,2024-11-19,23:42,6708.13
P26524,2024-11-20,00:56,427.8
P20824,2024-11-22,09:53,614.77
P30134,2024-11-22,10:00,4046.14
P38734,2024-11-22,12:34,9372.73
P29523,2024-11-23,01:01,1562.65
P02533,2024-11-23,01:18,1699.02
P08111,2024-11-23,07:42,2682.54
P24420,2024-11-23,19:03,13047.31
P39440,2024-11-23,19:03,98796.83
P28460,2024-11-23,19:03,4320.88
P14926,2024-11-23,21:16,995.48
P27305,2024-11-24,01:14,854.9
P16467,2024-11-25,19:10,2174.17
P14994,2024-11-26,01:07,5906.99
P15009,2024-11-26,19:08,647.78
P30149,2024-11-26,19:08,1874.48
P20227,2024-11-27,13:10,38256.75
P24130,2024-11-27,14:58,4046.3
P16676,2024-11-28,04:28,540.81
P30173,2024-11-28,07:11,5716.86
P08236,2024-11-29,00:43,1240.19
P29459,2024-11-29,01:12,794.16
P04144,2024-11-29,05:06,1463.68
P38770,2024-11-29,07:12,884.92
P41457,2024-11-29,15:32,950.91
P36898,2024-11-29,19:14,754757.84
P39464,2024-11-29,19:14,2814632.7
P29529,2024-11-29,19:14,1853.73
P28454,2024-11-29,23:48,854.16
P01115,2024-11-30,22:19,6731.51
P04864,2024-11-30,22:29,3212.2
P15487,2024-12-01,01:50,1787.2
P10870,2024-12-02,01:18,10931.43
P16058,2024-12-02,01:18,1521.2
P01857,2024-12-02,02:46,3533.2
P03949,2024-12-02,21:54,3475.06
P08154,2024-12-03,15:42,3440.1
P36899,2024-12-04,01:53,9798.37
P20306,2024-12-04,07:22,5613.21
P38955,2024-12-04,15:28,8007.76
P17646,2024-12-04,17:11,3918.07
P07954,2024-12-05,01:00,380.99
P28644,2024-12-05,01:23,1543.04
P38973,2024-12-05,01:23,939.42
P21954,2024-12-05,01:23,1461.36
P39310,2024-12-05,01:23,661.33
P42573,2024-12-05,08:59,799.57
P04705,2024-12-05,19:55,3236.07
P10608,2024-12-06,00:50,1067.69
P29544,2024-12-06,04:20,1301.52
P10974,2024-12-06,13:26,702.53
P30666,2024-12-06,13:26,1161.39
P18448,2024-12-06,19:20,3521.18
P21945,2024-12-07,07:27,6840.92
P15483,2024-12-07,10:39,7780.21
P24466,2024-12-08,01:28,134525.28
P16670,2024-12-08,17:22,4916.67
P18449,2024-12-08,19:30,2856.33
P21725,2024-12-08,19:30,12299.34
P09207,2024-12-09,18:54,18426.21
P10316,2024-12-10,01:14,3144.28
P30872,2024-12-10,23:53,4900.33
P28457,2024-12-11,19:35,1113.1
P42384,2024-12-11,19:35,4806.62
P01032,2024-12-11,20:09,4504.56
P07541,2024-12-13,00:02,12565.14
P43213,2024-12-14,19:17,405966.5
P30870,2024-12-14,19:41,2249.62
P15269,2024-12-15,12:25,3250.72
P33551,2024-12-15,13:42,13688.31
P12632,2024-12-15,13:42,1900.47
P21920,2024-12-15,20:45,6839.1
P42271,2024-12-16,00:00,957.56
P36896,2024-12-16,02:41,2325.86
P33588,2024-12-16,04:08,11115.74
P14451,2024-12-16,16:09,2848.03
P24131,2024-12-17,10:47,4823.78
P29340,2024-12-17,18:07,4983.07
P14550,2024-12-17,18:50,1209.23
P24129,2024-12-17,19:46,26405.62
P39314,2024-12-18,05:55,9165.63
P14448,2024-12-18,16:21,1444.12
P43888,2024-12-19,00:05,1482.24
P09113,2024-12-19,04:16,1677.7
P30094,2024-12-19,07:12,1664.78
P11045,2024-12-19,14:30,12298.48
P12941,2024-12-20,20:03,4680.85
P29069,2024-12-20,23:05,2853.28
P20581,2024-12-21,06:07,7032.14
P30515,2024-12-21,13:17,9200.66
P19236,2024-12-21,15:04,430.55
P22011,2024-12-21,15:12,1628.57
P17219,2024-12-21,18:02,1791.94
P17688,2024-12-22,02:43,1458.04
P29080,2024-12-22,04:11,2056.93
P15444,2024-12-22,16:08,7453.31
P31598,2024-12-23,01:56,26703.81
P15964,2024-12-24,02:40,798.47
P18425,2024-12-24,03:16,4714.97
P42526,2024-12-24,04:37,956.7
P43536,2024-12-24,22:46,1449.29
P39470,2024-12-25,20:53,757.44
P30278,2024-12-26,19:29,2581.08
P03088,2024-12-28,19:41,5938.4
P04400,2024-12-29,13:23,3735.08
P29070,2024-12-29,15:34,10306.27
P02005,2024-12-30,07:52,3943.14
P29405,2024-12-30,08:29,10093.47
P01261,2024-12-30,11:34,2720.59
P27584,2024-12-31,14:30,639.66
P42563,2024-12-31,23:04,1704.71
P30871,2025-01-01,08:49,44489.17
P42470,2025-01-01,10:12,1665.31
P01840,2025-01-01,14:16,4145.2
P16381,2025-01-02,06:40,35363.96
P11069,2025-01-02,11:22,1361.83
P34458,2025-01-04,02:50,267149.6
P02211,2025-01-04,05:30,1479.23
P42545,2025-01-04,08:14,564.65
P21093,2025-01-04,12:17,4493.89
P14949,2025-01-04,15:27,35707.1
P10492,2025-01-05,01:37,2092.38
P33324,2025-01-05,04:28,7994.49
P42354,2025-01-06,06:15,5475.4
P29244,2025-01-06,08:51,2150.26
P14474,2025-01-06,15:33,1777.63
P38765,2025-01-06,23:09,2445.62
P27560,2025-01-07,00:06,4896.07
P20250,2025-01-07,12:04,6579.68
P03341,2025-01-07,16:23,2823.69
P29101,2025-01-08,02:04,1216.61
P18435,2025-01-08,02:28,337.81
P03215,2025-01-08,12:13,1177.77
P42463,2025-01-08,12:56,19929.06
P14968,2025-01-09,04:24,794.65
P30487,2025-01-09,20:14,4536.25
P01416,2025-01-10,13:33,2227.4
P10038,2025-01-10,14:44,4963.38
P02711,2025-01-11,15:52,2109.92
P29393,2025-01-11,16:44,5579.94
P16473,2025-01-11,22:31,2495.43
P13475,2025-01-11,23:39,3081.62
P28948,2025-01-11,23:58,2606.24
P29793,2025-01-12,01:18,2983.02
P30286,2025-01-12,20:24,9324.38
P05973,2025-01-13,05:40,3768.48
P27580,2025-01-13,08:20,751.19
P38470,2025-01-13,08:25,5280.15
P12491,2025-01-13,19:32,2170.68
P31339,2025-01-14,03:19,12254.47
P27523,2025-01-14,04:15,12213.39
P05262,2025-01-14,14:19,3886.54
P15973,2025-01-15,07:18,1009.26
P01976,2025-01-15,08:38,4503.83
P04137,2025-01-15,08:38,16727.07
P42100,2025-01-15,10:40,2592.51
P29524,2025-01-15,15:17,2515.76
P27518,2025-01-15,19:47,5029.03
P23156,2025-01-16,12:53,2691.29
P27566,2025-01-16,15:38,2419.74
P02785,2025-01-16,20:40,590.07
P42488,2025-01-16,20:48,1869.43
P30480,2025-01-17,06:20,1079.98
P15435,2025-01-17,14:24,2118.96
P16475,2025-01-17,16:12,1704.79
P21899,2025-01-18,23:23,970.13
P26807,2025-01-19,02:44,463.23
P29778,2025-01-19,16:08,3020.88
P12388,2025-01-19,20:46,7803.96
P07153,2025-01-19,21:43,1325.75
P13935,2025-01-20,02:13,1274.0
P38474,2025-01-20,05:31,4084.61
P05339,2025-01-20,12:22,4239.83
P03975,2025-01-20,14:47,785.58
P31818,2025-01-21,03:05,6432.72
P17220,2025-01-21,05:55,1660.68
P16446,2025-01-21,08:48,1568.59
P01517,2025-01-21,12:43,3721.88
P03647,2025-01-21,16:18,337024.46
P31815,2025-01-22,02:50,19933.05
P04501,2025-01-22,20:58,4327.34
P34463,2025-01-23,09:21,30233.08
P16371,2025-01-23,11:31,19556.54
P30776,2025-01-23,14:53,1008.8
P14604,2025-01-23,16:34,1121.47
P38732,2025-01-23,19:29,1622.23
P14015,2025-01-24,05:56,3096.21
P04884,2025-01-24,08:54,1505.44
P24132,2025-01-24,08:54,1718.57
P37810,2025-01-24,08:54,140627.17
P43391,2025-01-24,08:54,3362.48
P16387,2025-01-24,08:54,953.83
P10031,2025-01-24,14:16,6483.98
P10548,2025-01-24,22:59,1159.7
P03660,2025-01-25,10:52,4092.2
P14583,2025-01-25,20:51,1472.12
P42046,2025-01-25,20:57,34715.49
P37038,2025-01-26,04:35,12764.81
P42869,2025-01-26,12:13,2149.61
P27561,2025-01-26,15:16,1535.17
P34432,2025-01-26,16:27,25557.27
P23521,2025-01-27,08:59,256.54
P29041,2025-01-27,10:03,7798.91
P24758,2025-01-28,03:01,759.51
P04126,2025-01-28,03:01,31394.77
P09703,2025-01-28,15:26,5784.81
P42329,2025-01-28,21:02,270.99
P11757,2025-01-28,21:06,4297.44
P18314,2025-01-29,06:05,9359.16
P25015,2025-01-29,15:03,34853.51
P43916,2025-01-29,23:15,3199.71
P37644,2025-01-30,02:32,4817.66
P05157,2025-01-30,09:05,2605.91
P11495,2025-01-30,23:36,2014.5
P23151,2025-01-31,03:06,20944.14
P09476,2025-01-31,03:06,19917.89
P20419,2025-01-31,15:53,2945.71
P02368,2025-01-31,21:07,3421.26
P03649,2025-02-01,01:35,12950.81
P02595,2025-02-01,03:58,4592.14
P23861,2025-02-01,15:09,1967.37
P37270,2025-02-01,15:09,5419.23
P29482,2025-02-01,15:43,2219.36
P29173,2025-02-02,00:22,3738.3
P39600,2025-02-02,09:10,1985.86
P32231,2025-02-02,09:10,12658.87
P04498,2025-02-02,15:27,3317.63
P01074,2025-02-03,06:17,5361.82
P30033,2025-02-03,07:04,2949.63
P12467,2025-02-03,12:39,4159.55
P28776,2025-02-03,16:05,3735.95
P23154,2025-02-03,16:25,4100.15
P41408,2025-02-04,02:45,4910.62
P14704,2025-02-04,15:14,10009.18
P24789,2025-02-04,15:14,4307.34
P21957,2025-02-04,20:37,3280.42
P36724,2025-02-05,05:26,2753.93
P10701,2025-02-05,09:16,1105.71
P08846,2025-02-05,09:16,3056.31
P15445,2025-02-05,13:35,4523.75
P42523,2025-02-05,23:42,6339.83
P13655,2025-02-05,23:56,2817.19
P36250,2025-02-06,03:17,3011.02
P07094,2025-02-06,09:01,3028.73
P42586,2025-02-06,17:58,3650.04
P39141,2025-02-06,21:18,14628.98
P09991,2025-02-06,21:18,5644.17
P28389,2025-02-06,21:18,1515.39
P15448,2025-02-06,21:18,2588.72
P24493,2025-02-06,21:18,7891.39
P05740,2025-02-07,11:22,2857.78
P09967,2025-02-07,15:20,5493.29
P03576,2025-02-07,15:20,4113.24
P04263,2025-02-07,15:20,527.02
P21399,2025-02-07,15:20,5708.32
P14358,2025-02-08,03:27,3709.78
P34452,2025-02-08,03:28,7798.53
P14016,2025-02-08,09:21,1956.69
P02296,2025-02-08,09:21,5078.3
P34456,2025-02-08,23:57,19027.56
P01797,2025-02-09,00:53,3185.64
P16892,2025-02-09,03:22,1981.87
P05233,2025-02-09,03:22,88.45
P05328,2025-02-09,03:22,4665.24
P06148,2025-02-09,04:01,3108.5
P34288,2025-02-09,21:24,1003.47
P24870,2025-02-09,21:24,1447.31
P42514,2025-02-10,01:57,776.92
P31816,2025-02-10,04:33,7479.77
P22897,2025-02-10,15:25,209930.03
P41185,2025-02-10,15:25,1293.96
P03925,2025-02-11,04:56,4405.34
P06377,2025-02-11,07:18,1435.59
P28882,2025-02-11,09:26,4975.14
P36840,2025-02-11,09:26,959.22
P29106,2025-02-11,12:48,4658.74
P16471,2025-02-11,14:36,616.64
P03666,2025-02-11,16:32,3053.16
P41535,2025-02-12,00:48,1513.73
P01940,2025-02-12,03:28,3247.42
P41830,2025-02-12,03:28,3039.84
P33850,2025-02-12,03:28,6852.05
P25279,2025-02-12,03:28,2280.6
P29064,2025-02-12,05:40,3036.58
P14456,2025-02-12,16:22,20007.09
P26684,2025-02-12,19:44,5078.18
P34227,2025-02-12,21:29,396.82
P01017,2025-02-12,21:29,91.5
P26732,2025-02-13,09:46,12397.55
P15969,2025-02-13,13:47,3426.32
P40618,2025-02-13,15:31,371.35
P25502,2025-02-13,15:31,2693.47
P34723,2025-02-13,15:31,5543.01
P14017,2025-02-14,18:56,799.1
P27519,2025-02-14,19:10,750.45
P05154,2025-02-14,23:30,5265.44
P34398,2025-02-15,01:23,17556.55
P17266,2025-02-15,03:33,933.08
P37952,2025-02-15,03:33,25255.01
P25225,2025-02-15,03:33,15468.17
P26383,2025-02-15,03:33,13362.83
P31880,2025-02-15,05:09,3637.4
P20367,2025-02-15,05:32,7819.01
P38217,2025-02-15,07:09,3612.62
P27607,2025-02-15,09:02,2876.18
P42432,2025-02-15,16:49,86698.6
P30485,2025-02-16,14:19,5632.1
P31503,2025-02-16,15:36,42183.78
P24016,2025-02-16,15:36,22045.78
P27723,2025-02-16,15:36,724.99
P08262,2025-02-16,15:36,14152.17
P29605,2025-02-16,15:36,633.3
P34437,2025-02-16,18:47,3807.13
P29446,2025-02-17,09:37,2244.29
P44024,2025-02-17,21:14,6896.59
P30469,2025-02-18,02:28,14802.66
P03644,2025-02-18,03:39,18231.26
P15408,2025-02-18,03:39,1259.39
P33807,2025-02-18,03:39,648.81
P15262,2025-02-18,14:54,1353.56
P26574,2025-02-18,21:40,5087.92
P04553,2025-02-19,04:07,1800.71
P34402,2025-02-19,05:39,1058.84
P34391,2025-02-19,07:38,14462.97
P39445,2025-02-19,15:41,1881.83
P05067,2025-02-20,09:43,1983.21
P34190,2025-02-20,09:43,1287.06
P02784,2025-02-20,09:43,26675.23
P01084,2025-02-20,09:44,3505.91
P39836,2025-02-21,10:05,3352.61
P01769,2025-02-21,21:45,1802.95
P02414,2025-02-22,05:27,3428.45
P29530,2025-02-23,13:50,6086.22
P01705,2025-02-23,14:48,6414.95
P18593,2025-02-23,20:29,4777.24
P29083,2025-02-23,23:02,10796.64
P29476,2025-02-24,11:04,2334.49
P02212,2025-02-24,13:49,1266.27
P11058,2025-02-24,19:57,4501.51
P21870,2025-02-24,21:51,567.49
P05203,2025-02-24,21:51,2033.65
P40563,2025-02-24,21:51,620.98
P15704,2025-02-25,15:52,8172.03
P14668,2025-02-25,17:53,805.2
P16182,2025-02-26,02:07,4797.45
P11363,2025-02-26,06:20,3831.48
P11036,2025-02-26,08:18,3318.79
P20357,2025-02-26,09:30,1160.94
P30049,2025-02-26,19:17,875.12
P28304,2025-02-27,03:02,16908.51
P08485,2025-02-27,03:55,7832.31
P02766,2025-02-27,08:02,5150.29
P26734,2025-02-27,15:02,2075.2
P40556,2025-02-27,19:12,1035.08
P26778,2025-02-27,21:56,911.31
P19372,2025-02-27,21:56,3813.48
P18265,2025-02-27,21:56,10908.9
P38404,2025-02-27,21:56,14956.43
P07622,2025-02-28,01:25,3117.46
P34425,2025-02-28,03:28,475.1
P06056,2025-02-28,03:47,3823.44
P05717,2025-02-28,15:58,1009.45
P03914,2025-02-28,15:58,2802.16
P19285,2025-03-01,09:59,1261.37
P42554,2025-03-01,15:19,3204.36
P11758,2025-03-02,04:00,6749.91
P24351,2025-03-02,04:00,1694.66
P44020,2025-03-02,04:00,1612.11
P05272,2025-03-02,10:49,5904.2
P37460,2025-03-02,22:02,4833.17
P34459,2025-03-03,04:09,18890.54
P33832,2025-03-03,05:38,4052.46
P29193,2025-03-03,18:02,683.56
P37757,2025-03-03,23:05,7725.32
P35972,2025-03-04,02:07,1592.8
P34455,2025-03-04,03:52,656.24
P14557,2025-03-04,04:35,18228.66
P43132,2025-03-04,10:04,903.94
P18847,2025-03-04,10:04,4961.91
P16355,2025-03-04,12:36,1979.76
P12038,2025-03-05,01:34,7202.99
P23931,2025-03-05,01:54,5255.9
P11048,2025-03-05,12:50,1713.76
P42560,2025-03-05,13:30,2628.99
P16470,2025-03-05,17:27,1331.65
P24906,2025-03-05,22:07,9706.29
P02704,2025-03-06,16:08,5483.72
P12040,2025-03-07,10:10,1346.92
P27416,2025-03-07,10:10,918.96
P27627,2025-03-07,12:42,446.06
P41764,2025-03-08,01:34,2227.89
P34435,2025-03-08,03:49,1155.74
P11132,2025-03-08,04:54,7417.49
P28955,2025-03-08,12:50,30262.49
P15946,2025-03-08,14:32,5506.8
P20902,2025-03-08,16:28,2551.53
P43850,2025-03-09,03:01,3425.62
P21377,2025-03-09,11:45,3633.63
P20375,2025-03-09,11:48,622.15
P21774,2025-03-09,16:14,2767.24
P06229,2025-03-09,20:37,1486.42
P34146,2025-03-10,08:37,2110.12
P02853,2025-03-10,10:15,1590.02
P08410,2025-03-10,20:01,1531.11
P30500,2025-03-11,02:19,787.16
P13669,2025-03-11,21:47,3566.22
P36184,2025-03-12,01:44,4033.56
P43187,2025-03-13,10:21,220344.71
P13303,2025-03-13,10:21,26028.17
P30506,2025-03-13,11:45,3432.61
P14617,2025-03-13,18:16,686.55
P14454,2025-03-13,23:59,9339.5
P04360,2025-03-14,15:24,2161.98
P38644,2025-03-14,22:23,1590.65
P34422,2025-03-15,06:03,2896.75
P39645,2025-03-15,16:25,19484.04
P15054,2025-03-15,16:25,1247.59
P43824,2025-03-15,23:56,2627.55
P34400,2025-03-16,04:02,581.67
P29496,2025-03-16,08:06,2233.7
P14449,2025-03-16,15:37,579.5
P43909,2025-03-16,18:11,5332.51
P29770,2025-03-17,02:43,3496.05
P03494,2025-03-17,04:16,1203.66
P36371,2025-03-17,06:53,1734.96
P43186,2025-03-17,08:58,38595.4
P39646,2025-03-17,18:42,4132.69
P38986,2025-03-18,23:55,3515.89
P17515,2025-03-19,10:32,7810.69
P37114,2025-03-19,18:16,478.29
P15301,2025-03-19,21:55,3043.58
P42503,2025-03-20,00:37,1187.15
P01107,2025-03-20,09:39,2894.22
P04216,2025-03-20,13:33,3912.07
P38377,2025-03-20,22:34,1099.12
P42480,2025-03-21,01:04,2384.92
P15075,2025-03-21,02:57,4700.78
P39841,2025-03-21,16:23,4228.09
P06074,2025-03-21,19:19,2686.86
P34403,2025-03-22,04:25,3365.8
P42434,2025-03-22,05:17,1935.83
P31612,2025-03-22,05:29,41572.05
P04544,2025-03-22,06:04,2922.79
P43065,2025-03-23,04:38,23905.99
P14551,2025-03-24,02:28,2960.82
P30043,2025-03-24,02:44,2611.22
P21922,2025-03-24,14:07,2465.57
P11074,2025-03-24,16:23,15017.68
P23720,2025-03-24,16:41,2711.85
P08304,2025-03-25,10:42,48893.65
P28919,2025-03-26,04:44,1884.67
P27628,2025-03-26,07:15,691.45
P11855,2025-03-26,12:04,877.64
P42445,2025-03-26,20:41,5031.95
P05430,2025-03-27,09:29,4597.76
P19374,2025-03-27,21:43,1012.72
P14305,2025-03-28,05:12,4222.97
P34436,2025-03-28,05:52,26996.78
P38756,2025-03-28,06:55,1205.05
P02681,2025-03-28,13:35,3732.59
P10573,2025-03-29,06:43,972.36
P34465,2025-03-29,13:49,3451.55
P28886,2025-03-29,16:21,471337.07
P28862,2025-03-30,06:20,2801.4
P01990,2025-03-30,21:40,3448.95
P43946,2025-03-31,03:18,2447.03
P16514,2025-03-31,07:05,6521.52
P29043,2025-03-31,23:53,4095.33
P39647,2025-04-01,10:29,12807.1
P43979,2025-04-01,12:40,2904.87
P24911,2025-04-01,13:46,9784.75
P27587,2025-04-02,01:46,1107.85
P10995,2025-04-02,03:53,2144.05
P28302,2025-04-02,16:57,7998.92
P41613,2025-04-03,03:38,2628.1
P29490,2025-04-03,03:46,2231.36
P31367,2025-04-03,20:38,2615.88
P13965,2025-04-04,05:15,2657.12
P14558,2025-04-04,09:18,465.14
P11061,2025-04-04,22:48,2426.7
P42418,2025-04-05,05:40,621.54
P27553,2025-04-05,18:20,9471.36
P34418,2025-04-06,09:43,39983.21
P34760,2025-04-07,00:05,4948.49
P42531,2025-04-07,17:07,61813.83
P14579,2025-04-07,23:13,1238.49
P08827,2025-04-08,02:51,8425.86
P14658,2025-04-09,10:47,2070.91
P06082,2025-04-09,13:57,1105.18
P08198,2025-04-09,19:15,2646.78
P04218,2025-04-09,21:56,3792.61
P09814,2025-04-10,10:41,4831.91
P35002,2025-04-10,11:20,3504.22
P06342,2025-04-11,09:54,2589.0
P30475,2025-04-11,15:34,5555.26
P20980,2025-04-12,06:14,2810.39
P23733,2025-04-12,13:15,1280.94
P27299,2025-04-12,23:36,2736.74
P14671,2025-04-13,12:33,39037.63
P15275,2025-04-13,13:09,12839.64
P38749,2025-04-13,15:08,607.07
P03489,2025-04-13,18:12,6000.51
P42508,2025-04-13,23:18,1173.17
P29293,2025-04-14,13:27,2199.05
P11239,2025-04-14,15:18,15062.48
P34430,2025-04-15,07:34,1141.81
P10554,2025-04-15,11:20,2919.01
P06723,2025-04-15,17:25,395.22
P37803,2025-04-16,06:57,891.42
P30036,2025-04-16,23:23,817.52
P11040,2025-04-17,00:32,976.9
P34464,2025-04-17,01:48,15036.57
P15259,2025-04-17,19:43,511.59
P37637,2025-04-18,07:33,2785.16
P15420,2025-04-18,09:13,480.97
P34393,2025-04-18,09:24,605.44
P36418,2025-04-19,05:27,1942.59
P16561,2025-04-19,18:34,5377.09
P37378,2025-04-19,20:48,41715.53
P40601,2025-04-21,11:51,1962.45
P02415,2025-04-21,13:01,2675.22
P21926,2025-04-21,19:46,499.68
P04749,2025-04-22,08:00,6189.86
P42562,2025-04-23,00:08,456.61
P25191,2025-04-23,02:49,392.89
P41977,2025-04-23,03:21,8523.19
P25691,2025-04-23,13:14,3307.29
P21645,2025-04-23,17:35,3468.01
P29344,2025-04-23,17:35,2096.32
P42530,2025-04-23,22:55,916.74
P16597,2025-04-24,00:15,342.19
P42538,2025-04-25,03:09,13698.45
P42444,2025-04-25,05:38,1656.39
P42559,2025-04-25,13:07,714.75
P30047,2025-04-25,18:28,3163.28
P02840,2025-04-25,23:14,2799.32
P42491,2025-04-25,23:39,20684.74
P38738,2025-04-25,23:39,62159.88
P26461,2025-04-26,19:22,5274.93
P28732,2025-04-27,07:20,2312.41
P04109,2025-04-27,17:33,2794.41
P10422,2025-04-28,02:35,5533.63
P17933,2025-04-28,06:37,9823.2
P07157,2025-04-28,15:54,24632.51
P42570,2025-04-28,20:12,1017.21
P15092,2025-04-28,21:39,899.83
P29104,2025-04-29,03:23,5191.65
P35644,2025-04-29,04:52,3772.77
P41374,2025-04-29,15:07,2258912.52
P08451,2025-04-29,19:05,956.11
P41596,2025-04-29,20:42,3044.01
P42489,2025-04-29,23:37,18646.31
P18322,2025-04-30,01:14,1688.73
P34410,2025-04-30,03:36,1876.66
P01579,2025-04-30,19:01,4816.44
P08210,2025-04-30,19:26,1087.05
P04384,2025-04-30,22:12,6505.92
P27609,2025-05-01,05:49,758.25
P30048,2025-05-01,05:49,1608.7
P11861,2025-05-01,08:02,958.21
P26729,2025-05-01,23:50,994.84
P42461,2025-05-02,04:18,676.13
P34426,2025-05-02,11:06,1387.82
P31462,2025-05-02,17:52,11584.17
P27517,2025-05-03,00:47,2300.91
P29505,2025-05-03,09:07,55514.51
P38748,2025-05-04,05:54,3985.88
P42536,2025-05-04,05:54,1613.82
P30493,2025-05-04,05:54,415.95
P37782,2025-05-04,17:05,85655.71
P11146,2025-05-04,19:58,1361.23
P21099,2025-05-04,23:33,5502.41
P23550,2025-05-05,00:17,4449.51
P30474,2025-05-05,07:07,803.8
P42235,2025-05-05,07:58,6436.67
P11313,2025-05-05,10:53,51700.82
P05462,2025-05-05,16:07,4950.64
P25693,2025-05-05,17:57,9002.91
P41377,2025-05-05,17:57,91343.37
P15076,2025-05-05,17:57,525.22
P27577,2025-05-05,17:57,1577.17
P37683,2025-05-05,21:21,4186.31
P01341,2025-05-06,03:13,3563.01
P27590,2025-05-06,09:47,809.7
P28303,2025-05-06,14:54,762.02
P34515,2025-05-07,00:34,2075.59
P40002,2025-05-07,06:00,3097.73
P41375,2025-05-07,06:56,26437.42
P17003,2025-05-07,15:15,6629.09
P28859,2025-05-07,23:35,604.42
P15271,2025-05-08,00:01,1467.71
P03797,2025-05-08,06:00,1790.41
P30492,2025-05-08,18:02,4730.34
P29345,2025-05-08,18:02,403.29
P27555,2025-05-09,12:04,3123.44
P30481,2025-05-09,12:04,15558.9
P01745,2025-05-09,15:40,5921.87
P21647,2025-05-09,17:00,1769.07
P27547,2025-05-10,06:05,1151.48
P15077,2025-05-10,06:05,1425.47
P38707,2025-05-10,06:05,3549.57
P02847,2025-05-10,20:18,3737.5
P34462,2025-05-10,23:58,6277.15
P42533,2025-05-11,00:06,755.78
P34407,2025-05-11,05:47,85252.52
P42459,2025-05-11,12:47,1675.26
P11294,2025-05-11,13:12,3068.57
P27586,2025-05-11,18:08,3588.57
P34143,2025-05-12,05:41,3616.89
P37131,2025-05-12,10:05,4455.58
P38504,2025-05-12,19:13,1372.59
P35518,2025-05-12,22:20,895213.87
P37377,2025-05-13,01:30,548.37
P19708,2025-05-13,03:40,4356.34
P38776,2025-05-13,06:11,795.58
P28884,2025-05-14,06:45,764.72
P18325,2025-05-14,18:13,599.86
P40724,2025-05-15,02:21,29062.21
P15965,2025-05-15,13:32,4871.47
P39633,2025-05-15,16:12,3112.56
P01598,2025-05-15,16:36,3026.8
P38736,2025-05-15,18:09,3133.17
P02947,2025-05-15,23:21,5014.54
P13917,2025-05-16,03:02,15959.11
P31810,2025-05-16,06:32,3234.84
P15425,2025-05-17,00:17,4690.28
P12458,2025-05-17,04:40,3901.29
P08361,2025-05-18,02:21,1491.05
P41715,2025-05-18,08:42,283.5
P01252,2025-05-18,10:56,3647.43
P29066,2025-05-18,11:39,1752.64
P35238,2025-05-19,02:40,197674.86
P05227,2025-05-19,05:47,5109.49
P16481,2025-05-20,00:23,431.09
P28885,2025-05-20,11:28,114127.3
P29073,2025-05-20,18:24,8726.28
P26726,2025-05-20,18:24,1873.43
P31370,2025-05-20,18:24,623.0
P38751,2025-05-20,18:24,672.14
P16479,2025-05-20,18:24,1100.58
P30040,2025-05-20,20:44,4857.11
P12454,2025-05-21,00:14,2886.43
P34516,2025-05-21,02:15,3659.99
P21901,2025-05-21,12:25,862.86
P11035,2025-05-21,12:25,250.3
P34443,2025-05-21,22:08,7420.97
P14444,2025-05-22,06:27,10981.58
P34442,2025-05-22,13:35,2695.53
P34454,2025-05-22,15:10,894.74
P30491,2025-05-23,00:28,2376.8
P38777,2025-05-23,00:28,831.12
P37362,2025-05-23,01:47,288690.71
P40271,2025-05-23,08:25,1094.27
P34466,2025-05-23,17:10,1575.83
P11034,2025-05-23,18:30,4217.2
P27516,2025-05-23,18:30,4390.05
P42448,2025-05-24,12:31,14805.12
P27600,2025-05-24,12:31,3627.11
P24957,2025-05-25,09:50,1197.97
P28707,2025-05-25,15:12,3268.5
P19712,2025-05-26,01:14,3629.72
P37381,2025-05-26,05:28,43164.62
P01842,2025-05-26,09:01,4606.55
P15303,2025-05-26,18:35,16809.13
P42430,2025-05-27,00:09,1705.72
P15437,2025-05-27,12:36,5522.87
P18421,2025-05-27,12:36,3923.99
P19692,2025-05-28,04:13,5964.15
P02248,2025-05-28,07:49,3183.26
P16598,2025-05-28,19:18,513.35
P42556,2025-05-29,00:39,1687.76
P30261,2025-05-29,00:39,6965.87
P12455,2025-05-29,12:31,1469.28
P29087,2025-05-29,18:40,9673.19
P06015,2025-05-30,12:12,6877.19
P31465,2025-05-30,12:42,3535.11
P17529,2025-05-30,23:06,3051.2
P12489,2025-05-31,02:37,9912.6
P01236,2025-05-31,09:31,2454.27
P27295,2025-05-31,13:06,576.4
P27545,2025-06-01,00:44,170946.12
P40726,2025-06-01,03:25,6362.16
P01302,2025-06-02,19:49,5209.56
P13930,2025-06-03,06:48,18489.53
P22034,2025-06-03,14:23,1155.18
P02994,2025-06-03,19:12,7796.94
P43033,2025-06-03,21:58,3677.42
P02230,2025-06-04,04:33,3373.64
P06859,2025-06-04,06:42,373.86
P14561,2025-06-04,18:51,106880.97
P01435,2025-06-04,19:04,3181.87
P12446,2025-06-05,04:43,44419.04
P17152,2025-06-06,06:54,2066.08
P38706,2025-06-06,06:54,5156.94
P27508,2025-06-06,14:26,24604.27
P03285,2025-06-06,17:40,6071.21
P14100,2025-06-06,22:08,2142.45
P27649,2025-06-07,00:55,2627.08
P11059,2025-06-07,00:55,4668.58
P12492,2025-06-07,00:55,3157.33
P27048,2025-06-07,00:55,774.45
P18334,2025-06-07,00:55,1555.34
P01960,2025-06-07,02:44,5811.18
P16228,2025-06-07,19:03,3221.89
P01371,2025-06-07,21:15,1444.17
P40759,2025-06-08,02:11,1547.94
P41470,2025-06-08,04:55,4481.0
P02328,2025-06-08,12:32,3309.81
P30462,2025-06-08,12:58,1043.82
P16884,2025-06-08,14:31,2292.25
P40727,2025-06-08,22:46,570.94
P42493,2025-06-08,23:27,1333.07
P35078,2025-06-09,15:10,16000.74
P40124,2025-06-10,01:00,4594.93
P15415,2025-06-10,01:01,2800.37
P28472,2025-06-10,08:43,2065.01
P11047,2025-06-10,10:12,5778.52
P27645,2025-06-10,15:59,290262.56
P34406,2025-06-10,17:23,69914.36
P13756,2025-06-10,19:02,4447.6
P01184,2025-06-10,19:02,849.0
P21927,2025-06-10,19:02,33355.92
P40709,2025-06-11,05:41,3704.32
P14465,2025-06-12,07:05,1707.62
P34148,2025-06-13,01:21,4153.95
P01852,2025-06-13,07:24,4225.81
P42460,2025-06-13,19:07,13811.28
P21923,2025-06-13,19:07,1248.93
P06018,2025-06-14,00:54,1100.68
P36708,2025-06-14,05:57,137942.12
P36710,2025-06-14,13:09,7435.72
P10737,2025-06-14,19:09,1292.09
P40808,2025-06-15,03:55,2878.53
P30471,2025-06-15,07:10,9457.42
P37658,2025-06-16,01:56,5890.1
P19705,2025-06-16,06:07,21605.87
P39990,2025-06-16,06:20,3312.82
P37298,2025-06-16,10:57,3264.99
P11430,2025-06-16,23:36,3812.84
P40135,2025-06-17,08:07,528.41
P34408,2025-06-17,10:42,504.05
P37909,2025-06-17,17:02,1802.04
P40361,2025-06-17,17:31,743.78
P37317,2025-06-17,22:24,473903.12
P01951,2025-06-18,07:46,10612.66
P07031,2025-06-18,08:36,340608.31
P03629,2025-06-18,08:56,3436.48
P40183,2025-06-18,08:57,1161.93
P20134,2025-06-18,14:50,622.39
P01937,2025-06-18,18:56,6692.14
P36183,2025-06-18,20:39,3853.53
P30501,2025-06-19,01:17,3207.09
P38473,2025-06-19,04:55,1890.67
P28878,2025-06-19,08:09,2035.1
P18354,2025-06-19,11:42,4129.21
P36707,2025-06-19,12:51,44362.15
P42458,2025-06-19,19:18,1089.68
P19689,2025-06-19,21:49,6493.69
P05960,2025-06-20,12:18,6471.21
P42721,2025-06-20,13:20,4508.57
P41246,2025-06-20,19:37,4084.15
P36100,2025-06-20,23:10,703.19
P15316,2025-06-21,03:07,786.53
P12477,2025-06-21,07:21,1578.64
P38758,2025-06-21,07:21,4420.66
P35356,2025-06-21,23:15,5110.99
P28877,2025-06-22,00:48,2052.68
P19707,2025-06-22,01:31,620.01
P01927,2025-06-22,17:04,2360.81
P15113,2025-06-22,19:48,3406.89
P40387,2025-06-22,19:54,14873.34
P10904,2025-06-23,00:05,1948.84
P21918,2025-06-23,10:55,901.23
P11317,2025-06-23,13:25,628.73
P40138,2025-06-23,13:30,4054.09
P14660,2025-06-24,05:32,719.75
P11315,2025-06-24,07:26,510.09
P12893,2025-06-24,23:20,2488.71
P37787,2025-06-25,01:28,70330.54
P37589,2025-06-25,22:11,1152.43
P40112,2025-06-26,06:39,1240.43
P37771,2025-06-26,13:40,1671.72
P40230,2025-06-26,13:44,2459.68
P38333,2025-06-26,22:05,3315.09
P37635,2025-06-27,07:32,17714.45
P21903,2025-06-27,15:57,413.43
P40229,2025-06-27,17:09,5362.89
P34433,2025-06-27,19:55,991.55
P12476,2025-06-28,01:33,46700.67
P38987,2025-06-28,11:03,1811.16
P05961,2025-06-28,11:06,4080.34
P27414,2025-06-28,11:34,4851.12
P11245,2025-06-28,11:36,3650.48
P40667,2025-06-28,17:21,574.09
P01546,2025-06-28,19:40,4044.84
P36013,2025-06-28,22:14,263080.29
P40278,2025-06-29,05:21,25136.58
P37326,2025-06-29,13:36,1089.6
P37651,2025-06-29,13:36,177660.72
P27648,2025-06-29,17:56,86275.05
P15329,2025-06-30,04:21,2384.39
P37323,2025-06-30,07:37,783.01
P12474,2025-06-30,21:55,4003.44
P10772,2025-07-01,03:14,4161.55
P40733,2025-07-01,07:03,47620.0
P43808,2025-07-01,18:54,1972.97
P40365,2025-07-01,20:39,985.88
P38721,2025-07-01,22:35,2466.0
P37360,2025-07-02,13:41,20538.97
P02413,2025-07-02,19:18,4419.68
P14445,2025-07-03,07:43,6538.38
P11859,2025-07-03,07:43,844744.74
P40228,2025-07-03,13:57,2977.8
P19688,2025-07-04,01:13,20203.72
P11857,2025-07-04,03:54,9600.99
P37292,2025-07-04,19:45,4150.72
P37784,2025-07-04,19:45,116972.86
P41873,2025-07-05,13:36,6140.94
P35998,2025-07-05,13:47,323902.86
P37794,2025-07-05,13:47,120189.63
P12480,2025-07-05,13:47,2444.72
P11321,2025-07-06,07:48,11087.75
P35973,2025-07-06,07:48,22205.81
P22673,2025-07-06,07:48,521.95
P34528,2025-07-06,15:06,615.44
P04338,2025-07-06,20:54,5453.72
P11320,2025-07-07,01:50,4064.07
P12470,2025-07-07,01:50,1115.35
P38769,2025-07-07,19:09,15793.09
P37645,2025-07-07,19:51,83884.79
P35976,2025-07-07,19:51,1400.28
P38469,2025-07-08,11:43,2351.77
P11253,2025-07-08,13:52,5827.23
P37590,2025-07-08,13:52,4147.89
P12442,2025-07-08,13:52,4809.24
P41340,2025-07-08,20:40,2725.44
P05533,2025-07-09,05:26,3579.09
P37291,2025-07-09,07:54,1692.55
P15330,2025-07-09,07:54,1234.63
P28894,2025-07-09,12:19,3493.03
P37618,2025-07-10,02:03,1748.61
P37790,2025-07-10,19:56,25468.98
P12447,2025-07-11,13:58,20640.76
P37798,2025-07-11,13:58,306351.61
P34521,2025-07-11,23:32,1234.74
P15336,2025-07-12,07:59,150579.85
P37363,2025-07-12,07:59,2970.91
P01742,2025-07-12,10:53,6225.78
P22688,2025-07-12,16:55,30633.24
P15304,2025-07-12,17:23,1538.08
P10436,2025-07-12,23:05,1263.1
P36529,2025-07-13,02:00,384.9
P12481,2025-07-13,02:00,8733.26
P05591,2025-07-13,07:10,2273.58
P15745,2025-07-13,11:30,82393.26
P40366,2025-07-13,14:21,3538.34
P37297,2025-07-13,19:59,713.11
P28905,2025-07-13,20:02,769.76
P37564,2025-07-13,20:02,801.8
P21191,2025-07-13,20:02,1072.41
P17151,2025-07-13,20:02,6227.62
P37305,2025-07-14,00:34,1703.9
P33942,2025-07-14,10:00,208187.96
P12696,2025-07-14,13:30,2635.74
P02696,2025-07-14,13:44,13210.82
P37676,2025-07-14,14:03,6953.53
P35974,2025-07-14,19:05,125663.23
P26540,2025-07-15,00:25,120733.12
P37286,2025-07-15,08:04,1227.03
P31648,2025-07-15,13:35,2370.72
P40719,2025-07-15,18:08,1431.63
P08521,2025-07-15,22:19,1400.34
P37306,2025-07-16,02:06,7013.56
P31636,2025-07-16,04:06,10036.61
P40159,2025-07-16,04:38,4952.85
P04054,2025-07-16,11:54,6084.65
P36017,2025-07-16,20:07,4670.22
P11298,2025-07-16,20:07,6349.36
P12451,2025-07-16,20:07,2000.2
P12443,2025-07-16,20:07,303066.3
P37809,2025-07-16,20:07,4523.71
P37372,2025-07-16,20:07,7147.41
P27296,2025-07-17,12:43,4160.55
P28908,2025-07-17,14:08,458066.76
P10728,2025-07-17,16:24,3440.15
P10677,2025-07-17,22:13,17637.2
P34142,2025-07-18,06:00,631.67
P41086,2025-07-18,08:10,11849.91
P28951,2025-07-18,08:10,349.21
P34438,2025-07-18,08:10,2700.09
P08393,2025-07-18,14:28,507.47
P34421,2025-07-18,22:43,863.73
P28895,2025-07-19,02:11,496.59
P17443,2025-07-19,02:11,13617.46
P37304,2025-07-19,02:11,9071.92
P37650,2025-07-19,02:11,52610.32
P37563,2025-07-19,02:11,155064.61
P37654,2025-07-19,02:11,82635.91
P32686,2025-07-19,04:33,2842.97
P37290,2025-07-19,20:13,9867.55
P34145,2025-07-19,20:13,2812.5
P37616,2025-07-19,20:13,2002.38
P37585,2025-07-19,20:13,4773.55
P11858,2025-07-19,20:13,4257.99
P40140,2025-07-19,23:31,7605.64
P10710,2025-07-20,00:45,785.52
P10441,2025-07-20,02:10,238.44
P16156,2025-07-20,14:14,86337.76
P25423,2025-07-20,14:14,2510.32
P38746,2025-07-21,06:54,943.84
P37799,2025-07-21,08:15,2205.2
P34394,2025-07-21,08:15,695.45
P21190,2025-07-21,08:15,1802.56
P40019,2025-07-21,11:25,138835.67
P35342,2025-07-21,11:45,11069.73
P13778,2025-07-21,23:51,7698.37
P20128,2025-07-22,02:17,633.3
P25426,2025-07-22,02:17,1806.3
P37648,2025-07-22,02:17,311906.65
P37661,2025-07-22,02:17,1753.97
P12554,2025-07-22,02:17,3530.61
P04122,2025-07-22,14:45,1123.45
P21286,2025-07-22,19:08,3037.68
P37792,2025-07-22,20:18,602.75
P37641,2025-07-22,20:18,1807.77
P12471,2025-07-22,20:18,609.2
P28900,2025-07-22,20:18,1073.9
P28898,2025-07-22,20:18,13699.29
P15312,2025-07-22,20:18,819.91
P28902,2025-07-22,20:18,2345.04
P43943,2025-07-22,21:38,6659.73
P16615,2025-07-23,04:11,4139.71
P42537,2025-07-23,09:13,7388.77
P40978,2025-07-23,10:06,2478.24
P40252,2025-07-23,14:09,18143.32
P11295,2025-07-23,14:19,2112.99
P37328,2025-07-23,14:19,112766.09
P37366,2025-07-23,14:19,1205.3
P40241,2025-07-23,17:13,10213.84
P12521,2025-07-24,08:21,701.21
P40707,2025-07-24,09:08,23461.08
P37586,2025-07-25,02:22,3265.51
P37768,2025-07-25,02:22,489789.18
P37689,2025-07-25,02:22,1038.35
P29211,2025-07-25,02:22,1464.3
P12934,2025-07-25,11:33,1281.79
P35999,2025-07-25,13:56,13891.73
P32687,2025-07-25,20:23,172062.84
P29733,2025-07-25,20:23,8708.62
P37802,2025-07-25,20:23,1132.4
P37584,2025-07-25,20:23,77623.77
P37684,2025-07-25,20:23,1380.83
P37815,2025-07-26,12:52,122921.13
P02694,2025-07-26,14:25,18170.93
P28912,2025-07-26,14:25,725.49
P37653,2025-07-26,14:25,376304.51
P10766,2025-07-26,21:17,8261.45
P22683,2025-07-26,23:37,860.93
P34397,2025-07-27,07:15,529.51
P16384,2025-07-27,08:26,2296.32
P15194,2025-07-27,08:26,1082.63
P35317,2025-07-27,10:09,1587.86
P10442,2025-07-27,14:14,223649.58
P37853,2025-07-27,17:16,4471.76
P11534,2025-07-27,17:54,2631.18
P40007,2025-07-27,20:03,4442.34
P15315,2025-07-27,20:41,2031.94
P15334,2025-07-28,02:27,5684.91
P37775,2025-07-28,02:27,1795883.79
P16155,2025-07-28,02:27,222885.49
P12475,2025-07-28,02:27,1022.05
P17450,2025-07-28,02:27,36666.17
P15089,2025-07-28,13:30,904.96
P03214,2025-07-28,18:05,6604.75
P37814,2025-07-28,20:29,80345.63
P16388,2025-07-28,20:29,10865.76
P37638,2025-07-28,23:20,1104.64
P10770,2025-07-29,09:45,3998.88
P38782,2025-07-29,13:00,605.5
P11319,2025-07-29,14:30,4800.38
P15173,2025-07-29,20:26,2481.35
P34401,2025-07-30,08:32,1082.96
P17224,2025-07-30,10:40,994.11
P40295,2025-07-30,14:08,2729.09
P39797,2025-07-30,15:23,5638.09
P40218,2025-07-30,17:26,1150.99
P29107,2025-07-30,17:31,725.04
P40658,2025-07-30,20:17,986.8
P35334,2025-07-31,01:34,19867.49
P37677,2025-07-31,02:33,21112.8
P16160,2025-07-31,02:33,3517.97
P25425,2025-07-31,02:33,3145.44
P37774,2025-07-31,20:34,3312.54
P16513,2025-07-31,20:34,1178.41
P11311,2025-08-01,14:36,8358.63
P37615,2025-08-01,14:36,1745.41
P37816,2025-08-01,14:36,186690.31
P12486,2025-08-01,14:36,1176.71
P37295,2025-08-02,08:37,614.95
P15323,2025-08-02,08:37,1405.2
P28937,2025-08-02,08:37,3699.2
P36005,2025-08-02,08:37,441.23
P28883,2025-08-02,08:37,771.93
P12526,2025-08-03,02:38,2551.84
P11254,2025-08-03,02:38,1529.08
P43517,2025-08-03,03:51,98516.94
P15538,2025-08-03,18:57,3548.45
P12449,2025-08-03,20:32,757.19
P16675,2025-08-03,20:33,3848.61
P11310,2025-08-03,20:40,11162.33
P28488,2025-08-03,23:38,4676.94
P10689,2025-08-04,02:37,8623.6
P37811,2025-08-04,03:17,5095.11
P13784,2025-08-04,08:21,420500.59
P37314,2025-08-04,14:41,360079.84
P41878,2025-08-04,19:38,4109.68
P08391,2025-08-04,21:28,79654.26
P40698,2025-08-05,02:02,1631.15
P40203,2025-08-05,05:38,3466.69
P04347,2025-08-05,06:11,1537.71
P15062,2025-08-05,08:32,2457.35
P12456,2025-08-05,08:42,3412.62
P15130,2025-08-06,01:12,430.07
P14574,2025-08-06,02:44,2427.1
P36009,2025-08-06,02:44,810.5
P37681,2025-08-06,02:44,30104.51
P34529,2025-08-06,02:44,7131.22
P13626,2025-08-06,05:07,2999.92
P20133,2025-08-06,09:01,3947.79
P37369,2025-08-06,11:59,20243.69
P40955,2025-08-06,14:01,8126.41
P40285,2025-08-06,17:27,460.23
P10210,2025-08-06,18:27,9406.5
P12490,2025-08-06,20:45,1637.37
P12528,2025-08-06,20:45,1716.21
P40677,2025-08-07,13:27,1219.36
P12524,2025-08-07,14:46,766.71
P03523,2025-08-07,15:35,2121.84
P40864,2025-08-07,22:18,5115.25
P34404,2025-08-08,08:48,105487.28
P40335,2025-08-08,16:48,460.08
P40103,2025-08-08,21:15,817.98
P40326,2025-08-08,22:41,1875.08
P40261,2025-08-09,01:44,16093.94
P10419,2025-08-09,02:30,919.35
P28946,2025-08-09,02:49,4166.31
P29214,2025-08-09,02:49,3295.39
P28945,2025-08-09,02:49,4921.39
P40160,2025-08-09,07:23,858.5
P11773,2025-08-09,08:27,1421.7
P28952,2025-08-09,20:51,2563.75
P22680,2025-08-09,20:51,1982.07
P27620,2025-08-09,22:28,1434.44
P01746,2025-08-10,01:41,1492.86
P34879,2025-08-10,01:52,50706.67
P40249,2025-08-10,09:55,29183.24
P04428,2025-08-10,11:20,3107.63
P10665,2025-08-10,11:36,7281.28
P26973,2025-08-10,14:52,1395.87
P28953,2025-08-10,14:52,3581.93
P37375,2025-08-10,17:17,2113.99
P08043,2025-08-10,21:16,1035.97
P01686,2025-08-10,21:53,5741.27
P41344,2025-08-10,22:16,2992.9
P37562,2025-08-11,02:18,1126.46
P25419,2025-08-12,02:55,1497.09
P34440,2025-08-12,12:41,9190.15
P01708,2025-08-12,15:20,5647.93
P37657,2025-08-12,20:56,518.76
P40126,2025-08-13,10:08,1734.01
P34396,2025-08-13,11:06,1375.7
P26863,2025-08-13,14:57,1739.35
P19429,2025-08-13,21:12,8042.25
P41442,2025-08-13,21:41,1708.96
P01666,2025-08-14,03:46,1641.49
P28935,2025-08-14,08:59,2373.95
P40238,2025-08-14,10:30,1663.65
P16079,2025-08-14,16:37,5268.5
P37687,2025-08-15,00:08,863.1
P40673,2025-08-15,09:21,1986.34
P42300,2025-08-15,15:45,5059.38
P03989,2025-08-15,17:29,2153.72
P10741,2025-08-16,01:51,355.99
P35363,2025-08-16,12:34,7831.94
P40163,2025-08-16,12:40,92681.93
P22684,2025-08-16,15:03,509.0
P40256,2025-08-16,17:16,2180.39
P09817,2025-08-16,21:17,2074.64
P40329,2025-08-17,01:14,1819.71
P40236,2025-08-17,03:01,547.58
P04355,2025-08-17,05:51,2542.1
P10121,2025-08-17,06:11,79766.75
P41382,2025-08-17,07:12,60958.83
P40668,2025-08-17,11:01,996.04
P41973,2025-08-17,19:16,11760.74
P39996,2025-08-17,22:14,1956.53
P40328,2025-08-17,23:31,1388.23
P37591,2025-08-18,03:05,1128.52
P40721,2025-08-18,07:04,971.05
P20126,2025-08-18,21:07,7107.61
P15322,2025-08-18,21:07,3415.57
P37842,2025-08-18,21:07,1877.5
P41940,2025-08-18,22:29,9503.88
P42824,2025-08-19,00:58,2001.41
P40720,2025-08-19,10:05,6769.22
P40142,2025-08-19,10:53,897.59
P40281,2025-08-19,11:27,1225.91
P40345,2025-08-19,13:33,1528.34
P37765,2025-08-19,15:08,26045.11
P15332,2025-08-19,15:08,1603.54
P20369,2025-08-19,18:35,4727.45
P41947,2025-08-19,23:28,7938.81
P10733,2025-08-20,00:40,4102.7
P10000,2025-08-20,08:20,1322.1
P03611,2025-08-20,11:05,6148.18
P31930,2025-08-20,16:07,4625.98
P04742,2025-08-20,22:00,4089.89
P40232,2025-08-21,00:12,1484.81
P02066,2025-08-21,03:21,4400.86
P01479,2025-08-21,07:06,2836.71
P28239,2025-08-21,12:01,2085.89
P14744,2025-08-21,21:12,2216.59
P02996,2025-08-22,08:25,5000.89
P05053,2025-08-22,09:37,3808.23
P02158,2025-08-22,13:03,1885.7
P06102,2025-08-22,14:21,6341.19
P13891,2025-08-22,14:54,4313.45
P41359,2025-08-22,15:19,2734.96
P41241,2025-08-23,05:56,1824.91
P36007,2025-08-23,09:15,73627.39
P40108,2025-08-23,10:55,1557.11
P01537,2025-08-24,14:37,3066.54
P44027,2025-08-24,15:43,2725.83
P35344,2025-08-24,19:47,18466.54
P37772,2025-08-24,21:18,1014485.44
P37588,2025-08-25,08:02,7221.15
P04538,2025-08-25,14:32,3643.86
P40174,2025-08-25,15:58,55658.59
P19263,2025-08-25,18:44,329.81
P40277,2025-08-26,06:12,2665.64
P40697,2025-08-26,08:21,623.01
P10633,2025-08-26,20:01,1941.08
P05668,2025-08-26,20:09,3118.41
P39940,2025-08-26,21:15,256168.4
P40162,2025-08-27,02:43,137361.57
P15193,2025-08-27,03:22,1605.65
P10631,2025-08-27,04:42,882.25
P10222,2025-08-27,11:11,12686.19
P42446,2025-08-27,15:11,8245.28
P38750,2025-08-28,02:12,5616.18
P40758,2025-08-28,02:48,1265.13
P10212,2025-08-28,08:26,14058.93
P40731,2025-08-28,15:22,2516372.15
P42575,2025-08-28,18:24,4050.85
P41930,2025-08-28,21:51,2257.26
P05054,2025-08-29,00:21,17751.78
P02531,2025-08-29,05:06,3928.21
P04072,2025-08-29,10:04,4425.19
P13335,2025-08-29,16:49,3183.32
P05927,2025-08-30,08:23,5849.33
P28254,2025-08-30,11:29,19224.03
P22679,2025-08-30,21:28,598.71
P04694,2025-08-30,22:37,4244.83
P40206,2025-08-31,03:37,2505.66
P41929,2025-08-31,15:04,2247.22
P15318,2025-08-31,15:30,640.03
P28541,2025-08-31,21:03,2648.87
P40134,2025-09-01,06:41,1311.38
P10686,2025-09-01,23:12,1953.86
P39992,2025-09-02,00:07,3097.09
P41343,2025-09-02,01:38,1850.02
P07358,2025-09-02,03:54,2294.01
P40109,2025-09-02,21:09,2335.91
P40373,2025-09-03,02:05,1336.44
P21905,2025-09-03,09:19,950.6
P17904,2025-09-04,14:40,1314.36
P15729,2025-09-04,16:15,3334.9
P40265,2025-09-05,11:03,716.05
P10698,2025-09-05,11:17,30700.94
P34419,2025-09-05,16:01,3352.17
P07484,2025-09-05,16:36,1657.41
P03040,2025-09-05,22:01,4227.74
P11817,2025-09-05,22:27,2086.92
P11039,2025-09-05,22:55,7957.96
P37642,2025-09-06,11:34,705.88
P41935,2025-09-06,11:44,601.32
P40161,2025-09-06,12:44,225153.58
P02290,2025-09-06,15:41,61495.75
P29432,2025-09-06,15:41,1108.92
P01070,2025-09-07,06:06,2323.15
P40273,2025-09-07,07:44,372.81
P39943,2025-09-07,08:13,586.69
P40158,2025-09-07,08:52,9147.09
P39988,2025-09-07,12:27,14373.67
P39982,2025-09-07,16:38,7016.42
P01414,2025-09-07,18:15,2488.02
P41434,2025-09-07,18:26,2284.66
P05346,2025-09-07,20:32,3315.15
P35327,2025-09-07,23:20,14303.23
P11238,2025-09-07,23:40,2285.5
P35335,2025-09-08,03:35,311.14
P41338,2025-09-08,12:35,490.89
P40199,2025-09-08,18:49,3690.19
P27504,2025-09-08,20:15,1145.45
P05633,2025-09-09,05:48,3254.53
P18871,2025-09-09,06:12,4005.79
P35515,2025-09-09,08:27,45988.81
P39162,2025-09-09,15:46,8331.73
P15533,2025-09-09,15:46,7562.4
P15830,2025-09-09,16:17,1778.88
P10418,2025-09-09,16:48,756.77
P40381,2025-09-09,18:36,2721.09
P35312,2025-09-09,20:07,15266.06
P23328,2025-09-09,20:36,2341.09
P35337,2025-09-09,22:47,1342.65
P03668,2025-09-10,04:12,1728.34
P34856,2025-09-10,13:01,3861.62
P35346,2025-09-10,22:46,8335.9
P39153,2025-09-11,23:27,40288.63
P39984,2025-09-12,02:40,84775.17
P40688,2025-09-12,04:21,1184.24
P35325,2025-09-12,04:27,2086.97
P41235,2025-09-12,16:08,67775.43
P40219,2025-09-12,19:26,411.29
P39997,2025-09-13,02:22,3626.96
P12746,2025-09-14,03:54,5120.02
P42794,2025-09-14,21:56,1074.07
P16382,2025-09-15,01:24,7701.98
P43804,2025-09-15,08:30,735746.6
P10776,2025-09-15,12:27,1004.28
P35357,2025-09-16,04:29,110294.54
P39161,2025-09-16,06:10,3121.27
P04154,2025-09-16,14:19,4263.59
P40234,2025-09-16,21:42,939.47
P40245,2025-09-17,00:36,660.0
P18618,2025-09-17,05:02,1671.42
P40181,2025-09-17,06:04,1207.12
P03334,2025-09-17,11:10,5692.51
P40166,2025-09-17,15:16,9452.02
P10450,2025-09-17,16:42,3943.57
P40223,2025-09-17,16:53,328.94
P35361,2025-09-17,19:55,16166.27
P05231,2025-09-18,00:29,3155.62
P40150,2025-09-18,00:32,1686.91
P09816,2025-09-18,01:18,2014.21
P11041,2025-09-18,05:06,2033.9
P08794,2025-09-18,16:41,747.09
P40262,2025-09-19,06:26,4324.61
P35512,2025-09-19,07:22,17715.31
P41357,2025-09-19,15:13,7918.36
P40384,2025-09-19,18:15,753.87
P40375,2025-09-20,00:14,449.86
P40289,2025-09-20,01:51,453.96
P39781,2025-09-20,03:08,6341.38
P01413,2025-09-20,04:05,16472.37
P40324,2025-09-20,13:24,1472.65
P35348,2025-09-20,17:23,3246.97
P33976,2025-09-21,12:41,4278.31
P10729,2025-09-21,18:48,3206.95
P35336,2025-09-21,23:50,1850.17
P37770,2025-09-22,00:18,104445.43
P37303,2025-09-22,03:27,943.42
P41234,2025-09-22,06:57,67694.57
P40297,2025-09-22,14:20,172487.77
P43906,2025-09-22,17:50,3387.29
P40127,2025-09-22,17:58,3645.75
P39978,2025-09-22,22:09,43232.07
P01188,2025-09-22,23:58,3924.55
P40346,2025-09-23,00:02,711.4
P30746,2025-09-23,11:08,3542.51
P04276,2025-09-23,16:40,3459.18
P42578,2025-09-23,16:48,4234.97
P03651,2025-09-23,16:57,3666.65
P15281,2025-09-23,17:30,2894.91
P28947,2025-09-23,19:13,801.4
P42528,2025-09-23,22:55,983.88
P30039,2025-09-24,01:28,282.55
P05903,2025-09-24,02:55,2283.91
P37849,2025-09-24,07:54,2222.07
P40352,2025-09-24,12:13,1034.88
P40383,2025-09-25,00:42,494.71
P10771,2025-09-25,03:43,790.53
P42439,2025-09-25,13:10,603.6
P39146,2025-09-25,14:04,5070.63
P39787,2025-09-25,16:49,9483.69
P01442,2025-09-25,19:49,4116.85
P40675,2025-09-25,20:14,4604.9
P05468,2025-09-26,02:43,5595.77
P41156,2025-09-26,05:49,4006.43
P40105,2025-09-26,11:44,598.07
P28963,2025-09-26,13:47,3927.55
P16390,2025-09-26,17:43,3520.49
P40732,2025-09-26,20:46,26892.22
P35328,2025-09-26,23:01,1930.94
P02088,2025-09-27,00:58,2512.15
P10416,2025-09-27,04:39,1146.15
P40674,2025-09-27,09:43,1609.37
P01484,2025-09-27,16:19,125.27
P40122,2025-09-27,18:13,532.97
P13780,2025-09-27,18:26,58979.17
P02836,2025-09-28,00:40,4013.15
P40775,2025-09-28,16:31,3644.4
P40339,2025-09-28,21:48,3868.96
P42558,2025-09-29,04:53,426.56
P39753,2025-09-29,11:40,1424.46
P32367,2025-09-29,23:03,1238.72
P35340,2025-09-30,00:51,10442.21
P40693,2025-09-30,02:54,271.35
P40257,2025-09-30,03:07,19432.88
P05275,2025-09-30,06:31,4221.29
P35321,2025-09-30,08:01,640.84
P10713,2025-09-30,14:41,1250.81
P35514,2025-10-01,09:35,4787.19
P10696,2025-10-01,18:31,7663.01
P34414,2025-10-01,20:38,1032.89
P41949,2025-10-01,23:15,759.68
P01015,2025-10-01,23:18,6475.48
P37299,2025-10-01,23:29,177013.9
P21063,2025-10-02,00:36,24494.36
P40370,2025-10-02,03:54,486.48
P28236,2025-10-02,13:29,121173.49
P27801,2025-10-02,14:11,3309.42
P40293,2025-10-02,22:05,8841.18
P41360,2025-10-03,08:28,32048.73
P39976,2025-10-03,16:32,3532.19
P41937,2025-10-03,19:40,12368.39
P41348,2025-10-04,04:53,3946.6
P40282,2025-10-04,15:52,5064.97
P21900,2025-10-04,22:41,510.69
P28242,2025-10-04,23:06,7909.64
P40255,2025-10-05,05:08,1102.06
P37566,2025-10-05,12:48,5304.69
P28253,2025-10-05,13:57,2558.4
P40298,2025-10-05,14:46,2068.22
P34522,2025-10-05,17:12,1394.56
P40240,2025-10-06,05:58,340643.65
P40177,2025-10-06,07:48,1632.69
P12722,2025-10-06,11:51,1618.66
P40171,2025-10-06,18:47,1108.7
P40117,2025-10-06,20:25,15377.87
P40757,2025-10-07,05:35,1330.49
P28526,2025-10-07,09:47,1873.1
P40966,2025-10-07,11:35,21564.26
P41593,2025-10-07,13:12,3837.34
P16157,2025-10-07,17:37,38971.35
P17506,2025-10-08,10:19,6463.0
P03915,2025-10-08,15:01,7590.26
P40165,2025-10-08,19:29,9268.73
P12387,2025-10-08,21:05,5252.9
P27598,2025-10-09,07:01,8355.27
P05340,2025-10-09,08:45,3329.79
P39951,2025-10-09,09:24,66493.3
P37322,2025-10-09,10:18,870.07
P41971,2025-10-09,12:58,2571.14
P13895,2025-10-09,13:53,4349.68
P28246,2025-10-09,14:36,1035.3
P35343,2025-10-09,15:18,5529.86
P40132,2025-10-09,16:01,2507.89
P35359,2025-10-09,17:05,21765.78
P40246,2025-10-10,01:49,20386.45
P18187,2025-10-10,12:53,6478.99
P40268,2025-10-10,20:14,1780.09
P39835,2025-10-10,21:46,1864.57
P35516,2025-10-11,08:37,8243.98
P40104,2025-10-11,13:31,10902.88
P40145,2025-10-11,14:45,704.09
P24922,2025-10-11,17:46,705.45
P28931,2025-10-11,18:25,1020.33
P40700,2025-10-11,19:01,19433.39
P09639,2025-10-12,09:01,2770.3
P31643,2025-10-13,09:47,3186.57
P34147,2025-10-13,10:31,26652.29
P40294,2025-10-13,11:46,2305.74
P13900,2025-10-13,11:58,5363.47
P21902,2025-10-13,21:21,967.64
P28714,2025-10-14,22:13,17423.53
P41240,2025-10-15,03:24,1018.14
P41249,2025-10-15,11:48,1558.9
P08149,2025-10-15,23:03,3624.24
P40226,2025-10-16,09:20,1503.41
P17528,2025-10-16,16:32,3072.67
P40914,2025-10-16,21:45,9144.09
P34527,2025-10-17,00:44,405.29
P16429,2025-10-17,00:46,1593.01
P40371,2025-10-17,01:12,464.34
P36567,2025-10-17,05:52,6420.18
P07080,2025-10-17,21:11,3052.45
P40248,2025-10-18,01:52,897.28
P40259,2025-10-18,09:57,2107.16
P25148,2025-10-18,14:40,5910.52
P13779,2025-10-18,19:43,9979.25
P33935,2025-10-19,06:36,143804.42
P02881,2025-10-19,15:51,2952.3
P40348,2025-10-19,16:05,714.69
P40254,2025-10-19,19:52,1762.06
P41232,2025-10-19,20:29,14665.86
P38364,2025-10-20,01:42,2296.72
P15164,2025-10-20,04:59,1942.55
P32925,2025-10-20,04:59,11094.16
P41439,2025-10-20,08:37,2728.79
P37319,2025-10-20,13:18,643.48
P39928,2025-10-20,19:57,1088.36
P34857,2025-10-20,22:42,5513.82
P04832,2025-10-21,00:22,4035.93
P38478,2025-10-21,01:35,3469.57
P40144,2025-10-21,04:21,1363.06
P01913,2025-10-21,05:01,3178.88
P35309,2025-10-21,11:54,1145.48
P02429,2025-10-21,14:40,3725.33
P37680,2025-10-21,17:13,8157.67
P10626,2025-10-22,01:18,3359.34
P39786,2025-10-22,10:53,3847.38
P34629,2025-10-22,11:03,4245.43
P29217,2025-10-22,12:29,7899.6
P22656,2025-10-22,12:55,1356.78
P40343,2025-10-22,19:46,6698.16
P40760,2025-10-23,06:59,3862.2
P40333,2025-10-23,14:02,559.1
P40929,2025-10-23,14:32,759.44
P03903,2025-10-23,22:13,3157.01
P35313,2025-10-23,22:17,8238.3
P43639,2025-10-23,23:06,680980.15
P34889,2025-10-24,00:55,58396.09
P35040,2025-10-24,05:07,2097.85
P40167,2025-10-24,14:27,5375.56
P06040,2025-10-24,14:54,7380.89
P40201,2025-10-24,18:07,2754.58
P13785,2025-10-24,21:47,7346.43
P41336,2025-10-25,01:06,3247.41
P10669,2025-10-25,03:52,5355.8
P40237,2025-10-25,05:26,883.88
P05260,2025-10-25,11:39,17338.05
P26393,2025-10-25,15:23,4584.26
P40131,2025-10-25,18:41,1569.0
P38361,2025-10-25,20:18,3887.98
P06024,2025-10-25,23:16,2560.58
P30880,2025-10-26,05:10,1116.08
P03878,2025-10-26,06:29,5968.23
P23839,2025-10-26,17:28,7880.02
P42104,2025-10-26,22:29,1988.22
P35362,2025-10-27,01:46,23642.24
P03598,2025-10-27,03:59,3415.75
P38961,2025-10-27,17:13,2903.39
P32444,2025-10-27,17:13,20497.94
P37371,2025-10-28,04:59,19123.62
P35345,2025-10-28,08:24,294.95
P40148,2025-10-28,13:33,1910.33
P10424,2025-10-28,23:56,2382.27
P25979,2025-10-29,03:36,4907.01
P27242,2025-10-29,05:16,6561.96
P31918,2025-10-29,05:16,1226243.55
P38845,2025-10-29,05:16,1838.78
P10251,2025-10-29,05:16,4293.72
P27241,2025-10-29,05:36,8466.26
P41849,2025-10-29,12:00,1012.0
P40325,2025-10-29,16:56,5118.74
P37828,2025-10-29,18:00,3905.28
P03947,2025-10-29,23:53,4698.56
P34899,2025-10-30,00:07,1001.96
P36008,2025-10-30,05:08,6645.05
P37619,2025-10-30,08:33,1096.34
P02865,2025-10-30,08:55,1170.71
P41967,2025-10-30,13:24,1710.49
P40915,2025-10-30,17:18,3364.7
P18505,2025-10-30,17:18,3554.09
P07336,2025-10-30,17:18,14955.58
P40690,2025-10-30,17:58,768.54
P39998,2025-10-30,22:33,2395.79
P05158,2025-10-31,01:03,3428.67
P23261,2025-10-31,05:14,4631.72
P10025,2025-10-31,07:20,578.32
P39834,2025-10-31,12:36,4327.65
P40662,2025-10-31,17:00,8521.64
P41866,2025-10-31,17:23,1920.03
P36199,2025-10-31,18:44,1171.67
P40702,2025-10-31,21:05,2752.84
P39820,2025-10-31,23:34,845.35
P37682,2025-11-01,05:21,51448.2
P09605,2025-11-01,05:21,4780.76
P43849,2025-11-01,10:03,3463.7
P40747,2025-11-01,18:36,6849.57
P27734,2025-11-01,23:22,1788.41
P40703,2025-11-02,09:02,646.78
P26047,2025-11-02,17:24,3836.07
P40890,2025-11-02,17:24,3917.14
P12485,2025-11-03,09:28,1854.37
P29295,2025-11-03,11:25,9644.25
P04050,2025-11-03,11:25,1928.24
P07060,2025-11-03,11:25,4255.56
P40220,2025-11-03,15:15,12061.76
P35355,2025-11-03,18:51,6576.6
P39944,2025-11-03,20:07,11353.1
P39813,2025-11-03,20:11,2059.77
P41875,2025-11-03,22:07,12730.06
P40749,2025-11-03,22:08,1385.88
P41437,2025-11-04,01:21,4343.14
P21912,2025-11-04,04:20,634.31
P42521,2025-11-04,12:49,1959.07
P35513,2025-11-04,15:36,1821.62
P15950,2025-11-04,17:26,1828.02
P37302,2025-11-04,18:57,885.1
P29034,2025-11-04,23:28,1026.49
P37795,2025-11-04,23:42,64996.25
P11778,2025-11-05,01:08,5764.65
P05942,2025-11-05,17:29,866.72
P27410,2025-11-05,17:29,1338.2
P41953,2025-11-05,18:28,3073.62
P42855,2025-11-05,20:33,1028.58
P41345,2025-11-06,01:53,19990.96
P10440,2025-11-06,02:37,1934452.4
P41335,2025-11-06,07:39,4040.32
P36232,2025-11-06,11:31,8658.67
P34471,2025-11-06,11:31,583.08
P11795,2025-11-06,16:17,13389.57
P35275,2025-11-06,18:07,67936.67
P34854,2025-11-06,20:55,4901.85
P13894,2025-11-06,21:07,3631.57
P04211,2025-11-07,00:12,4416.61
P40730,2025-11-07,00:26,1273.36
P27229,2025-11-07,02:39,2700.32
P04188,2025-11-07,03:11,4916.38
P03368,2025-11-07,05:15,5785.08
P08377,2025-11-07,05:32,83454.96
P37376,2025-11-07,05:32,671665.46
P02698,2025-11-07,11:11,4225.75
P39809,2025-11-07,16:21,9828.67
P40173,2025-11-07,17:10,3724.77
P10433,2025-11-07,22:21,562.31
P29256,2025-11-07,23:33,757.12
P10330,2025-11-08,02:28,2938.34
P35318,2025-11-08,06:19,2140.27
P12479,2025-11-08,07:41,775.98
P08813,2025-11-08,09:50,1844.38
P40349,2025-11-08,13:41,4015.41
P08197,2025-11-08,15:08,2628.89
P41769,2025-11-08,16:01,12002.43
P29918,2025-11-09,01:12,4724.08
P40118,2025-11-09,02:42,1375.94
P35353,2025-11-09,05:26,14798.67
P40669,2025-11-09,06:18,794.04
P08756,2025-11-09,11:36,194543.76
P40012,2025-11-09,15:09,749.78
P17497,2025-11-09,16:52,3045.59
P35171,2025-11-09,18:40,1910.04
P12235,2025-11-09,23:55,2823.73
P10739,2025-11-10,01:38,557.38
P39937,2025-11-10,02:40,30525.41
P05656,2025-11-10,05:37,1519.11
P03887,2025-11-10,05:37,1313.01
P41951,2025-11-10,13:15,2398.43
P40243,2025-11-10,13:40,763.75
P40114,2025-11-10,15:04,5336.82
P42437,2025-11-10,22:59,1614.17
P13100,2025-11-10,23:39,21826.37
P14342,2025-11-10,23:39,2276.1
P41876,2025-11-11,06:58,8488.81
P37827,2025-11-11,10:15,89752.56
P03987,2025-11-11,12:14,3146.1
P39994,2025-11-11,15:01,12540.02
P40283,2025-11-11,15:16,121063.04
P34192,2025-11-11,17:40,6984.02
P41965,2025-11-11,19:24,357.98
P40190,2025-11-11,20:56,13007.31
P34902,2025-11-11,21:39,1060.75
P40253,2025-11-11,22:01,984.41
P21188,2025-11-11,22:08,1329.72
P01727,2025-11-12,00:53,2768.14
P13653,2025-11-12,04:32,3839.49
P40291,2025-11-12,06:06,1079.44
P16213,2025-11-12,10:23,61146.66
P36770,2025-11-12,11:41,700.65
P09218,2025-11-12,11:41,7002.27
P34562,2025-11-13,05:43,1922.72
P34898,2025-11-13,08:55,4077.99
P41331,2025-11-13,09:32,6869.7
P39968,2025-11-13,10:27,16008.08
P42822,2025-11-13,12:22,988.87
P15942,2025-11-13,13:42,1241.66
P15789,2025-11-13,16:22,877.53
P36412,2025-11-13,23:44,1195.82
P42706,2025-11-13,23:44,1516.0
P41243,2025-11-14,12:33,1121.18
P43710,2025-11-14,17:45,10032.08
P39844,2025-11-14,17:45,6197.38
P18766,2025-11-14,17:45,6054.21
P36370,2025-11-14,17:45,15008.02
P36527,2025-11-14,17:45,1196.16
P39945,2025-11-14,20:23,4318.7
P35167,2025-11-14,23:34,684.07
P30494,2025-11-15,02:28,5861.31
P10702,2025-11-15,05:36,12255.4
P35169,2025-11-15,05:51,727.81
P40711,2025-11-15,07:35,697.33
P28416,2025-11-15,11:47,2296.36
P31444,2025-11-15,18:53,23692.72
P10668,2025-11-16,00:57,759.12
P24748,2025-11-16,05:48,1358.08
P15860,2025-11-16,05:48,11776.37
P28257,2025-11-16,08:09,571.2
P34896,2025-11-16,10:06,3905.24
P38797,2025-11-16,23:49,4548.53
P37329,2025-11-17,02:08,3627.84
P41851,2025-11-17,03:01,545.92
P28241,2025-11-17,03:51,54993.71
P13922,2025-11-17,04:24,1236.23
P24831,2025-11-17,17:51,1556.63
P23241,2025-11-17,17:51,2288.63
P09360,2025-11-17,17:51,7154.94
P41950,2025-11-18,01:01,1011.34
P40258,2025-11-18,01:49,31811.56
P10746,2025-11-18,04:20,2793.34
P37796,2025-11-18,07:37,249057.51
P21153,2025-11-18,11:52,1383.46
P23444,2025-11-18,11:52,841.41
P35330,2025-11-19,03:58,218939.73
P12319,2025-11-19,05:54,2007.32
P09394,2025-11-19,05:54,232663.14
P40143,2025-11-19,10:47,1822.8
P27340,2025-11-19,23:55,607.86
P38576,2025-11-19,23:55,1500.73
P06905,2025-11-19,23:55,7725.21
P35350,2025-11-20,04:52,117379.14
P40358,2025-11-20,07:37,1796.26
P40137,2025-11-20,07:45,105184.93
P40198,2025-11-20,14:10,2855.65
P33936,2025-11-20,14:57,5969.27
P34280,2025-11-20,17:43,823.03
P39748,2025-11-20,20:17,2357.52
P41939,2025-11-21,01:35,4200.69
P40018,2025-11-21,04:03,2462.99
P07719,2025-11-21,11:58,3662.75
P01823,2025-11-21,11:58,1751.96
P37843,2025-11-21,17:17,4061.0
P40000,2025-11-22,05:59,12549.62
P02491,2025-11-22,05:59,225.94
P10638,2025-11-22,12:50,1143.12
P40776,2025-11-23,00:29,4230.45
P40251,2025-11-23,06:20,362.41
P11785,2025-11-23,10:12,1262.82
P40660,2025-11-23,11:34,1321.47
P35358,2025-11-23,12:02,5517.85
P24551,2025-11-23,18:02,8946.22
P31770,2025-11-23,18:02,1607.61
P27174,2025-11-23,18:02,2835.31
P39949,2025-11-23,18:13,87045.28
P22681,2025-11-23,23:24,1642.59
P40196,2025-11-24,00:53,1719.84
P03892,2025-11-24,01:29,3770.81
P40881,2025-11-24,02:34,1780.99
P39806,2025-11-24,04:01,1782.82
P30809,2025-11-24,12:03,19926.63
P12175,2025-11-24,12:03,5336.86
P06307,2025-11-24,12:03,1206.45
P04220,2025-11-25,06:04,5821.46
P33982,2025-11-25,06:04,35272.17
P41963,2025-11-25,11:27,3859.62
P39812,2025-11-25,13:09,31110.73
P05952,2025-11-25,18:59,1306.26
P40368,2025-11-25,21:28,1364.5
P43480,2025-11-26,00:06,8935.69
P15508,2025-11-26,00:06,130924.96
P13810,2025-11-26,13:07,5750.48
P37593,2025-11-26,14:18,332.1
P05117,2025-11-26,18:07,703.41
P36636,2025-11-26,18:07,1180.17
P40701,2025-11-26,20:51,1052.19
P37124,2025-11-27,12:08,3462.3
P15266,2025-11-27,12:08,3598.94
P16628,2025-11-27,12:08,1690.1
P32783,2025-11-27,12:08,754.23
P19146,2025-11-27,17:12,2529.68
P41361,2025-11-27,19:04,10902.87
P25487,2025-11-27,21:31,16941.02
P09990,2025-11-28,06:10,834.12
P29982,2025-11-28,06:10,1273.9
P35081,2025-11-28,06:10,59753.69
P31178,2025-11-28,06:10,3484.55
P25154,2025-11-28,06:10,1875.62
P40244,2025-11-28,08:53,3404.64
P33973,2025-11-28,15:33,9936.9
P39824,2025-11-28,17:01,4084.82
P05798,2025-11-28,18:42,5519.21
P11234,2025-11-29,00:11,44791.0
P02927,2025-11-29,00:11,963.77
P41090,2025-11-29,00:11,5648.95
P15331,2025-11-30,05:42,233878.42
P39798,2025-11-30,07:32,718.53
P19147,2025-11-30,11:25,4627.02
P05279,2025-11-30,11:34,3832.05
P37513,2025-11-30,12:14,16415.43
P39285,2025-11-30,12:14,2760.45
P40221,2025-11-30,13:11,651.38
P11781,2025-11-30,16:15,10046.56
P26439,2025-11-30,17:45,13911.07
P03966,2025-11-30,23:25,4084.44
P05399,2025-12-01,00:28,6141.29
P30038,2025-12-01,06:15,7683.75
P40705,2025-12-01,06:25,3172.35
P40385,2025-12-01,11:37,880.0
P40274,2025-12-01,16:07,71122.38
P41354,2025-12-01,16:35,3836.4
P40010,2025-12-01,23:28,1775.86
P17441,2025-12-02,00:17,8637.6
P43989,2025-12-02,00:17,2533.6
P09619,2025-12-02,00:17,3173.93
P37379,2025-12-02,05:19,571.24
P27153,2025-12-02,18:18,1934.96
P07652,2025-12-02,18:18,29596.64
P31715,2025-12-02,18:18,2166.77
P31338,2025-12-02,18:18,1241.21
P35360,2025-12-02,19:53,17821.45
P15857,2025-12-02,21:46,955.68
P37330,2025-12-02,22:22,763.7
P27212,2025-12-02,22:24,21799.86
P40170,2025-12-03,02:18,1365.17
P41347,2025-12-03,12:11,384462.13
P32310,2025-12-03,12:19,234731.26
P37778,2025-12-03,16:21,321905.91
P10765,2025-12-03,18:44,437.64
P39777,2025-12-03,22:52,756.64
P38580,2025-12-04,06:21,7409.61
P12448,2025-12-04,09:24,68051.37
P37660,2025-12-04,10:05,565.75
P41968,2025-12-04,12:31,640.18
P34259,2025-12-04,20:33,4165.68
P28740,2025-12-05,00:22,2101.76
P06350,2025-12-05,00:22,343.79
P14472,2025-12-05,00:33,1892.29
P40179,2025-12-05,04:03,822.09
P39818,2025-12-05,04:39,32284.08
P40968,2025-12-05,09:12,82702.58
P40178,2025-12-05,11:21,84164.12
P10700,2025-12-05,18:19,66862.05
P35098,2025-12-05,23:14,4765.52
P39980,2025-12-05,23:53,25405.73
P38329,2025-12-06,12:25,3872.95
P12629,2025-12-06,12:25,17171.22
P33542,2025-12-06,14:18,5303.11
P36165,2025-12-06,15:13,764.63
P40284,2025-12-06,19:28,3332.87
P41262,2025-12-07,09:21,1652.84
P40107,2025-12-07,09:38,1993.21
P05429,2025-12-07,09:39,6580.04
P14670,2025-12-07,11:41,2483.45
P10740,2025-12-07,14:33,1330.07
P10781,2025-12-07,21:13,5163.71
P41330,2025-12-07,21:48,9882.0
P25074,2025-12-08,00:27,3313.93
P08274,2025-12-08,03:05,3941.1
P22658,2025-12-08,05:29,3221.98
P40341,2025-12-08,09:06,3534.36
P03505,2025-12-08,09:37,6168.88
P40116,2025-12-08,09:48,5208.32
P04412,2025-12-08,18:00,5914.95
P38238,2025-12-08,18:29,2878.23
P10727,2025-12-08,19:19,40290.66
P40657,2025-12-08,20:59,373.59
P13892,2025-12-09,02:42,664.81
P17180,2025-12-09,12:30,1741.67
P39061,2025-12-09,12:30,1725.43
P40332,2025-12-09,13:35,7456.92
P40716,2025-12-09,20:09,3240.55
P40363,2025-12-09,20:48,424.14
P40172,2025-12-10,00:16,6550.49
P25485,2025-12-10,06:32,3255.71
P11109,2025-12-10,06:32,22324.84
P39863,2025-12-10,08:07,1668.55
P31638,2025-12-10,16:32,8601.32
P05974,2025-12-10,20:26,6177.35
P17008,2025-12-11,00:33,15190.69
P08276,2025-12-11,00:33,6804.26
P41756,2025-12-11,05:10,986.98
P40264,2025-12-11,06:37,6712.35
P28961,2025-12-11,11:26,5429.71
P12120,2025-12-11,13:17,1931.31
P21838,2025-12-11,18:34,10429.67
P30096,2025-12-11,18:34,24845.61
P33927,2025-12-12,05:18,15162.61
P39620,2025-12-12,11:05,5109.28
P18588,2025-12-12,12:36,1862.03
P41872,2025-12-13,10:57,16013.56
P13791,2025-12-13,13:54,4936.76
P27218,2025-12-14,00:38,11429.08
P10429,2025-12-14,00:38,2290.99
P01548,2025-12-14,00:38,822.04
P29269,2025-12-14,04:09,1940.5
P11866,2025-12-14,05:01,747.01
P40386,2025-12-14,06:11,1071.66
P03520,2025-12-14,08:17,5371.84
P34901,2025-12-14,18:32,1071.46
P40659,2025-12-14,22:46,1943.34
P41926,2025-12-15,00:30,942.88
P10427,2025-12-15,04:06,3753.02
P15510,2025-12-15,12:41,86048.06
P40146,2025-12-15,18:16,838.81
P15421,2025-12-15,22:23,802.96
P13095,2025-12-15,22:38,1600.42
P40377,2025-12-16,05:18,2548.78
P36281,2025-12-16,18:26,798.81
P40275,2025-12-16,21:46,164858.06
P11784,2025-12-16,22:13,2158.59
P10910,2025-12-17,00:44,1908.43
P40374,2025-12-17,01:53,5368.19
P40729,2025-12-17,09:54,1094.28
P41741,2025-12-17,11:55,465.03
P40008,2025-12-17,12:15,933.33
P05783,2025-12-17,18:24,3435.78
P41816,2025-12-18,12:11,617.2
P40379,2025-12-18,12:46,1396.33
P36671,2025-12-18,12:46,39584.79
P40376,2025-12-18,18:02,4547.87
P40708,2025-12-18,20:52,121109.8
P41429,2025-12-19,01:01,8625.99
P22687,2025-12-19,04:06,69319.73
P33584,2025-12-19,06:48,6344.18
P11867,2025-12-19,13:41,18719.76
P43090,2025-12-20,00:49,31934.29
P10256,2025-12-20,01:06,6517.75
P40763,2025-12-20,07:59,930.85
P24747,2025-12-20,08:41,4006.13
P06349,2025-12-20,11:57,3219.55
P10627,2025-12-20,12:13,788.06
P17318,2025-12-20,12:57,4114.86
P14836,2025-12-20,18:51,1165.53
P42796,2025-12-21,12:52,42977.35
P37059,2025-12-21,12:52,7119.64
P41334,2025-12-22,00:40,13927.12
P39535,2025-12-22,00:43,59823.23
P40627,2025-12-22,06:53,940.49
P41941,2025-12-22,06:54,10300.5
P34959,2025-12-22,08:18,2275.59
P41893,2025-12-22,13:22,362.57
P40880,2025-12-23,00:40,3674.88
P11130,2025-12-23,00:55,4743.22
P30301,2025-12-23,00:55,442.27
P37801,2025-12-23,02:48,112285.86
P04744,2025-12-23,11:28,4334.78
P37773,2025-12-23,12:26,141233.41
P30331,2025-12-23,20:04,2396.02
P40694,2025-12-24,00:03,982.54
P34870,2025-12-24,05:01,2978.9
P41932,2025-12-24,05:19,3010.57
P17226,2025-12-24,07:55,24505.85
P39764,2025-12-24,11:09,204295.05
P40224,2025-12-24,11:55,6886.67
P06338,2025-12-24,13:29,7788.43
P06409,2025-12-24,14:02,679.77
P21916,2025-12-24,16:19,661.45
P41890,2025-12-24,18:53,1552.65
P16383,2025-12-25,01:04,2255.68
P33856,2025-12-25,06:59,104186.24
P35338,2025-12-25,09:23,2412.95
P36268,2025-12-25,11:19,4692.74
P34891,2025-12-25,21:17,1542.76
P01826,2025-12-25,22:59,4429.97
P40331,2025-12-26,14:40,6021.25
P41362,2025-12-27,11:50,202306.38
P41812,2025-12-27,23:15,4293.77
P42030,2025-12-28,00:11,3132.17
P40714,2025-12-28,05:44,4627.29
P10688,2025-12-28,07:04,1896.32
P40276,2025-12-28,09:48,20239.99
P40706,2025-12-28,10:02,16346.68
P41925,2025-12-28,12:13,273.72
P40967,2025-12-29,00:12,13149.31
P41356,2025-12-29,00:50,320324.72
P40334,2025-12-29,02:42,1234.45
P34281,2025-12-29,10:49,850.97
P21380,2025-12-29,11:00,38460.84
P33974,2025-12-29,13:51,78315.19
P30653,2025-12-29,19:07,7814.26
P40336,2025-12-29,19:49,712.11
P35323,2025-12-30,04:16,1528.49
P29047,2025-12-30,06:10,3303.0
P12105,2025-12-30,10:19,152176.41
P10439,2025-12-30,13:08,28764.85
P10635,2025-12-30,13:08,6978.15
P40182,2025-12-30,15:57,4935.63
P10683,2025-12-31,04:43,1358.2
P40672,2025-12-31,07:09,1144.85
P42793,2025-12-31,07:09,4416.48
P12114,2025-12-31,07:09,5935.99
P31848,2025-12-31,07:09,457.91
P36039,2025-12-31,17:31,1647.61
P25150,2026-01-01,01:11,645.81
P10405,2026-01-01,01:11,7378.77
P40696,2026-01-01,01:47,850.77
P39783,2026-01-01,07:24,3058.86
P35331,2026-01-01,07:37,145121.17
P41237,2026-01-01,08:15,48311.07
P41857,2026-01-01,16:39,36821.77
P13782,2026-01-01,16:58,4572.81
P42851,2026-01-01,19:12,18029.36
P35347,2026-01-01,19:36,827.74
P42821,2026-01-02,13:14,2195.46
P14906,2026-01-02,17:18,6341.65
P36003,2026-01-02,19:26,1025.31
P10704,2026-01-03,07:15,11723.23
P35329,2026-01-03,23:41,1807.41
P10736,2026-01-04,01:34,10260.93
P10673,2026-01-04,15:17,3096.2
P10670,2026-01-04,19:18,32996.37
P15858,2026-01-04,19:18,1616.62
P10628,2026-01-04,19:18,1804.26
P37643,2026-01-05,02:40,2520.65
P40015,2026-01-05,04:51,1226.51
P37793,2026-01-05,07:07,1152.56
P40214,2026-01-05,13:19,1276.89
P40378,2026-01-05,13:19,6867.15
P02124,2026-01-05,13:36,3854.29
P34105,2026-01-05,13:52,13913.5
P41844,2026-01-05,16:02,1280.37
P11782,2026-01-05,19:09,4643.01
P40712,2026-01-06,01:32,1052.1
P10432,2026-01-06,07:20,38068.97
P40149,2026-01-06,07:20,2909.58
P40728,2026-01-06,07:20,4344.12
P40654,2026-01-06,07:20,49933.15
P39936,2026-01-06,12:44,18268.06
P10785,2026-01-06,18:08,1741.48
P41760,2026-01-06,23:28,7374.36
P41801,2026-01-07,00:16,17988.9
P40272,2026-01-07,01:22,9166.2
P28890,2026-01-07,02:23,1291.23
P10019,2026-01-07,02:28,3485.79
P40260,2026-01-07,03:37,1365.28
P25188,2026-01-07,21:47,7998.67
P33945,2026-01-07,22:10,13206.47
P28237,2026-01-07,23:49,87408.27
P40195,2026-01-08,01:51,19704.04
P40141,2026-01-08,02:17,65803.78
P34715,2026-01-08,13:24,38840.62
P11774,2026-01-08,13:53,6009.48
P27289,2026-01-08,14:36,3547.72
P11065,2026-01-08,16:17,7427.3
P31627,2026-01-08,18:00,11051.08
P06171,2026-01-08,18:50,4446.69
P40661,2026-01-09,00:59,7999.52
P40356,2026-01-09,07:26,6381.82
P10692,2026-01-09,07:26,715.78
P40676,2026-01-09,12:17,19904.52
P25157,2026-01-09,14:43,2470.25
P37871,2026-01-09,16:13,9397.31
P34271,2026-01-09,20:04,13940.76
P06201,2026-01-10,00:09,6492.54
P29346,2026-01-10,01:27,2455.82
P41092,2026-01-10,04:12,10126.47
P20666,2026-01-10,04:37,1827.95
P38939,2026-01-10,17:18,2171.37
P41757,2026-01-10,18:18,1347.69
P10431,2026-01-10,19:28,1944.31
P05394,2026-01-11,00:45,2160.44
P40715,2026-01-11,00:45,794.61
P40389,2026-01-11,17:09,1516.45
P36004,2026-01-11,22:30,1817.37
P40119,2026-01-11,23:46,36501.37
P35352,2026-01-12,02:26,22345.29
P18127,2026-01-12,07:10,42626.13
P26116,2026-01-12,09:13,3262.47
P07506,2026-01-12,15:09,2457.65
P24539,2026-01-12,22:05,7092.09
P10684,2026-01-13,01:33,1464.93
P17315,2026-01-13,01:33,339.7
P03933,2026-01-13,02:51,6428.39
P15970,2026-01-13,07:48,705.42
P34961,2026-01-13,14:51,3412.82
P14012,2026-01-13,18:53,8393.19
P10437,2026-01-13,19:34,59885.11
P10434,2026-01-13,19:34,2784.89
P40286,2026-01-13,19:34,609.68
P10681,2026-01-13,19:34,2339.32
P11252,2026-01-13,19:46,8623.85
P34858,2026-01-14,03:07,885496.51
P11812,2026-01-14,03:34,5826.45
P10793,2026-01-14,06:16,3221.75
P25149,2026-01-14,13:35,14043.95
P41433,2026-01-14,20:02,978.2
P41332,2026-01-15,01:17,702.45
P35080,2026-01-15,03:59,3490.29
P15337,2026-01-15,05:38,935.89
P28943,2026-01-15,15:29,867.57
P31633,2026-01-15,18:06,31290.64
P17323,2026-01-16,01:38,9966.42
P40147,2026-01-16,04:00,1184.77
P34107,2026-01-16,10:59,3836.54
P43212,2026-01-16,11:47,6020.59
P40123,2026-01-16,13:21,1638.19
P39536,2026-01-16,19:39,30233.36
P40204,2026-01-16,19:39,1207.76
P40154,2026-01-16,19:39,1102.18
P41900,2026-01-17,01:28,1175.22
P40388,2026-01-17,05:45,2334.45
P41819,2026-01-17,09:24,3701.37
P37868,2026-01-17,10:11,5015.31
P33971,2026-01-17,10:24,3585.58
P37872,2026-01-17,13:41,4662.41
P18796,2026-01-17,13:41,477.37
P39759,2026-01-17,17:43,674.28
P01106,2026-01-17,20:26,4307.53
P09911,2026-01-17,22:42,9593.29
P38235,2026-01-18,04:24,4462.67
P31883,2026-01-18,13:14,544.49
P39808,2026-01-19,01:23,2038.15
P35324,2026-01-19,01:43,5391.41
P15722,2026-01-19,03:56,25830.41
P29381,2026-01-19,08:47,6091.95
P34978,2026-01-19,13:09,493.46
P12116,2026-01-19,19:45,7468.05
P04169,2026-01-19,20:13,5575.51
P30051,2026-01-20,02:52,33479.63
P37789,2026-01-20,07:21,127994.51
P28941,2026-01-20,10:15,305.72
P12318,2026-01-20,12:08,160143.48
P41874,2026-01-20,13:46,871.61
P10435,2026-01-20,13:46,282.26
P34967,2026-01-20,14:38,2450.86
P25160,2026-01-20,19:28,8602.23
P40205,2026-01-20,20:53,5889.05
P40977,2026-01-20,21:06,1881.42
P05762,2026-01-21,03:25,3463.44
P11790,2026-01-21,06:09,2027.53
P30022,2026-01-21,07:47,1889.73
P41740,2026-01-21,11:50,5908.12
P10745,2026-01-22,01:49,35945.27
P40004,2026-01-22,01:49,8104.97
P10216,2026-01-22,19:24,93138.12
P42486,2026-01-22,19:48,938.57
P40193,2026-01-22,19:50,1403.07
P41333,2026-01-22,19:50,4484.94
P15859,2026-01-22,19:50,3829.6
P02805,2026-01-22,19:50,34.68
P05362,2026-01-22,22:30,2956.53
P41827,2026-01-22,23:00,14768.95
P34970,2026-01-23,00:15,3119.64
P34266,2026-01-23,06:07,605.2
P40192,2026-01-23,08:34,23315.64
P15446,2026-01-23,13:52,59080.87
P39950,2026-01-23,13:52,20021.89
P13227,2026-01-23,22:30,3438.09
P28773,2026-01-24,01:39,4244.41
P31441,2026-01-24,07:53,8677.85
P10221,2026-01-24,07:53,5492.14
P10213,2026-01-24,07:53,22203.56
P10014,2026-01-24,07:53,3620.5
P42826,2026-01-24,07:53,665.4
P35097,2026-01-25,01:35,60595.67
P36233,2026-01-25,01:54,11948.43
P39832,2026-01-25,11:18,924.91
P15709,2026-01-25,19:56,763.8
P34910,2026-01-25,21:22,2387.4
P10176,2026-01-25,23:03,1372.68
P40267,2026-01-26,03:43,44951.59
P42854,2026-01-26,13:57,2388.83
P17319,2026-01-27,07:58,2687.17
P40006,2026-01-27,07:58,4362.72
P41962,2026-01-27,07:58,2667.72
P21388,2026-01-27,09:39,970.77
P28899,2026-01-27,10:11,25570.08
P39989,2026-01-28,02:00,7410.81
P02982,2026-01-28,02:00,166.39
P37587,2026-01-28,03:06,2496.58
P40208,2026-01-28,04:22,26462.24
P39790,2026-01-28,15:47,545.8
P41823,2026-01-28,18:31,1393.64
P16687,2026-01-28,19:49,2160.24
P36231,2026-01-28,20:01,618.7
P39825,2026-01-29,14:02,226.63
P40016,2026-01-29,14:02,2000.63
P11854,2026-01-29,14:23,3891.25
P41815,2026-01-30,00:55,6113.91
P20848,2026-01-30,08:04,6659.53
P41828,2026-01-30,21:43,10173.38
P34262,2026-01-30,23:30,6868.25
P34893,2026-01-31,02:05,553.31
P13889,2026-01-31,02:05,7448.6
P12136,2026-01-31,02:05,105598.74
P12671,2026-01-31,02:05,130955.66
P35326,2026-01-31,08:15,9932.15
P37753,2026-01-31,13:36,1543.18
P37282,2026-01-31,20:06,2366.38
P39979,2026-01-31,20:06,17247.24
P40242,2026-01-31,20:06,421.23
P10778,2026-02-01,09:16,2180.42
P40372,2026-02-01,10:13,3161.27
P12023,2026-02-01,14:08,237562.75
P13013,2026-02-01,14:08,2534.53
P28928,2026-02-01,17:09,2769.98
P29307,2026-02-02,00:21,2327.08
P18128,2026-02-02,08:09,20773.52
P31443,2026-02-02,08:09,877.87
P39975,2026-02-02,08:09,3834.63
P17424,2026-02-02,08:13,2566.67
P40110,2026-02-02,09:22,433.05
P41242,2026-02-02,09:35,1757.91
P37640,2026-02-02,11:47,2136.01
P42571,2026-02-02,21:51,987.05
P17309,2026-02-03,02:11,5199.61
P28467,2026-02-03,02:11,1961.39
P34971,2026-02-03,04:49,20969.04
P39773,2026-02-03,07:50,4630.55
P06159,2026-02-03,10:09,4744.64
P10775,2026-02-03,11:35,1832.22
P04567,2026-02-03,14:12,2611.09
P34717,2026-02-03,19:49,1901834.69
P40288,2026-02-03,20:12,730.49
P39778,2026-02-03,20:12,1611.51
P31632,2026-02-03,20:12,475.55
P23329,2026-02-03,20:29,866.11
P12445,2026-02-03,23:59,111942.82
P05968,2026-02-04,01:45,6104.59
P01626,2026-02-04,03:13,5504.08
P15335,2026-02-04,05:20,1870.93
P09906,2026-02-04,09:49,6389.99
P37312,2026-02-04,10:16,6566.64
P16178,2026-02-04,10:44,882.25
P03724,2026-02-04,20:55,2806.16
P13932,2026-02-05,06:55,2041.24
P34274,2026-02-05,07:02,1748.76
P28243,2026-02-05,08:15,3110.09
P41974,2026-02-05,08:15,3310.3
P02408,2026-02-05,14:40,1680.9
P36265,2026-02-05,23:54,6018.56
P33943,2026-02-06,00:45,162107.66
P10744,2026-02-06,02:16,45026.28
P39823,2026-02-06,02:16,272.51
P30021,2026-02-06,02:16,5842.54
P15724,2026-02-06,02:16,3311.08
P08524,2026-02-06,04:19,1903.19
P10220,2026-02-06,20:17,36727.94
P31440,2026-02-06,20:17,1826.39
P41811,2026-02-06,20:32,2515.63
P41891,2026-02-07,10:58,3192.17
P34962,2026-02-07,14:04,3036.06
P41936,2026-02-07,14:19,551.69
P14414,2026-02-07,14:19,1586.87
P28468,2026-02-07,22:21,952.81
P10020,2026-02-08,08:20,2958.88
P34997,2026-02-08,10:35,30607.96
P41938,2026-02-08,22:23,3414.37
P10215,2026-02-09,02:21,8521.23
P31858,2026-02-10,06:37,1601.33
P30446,2026-02-10,11:02,5477.98
P10666,2026-02-10,11:46,80187.94
P34855,2026-02-10,14:24,441.49
P40290,2026-02-10,16:02,844.16
P04697,2026-02-11,02:40,4948.67
P41742,2026-02-11,02:53,649.03
P31637,2026-02-11,08:25,7687.39
P30054,2026-02-11,08:25,93225.32
P11789,2026-02-11,19:04,3971.17
P31684,2026-02-12,02:27,6506.52
P31881,2026-02-12,02:27,3446.15
P31642,2026-02-12,02:27,4683.4
P33013,2026-02-12,06:29,3372.59
P17486,2026-02-12,06:54,1524.69
P13050,2026-02-12,10:35,3670.95
P10449,2026-02-12,18:26,4359.68
P25145,2026-02-12,19:07,2065.02
P02852,2026-02-12,20:01,1604.42
P35988,2026-02-12,20:27,1732.53
P40217,2026-02-12,20:28,1679.58
P01718,2026-02-13,01:16,4700.72
P41803,2026-02-13,03:03,3302.53
P40683,2026-02-13,09:57,373739.06
P40296,2026-02-13,12:34,1239.21
P37652,2026-02-14,00:13,35456.89
P16070,2026-02-14,00:43,9468.32
P42102,2026-02-14,11:00,4438.06
P34911,2026-02-15,07:09,417.15
P41928,2026-02-15,12:41,10790.85
P31396,2026-02-15,20:34,3345.54
P37333,2026-02-15,22:45,1362.29
P40235,2026-02-16,09:21,3930.42
P36138,2026-02-16,15:19,2862.04
P02178,2026-02-16,17:05,4040.1
P34256,2026-02-16,18:40,1475.81
P23327,2026-02-16,18:55,7449.89
P40250,2026-02-16,23:52,3710.76
P29390,2026-02-16,23:56,6796.99
P37848,2026-02-17,05:19,1844.74
P37813,2026-02-17,05:39,2243.08
P31887,2026-02-17,08:36,1045.56
P40922,2026-02-17,20:24,3359.47
P42827,2026-02-17,20:25,762.32
P41236,2026-02-17,20:42,3875.85
P01638,2026-02-18,10:05,3368.17
P41759,2026-02-18,16:46,2392.02
P35001,2026-02-18,18:20,2833.71
P16643,2026-02-18,18:38,6829.97
P40189,2026-02-19,02:31,474.3
P39938,2026-02-19,08:50,6534.26
P41948,2026-02-19,13:53,575.51
P13933,2026-02-19,14:40,506.42
P41817,2026-02-19,18:28,806.05
P31611,2026-02-20,08:42,60075.46
P11815,2026-02-20,10:16,297.83
P37301,2026-02-20,13:53,14307.7
P34989,2026-02-20,23:31,54020.03
P40327,2026-02-21,00:51,18776.48
P39788,2026-02-21,02:43,21830.46
P15333,2026-02-21,08:36,1380.58
P43987,2026-02-21,12:21,2711.86
P19865,2026-02-21,13:19,718.08
P43846,2026-02-22,14:03,3872.75
P01844,2026-02-22,22:38,3293.97
P41244,2026-02-23,08:47,20864.34
P34990,2026-02-23,14:27,929.85
P40354,2026-02-23,19:31,31924.71
P05768,2026-02-24,00:47,8572.52
P31885,2026-02-24,02:48,3067.17
P01776,2026-02-24,02:48,211.28
P03675,2026-02-24,05:36,4883.65
P04570,2026-02-24,06:04,3084.58
P35094,2026-02-24,13:57,5308.97
P41931,2026-02-24,19:17,3704.67
P25432,2026-02-24,20:00,1513.87
P15723,2026-02-24,20:50,3679.27
P31574,2026-02-24,20:50,119705.65
P39816,2026-02-24,22:54,20466.23
P42061,2026-02-25,08:25,7028.73
P13934,2026-02-25,08:37,9630.31
P19812,2026-02-25,20:38,749.44
P11800,2026-02-25,21:36,655.51
P19265,2026-02-26,04:15,49710.65
P31879,2026-02-26,12:23,7358.59
P37812,2026-02-26,12:47,697.31
P39985,2026-02-26,23:02,12037.37
P22682,2026-02-27,01:10,4906.26
P06405,2026-02-27,02:54,6777.43
P41233,2026-02-27,02:54,128188.51
P06404,2026-02-27,18:15,5255.55
P29882,2026-02-27,20:55,2940.87
P11829,2026-02-28,11:39,1258.53
P26728,2026-02-28,14:57,1356.13
P35310,2026-02-28,16:48,2262.51
P31177,2026-02-28,17:08,2349.01
P25192,2026-03-01,03:49,2469.07
P39708,2026-03-01,10:16,1333.62
P28901,2026-03-02,00:40,284.58
P28258,2026-03-02,02:59,769.16
P12109,2026-03-02,02:59,103676.91
P24843,2026-03-02,09:35,3510.78
P07994,2026-03-02,16:29,2936.44
P28252,2026-03-02,21:01,3750.02
P31680,2026-03-03,15:02,239038.08
P15925,2026-03-04,05:23,8747.32
P41855,2026-03-04,06:19,734.36
P02886,2026-03-04,11:36,3133.68
P34801,2026-03-04,21:05,1032.78
P02978,2026-03-04,22:10,5430.33
P39725,2026-03-05,03:05,1611.69
P35349,2026-03-05,06:30,1401.56
P34972,2026-03-05,06:42,4099.98
P02159,2026-03-05,07:18,3910.77
P11568,2026-03-05,08:09,14385.25
P06870,2026-03-05,09:58,2941.18
P22654,2026-03-05,10:21,9451.4
P34802,2026-03-05,10:36,2789.43
P31888,2026-03-05,21:06,5672.26
P34993,2026-03-05,21:15,6400.17
P34512,2026-03-06,02:00,1557.98
P10017,2026-03-06,02:48,17199.48
P12523,2026-03-06,06:00,2066.2
P42054,2026-03-06,15:07,14300.95
P34273,2026-03-06,23:53,2488.54
P42064,2026-03-07,11:05,5980.51
P41346,2026-03-07,14:18,2703.19
P12382,2026-03-08,01:33,4845.15
P11765,2026-03-08,04:54,1325.03
P39983,2026-03-08,11:31,30023.76
P37788,2026-03-08,14:30,277555.23
P05288,2026-03-08,22:54,3807.46
P28466,2026-03-08,23:12,3723.21
P37320,2026-03-09,03:39,663.74
P11814,2026-03-09,08:47,2442.68
P26167,2026-03-09,09:14,400.77
P40125,2026-03-09,10:16,2643.64
P02435,2026-03-09,13:41,5074.92
P41755,2026-03-09,13:54,7023.2
P21384,2026-03-09,14:16,9355.78
P28245,2026-03-09,15:13,24534.47
P41821,2026-03-10,01:57,2367.89
P03578,2026-03-10,03:55,4894.82
P35966,2026-03-10,11:09,2299.18
P16552,2026-03-10,15:27,3730.68
P13193,2026-03-10,18:02,6462.15
P14030,2026-03-10,23:12,1366.26
P41355,2026-03-10,23:56,1643.22
P36467,2026-03-11,03:16,3071.83
P31928,2026-03-11,03:16,1986.44
P26626,2026-03-11,04:22,999.11
P01315,2026-03-11,06:24,2975.03
P34956,2026-03-11,07:43,1927.98
P31438,2026-03-11,09:10,960.49
P37889,2026-03-11,18:56,2218.4
P41238,2026-03-11,20:15,45859.45
P10012,2026-03-11,21:17,1376.21
P31634,2026-03-11,21:17,787.42
P34500,2026-03-12,12:06,662.28
P10797,2026-03-12,12:58,793.72
P04700,2026-03-12,19:12,5168.77
P12102,2026-03-12,22:08,43171.27
P34996,2026-03-12,22:49,571.75
P12478,2026-03-12,23:44,1337.57
P10784,2026-03-14,03:52,7566.19
P24909,2026-03-14,09:51,2390.17
P39946,2026-03-14,18:48,10418.93
P11868,2026-03-15,03:51,785.44
P41818,2026-03-15,03:54,40968.38
P17502,2026-03-15,16:33,774.62
P16530,2026-03-15,20:07,1838.05
P23366,2026-03-16,09:25,1292.58
P01463,2026-03-16,10:23,2497.34
P05801,2026-03-16,11:36,2717.13
P35961,2026-03-16,14:10,1459.34
P21921,2026-03-17,03:26,2203.2
P11846,2026-03-17,10:17,1630.91
P22655,2026-03-17,12:31,220.63
P34973,2026-03-17,16:13,1411.06
P03696,2026-03-17,21:28,21495.63
P25421,2026-03-18,00:27,939.59
P40681,2026-03-18,11:59,985.13
P34108,2026-03-18,22:32,33290.86
P14025,2026-03-19,03:07,24772.15
P34106,2026-03-19,09:39,1054.33
P05907,2026-03-19,13:17,5211.51
P40920,2026-03-19,13:42,640.33
P01332,2026-03-19,14:17,6050.26
P26168,2026-03-19,20:36,1507.64
P28870,2026-03-20,02:42,2433.01
P27261,2026-03-20,05:15,7343.48
P17447,2026-03-20,08:14,1643.87
P39779,2026-03-20,14:32,6947.48
P12450,2026-03-20,15:09,16451.64
P09918,2026-03-21,03:06,20207.53
P28888,2026-03-21,16:03,23682.06
P11797,2026-03-21,17:49,811.89
P36465,2026-03-21,22:36,13600.4
P40014,2026-03-22,05:45,688.57
P35085,2026-03-22,16:11,3788.51
P06408,2026-03-22,16:47,2360.91
P36568,2026-03-22,18:34,3121.03
P36172,2026-03-22,23:01,4152.99
P39776,2026-03-23,00:06,21857.53
P26420,2026-03-23,00:49,5082.37
P04466,2026-03-23,12:08,5922.29
P42850,2026-03-24,01:49,700.28
P04403,2026-03-24,09:40,3434.68
P37289,2026-03-24,12:42,1935.94
P06273,2026-03-25,03:56,2450.95
P05136,2026-03-25,15:39,3681.03
P16757,2026-03-25,17:08,6049.3
P34127,2026-03-25,21:35,1766.92
P35100,2026-03-26,20:18,671.07
P37776,2026-03-27,00:06,49321.44
P34287,2026-03-27,02:31,5350.14
P12828,2026-03-27,03:57,1140.69
P34511,2026-03-27,18:39,4173.66
P09998,2026-03-28,08:24,1663.04
P35091,2026-03-28,10:54,2992.33
P34104,2026-03-28,12:06,1039.08
P35096,2026-03-29,15:58,742.18
P19697,2026-03-29,19:33,56977.93
P37791,2026-03-29,21:49,75827.77
P42129,2026-03-29,22:47,3953.2
P35005,2026-03-30,15:57,10140.1
P30329,2026-03-30,18:43,2412.17
P39758,2026-03-30,20:34,1487.63
P41895,2026-03-30,21:00,615.24
P37797,2026-03-31,09:52,456100.26
P28891,2026-04-01,03:54,1630.93
P41952,2026-04-01,12:30,1143.5
P14026,2026-04-02,00:10,4427.2
P26423,2026-04-02,02:12,3839.11
P12522,2026-04-02,02:25,19052.24
P31340,2026-04-02,11:25,97252.04
P37332,2026-04-02,19:58,3422.73
P36123,2026-04-03,05:56,1129.49
P12440,2026-04-03,09:58,74091.22
P34531,2026-04-03,23:11,651.06
P40704,2026-04-03,23:26,1045.16
P34509,2026-04-04,07:15,1121.96
P20387,2026-04-04,22:14,3095.19
P31839,2026-04-05,01:03,5223.3
P02037,2026-04-05,02:54,5660.27
P17317,2026-04-05,05:29,34386.03
P25158,2026-04-05,10:04,2080.44
P40340,2026-04-05,15:34,1239.04
P10632,2026-04-05,16:33,426.01
P34510,2026-04-05,21:00,5546.09
P41804,2026-04-06,08:56,1793.26
P10782,2026-04-06,14:50,15982.8
P34283,2026-04-07,01:42,1041.98
P40367,2026-04-07,02:39,1069.6
P11847,2026-04-07,04:51,864.14
P21123,2026-04-07,11:58,2898.18
P16392,2026-04-08,06:07,4484.0
P39757,2026-04-08,14:03,2628.57
P40263,2026-04-08,23:58,2456.06
P39801,2026-04-09,01:32,14666.28
P26659,2026-04-09,19:40,10254.55
P02508,2026-04-10,00:07,2314.01
P02685,2026-04-10,09:51,1224.28
P05797,2026-04-10,12:01,2902.93
P03028,2026-04-10,15:18,2854.42
P26689,2026-04-10,17:19,3092.28
P34477,2026-04-10,17:28,3781.26
P22675,2026-04-10,22:11,656359.94
P27282,2026-04-11,09:28,17979.9
P35093,2026-04-11,18:23,711.43
P34137,2026-04-11,19:34,2847.89
P41959,2026-04-12,00:08,3441.27
P41841,2026-04-12,03:31,1752.43
P11796,2026-04-12,05:10,1969.13
P40924,2026-04-12,05:28,9682.23
P34109,2026-04-12,08:28,834.62
P28865,2026-04-12,09:37,150555.91
P37327,2026-04-12,10:14,842.38
P21174,2026-04-12,11:27,2048.43
P21991,2026-04-12,15:26,921.72
P41877,2026-04-12,16:13,1268.45
P23978,2026-04-12,17:01,1729.25
P26652,2026-04-12,18:45,2879.92
P34272,2026-04-12,21:09,919.33
P37300,2026-04-13,04:15,23067.06
P28933,2026-04-13,04:15,10257.79
P09036,2026-04-13,06:25,1104.26
P11802,2026-04-13,15:17,454.52
P41761,2026-04-13,19:48,4703.55
P41770,2026-04-14,00:35,2867.34
P34976,2026-04-14,13:26,1350.18
P34489,2026-04-14,18:18,720.67
P37307,2026-04-15,10:19,11638.65
P41752,2026-04-16,01:24,5600.17
P11297,2026-04-16,04:21,13825.62
P40925,2026-04-16,06:21,11502.6
P34134,2026-04-16,10:09,5025.1
P01079,2026-04-16,17:52,2672.62
P23104,2026-04-16,19:47,1709.47
P37614,2026-04-16,22:22,20897.04
P40266,2026-04-17,14:35,4434.55
P11333,2026-04-18,14:18,650.96
P26181,2026-04-18,21:58,3009.71
P37364,2026-04-19,04:26,14799.1
P03225,2026-04-19,04:26,38.83
P29196,2026-04-19,06:00,161016.2
P29353,2026-04-19,13:01,1678.24
P04525,2026-04-19,22:27,12850.21
P05716,2026-04-19,22:45,4793.62
P11824,2026-04-20,06:35,4449.38
P34957,2026-04-20,10:34,1815.32
P34120,2026-04-20,12:48,944.19
P34518,2026-04-20,13:17,916.52
P34969,2026-04-20,13:53,13458.42
P17442,2026-04-20,16:29,4380.99
P39785,2026-04-20,17:43,2568.9
P02077,2026-04-20,21:31,1271.93
P11806,2026-04-20,21:35,3291.64
P34988,2026-04-20,22:32,1476.64
P01812,2026-04-21,00:09,5043.28
P05039,2026-04-21,01:22,5193.74
P11241,2026-04-21,03:02,7230.71
P02888,2026-04-21,10:30,3312.96
P10786,2026-04-21,13:15,615.37
P31332,2026-04-21,21:54,6848.58
P34888,2026-04-21,22:51,8093.33
P19252,2026-04-22,04:27,8628.73
P36530,2026-04-22,04:32,578.8
P39730,2026-04-22,10:19,1586.45
P41800,2026-04-22,10:47,18233.28
P19038,2026-04-22,12:40,1364.82
P19813,2026-04-22,20:30,440.79
P31855,2026-04-23,03:44,7592.89
P41762,2026-04-23,05:24,3194.84
P02206,2026-04-23,09:01,3750.86
P09173,2026-04-23,10:36,5549.64
P12469,2026-04-23,19:19,1452.12
P34115,2026-04-23,22:30,3870.38
P18156,2026-04-24,10:04,1582.1
P11792,2026-04-25,01:47,1478.8
P35354,2026-04-25,03:30,11815.39
P37315,2026-04-25,04:37,1863.16
P28863,2026-04-25,04:37,740.67
P28893,2026-04-25,04:37,555.83
P39531,2026-04-25,06:45,24688.65
P35008,2026-04-25,09:46,1383.26
P22458,2026-04-25,14:32,616.44
P31832,2026-04-26,00:33,2079.66
P37779,2026-04-26,13:00,327454.86
P02921,2026-04-26,13:40,13443.4
P34102,2026-04-26,18:59,10800.37
P34126,2026-04-26,23:40,4052.4
P25429,2026-04-27,10:41,923.55
P41901,2026-04-27,14:28,1071.98
P10734,2026-04-27,15:58,589409.03
P36167,2026-04-28,04:16,7656.01
P37852,2026-04-28,04:42,3736.43
P16181,2026-04-28,08:49,4326.95
P34260,2026-04-28,10:49,3132.53
P37316,2026-04-28,13:15,945.12
P34977,2026-04-28,20:16,491.23
P42336,2026-04-29,04:06,1487.84
P01162,2026-04-29,15:04,4064.36
P12520,2026-04-29,16:45,3107.52
P29210,2026-04-30,01:10,463.88
P34800,2026-04-30,06:03,1110.17
P36010,2026-04-30,10:46,6263.69
P09919,2026-05-01,00:26,1450.73
P30584,2026-05-01,04:29,1031.52
P12553,2026-05-01,04:48,1831.65
P11236,2026-05-01,04:48,1986.39
P28861,2026-05-01,04:48,1688.67
P09915,2026-05-01,15:38,3369.63
P05081,2026-05-01,16:16,6482.85
P02586,2026-05-01,18:04,5520.15
P37688,2026-05-01,22:49,886.94
P19250,2026-05-02,03:52,2091.16
P41954,2026-05-02,07:31,2537.89
P41934,2026-05-02,07:47,12587.67
P10783,2026-05-02,09:58,4466.59
P41892,2026-05-02,11:50,3426.89
P28896,2026-05-02,16:51,1987.18
P10791,2026-05-03,00:01,2531.05
P22003,2026-05-03,03:53,2731.93
P34502,2026-05-03,11:19,2357.16
P31644,2026-05-03,19:47,5786.19
P36230,2026-05-03,22:06,2552.56
P03979,2026-05-04,04:53,8515.57
P19253,2026-05-04,04:53,29725.5
P36006,2026-05-04,04:53,512631.74
P41861,2026-05-04,17:26,11900.49
P34890,2026-05-04,17:35,720.13
P40227,2026-05-04,17:56,4448.85
P41796,2026-05-04,21:04,1138.67
P04421,2026-05-05,03:23,5422.25
P34503,2026-05-05,03:58,3362.68
P34974,2026-05-05,08:56,5573.52
P27285,2026-05-05,11:40,1686.24
P30761,2026-05-05,15:20,4085.98
P17149,2026-05-05,16:56,713.78
P19599,2026-05-06,12:03,1012.58
P16162,2026-05-06,12:35,1896.49
P22403,2026-05-07,03:44,3041.89
P05838,2026-05-07,05:04,6012.91
P02228,2026-05-07,15:44,4267.54
P25254,2026-05-08,05:41,4173.92
P11870,2026-05-08,12:56,2128.75
P36339,2026-05-08,17:56,4457.07
P21979,2026-05-09,11:03,1273.18
P21016,2026-05-09,17:38,3397.21
P06170,2026-05-09,22:30,1922.87
P29389,2026-05-09,22:51,15195.82
P37335,2026-05-10,14:08,710.2
P41127,2026-05-10,16:09,4458.83
P28911,2026-05-10,23:05,5056.06
P21059,2026-05-10,23:05,20980.29
P12473,2026-05-10,23:05,1089.9
P09916,2026-05-11,06:05,523.32
P29221,2026-05-11,13:05,1635.56
P04044,2026-05-11,14:14,5131.84
P15320,2026-05-11,17:07,471.69
P40926,2026-05-11,21:53,1890.08
P41799,2026-05-11,22:05,19910.97
P42797,2026-05-12,07:19,7055.78
P22342,2026-05-12,10:47,6603.44
P13686,2026-05-12,14:28,1113.21
P26697,2026-05-13,06:28,28079.6
P34912,2026-05-13,07:37,1228.44
P35959,2026-05-13,17:15,9655.72
P36590,2026-05-14,02:10,17170.01
P22327,2026-05-14,04:03,1382.2
P34803,2026-05-14,06:43,5617.81
P29200,2026-05-14,10:59,9678.42
P13697,2026-05-14,18:19,6929.7
P03631,2026-05-14,22:31,4753.79
P37246,2026-05-15,05:43,3095.53
P36533,2026-05-16,02:12,1543.99
P42820,2026-05-16,03:47,992.94
P35087,2026-05-16,21:04,6272.21
P21379,2026-05-17,00:51,6966.81
P37415,2026-05-17,16:43,5314.94
P36217,2026-05-17,17:18,6001.02
P01637,2026-05-17,20:56,4874.0
P39769,2026-05-17,21:31,5798.09
P34998,2026-05-18,02:03,1293.67
P08281,2026-05-18,03:21,1253.87
P36202,2026-05-18,11:19,724.92
P39737,2026-05-18,11:19,1094.99
P37579,2026-05-18,20:22,745.97
P41754,2026-05-18,22:32,37135.21
P27281,2026-05-19,00:32,1416.52
P10777,2026-05-19,03:20,2169.36
P16179,2026-05-19,05:11,373.55
P39683,2026-05-19,05:20,270.7
P36021,2026-05-19,05:20,1084.63
P36251,2026-05-19,05:20,19134.82
P34285,2026-05-19,22:16,1620.15
P17508,2026-05-20,02:05,7557.18
P16176,2026-05-20,05:03,1328.77
P37287,2026-05-20,07:28,955.47
P12216,2026-05-20,12:34,464.68
P36213,2026-05-20,18:14,17296.06
P39739,2026-05-21,10:27,5622.61
P31835,2026-05-21,11:24,1008.75
P14682,2026-05-21,15:25,3854.92
P01999,2026-05-21,16:45,3250.41
P41797,2026-05-22,02:09,9016.97
P39719,2026-05-22,05:26,703.82
P39772,2026-05-22,05:26,2505.69
P05059,2026-05-22,10:59,3758.02
P27265,2026-05-22,13:57,1499.22
P22070,2026-05-22,15:11,2006.57
P39677,2026-05-22,23:27,1589.39
P14745,2026-05-23,00:25,689.95
P39763,2026-05-23,17:28,5613.33
P12555,2026-05-23,17:28,1361.34
P14920,2026-05-23,19:41,2537.9
P36129,2026-05-24,06:40,928.99
P41524,2026-05-24,14:36,4553.75
P26629,2026-05-24,14:54,12290.92
P28763,2026-05-25,05:31,7984.07
P36166,2026-05-25,05:31,3608.0
P36254,2026-05-25,05:31,4331.34
P11783,2026-05-25,05:31,6118.4
P11788,2026-05-25,05:31,885.04
P17264,2026-05-25,05:31,1606.22
P02165,2026-05-25,09:42,4111.62
P04598,2026-05-25,11:15,2662.75
P41738,2026-05-25,12:04,1504.44
P30768,2026-05-25,16:49,4640.95
P31874,2026-05-25,22:51,2326.9
P36284,2026-05-25,23:33,2722.87
P36019,2026-05-25,23:33,281.49
P30580,2026-05-25,23:33,5365.12
P39766,2026-05-25,23:33,1923.99
P39751,2026-05-26,04:15,2838.93
P37655,2026-05-26,14:27,12888.66
P29915,2026-05-26,14:32,4812.49
P16177,2026-05-26,17:34,720.25
P12564,2026-05-26,20:24,10602.81
P20527,2026-05-27,09:15,4943.92
P31841,2026-05-27,11:35,775.62
P36257,2026-05-27,11:35,10496.43
P13664,2026-05-27,11:35,485.92
P42818,2026-05-27,20:16,3024.02
P25925,2026-05-27,20:38,2734.22
P25923,2026-05-28,09:18,1323.6
P28764,2026-05-28,11:00,2526.21
P30044,2026-05-28,19:02,6941.81
P41730,2026-05-28,19:19,15627.87
P34103,2026-05-28,20:20,1133.31
P41839,2026-05-28,23:38,14517.59
P27667,2026-05-28,23:38,13749.21
P36195,2026-05-28,23:38,453.53
P23110,2026-05-29,02:33,17834.92
P34450,2026-05-29,06:39,10166.34
P29198,2026-05-29,15:13,4538.08
P39756,2026-05-29,17:39,8723.28
P39701,2026-05-29,17:39,1210.64
P36219,2026-05-29,17:39,1142.34
P16546,2026-05-30,01:56,2341.76
P12498,2026-05-30,08:29,1253.67
P15856,2026-05-30,11:09,5887.79
P16611,2026-05-30,11:41,872.98
P15927,2026-05-30,11:41,68400.16
P13672,2026-05-30,11:41,3058.53
P14010,2026-05-30,12:13,7053.98
P15206,2026-05-30,15:27,422.13
P39710,2026-05-31,05:42,46634.43
P11779,2026-05-31,05:42,16850.74
P38206,2026-05-31,06:45,2793.38
P34265,2026-05-31,13:53,1838.68
P23545,2026-05-31,18:17,3202.57
P28235,2026-05-31,18:40,42908.68
P39738,2026-05-31,23:43,1642.88
P39665,2026-05-31,23:43,4519.33
P34979,2026-05-31,23:43,1809.19
P36256,2026-05-31,23:43,770.35
P36206,2026-05-31,23:43,1317.75
P41863,2026-06-01,01:28,1599.66
P39750,2026-06-01,05:59,1130.22
P10029,2026-06-01,07:16,22274.69
P25921,2026-06-01,17:45,1076.67
P10028,2026-06-01,17:45,4104.3
P39694,2026-06-01,17:45,11781.82
P11828,2026-06-02,00:53,1932.23
P41814,2026-06-02,04:11,4167.89
P10690,2026-06-02,05:57,14650.83
P16183,2026-06-02,11:46,2974.07
P14411,2026-06-02,11:46,29986.01
P39856,2026-06-02,15:45,22040.97
P34807,2026-06-02,20:39,33893.11
P09920,2026-06-02,23:29,1452.19
P35000,2026-06-02,23:31,2865.56
P34181,2026-06-02,23:36,295.82
P39846,2026-06-03,05:47,1082.08
P39762,2026-06-03,05:47,1654.45
P36209,2026-06-03,05:47,820.92
P27257,2026-06-03,05:47,1118.93
P31849,2026-06-03,05:47,6094.61
P40928,2026-06-03,12:46,2516.89
P36170,2026-06-03,12:59,5054.85
P30581,2026-06-03,18:00,5408.77
P37293,2026-06-04,11:40,2181.22
P41771,2026-06-04,12:36,4180.48
P03463,2026-06-04,14:23,6594.54
P36178,2026-06-04,17:50,7996.12
P39743,2026-06-04,17:50,1623.05
P30585,2026-06-04,17:50,349.5
P11794,2026-06-04,22:02,7084.67
P09909,2026-06-05,00:29,29121.17
P26667,2026-06-05,01:20,771.3
P43866,2026-06-05,03:48,5945.17
P34534,2026-06-05,09:51,351.9
P36271,2026-06-05,11:52,4671.54
P31830,2026-06-05,11:52,2282.24
P31838,2026-06-05,11:52,4264.56
P17314,2026-06-05,18:42,1425.13
P34513,2026-06-05,19:58,1144.88
P16173,2026-06-06,05:53,25598.47
P30582,2026-06-06,05:53,2600.18
P16188,2026-06-06,05:53,410.65
P39678,2026-06-06,05:53,1240.89
P36163,2026-06-06,05:53,3647.08
P29376,2026-06-06,05:53,2964.22
P34499,2026-06-06,20:41,647.91
P36207,2026-06-06,23:54,10731.13
P16185,2026-06-06,23:54,418.13
P35967,2026-06-06,23:54,2157.22
P21021,2026-06-07,00:26,4166.56
P03213,2026-06-07,01:33,4825.45
P42324,2026-06-07,01:43,5205.02
P38167,2026-06-07,05:01,72371.45
P21168,2026-06-07,12:49,4770.27
P31433,2026-06-07,17:33,2872.28
P39771,2026-06-07,17:56,921.96
P41822,2026-06-07,17:56,2851.08
P13668,2026-06-07,17:56,619.54
P11787,2026-06-07,17:56,17465.17
P37582,2026-06-08,10:49,4040.45
P39676,2026-06-08,11:57,563.45
P25947,2026-06-08,13:25,6897.48
P18651,2026-06-08,20:51,5119.79
P39752,2026-06-09,05:58,9193.85
P16175,2026-06-10,00:00,1864.78
P15210,2026-06-10,00:00,1023.68
P37766,2026-06-10,06:32,2420.96
P29203,2026-06-10,11:17,751.73
P35960,2026-06-10,18:01,783.21
P27271,2026-06-10,18:01,3749.93
P31837,2026-06-10,18:01,1544.11
P39693,2026-06-10,18:01,3490.12
P23099,2026-06-10,18:37,2997.42
P35039,2026-06-11,06:57,3342.43
P34268,2026-06-11,09:41,503.6
P15038,2026-06-11,12:02,685.42
P36084,2026-06-11,12:02,3522.07
P39745,2026-06-11,12:02,1603.41
P36098,2026-06-11,12:02,5026.19
P16169,2026-06-12,01:49,567.68
P39728,2026-06-12,06:04,8096.4
P01239,2026-06-12,23:06,6368.64
P12576,2026-06-13,00:05,573.19
P29369,2026-06-13,00:05,4501.31
P27283,2026-06-13,00:05,2879.09
P16186,2026-06-13,00:05,614.93
P37762,2026-06-13,00:25,2675.11
P34995,2026-06-13,11:49,1398.03
P37701,2026-06-13,15:14,6122.95
P15051,2026-06-13,18:06,1851.13
P36189,2026-06-13,18:06,1777.73
P34284,2026-06-13,22:27,1993.33
P22443,2026-06-14,04:49,2695.82
P36228,2026-06-14,12:08,13662.96
P27253,2026-06-14,12:08,1002.05
P39707,2026-06-14,12:08,994.73
P21256,2026-06-15,03:56,3214.42
P12233,2026-06-15,06:09,3980.64
P36130,2026-06-15,06:09,2662.51
P16170,2026-06-15,06:09,559.24
P39755,2026-06-15,06:09,625.8
P36136,2026-06-15,06:09,2348.09
P38166,2026-06-15,08:05,927.1
P38925,2026-06-15,11:14,3020.45
P01816,2026-06-15,14:09,4942.1
P36815,2026-06-15,22:21,4849.64
P21193,2026-06-16,00:11,830.33
P36260,2026-06-16,00:11,1670.22
P15040,2026-06-16,00:11,13983.78
P23820,2026-06-16,04:10,9757.14
P18735,2026-06-16,13:04,380.55
P36214,2026-06-16,13:11,315.56
P37308,2026-06-16,15:30,530.1
P26431,2026-06-16,18:12,5511.08
P36266,2026-06-16,18:12,4292.17
P39670,2026-06-16,18:12,2997.3
P36264,2026-06-16,18:12,1029.17
P34498,2026-06-16,19:34,4388.57
P14880,2026-06-16,21:52,1567.08
P31850,2026-06-16,23:58,648.26
P17444,2026-06-17,06:10,3579.24
P14089,2026-06-17,07:31,4388.03
P31840,2026-06-17,12:13,521.02
P40921,2026-06-17,16:14,1089.0
P34496,2026-06-17,17:53,1585.48
P36201,2026-06-17,23:15,2578.2
P10030,2026-06-18,06:15,1002.55
P35003,2026-06-18,06:15,447.31
P39760,2026-06-18,06:15,960.51
P39691,2026-06-18,06:15,783.14
P26698,2026-06-18,09:16,2612.55
P27277,2026-06-19,00:16,21088.03
P11810,2026-06-19,00:16,2495.46
P12240,2026-06-19,00:16,3833.83
P14927,2026-06-19,01:03,2951.93
P11807,2026-06-19,04:47,2272.95
P06069,2026-06-19,12:49,7499.13
P37324,2026-06-19,17:13,2796.53
P28767,2026-06-19,17:55,1307.8
P27288,2026-06-19,18:17,1877.18
P31854,2026-06-19,18:17,7929.13
P10037,2026-06-19,19:47,2964.63
P21243,2026-06-20,03:08,3665.85
P26373,2026-06-20,12:19,1639.13
P25167,2026-06-20,12:19,317.15
P13674,2026-06-20,12:19,730.37
P20269,2026-06-20,12:19,7862.31
P09913,2026-06-20,19:09,829.8
P21992,2026-06-21,06:20,1153.89
P27251,2026-06-21,06:20,698.91
P39690,2026-06-21,06:20,26202.27
P39754,2026-06-21,06:20,1275.35
P03772,2026-06-21,10:51,4796.58
P12540,2026-06-21,12:28,8737.57
P12215,2026-06-22,00:21,2444.95
P34255,2026-06-22,00:21,741.91
P23982,2026-06-22,07:53,923.71
P36818,2026-06-22,17:11,7444.09
P27267,2026-06-22,18:23,1994.52
P36279,2026-06-22,18:23,6571.99
P12236,2026-06-22,18:23,19690.68
P29202,2026-06-22,18:23,1046.03
P05556,2026-06-23,08:35,6022.14
P41798,2026-06-23,09:32,8154.15
P16190,2026-06-23,12:24,4891.81
P11799,2026-06-23,12:24,1746.74
P36099,2026-06-23,12:24,719.7
P41511,2026-06-23,23:05,5119.91
P09910,2026-06-24,02:07,4004.74
P03439,2026-06-24,03:32,4214.59
P35957,2026-06-24,06:25,560.21
P10036,2026-06-24,06:25,1370.47
P11871,2026-06-24,06:25,1747.8
P13673,2026-06-24,06:25,1342.85
P27668,2026-06-24,06:25,854.63
P20260,2026-06-25,00:27,721.52
P23100,2026-06-25,00:27,7300.91
P16161,2026-06-25,00:27,440.24
P20002,2026-06-25,07:19,1350.49
P41767,2026-06-25,12:32,8297.67
P12238,2026-06-25,18:28,1372.97
P36139,2026-06-25,18:28,4015.47
P12218,2026-06-25,18:28,2905.11
P36094,2026-06-25,18:28,6549.91
P26394,2026-06-25,18:28,7138.98
P39746,2026-06-25,18:28,901.2
P20665,2026-06-25,18:28,11727.2
P17934,2026-06-25,20:00,4843.66
P16744,2026-06-25,20:14,1115.19
P41805,2026-06-26,07:59,666.63
P25242,2026-06-26,18:40,2672.03
P15183,2026-06-26,18:46,978.32
P41889,2026-06-26,19:56,2969.31
P09914,2026-06-26,20:21,1006.56
P31878,2026-06-27,05:37,494.44
P01664,2026-06-27,06:11,2344.59
P11086,2026-06-27,06:31,2400.97
P36154,2026-06-27,08:30,1720.94
P27716,2026-06-27,09:41,2301.59
P09928,2026-06-27,11:41,6323.69
P12926,2026-06-27,19:34,2353.68
P12104,2026-06-28,08:29,1432.38
P19037,2026-06-28,18:34,10261.54
P32065,2026-06-28,18:34,330.26
P34263,2026-06-28,18:34,35044.89
P14410,2026-06-28,18:34,496.57
P39853,2026-06-29,00:51,7716.94
P15414,2026-06-29,03:53,2848.11
P26433,2026-06-29,12:35,1082.33
P35964,2026-06-29,12:35,1701.39
P37558,2026-06-29,16:17,796.55
P34507,2026-06-29,21:19,2641.85
P01923,2026-06-30,01:11,4015.3
P12575,2026-06-30,06:36,879.0
P31844,2026-06-30,06:36,1464.57
P36140,2026-06-30,06:36,4875.31
P34212,2026-06-30,13:56,2239.06
P17857,2026-06-30,16:35,7673.0
P20251,2026-06-30,17:17,1750.97
P37542,2026-06-30,18:47,1443.57
P12242,2026-07-01,00:38,4315.71
P12573,2026-07-01,00:38,1068.16
P13667,2026-07-01,00:38,734.33
P31351,2026-07-01,15:57,446.11
P26392,2026-07-01,18:39,678.15
P02546,2026-07-01,20:28,4388.04
P19814,2026-07-01,20:48,1022.35
P34505,2026-07-01,22:43,642.96
P20129,2026-07-02,01:49,2717.45
P34261,2026-07-02,12:40,659.26
P12578,2026-07-02,12:40,30141.59
P21249,2026-07-02,12:40,919.39
P39740,2026-07-02,12:40,742.41
P26378,2026-07-02,12:40,4416.1
P25159,2026-07-02,13:01,5423.56
P26621,2026-07-02,21:50,6347.33
P36262,2026-07-03,06:42,10281.6
P17265,2026-07-03,06:42,7031.07
P37544,2026-07-03,14:11,2359.82
P13690,2026-07-03,15:16,494.52
P19041,2026-07-04,00:43,405.27
P26377,2026-07-04,00:43,2111.72
P11507,2026-07-04,01:51,28379.09
P15209,2026-07-04,08:08,761.61
P34490,2026-07-04,08:37,1548.34
P22395,2026-07-04,15:11,317.81
P20244,2026-07-04,18:44,6293.54
P15204,2026-07-04,18:44,367.91
P34214,2026-07-05,04:47,4663.43
P34112,2026-07-05,05:19,1867.29
P04690,2026-07-05,05:38,4374.34
P11825,2026-07-05,12:46,1616.93
P34991,2026-07-05,18:16,1966.4
P35095,2026-07-05,19:10,14437.37
P04408,2026-07-05,22:44,3719.19
P41858,2026-07-06,01:16,3422.07
P34514,2026-07-06,01:19,1030.65
P41744,2026-07-06,06:32,730.97
P15034,2026-07-06,06:47,1305.04
P25163,2026-07-06,06:47,4357.65
P34504,2026-07-06,13:49,825.85
P23107,2026-07-06,23:54,414.29
P31833,2026-07-07,01:27,673.1
P42298,2026-07-07,05:15,22513.53
P34223,2026-07-07,14:06,6748.25
P29199,2026-07-07,18:50,477.4
P17325,2026-07-07,22:46,21707.33
P03908,2026-07-08,08:20,3742.42
P29383,2026-07-08,12:51,784.1
P39714,2026-07-08,12:51,413.52
P34282,2026-07-08,17:21,1487.92
P29365,2026-07-08,17:46,516.22
P06447,2026-07-08,18:07,23180.99
P20695,2026-07-08,18:57,3703.8
P13792,2026-07-08,19:24,18672.71
P37189,2026-07-09,08:18,12031.3
P26398,2026-07-10,00:54,5177.77
P36086,2026-07-10,00:54,1865.15
P14020,2026-07-10,01:37,3745.9
P20049,2026-07-10,07:04,1072.31
P34492,2026-07-10,14:02,832.97
P34151,2026-07-10,14:07,4004.82
P15035,2026-07-10,18:55,459.35
P15203,2026-07-10,18:55,2249.01
P36174,2026-07-10,18:55,3452.79
P34909,2026-07-10,18:55,740.14
P10780,2026-07-10,19:06,1281.81
P34096,2026-07-10,20:58,937.79
P16164,2026-07-11,12:57,627.3
P15926,2026-07-11,12:57,8198.91
P16661,2026-07-11,12:57,411.7
P37412,2026-07-11,14:12,2673.01
P20546,2026-07-11,21:34,8149.28
P21179,2026-07-12,04:40,1187.77
P42345,2026-07-12,12:39,3519.51
P19907,2026-07-12,23:19,2826.85
P17287,2026-07-13,00:59,1147.44
P42385,2026-07-13,04:44,6860.73
P34168,2026-07-13,11:17,773.79
P36263,2026-07-13,11:58,718.97
P29788,2026-07-13,14:06,1222.92
P19680,2026-07-13,14:08,34013.96
P31853,2026-07-13,19:01,1159.35
P04164,2026-07-13,22:27,3333.26
P14021,2026-07-14,00:05,468.0
P34469,2026-07-14,17:08,10292.4
P37385,2026-07-15,03:25,9067.33
P27266,2026-07-15,07:03,14429.22
P12784,2026-07-15,07:03,829.15
P04143,2026-07-15,22:34,17123.56
P25244,2026-07-16,00:08,3687.02
P27286,2026-07-16,01:05,3366.84
P11865,2026-07-16,01:05,2291.32
P34994,2026-07-16,01:05,31112.12
P11338,2026-07-16,09:43,1118.97
P31876,2026-07-16,13:03,58727.08
P29368,2026-07-16,19:06,132918.63
P17308,2026-07-16,19:06,695.87
P36082,2026-07-17,05:06,1888.91
P30964,2026-07-17,13:07,26049.24
P34124,2026-07-17,13:14,1526.99
P42323,2026-07-17,15:49,7016.74
P34530,2026-07-17,16:37,2317.86
P22384,2026-07-17,21:33,1569.91
P22358,2026-07-17,22:52,5721.57
P18065,2026-07-18,00:23,2282.99
P34532,2026-07-18,05:52,3121.09
P32581,2026-07-18,07:09,9628.29
P19920,2026-07-18,15:02,43779.92
P14737,2026-07-18,23:25,4896.61
P11292,2026-07-19,01:21,1065024.41
P14011,2026-07-19,01:54,126258.31
P04386,2026-07-19,06:03,3893.61
P37581,2026-07-19,14:22,7626.69
P27280,2026-07-19,19:12,2385.53
P37251,2026-07-19,19:22,4435.38
P04334,2026-07-19,21:32,1792.96
P25216,2026-07-20,03:20,3440.24
P22380,2026-07-20,03:47,1996.5
P23758,2026-07-20,08:04,1215.89
P39682,2026-07-20,13:13,647.41
P15205,2026-07-20,13:13,573.84
P34533,2026-07-20,13:15,3483.91
P14014,2026-07-20,15:40,41760.6
P37597,2026-07-20,16:49,4382.35
P10426,2026-07-20,18:10,895.63
P34078,2026-07-20,22:40,14509.0
P36551,2026-07-21,03:30,681.7
P09992,2026-07-21,04:03,7374.35
P31442,2026-07-21,06:31,9688.36
P15216,2026-07-21,09:07,127911.07
P40013,2026-07-21,10:11,2186.5
P15910,2026-07-21,15:19,1035.22
P38239,2026-07-22,01:16,1701.46
P21993,2026-07-22,01:16,5872.4
P22323,2026-07-22,09:59,3132.72
P05156,2026-07-22,14:35,4271.2
P34999,2026-07-22,19:17,71499.62
P11830,2026-07-22,19:17,1624.35
P37397,2026-07-22,20:22,22017.02
P22351,2026-07-22,23:11,19740.18
P13531,2026-07-23,13:18,13457.85
P37238,2026-07-23,13:18,120649.81
P35969,2026-07-23,13:18,10262.86
P16566,2026-07-23,22:25,2277.59
P19124,2026-07-24,01:27,4811.39
P12213,2026-07-24,07:20,1318.29
P15338,2026-07-24,19:28,21793.37
P34487,2026-07-24,21:06,10916.31
P25478,2026-07-24,22:39,1851.12
P17501,2026-07-24,22:40,12544.37
P06079,2026-07-25,04:16,4033.79
P26699,2026-07-25,07:37,8069.08
P17306,2026-07-25,14:00,381.03
P21381,2026-07-25,15:36,2637.86
P03352,2026-07-25,16:53,3947.31
P06448,2026-07-25,19:22,25399.41
P17137,2026-07-25,22:05,3648.28
P37274,2026-07-25,23:50,1286.64
P18225,2026-07-26,00:27,2102.02
P26135,2026-07-26,01:29,5103.12
P22334,2026-07-26,04:37,3897.74
P42382,2026-07-26,05:22,3379.59
P34449,2026-07-26,05:48,820.34
P17262,2026-07-26,06:18,888.31
P37568,2026-07-26,13:24,25436.26
P37574,2026-07-27,07:25,1424.6
P20243,2026-07-27,07:25,2261.2
P37611,2026-07-27,07:25,673.12
P02863,2026-07-27,09:19,3310.39
P26429,2026-07-27,15:07,311.44
P16545,2026-07-28,01:26,1293.59
P38389,2026-07-28,01:26,6665.23
P12577,2026-07-28,01:26,374.27
P01510,2026-07-28,02:28,2620.91
P13915,2026-07-28,03:31,7149.31
P14821,2026-07-28,08:26,1823.43
P34485,2026-07-28,11:14,426.55
P34117,2026-07-28,12:59,2374.27
P31342,2026-07-28,19:28,9765.16
P40215,2026-07-29,02:16,10637.41
P30836,2026-07-29,02:36,5243.46
P39741,2026-07-29,06:27,2804.8
P24792,2026-07-29,09:58,5561.4
P34238,2026-07-29,11:55,447.3
P37570,2026-07-29,13:29,577.94
P11290,2026-07-29,13:29,964.1
P31891,2026-07-29,13:29,970.13
P36834,2026-07-29,14:31,21179.08
P19696,2026-07-29,16:43,711.58
P20036,2026-07-29,16:53,2350.34
P03458,2026-07-29,17:12,3287.59
P31343,2026-07-30,07:30,711.15
P11337,2026-07-30,07:30,1114.81
P19891,2026-07-30,12:31,4824.01
P05286,2026-07-30,15:44,6331.3
P06145,2026-07-30,18:15,4255.68
P34479,2026-07-30,23:30,893.18
P37413,2026-07-31,01:32,3527.6
P35374,2026-07-31,01:32,1546.89
P05443,2026-07-31,03:12,6199.71
P26718,2026-07-31,06:31,4752.93
P20050,2026-07-31,10:21,1209.2
P31346,2026-07-31,19:33,644.26
P34158,2026-08-01,02:43,9467.74
P22259,2026-08-01,08:21,5956.24
P16516,2026-08-01,09:20,1067.63
P39668,2026-08-01,10:30,1810.11
P10691,2026-08-01,10:52,13645.99
P21112,2026-08-01,13:35,689.76
P40623,2026-08-01,13:35,359.89
P31154,2026-08-01,13:35,1128.89
P12214,2026-08-01,13:35,1722.99
P14027,2026-08-02,02:23,3017.68
P13689,2026-08-02,05:00,3745.93
P32014,2026-08-02,07:36,14902.16
P37235,2026-08-02,07:36,48177.19
P26892,2026-08-02,07:36,1399.06
P37262,2026-08-02,09:56,598.19
P40216,2026-08-02,22:11,11807.03
P04251,2026-08-02,22:44,4113.66
P25990,2026-08-03,04:32,796.32
P34495,2026-08-03,08:34,4366.77
P26680,2026-08-03,09:43,2903.98
P34486,2026-08-03,14:32,1193.51
P36274,2026-08-03,18:42,863.46
P20312,2026-08-03,19:39,3547.58
P37607,2026-08-03,19:39,2731.67
P01379,2026-08-04,00:53,7118.39
P34184,2026-08-04,04:09,1954.85
P31493,2026-08-04,06:43,5344.98
P36091,2026-08-04,10:10,42509.82
P26708,2026-08-04,13:40,145842.58
P22470,2026-08-04,16:11,2414.33
P01443,2026-08-04,16:24,4930.23
P34091,2026-08-04,19:37,2365.29
P22372,2026-08-04,22:23,865.11
P28892,2026-08-05,01:34,7423.34
P08749,2026-08-05,02:04,25972.78
P29371,2026-08-05,03:21,8610.24
P16867,2026-08-05,07:34,960845.75
P11323,2026-08-05,07:41,3857.71
P01879,2026-08-05,07:41,648.63
P25742,2026-08-05,07:41,861.91
P36561,2026-08-05,16:22,1831.51
P05258,2026-08-05,22:00,4329.36
P34194,2026-08-05,23:45,3275.2
P12453,2026-08-06,04:02,3559.97
P31847,2026-08-06,08:46,1468.9
P29356,2026-08-06,09:45,24815.86
P34183,2026-08-06,18:32,822.11
P37608,2026-08-06,19:44,10106.16
P37512,2026-08-06,19:44,3638.51
P09385,2026-08-06,19:44,20315.42
P11259,2026-08-06,19:44,413.01
P12647,2026-08-06,19:44,3383.4
P39206,2026-08-06,19:44,2124.51
P37247,2026-08-06,19:44,3509392.32
P39981,2026-08-06,20:47,14647.79
P03332,2026-08-06,21:00,2866.51
P25156,2026-08-06,22:18,3333.26
P34729,2026-08-07,12:56,5559.14
P37575,2026-08-07,13:45,3522.71
P37276,2026-08-07,13:45,1517.04
P36146,2026-08-07,15:26,1107.16
P31846,2026-08-07,21:18,442.92
P28403,2026-08-08,00:41,3313.7
P17448,2026-08-08,03:59,3591.74
P23797,2026-08-08,16:51,646.1
P12510,2026-08-08,17:49,2538.47
P36161,2026-08-08,18:44,39052.85
P31629,2026-08-08,20:51,429.34
P31310,2026-08-09,01:48,1461.9
P32918,2026-08-09,01:48,10609.92
P12439,2026-08-09,01:48,1870.21
P26638,2026-08-09,01:48,6624.91
P31895,2026-08-09,01:48,59378.94
P16544,2026-08-09,01:48,308.68
P31312,2026-08-09,02:27,15110.11
P04161,2026-08-09,17:45,5309.28
P34277,2026-08-09,19:49,2030.96
P26687,2026-08-09,19:49,1414.55
P34484,2026-08-09,22:40,6355.86
P36177,2026-08-10,07:22,962.17
P26685,2026-08-10,11:01,6183.74
P37538,2026-08-10,13:51,6987.81
P37610,2026-08-10,13:51,4029.28
P31349,2026-08-10,13:51,58443.71
P37248,2026-08-10,13:51,7196.14
P01063,2026-08-10,23:41,7104.41
P37844,2026-08-11,00:51,32252.21
P04273,2026-08-11,05:17,5910.76
P10735,2026-08-11,05:40,4557.44
P38926,2026-08-11,05:43,4099.46
P11256,2026-08-11,07:52,3090.62
P36223,2026-08-11,23:29,797.75
P16571,2026-08-12,01:54,253204.45
P37409,2026-08-12,01:54,624.12
P37405,2026-08-12,01:54,157239.51
P42120,2026-08-12,01:54,11892.5
P27748,2026-08-12,01:54,5031.14
P22004,2026-08-12,01:54,1216.39
P11777,2026-08-12,02:29,1183.09
P05142,2026-08-12,03:47,2742.59
P39761,2026-08-12,13:09,304.18
P37252,2026-08-12,19:55,234703.19
P37261,2026-08-12,19:55,1859.61
P14785,2026-08-12,19:55,2356.08
P16097,2026-08-12,19:55,1494.66
P16542,2026-08-12,19:55,486.4
P34182,2026-08-12,22:19,3976.4
P24952,2026-08-12,23:21,20003.35
P16558,2026-08-13,00:25,517811.39
P10715,2026-08-13,00:49,3126.87
P11422,2026-08-13,01:35,1678.53
P13692,2026-08-13,06:03,555.76
P24923,2026-08-13,13:56,593.7
P37260,2026-08-13,13:56,1653.41
P34166,2026-08-13,13:56,1378.64
P26633,2026-08-13,13:56,4717.19
P42304,2026-08-13,13:56,2552.45
P42353,2026-08-13,13:56,21006.04
P06087,2026-08-14,01:46,4501.6
P26399,2026-08-14,04:10,1778.12
P34002,2026-08-14,07:58,10018.52
P31127,2026-08-14,07:58,2467.79
P15314,2026-08-14,07:58,1179.92
P36267,2026-08-14,09:24,1797.92
P14029,2026-08-14,09:26,7835.71
P25725,2026-08-14,10:55,3622.66
P26627,2026-08-14,15:39,3022.97
P13948,2026-08-15,00:13,1983.64
P41961,2026-08-15,01:59,2361.4
P13094,2026-08-15,01:59,3800.49
P37595,2026-08-15,01:59,1970.89
P42302,2026-08-15,12:38,541.68
P10767,2026-08-15,14:44,7273.45
P26610,2026-08-15,15:35,2033.02
P19851,2026-08-15,19:48,856.03
P16526,2026-08-15,20:00,8965.48
P33704,2026-08-15,20:00,1980.11
P16415,2026-08-15,20:00,11480.07
P34213,2026-08-15,20:00,1579.28
P11331,2026-08-15,20:00,1102.5
P37543,2026-08-15,20:00,746.57
P42303,2026-08-15,20:00,4702.08
P01502,2026-08-15,20:00,151.54
P15192,2026-08-15,22:41,3055.24
P41765,2026-08-16,07:01,922.25
P16574,2026-08-16,11:03,1075.27
P16570,2026-08-16,14:02,861.34
P39814,2026-08-16,14:02,1245.89
P21172,2026-08-16,14:02,4399.6
P37541,2026-08-16,14:02,9340.07
P11287,2026-08-16,14:02,1075.04
P42299,2026-08-16,14:02,1774.7
P14925,2026-08-16,16:59,2335.01
P22488,2026-08-17,02:20,35318.03
P36595,2026-08-17,03:56,3616.24
P31314,2026-08-17,08:03,7541.0
P26809,2026-08-17,08:03,5524.14
P16534,2026-08-17,08:03,126400.12
P32126,2026-08-17,08:03,14451.91
P29791,2026-08-17,08:03,778.29
P16565,2026-08-17,08:03,1457.94
P26479,2026-08-17,08:03,47082.14
P31352,2026-08-17,08:03,551.2
P37763,2026-08-17,08:03,16471.91
P09912,2026-08-17,08:03,8453.34
P33089,2026-08-17,08:03,811.95
P03923,2026-08-17,22:00,2013.33
P11249,2026-08-17,22:42,4122.1
P05460,2026-08-18,02:04,9953.87
P22009,2026-08-18,02:04,2040.61
P36564,2026-08-18,02:04,9082.59
P29215,2026-08-18,02:04,25276.78
P29887,2026-08-18,02:04,3806.98
P24530,2026-08-18,02:04,2385.98
P10685,2026-08-18,06:11,344.23
P17974,2026-08-18,20:06,5128.45
P16525,2026-08-18,20:06,895.17
P34468,2026-08-19,07:07,2385.22
P02812,2026-08-19,07:46,1428.84
P16569,2026-08-19,14:07,555.2
P37278,2026-08-19,14:07,1544.82
P22005,2026-08-19,14:07,569.9
P03935,2026-08-19,14:07,730.05
P26675,2026-08-19,14:07,6650.4
P03459,2026-08-19,21:48,1163.2
P19052,2026-08-19,22:30,3769.57
P26712,2026-08-20,01:55,547.69
P34191,2026-08-20,05:38,1847.31
P42296,2026-08-20,08:08,18573.58
P24902,2026-08-20,08:08,1592.39
P37599,2026-08-20,08:08,936.42
P22394,2026-08-20,23:26,2154.26
P11328,2026-08-21,02:10,1046.75
P23560,2026-08-21,20:11,1810.71
P13222,2026-08-21,20:11,6717.67
P15222,2026-08-21,20:11,3328.97
P41166,2026-08-21,20:11,524.34
P36594,2026-08-21,20:11,1914.48
P20247,2026-08-21,20:11,8693.96
P36596,2026-08-21,21:20,14637.54
P04070,2026-08-21,22:06,4267.26
P12719,2026-08-22,02:47,3610.99
P05143,2026-08-22,04:54,2742.19
P31331,2026-08-22,07:52,3679.34
P17261,2026-08-22,10:20,4414.78
P17523,2026-08-22,13:25,1305.78
P16498,2026-08-22,14:13,2134.53
P15188,2026-08-22,14:13,11256.02
P16528,2026-08-22,14:13,1469.11
P31894,2026-08-22,14:13,278688.91
P42334,2026-08-22,14:13,2789.07
P37414,2026-08-22,14:13,1198.95
P26631,2026-08-22,14:13,2400.78
P34140,2026-08-22,15:59,2658.85
P37602,2026-08-22,16:03,2340.81
P25190,2026-08-22,19:47,1336.13
P14893,2026-08-22,21:47,610.58
P12212,2026-08-22,23:21,644.95
P34185,2026-08-23,02:09,14429.59
P26678,2026-08-23,05:01,12185.09
P21118,2026-08-23,08:14,836.73
P21364,2026-08-23,08:14,67492.52
P42848,2026-08-23,10:38,1478.71
P05864,2026-08-23,16:21,6441.1
P05114,2026-08-23,17:35,3075.24
P43546,2026-08-24,02:15,3194.52
P26637,2026-08-24,02:15,13194.33
P37268,2026-08-24,02:15,3937.05
P37259,2026-08-24,02:15,3896.9
P20215,2026-08-24,02:15,630.73
P24894,2026-08-24,02:15,719.16
P18063,2026-08-24,08:57,2655.86
P26446,2026-08-24,10:46,5529.5
P01770,2026-08-24,15:23,234.98
P34138,2026-08-24,15:29,3221.03
P17660,2026-08-24,20:17,11701.66
P17503,2026-08-24,20:17,990.99
P31355,2026-08-24,20:17,7367.93
P36581,2026-08-24,20:17,1023.26
P21247,2026-08-24,20:17,7572.84
P05712,2026-08-25,09:32,562.95
P25152,2026-08-25,10:38,2944.05
P36559,2026-08-25,14:18,1226.34
P31356,2026-08-25,14:18,2299.57
P26663,2026-08-25,14:18,2606.04
P16750,2026-08-25,14:18,1133.81
P20726,2026-08-25,14:18,1467.65
P11330,2026-08-25,14:18,664.8
P11326,2026-08-25,15:10,11678.45
P36605,2026-08-25,17:15,16563.65
P06187,2026-08-25,19:45,8762.74
P29653,2026-08-25,20:33,1232.33
P36584,2026-08-26,08:12,2822.74
P26612,2026-08-26,08:19,1498.1
P24826,2026-08-26,08:19,878.01
P37862,2026-08-26,08:19,2773.74
P36569,2026-08-26,08:19,1720.93
P29790,2026-08-26,08:19,1965.3
P40003,2026-08-26,20:16,27908.69
P27704,2026-08-26,23:09,2251.44
P34198,2026-08-27,01:45,958.76
P03157,2026-08-27,01:49,577.62
P26628,2026-08-27,02:21,805.93
P26644,2026-08-27,02:21,984.59
P13688,2026-08-27,02:21,732.38
P16550,2026-08-27,02:21,6664.1
P13459,2026-08-27,02:21,1273.71
P19979,2026-08-27,05:13,12387.08
P34895,2026-08-27,06:17,15487.22
P17150,2026-08-27,06:44,1928.31
P25985,2026-08-27,12:51,2393.73
P24934,2026-08-27,15:57,6421.68
P37519,2026-08-27,20:22,469.68
P26611,2026-08-27,20:22,691.94
P25674,2026-08-27,20:22,8161.82
P29216,2026-08-27,20:22,385.98
P05558,2026-08-27,20:44,41072.99
P37583,2026-08-28,14:23,30457.08
P29209,2026-08-28,14:23,12636.45
P15228,2026-08-28,14:23,2354.03
P37617,2026-08-28,14:37,22661.21
P04133,2026-08-28,16:55,4375.94
P03602,2026-08-28,22:01,4401.56
P15229,2026-08-29,01:08,4222.44
P29213,2026-08-29,02:29,2768.14
P34483,2026-08-29,05:24,402.58
P18161,2026-08-29,07:00,3553.96
P37226,2026-08-29,08:25,6907.0
P26671,2026-08-29,08:25,631.0
P20220,2026-08-29,08:25,1136.89
P02521,2026-08-29,08:25,324.77
P11588,2026-08-29,08:25,125453.04
P35645,2026-08-29,08:25,9662.03
P36562,2026-08-29,08:25,1213.39
P13687,2026-08-29,08:25,5195.81
P37573,2026-08-29,08:25,2214.84
P22148,2026-08-29,11:38,10573.26
P19938,2026-08-29,16:48,3192.83
P24002,2026-08-29,19:16,1577.29
P15037,2026-08-29,20:20,20100.13
P22389,2026-08-30,02:26,9156.21
P11293,2026-08-30,02:26,129741.01
P40279,2026-08-30,02:26,6611.76
P34119,2026-08-30,08:03,3100.61
P14890,2026-08-30,09:55,5423.04
P36204,2026-08-31,09:13,4015.86
P26681,2026-08-31,14:29,1589.36
P37407,2026-08-31,14:29,46198.5
P16517,2026-08-31,14:29,1272.09
P04924,2026-08-31,14:29,1199.88
P11117,2026-08-31,14:29,145568.08
P26624,2026-08-31,14:29,6952.9
P16521,2026-08-31,14:29,499.18
P04213,2026-08-31,14:29,3826.26
P20213,2026-08-31,21:25,13031.44
P17539,2026-09-01,01:42,257.6
P03628,2026-09-01,05:39,3670.72
P15176,2026-09-01,08:30,2891.72
P37227,2026-09-01,08:30,39724.18
P02232,2026-09-01,08:30,7301.45
P26724,2026-09-01,08:30,226178.86
P34125,2026-09-01,08:30,785.91
P19720,2026-09-01,19:20,1546.79
P39789,2026-09-02,00:42,521.94
P24919,2026-09-02,02:32,137897.09
P22391,2026-09-02,02:32,1727.27
P33395,2026-09-02,02:32,2517.78
P22392,2026-09-02,02:32,770.01
P29786,2026-09-02,02:32,3147.01
P24897,2026-09-02,02:32,3244.32
P34480,2026-09-02,04:50,13189.62
P13098,2026-09-02,07:02,4048.9
P23802,2026-09-02,08:37,325.79
P03815,2026-09-02,20:33,582.1
P29789,2026-09-02,20:33,10488.13
P37401,2026-09-02,20:33,873.27
P29231,2026-09-02,20:33,1126.38
P20311,2026-09-02,20:33,542.47
P37524,2026-09-02,20:33,3293.35
P24896,2026-09-02,20:33,3814.4
P31266,2026-09-02,20:33,732.5
P17562,2026-09-02,20:33,11636.1
P05292,2026-09-02,23:56,645.57
P22350,2026-09-03,03:21,9411.75
P39731,2026-09-03,07:02,1677.22
P16158,2026-09-03,11:28,1117.05
P42305,2026-09-03,14:34,666.27
P37269,2026-09-03,14:34,3797.45
P01841,2026-09-03,16:43,3847.79
P10156,2026-09-03,17:42,6429.0
P19685,2026-09-03,17:50,853.18
P34493,2026-09-03,21:10,811.99
P18259,2026-09-04,01:08,14243.02
P36885,2026-09-04,08:36,541.43
P35102,2026-09-04,08:36,4722.62
P26677,2026-09-04,08:36,1447.04
P32564,2026-09-04,08:36,429489.09
P37285,2026-09-04,08:36,1540.97
P16522,2026-09-04,08:36,1850.59
P43126,2026-09-04,08:36,140164.21
P37592,2026-09-04,08:36,2465.51
P26860,2026-09-04,08:36,67188.22
P34087,2026-09-04,15:23,701.54
P24759,2026-09-04,18:17,1613.14
P29219,2026-09-05,02:37,2707.61
P24899,2026-09-05,02:37,31092.27
P24844,2026-09-05,02:37,905.82
P15191,2026-09-05,02:37,433.94
P05537,2026-09-05,02:37,533.16
P28880,2026-09-05,02:37,1610.77
P05944,2026-09-05,11:09,2996.74
P20004,2026-09-05,11:10,1031.84
P15050,2026-09-05,11:55,478.68
P24754,2026-09-05,19:02,14135.03
P34128,2026-09-05,20:35,9479.37
P21930,2026-09-05,20:38,820.36
P22375,2026-09-05,20:38,17790.17
P21961,2026-09-05,20:38,1959.52
P26634,2026-09-05,20:38,1108.58
P24839,2026-09-05,20:38,381.92
P14092,2026-09-05,20:38,1049.25
P36526,2026-09-05,20:38,4900.97
P01962,2026-09-05,21:12,3277.14
P13041,2026-09-05,23:02,3712.43
P26720,2026-09-06,00:32,51512.72
P12243,2026-09-06,08:00,13251.85
P27693,2026-09-06,10:51,1312.31
P38035,2026-09-06,13:59,1386.39
P22388,2026-09-06,14:40,1294.67
P24809,2026-09-06,14:40,13738.0
P22013,2026-09-06,14:40,587.06
P28867,2026-09-06,14:40,3356.36
P21959,2026-09-06,14:40,39292.7
P22383,2026-09-06,14:40,5488.06
P42301,2026-09-06,14:40,28915.56
P37390,2026-09-06,14:40,719.5
P01741,2026-09-06,14:40,44.09
P05805,2026-09-06,15:45,399.89
P36162,2026-09-06,22:41,13230.62
P15326,2026-09-06,23:25,482.8
P34110,2026-09-07,03:40,1759.64
P28419,2026-09-07,06:59,3204.65
P15218,2026-09-07,08:41,3714.91
P15197,2026-09-07,08:41,4797.94
P22489,2026-09-07,08:41,938.23
P11336,2026-09-07,08:41,5734.93
P25264,2026-09-07,11:07,749.32
P34180,2026-09-07,11:45,1762.94
P34201,2026-09-07,19:51,795.62
P13890,2026-09-07,20:36,632.71
P02923,2026-09-08,02:42,51820.41
P36543,2026-09-08,02:42,603.17
P22343,2026-09-08,02:42,615353.61
P42190,2026-09-08,02:42,14818.82
P20318,2026-09-08,02:42,932.29
P26655,2026-09-08,02:42,1657.16
P15221,2026-09-08,02:42,532005.92
P37399,2026-09-08,02:42,788754.61
P37391,2026-09-08,02:42,674.23
P18300,2026-09-08,06:05,4386.41
P29654,2026-09-08,06:49,1309.55
P26623,2026-09-08,07:26,2552.02
P36532,2026-09-08,08:39,12975.74
P25410,2026-09-08,13:50,1807.65
P36571,2026-09-08,20:44,15711.19
P26714,2026-09-08,20:44,916.18
P05302,2026-09-08,20:44,1674.81
P42315,2026-09-08,20:44,14649.31
P26625,2026-09-08,20:44,5532.47
P24891,2026-09-08,20:44,921.97
P37281,2026-09-08,20:44,3255.03
P37659,2026-09-08,20:49,6927.15
P06343,2026-09-08,21:25,1454.74
P15196,2026-09-09,00:23,9837.97
P15890,2026-09-09,03:49,1300.28
P20436,2026-09-09,05:59,1251.55
P22491,2026-09-09,07:41,39448.0
P36588,2026-09-09,09:32,654.15
P11513,2026-09-09,14:45,699.4
P41625,2026-09-09,14:45,9538.67
P20315,2026-09-09,14:45,3080.8
P15226,2026-09-09,14:45,3686.63
P35315,2026-09-09,14:45,16760.74
P22468,2026-09-09,14:45,1075.04
P28876,2026-09-09,14:45,5547.36
P16751,2026-09-09,14:45,836.32
P37242,2026-09-09,14:45,2894.99
P21169,2026-09-09,16:52,954.65
P26711,2026-09-09,19:55,72121.89
P39700,2026-09-10,02:26,2059.74
P10023,2026-09-10,03:57,567.63
P15324,2026-09-10,08:46,4011.55
P15798,2026-09-10,08:46,52524.83
P15355,2026-09-10,08:46,2079.82
P26646,2026-09-10,08:46,28655.28
P08348,2026-09-10,12:53,4864.88
P19928,2026-09-10,13:44,1260.94
P16735,2026-09-10,15:03,2970.52
P35994,2026-09-11,02:48,870.9
P26715,2026-09-11,02:48,429.42
P22006,2026-09-11,02:48,2371.02
P13011,2026-09-11,12:40,1849.44
P17527,2026-09-11,17:07,17332.5
P26632,2026-09-11,20:49,4338.14
P19868,2026-09-11,20:49,687.49
P15240,2026-09-11,20:49,1564.08
P42325,2026-09-12,05:49,915.69
P18123,2026-09-12,08:14,3417.49
P36540,2026-09-12,09:44,713.71
P12557,2026-09-12,14:50,1256.31
P36580,2026-09-12,14:50,548.77
P26704,2026-09-12,14:50,1839.59
P21963,2026-09-12,14:50,1174635.75
P36573,2026-09-12,14:50,336.17
P37284,2026-09-12,14:50,23113.18
P11255,2026-09-12,14:50,3079.97
P35989,2026-09-12,14:50,929.39
P20368,2026-09-12,15:39,4610.15
P22390,2026-09-12,19:33,3048.45
P31869,2026-09-13,02:45,7623.22
P22354,2026-09-13,08:52,3108.34
P25271,2026-09-13,08:52,16622.62
P24901,2026-09-13,08:52,461.33
P28868,2026-09-13,08:52,611.9
P22066,2026-09-13,08:52,1749.43
P36766,2026-09-13,08:52,6805.74
P43962,2026-09-13,11:46,4853.43
P02689,2026-09-13,17:12,3913.12
P18194,2026-09-14,02:53,5409.9
P23911,2026-09-14,02:53,2051.07
P37535,2026-09-14,02:53,101728.1
P20142,2026-09-14,02:53,1641.89
P24908,2026-09-14,02:53,697.91
P26178,2026-09-14,02:53,2271.04
P28915,2026-09-14,02:53,5056.88
P05049,2026-09-14,04:50,3032.99
P25417,2026-09-14,04:51,2089.47
P25256,2026-09-14,09:23,768.18
P39674,2026-09-14,12:32,885.75
P10040,2026-09-14,18:31,1399.02
P20219,2026-09-14,18:46,1207.87
P24819,2026-09-14,20:55,74182.78
P36553,2026-09-14,20:55,26627.67
P24838,2026-09-14,20:55,5270.44
P36531,2026-09-14,20:55,10453.93
P18227,2026-09-14,20:55,354.06
P16548,2026-09-14,20:55,2156.85
P22359,2026-09-14,20:55,571.73
P37600,2026-09-14,20:55,109706.07
P23910,2026-09-14,21:48,1330.02
P10018,2026-09-14,22:11,6120.85
P22484,2026-09-15,01:40,731.9
P21183,2026-09-15,02:26,1909.3
P22452,2026-09-15,07:25,5930.0
P12237,2026-09-15,13:00,1131.08
P26622,2026-09-15,14:56,7695.22
P14142,2026-09-15,14:56,1946.85
P23904,2026-09-15,14:56,10337.32
P26654,2026-09-15,14:56,1174.2
P26413,2026-09-15,14:56,645.04
P03369,2026-09-15,23:48,4944.27
P09595,2026-09-15,23:58,74925.73
P16753,2026-09-16,08:57,1132.47
P04736,2026-09-16,08:57,495.97
P16752,2026-09-16,08:57,12042.1
P37394,2026-09-16,08:57,947.96
P29581,2026-09-16,08:57,1399.72
P36602,2026-09-16,08:57,1817.36
P18231,2026-09-16,10:01,33961.96
P04900,2026-09-16,12:26,5084.6
P08805,2026-09-16,13:19,21259.9
P22480,2026-09-16,13:22,3370.25
P18656,2026-09-16,13:44,1041.83
P37580,2026-09-16,18:31,40994.46
P34197,2026-09-16,20:29,1054.39
P36227,2026-09-16,20:55,1184.12
P25153,2026-09-16,23:30,1669.88
P24837,2026-09-17,02:59,1159.13
P11683,2026-09-17,07:04,5761.66
P08338,2026-09-17,08:42,9504.34
P24921,2026-09-17,09:04,1872.07
P27263,2026-09-17,14:19,8024.15
P16734,2026-09-17,16:34,3669.17
P36576,2026-09-17,19:34,1294.36
P20221,2026-09-17,21:00,696.39
P19915,2026-09-17,21:00,8984.11
P16500,2026-09-17,21:00,2389.88
P24907,2026-09-17,21:00,2960.8
P36557,2026-09-17,21:00,1376.52
P20307,2026-09-17,21:00,33480.66
P11520,2026-09-17,21:00,55753.62
P20212,2026-09-17,21:00,1082.58
P14816,2026-09-17,21:00,834.6
P36554,2026-09-17,21:00,4145.43
P32625,2026-09-17,23:51,18692.19
P35948,2026-09-18,05:14,1532.88
P12444,2026-09-18,06:55,807.98
P31309,2026-09-18,12:33,5780.23
P25989,2026-09-18,13:33,33231.89
P25166,2026-09-18,13:35,5222.45
P16506,2026-09-18,15:01,449.0
P23883,2026-09-18,15:01,2159.02
P17482,2026-09-18,15:01,5205.5
P35954,2026-09-18,20:38,14115.57
P14922,2026-09-19,01:59,858.34
P26196,2026-09-19,04:50,6180.89
P16832,2026-09-19,06:10,7578.76
P21393,2026-09-19,09:03,509039.19
P23807,2026-09-19,09:03,505.3
P36574,2026-09-19,09:03,1086.93
P19864,2026-09-19,09:03,647.25
P23884,2026-09-19,09:03,1289.19
P29583,2026-09-19,09:03,3238.76
P17518,2026-09-19,09:03,613.21
P24905,2026-09-19,09:03,1487.92
P37271,2026-09-19,09:03,740.31
P25999,2026-09-19,13:33,1656.28
P34150,2026-09-19,22:16,759.63
P36185,2026-09-20,02:29,5525.73
P19897,2026-09-20,03:04,1053.84
P25266,2026-09-20,03:04,932.89
P19861,2026-09-20,03:04,357028.9
P18217,2026-09-20,03:04,3003.45
P28873,2026-09-20,03:04,2672.66
P16573,2026-09-20,03:04,2422.72
P11508,2026-09-20,03:04,1548.66
P36572,2026-09-20,03:04,94952.21
P23905,2026-09-20,03:04,21580.15
P27718,2026-09-20,07:13,1482.65
P09479,2026-09-20,09:25,302392.14
P34474,2026-09-20,09:40,2951.11
P22202,2026-09-20,12:02,2614.32
P13097,2026-09-20,14:01,13775.09
P23361,2026-09-20,17:33,1510.93
P34224,2026-09-20,21:02,6332.37
P24813,2026-09-20,21:05,1697.94
P42745,2026-09-20,21:05,6397.44
P13695,2026-09-20,21:05,9416.35
P29358,2026-09-20,21:05,1035.6
P22393,2026-09-20,21:05,3244.47
P34447,2026-09-21,04:11,2097.18
P18460,2026-09-21,06:43,7055.2
P35950,2026-09-21,07:48,1344.5
P36548,2026-09-21,15:07,3495.47
P22689,2026-09-21,15:07,4288.57
P24893,2026-09-21,15:07,987.12
P35990,2026-09-21,15:07,2104.48
P22346,2026-09-21,15:07,5046.98
P26645,2026-09-21,15:07,769.83
P24810,2026-09-21,15:07,13821.97
P22324,2026-09-21,19:31,914.73
P05951,2026-09-21,23:33,3675.05
P07559,2026-09-22,02:28,286979.66
P23346,2026-09-22,04:01,888.39
P16736,2026-09-22,09:08,11035.22
P23890,2026-09-22,09:08,670.45
P23013,2026-09-22,09:08,1959.7
P20010,2026-09-22,11:59,493.67
P05392,2026-09-22,14:31,3565.36
P08837,2026-09-22,16:17,158850.07
P34446,2026-09-22,17:20,2743.82
P14878,2026-09-22,18:00,1519.65
P22564,2026-09-23,03:09,44215.85
P26182,2026-09-23,03:09,14487.97
P19866,2026-09-23,03:09,13511.03
P17415,2026-09-23,03:09,2670.05
P34211,2026-09-23,05:59,1621.64
P29235,2026-09-23,07:50,433.42
P42343,2026-09-23,09:05,956.38
P34488,2026-09-23,15:35,662.57
P13666,2026-09-23,16:45,945.59
P02285,2026-09-23,17:13,4344.01
P23800,2026-09-23,21:11,3025.96
P16893,2026-09-23,21:11,2176.65
P25267,2026-09-23,21:11,1912.43
P19573,2026-09-23,21:11,1082.05
P27264,2026-09-24,01:16,3635.36
P19905,2026-09-24,03:11,4918.3
P37258,2026-09-24,07:22,643.49
P21392,2026-09-24,12:47,2285.2
P14840,2026-09-24,15:12,10161.56
P22373,2026-09-24,15:12,4269.85
P22543,2026-09-24,15:12,8423.08
P24842,2026-09-24,15:12,8447.22
P26648,2026-09-24,15:12,781341.79
P08844,2026-09-24,18:24,9294.26
P26662,2026-09-24,19:37,29851.97
P04830,2026-09-24,22:54,2413.48
P25155,2026-09-24,23:44,9315.45
P04966,2026-09-25,00:36,445.17
P12513,2026-09-25,00:50,3455.89
P21990,2026-09-25,06:36,1228.12
P37232,2026-09-25,06:41,61094.52
P22355,2026-09-25,09:14,1436.46
P22338,2026-09-25,09:14,1905.74
P22356,2026-09-25,09:14,51182.85
P15175,2026-09-25,09:14,7346.09
P18191,2026-09-25,09:14,4974.23
P19867,2026-09-25,09:14,940.82
P36599,2026-09-25,09:14,884.81
P09030,2026-09-25,14:18,3964.57
P01033,2026-09-25,14:43,4529.06
P22471,2026-09-25,15:06,1614.19
P01197,2026-09-25,21:05,4116.84
P26707,2026-09-26,00:07,2107.85
P24766,2026-09-26,02:05,912.16
P22661,2026-09-26,03:15,296.94
P36606,2026-09-26,03:15,882.17
P34237,2026-09-26,11:15,2132.59
P42297,2026-09-26,14:49,5421.38
P35991,2026-09-26,17:25,2989.31
P23784,2026-09-26,21:16,9309.92
P17248,2026-09-26,21:16,2919.99
P26700,2026-09-26,21:16,717.72
P29710,2026-09-27,02:49,4844.1
P15177,2026-09-27,07:15,917.99
P09452,2026-09-27,07:17,7131.14
P42688,2026-09-27,13:46,3763.11
P37228,2026-09-27,14:55,15268.73
P24768,2026-09-27,15:18,3153.41
P19715,2026-09-27,21:11,682.81
P12566,2026-09-28,09:19,1447.76
P18654,2026-09-28,09:19,2003.34
P26651,2026-09-28,09:19,1953.16
P20141,2026-09-28,09:19,636.81
P24795,2026-09-28,09:19,1953.98
P13901,2026-09-28,09:48,33236.52
P15824,2026-09-28,12:49,4515.66
P34161,2026-09-28,13:31,574.12
P37636,2026-09-28,18:59,6111.11
P18159,2026-09-29,03:20,983.24
P17530,2026-09-29,03:20,833.46
P12462,2026-09-29,03:20,5303.37
P22364,2026-09-29,03:20,2595.03
P22540,2026-09-29,03:20,1199.36
P23962,2026-09-29,03:20,864.92
P04970,2026-09-29,08:17,4154.93
P09390,2026-09-29,16:20,6699.38
P14123,2026-09-29,16:30,4862.41
P34448,2026-09-29,21:22,1049.58
P17855,2026-09-29,21:22,1701.7
P18262,2026-09-29,21:22,7916.73
P36143,2026-09-30,00:33,2795.62
P10629,2026-09-30,00:47,568.64
P36220,2026-09-30,00:58,64581.79
P25211,2026-09-30,02:54,2683.55
P38144,2026-09-30,04:36,4416.73
P29355,2026-09-30,15:23,1627.74
P16503,2026-09-30,15:23,1086.63
P35997,2026-09-30,15:23,1080.54
P22369,2026-09-30,15:23,6565.38
P36541,2026-09-30,15:23,2452.99
P34094,2026-09-30,18:19,8123.42
P29727,2026-09-30,23:14,166963.51
P25462,2026-10-01,01:36,6913.65
P19916,2026-10-01,07:02,2681.67
P29357,2026-10-01,09:24,11995.22
P23814,2026-10-01,09:24,7126.7
P10680,2026-10-01,09:24,20917.44
P12571,2026-10-01,09:24,755.38
P16762,2026-10-01,09:24,677.93
P12650,2026-10-01,09:24,3145.84
P19913,2026-10-01,09:24,4736.73
P25235,2026-10-01,09:24,1579.22
P17483,2026-10-01,09:24,8918.69
P17313,2026-10-01,09:24,646.48
P34113,2026-10-01,09:24,24675.55
P24769,2026-10-01,09:24,3464.27
P36020,2026-10-01,09:31,688.55
P18519,2026-10-01,10:30,8176.5
P01889,2026-10-01,13:16,5229.8
P27279,2026-10-01,23:54,1466.05
P26172,2026-10-02,03:26,2411.2
P29208,2026-10-02,03:26,753.96
P36159,2026-10-02,13:30,2311.22
P09606,2026-10-02,15:24,11349.32
P25993,2026-10-02,16:35,4736.84
P36097,2026-10-02,17:30,1078.01
P23399,2026-10-02,17:52,1104.61
P22401,2026-10-02,21:27,764.79
P23886,2026-10-02,21:27,1214.95
P31877,2026-10-02,23:24,1167.22
P24953,2026-10-03,01:35,1687.35
P31473,2026-10-03,01:54,1206.03
P29750,2026-10-03,04:35,5119.14
P22368,2026-10-03,04:54,899.57
P33191,2026-10-03,06:34,6817.32
P05107,2026-10-03,09:57,5155.8
P08859,2026-10-03,12:52,9415.06
P36545,2026-10-03,15:28,457.7
P16787,2026-10-03,15:28,1045.25
P36546,2026-10-03,15:28,12256.94
P23913,2026-10-03,15:28,716.75
P09565,2026-10-04,03:40,30179.72
P18279,2026-10-04,09:30,808.48
P17255,2026-10-04,09:30,2750.89
P37634,2026-10-04,09:30,461.73
P20272,2026-10-04,09:30,65569.96
P02913,2026-10-04,09:30,42.4
P34083,2026-10-04,11:25,1175.89
P09058,2026-10-04,17:57,45526.79
P28925,2026-10-05,03:31,3368.51
P37632,2026-10-05,03:31,1034.54
P12463,2026-10-05,03:31,21479.24
P38392,2026-10-05,03:31,58931.13
P34233,2026-10-05,07:40,22360.81
P09450,2026-10-05,11:33,28981.33
P24945,2026-10-05,17:43,2510.62
P04771,2026-10-05,18:47,3776.01
P36536,2026-10-05,21:33,2509.09
P36603,2026-10-05,21:33,5255.37
P29580,2026-10-05,21:33,5139.38
P37383,2026-10-05,22:12,130812.72
P12108,2026-10-05,23:05,25545.06
P34229,2026-10-06,05:36,18117.49
P16520,2026-10-06,06:23,2829.09
P10366,2026-10-06,14:16,789.32
P25272,2026-10-06,15:34,509.77
P17249,2026-10-06,15:34,1300.99
P21962,2026-10-06,15:34,1463.54
P15235,2026-10-06,15:34,5002.03
P36534,2026-10-06,15:34,1815.64
P16193,2026-10-06,19:28,1131.99
P34135,2026-10-06,23:40,1307.93
P37560,2026-10-07,01:02,3163.09
P31610,2026-10-07,07:54,7866.58
P26719,2026-10-07,09:35,296652.57
P17256,2026-10-07,09:35,768.45
P11248,2026-10-07,09:35,2331.26
P19906,2026-10-07,09:35,1784.16
P17521,2026-10-07,09:35,1682.72
P01766,2026-10-07,18:32,6230.76
P25445,2026-10-07,20:55,1847.27
P19035,2026-10-08,02:27,600.35
P25237,2026-10-08,03:37,692.59
P21308,2026-10-08,03:37,60202.1
P29360,2026-10-08,03:37,4091.41
P18157,2026-10-08,03:37,8036.18
P24823,2026-10-08,03:37,737.26
P23785,2026-10-08,05:22,8920.68
P13868,2026-10-08,09:31,3755.3
P12230,2026-10-08,12:08,3882.39
P08789,2026-10-08,17:41,6151.74
P08626,2026-10-08,19:33,101963.53
P39717,2026-10-08,19:36,626.8
P22660,2026-10-08,21:38,2461.06
P16758,2026-10-08,21:38,453.0
P42395,2026-10-08,21:38,28837.61
P34156,2026-10-08,23:11,913.62
P34491,2026-10-08,23:15,832.26
P03444,2026-10-09,04:42,6247.06
P08217,2026-10-09,06:20,2319.55
P17257,2026-10-09,15:39,625.16
P10630,2026-10-09,15:39,13603.64
P09379,2026-10-09,16:16,5746.7
P06088,2026-10-09,23:07,2271.09
P20786,2026-10-09,23:21,804.0
P13909,2026-10-10,01:41,1171.9
P01623,2026-10-10,08:16,3047.71
P29585,2026-10-10,09:41,632.79
P36601,2026-10-10,09:41,2487.7
P17542,2026-10-10,09:41,1416.61
P34090,2026-10-10,20:00,1081.33
P14853,2026-10-10,21:56,2639.8
P22460,2026-10-10,23:39,1125.55
P08014,2026-10-11,00:43,4858.0
P16491,2026-10-11,03:42,8392.08
P23965,2026-10-11,03:42,2242.86
P18650,2026-10-11,03:42,8669.87
P22357,2026-10-11,03:42,976.07
P09454,2026-10-11,13:10,4465.09
P01667,2026-10-11,17:15,3726.91
P09495,2026-10-11,20:05,9248.35
P07257,2026-10-11,21:43,4629.53
P25270,2026-10-11,21:43,4113.44
P10682,2026-10-11,21:43,1482.24
P37845,2026-10-11,21:43,1160.81
P02535,2026-10-11,22:41,3567.99
P39986,2026-10-12,02:47,5249.14
P29359,2026-10-12,03:26,2238.51
P29628,2026-10-12,08:49,1288.76
P05455,2026-10-12,11:46,3119.39
P29184,2026-10-12,15:45,18089.05
P28871,2026-10-12,15:45,8764.87
P17246,2026-10-12,15:45,1839.95
P26643,2026-10-12,17:24,7318.1
P21715,2026-10-12,18:51,749.11
P08340,2026-10-13,04:21,56309.69
P22659,2026-10-13,06:00,6017.41
P25255,2026-10-13,09:46,21959.15
P12107,2026-10-13,09:46,5469.66
P25151,2026-10-13,09:46,1474.17
P26136,2026-10-13,09:46,19588.73
P18211,2026-10-13,09:46,852.7
P24765,2026-10-13,09:46,576.21
P23966,2026-10-13,09:46,558.49
P18522,2026-10-13,09:46,1992.09
P18281,2026-10-13,09:46,489.29
P34235,2026-10-13,12:37,7633.18
P10531,2026-10-13,13:57,2429.47
P02423,2026-10-13,23:02,255.15
P16756,2026-10-14,03:47,9931.79
P23757,2026-10-14,03:47,16092.77
P27711,2026-10-14,08:00,9801.84
P38918,2026-10-14,09:59,3111.39
P06430,2026-10-14,13:33,2310.78
P17829,2026-10-14,21:49,1909.05
P23984,2026-10-14,21:49,2863.48
P12466,2026-10-14,21:49,5085.37
P42396,2026-10-14,21:49,11651.38
P25427,2026-10-14,21:49,6464.48
P20218,2026-10-14,22:28,404.25
P09040,2026-10-14,23:51,8888.98
P12535,2026-10-15,02:50,537.88
P13059,2026-10-15,04:16,1234.76
P07656,2026-10-15,04:51,18658.6
P08807,2026-10-15,05:47,7042.81
P15233,2026-10-15,06:49,847.71
P03070,2026-10-15,09:11,561.32
P08829,2026-10-15,09:30,4047.32
P16507,2026-10-15,13:08,320.76
P29233,2026-10-15,14:11,695.14
P25476,2026-10-15,15:50,4096.8
P19703,2026-10-15,15:50,746.34
P25268,2026-10-15,15:50,8183.84
P21989,2026-10-15,15:50,10007.35
P19860,2026-10-15,15:50,892.1
P25196,2026-10-15,20:17,942.45
P34082,2026-10-15,22:02,1823.01
P20136,2026-10-16,02:53,1079.35
P34133,2026-10-16,06:37,5190.95
P09378,2026-10-16,06:48,15947.7
P21253,2026-10-16,09:52,1279.3
P23806,2026-10-16,09:52,1545.8
P36120,2026-10-16,11:44,554.6
P26694,2026-10-16,22:15,1172.95
P08388,2026-10-17,03:38,6881.63
P25253,2026-10-17,03:53,9634.95
P18557,2026-10-17,03:53,1130.51
P11246,2026-10-17,03:53,3163.49
P14887,2026-10-17,11:25,881.08
P26137,2026-10-17,14:03,4571.55
P16789,2026-10-17,16:43,14743.15
P19630,2026-10-17,20:22,9248.87
P33681,2026-10-17,21:54,1667.55
P22472,2026-10-17,21:54,22470.57
P11171,2026-10-17,21:54,714.08
P04691,2026-10-18,00:33,1601.0
P34101,2026-10-18,01:11,456.63
P25413,2026-10-18,15:56,4268.39
P25453,2026-10-18,15:56,459.26
P20725,2026-10-18,15:56,14692.59
P21185,2026-10-18,15:56,1093.37
P21151,2026-10-18,15:56,8365.28
P19773,2026-10-18,15:56,3508.76
P16314,2026-10-18,16:15,14008.79
P23967,2026-10-18,16:42,6419.78
P36125,2026-10-18,19:03,1843.72
P26616,2026-10-18,19:36,2767.38
P07784,2026-10-18,20:17,147870.96
P07997,2026-10-18,20:55,10147.42
P08357,2026-10-18,22:13,4123.72
P09510,2026-10-19,01:06,24610.11
P09461,2026-10-19,06:11,18702.34
P26858,2026-10-19,06:45,677.88
P17422,2026-10-19,09:57,1190.84
P18261,2026-10-19,09:57,42021.09
P28929,2026-10-19,09:57,2012.47
P23993,2026-10-19,10:21,6015.69
P09395,2026-10-19,11:13,15016.58
P22293,2026-10-19,11:35,337.75
P04396,2026-10-19,14:54,2447.43
P27724,2026-10-19,17:19,4229.02
P25463,2026-10-19,17:58,1955.96
P34219,2026-10-19,21:54,5969.57
P22124,2026-10-19,22:52,21895.96
P02152,2026-10-19,23:59,1586.41
P33683,2026-10-20,00:11,2203.82
P08172,2026-10-20,15:41,41923.5
P25217,2026-10-20,22:00,3928.71
P26132,2026-10-20,22:00,4410.11
P24948,2026-10-20,22:00,31036.63
P25465,2026-10-20,22:00,2231.83
P37620,2026-10-20,22:00,5492.81
P22000,2026-10-20,22:00,3401.6
P21160,2026-10-20,22:00,8165.28
P23986,2026-10-21,01:13,7497.96
P08655,2026-10-21,03:23,31952.78
P32570,2026-10-21,04:11,4634.74
P19590,2026-10-21,08:23,29278.94
P07547,2026-10-21,11:43,10678.75
P08344,2026-10-21,12:07,4587.72
P02053,2026-10-21,12:56,1202.57
P05097,2026-10-21,14:25,524.77
P19684,2026-10-21,16:01,787991.06
P25439,2026-10-21,16:01,1989.58
P20766,2026-10-21,18:53,603.94
P25164,2026-10-21,23:31,1385.34
P09009,2026-10-22,00:10,5769.34
P09570,2026-10-22,01:49,2911.62
P39606,2026-10-22,02:35,4883.39
P08181,2026-10-22,03:45,46293.75
P06383,2026-10-22,04:37,475108.21
P05949,2026-10-22,07:44,3171.97
P21150,2026-10-22,10:02,1939.5
P26723,2026-10-22,10:02,999974.45
P21283,2026-10-22,10:02,5154.17
P29584,2026-10-22,10:02,692.2
P29361,2026-10-22,10:02,1755.89
P36537,2026-10-22,10:02,2938.55
P26721,2026-10-22,10:02,68145.87
P14921,2026-10-22,10:33,513.31
P21960,2026-10-22,11:53,2573.86
P22103,2026-10-22,11:55,3738.49
P27695,2026-10-22,15:22,13688.75
P08809,2026-10-22,17:53,4816.66
P15898,2026-10-22,19:14,846.49
P24951,2026-10-22,21:26,2121.55
P08400,2026-10-22,22:30,23852.36
P28927,2026-10-23,04:04,1177.41
P25194,2026-10-23,04:04,3184.49
P02808,2026-10-23,04:42,1644.02
P09389,2026-10-23,05:57,8434.22
P09542,2026-10-23,09:52,21519.83
P08379,2026-10-23,10:19,4559.34
P08412,2026-10-23,11:31,18486.69
P34188,2026-10-23,12:33,1712.54
P27740,2026-10-23,13:48,1924.78
P03462,2026-10-23,14:37,2282.55
P12459,2026-10-23,16:21,798.16
P09500,2026-10-23,16:42,46179.29
P08408,2026-10-23,18:42,15950.1
P37752,2026-10-23,22:05,6493.05
P23819,2026-10-23,22:05,893.94
P17540,2026-10-23,22:05,15693.65
P17154,2026-10-23,22:05,1428.99
P20849,2026-10-23,22:05,585.76
P30336,2026-10-23,22:15,4025.27
P07568,2026-10-23,23:46,169957.65
P04560,2026-10-24,00:30,1372.13
P33682,2026-10-24,02:14,3203.73
P18558,2026-10-24,06:53,4362.01
P04127,2026-10-24,14:16,7384.4
P31690,2026-10-24,16:06,147297.92
P17133,2026-10-24,16:06,2958.35
P25435,2026-10-24,16:06,2291.32
P42856,2026-10-24,16:06,1257.93
P34186,2026-10-24,16:34,379755.55
P39929,2026-10-24,18:07,50583.82
P08353,2026-10-24,19:03,324663.06
P19911,2026-10-24,22:12,1403.9
P18731,2026-10-24,23:34,1298.43
P14929,2026-10-25,02:12,2678.35
P14898,2026-10-25,02:26,458.2
P39672,2026-10-25,06:57,5683.47
P01648,2026-10-25,07:11,2831.49
P22457,2026-10-25,10:08,2936.12
P21186,2026-10-25,10:08,1727.43
P23750,2026-10-25,10:08,5690.59
P37337,2026-10-25,10:08,644.3
P08816,2026-10-25,19:15,1932.65
P08801,2026-10-25,22:52,8121.09
P05098,2026-10-25,23:55,507.5
P07259,2026-10-26,02:42,51922.12
P29726,2026-10-26,04:09,36465.11
P22205,2026-10-26,04:25,748.38
P08821,2026-10-26,07:41,19373.55
P06380,2026-10-26,13:31,133189.03
P06230,2026-10-26,16:14,27851.96
P18253,2026-10-26,17:26,12387.87
P28926,2026-10-26,22:10,657.82
P25416,2026-10-26,22:10,2515.24
P18258,2026-10-26,22:10,11236.61
P20855,2026-10-26,22:10,956.92
P24962,2026-10-26,22:10,852.5
P07996,2026-10-26,22:16,8814.93
P09391,2026-10-26,23:25,38843.29
P23549,2026-10-27,01:12,4091.41
P36586,2026-10-27,08:57,1890.03
P09359,2026-10-27,10:46,22250.67
P18061,2026-10-27,11:56,3797.89
P02095,2026-10-27,13:49,46359.86
P37740,2026-10-27,16:12,968.57
P29748,2026-10-27,16:12,3132.81
P39977,2026-10-27,16:12,11406.42
P16763,2026-10-27,16:12,1021.76
P19574,2026-10-27,16:12,1833.47
P16494,2026-10-27,16:12,20589.16
P36280,2026-10-27,18:02,10020.71
P37418,2026-10-27,21:12,764.02
P09596,2026-10-28,01:24,23357.1
P08401,2026-10-28,01:28,4341.16
P03068,2026-10-28,05:43,1982.85
P16496,2026-10-28,07:12,2284.34
P22555,2026-10-28,10:13,1078.11
P21988,2026-10-28,10:13,583.22
P10637,2026-10-28,10:13,608.87
P25214,2026-10-28,10:13,2298.34
P29364,2026-10-28,11:13,3453.09
P08009,2026-10-28,15:59,6602.25
P08526,2026-10-28,21:00,16093.73
P39726,2026-10-28,22:53,1729.97
P08450,2026-10-29,00:43,755099.58
P09541,2026-10-29,02:15,14498.47
P22455,2026-10-29,04:15,1821.14
P22360,2026-10-29,05:32,1675.98
P29657,2026-10-29,05:43,3902.51
P34130,2026-10-29,15:37,1028.9
P08616,2026-10-29,20:00,361618.57
P08359,2026-10-29,20:11,41375.5
P34508,2026-10-29,21:08,3448.51
P23864,2026-10-29,22:16,636.48
P09612,2026-10-29,23:22,45653.7
P08350,2026-10-30,03:49,1254.71
P09053,2026-10-30,04:14,3960.93
P01860,2026-10-30,14:03,10586.2
P14684,2026-10-30,16:17,1512.88
P16495,2026-10-30,16:17,377148.94
P24961,2026-10-30,16:17,851.32
P25433,2026-10-30,16:17,4402.98
P12101,2026-10-30,17:10,2415.61
P38393,2026-10-31,10:19,1404.54
P31860,2026-10-31,10:19,10396.88
P26722,2026-10-31,10:19,206995.14
P22557,2026-10-31,10:19,2156.15
P37745,2026-10-31,10:19,1481.67
P37841,2026-10-31,10:19,1071.54
P25246,2026-10-31,13:14,10468.58
P08320,2026-10-31,16:10,24569.24
P16187,2026-10-31,23:32,1585.41
P08624,2026-10-31,23:41,15871.0
P07139,2026-11-01,02:03,470556.67
P22698,2026-11-01,02:58,44196.79
P24757,2026-11-01,04:20,12824.68
P17136,2026-11-01,04:20,1270.6
P04393,2026-11-01,05:38,2360.68
P09145,2026-11-01,07:08,41574.46
P34208,2026-11-01,10:15,7151.85
P09115,2026-11-01,20:37,18898.24
P18434,2026-11-01,20:45,5003.12
P19701,2026-11-01,22:21,1206194.13
P25383,2026-11-01,22:21,3405.77
P24760,2026-11-01,22:21,1272.33
P17278,2026-11-01,22:21,696.11
P25380,2026-11-01,22:21,684.39
P23759,2026-11-01,22:21,6670.57
P09597,2026-11-02,01:23,5338.48
P43933,2026-11-02,04:39,13060.88
P07998,2026-11-02,06:24,7533.6
P09386,2026-11-02,06:27,5487.67
P08225,2026-11-02,06:44,7749.41
P34152,2026-11-02,06:59,15323.04
P08380,2026-11-02,09:38,7549.91
P06416,2026-11-02,11:19,11672.73
P02040,2026-11-02,11:30,3291.35
P08374,2026-11-02,11:58,36462.0
P09593,2026-11-02,12:42,12358.89
P16519,2026-11-02,13:37,8148.18
P36095,2026-11-02,14:41,1176.61
P29787,2026-11-02,14:48,2741.89
P37624,2026-11-02,16:23,627.76
P25441,2026-11-02,16:23,1826.19
P08189,2026-11-02,21:18,48333.85
P27688,2026-11-02,22:38,1888.62
P22227,2026-11-03,01:43,41136.07
P36592,2026-11-03,02:11,7501.47
P07555,2026-11-03,03:38,18709.49
P09530,2026-11-03,04:56,24233.78
P07580,2026-11-03,05:02,6245.91
P09505,2026-11-03,06:03,9811.93
P37417,2026-11-03,08:24,10708.61
P09346,2026-11-03,09:43,13032.65
P26134,2026-11-03,10:24,11560.48
P42846,2026-11-03,10:24,652.11
P35978,2026-11-03,10:24,20874.63
P25994,2026-11-03,12:45,4209.69
P27287,2026-11-03,13:50,445.53
P03337,2026-11-03,15:07,4322.07
P34217,2026-11-03,15:38,17549.44
P22352,2026-11-03,17:06,1831.02
P23857,2026-11-04,04:25,1564.28
P26408,2026-11-04,04:25,3704.52
P09056,2026-11-04,04:55,13320.05
P09400,2026-11-04,05:54,39044.79
P19699,2026-11-04,06:28,3860.55
P31896,2026-11-04,07:02,3282.05
P38349,2026-11-04,08:15,410.79
P08847,2026-11-04,14:17,58045.63
P19686,2026-11-04,16:37,1473.45
P23385,2026-11-04,17:10,1444.63
P13910,2026-11-04,19:02,2081.55
P22485,2026-11-04,21:31,293.79
P37338,2026-11-04,22:27,5468.41
P26407,2026-11-04,22:27,997.38
P25436,2026-11-04,22:27,6139.08
P12572,2026-11-04,22:27,1405.94
P35987,2026-11-04,22:27,12776.02
P38350,2026-11-05,01:30,5271.27
P04108,2026-11-05,07:48,23207.67
P12488,2026-11-05,16:12,6345.23
P16315,2026-11-05,16:28,4726.84
P24956,2026-11-05,16:28,905.52
P09034,2026-11-05,16:43,12847.12
P11233,2026-11-05,18:44,6004.1
P09074,2026-11-05,19:16,10191.53
P17993,2026-11-05,22:05,6200.43
P09590,2026-11-05,23:52,20686.34
P37537,2026-11-06,03:38,2084.43
P25414,2026-11-06,10:29,483.58
P01753,2026-11-06,12:11,212.59
P34222,2026-11-06,12:49,2100.56
P09602,2026-11-06,14:55,6534.9
P24000,2026-11-06,15:26,33151.82
P22339,2026-11-06,18:45,53611.93
P08803,2026-11-06,19:28,7377.03
P07684,2026-11-06,19:48,264556.55
P08822,2026-11-06,22:31,6647.67
P09567,2026-11-07,02:16,7902.01
P24750,2026-11-07,04:31,684.68
P26414,2026-11-07,04:31,1049.85
P25454,2026-11-07,04:31,2081.1
P25428,2026-11-07,04:31,4157.13
P06236,2026-11-07,07:46,5162.48
P03934,2026-11-07,09:20,5750.03
P09088,2026-11-07,10:45,4508.7
P04599,2026-11-07,17:03,5705.03
P25987,2026-11-07,20:04,4568.42
P07599,2026-11-07,22:23,638717.99
P04960,2026-11-08,01:14,3948.98
P36164,2026-11-08,01:42,444.89
P09482,2026-11-08,02:42,7736.81
P25411,2026-11-08,09:12,4416.15
P08810,2026-11-08,15:04,3657.92
P01576,2026-11-08,15:47,8073.16
P25479,2026-11-08,16:34,4697.31
P25412,2026-11-08,16:34,3710.31
P03808,2026-11-08,17:57,390.66
P09055,2026-11-08,18:31,301435.85
P20042,2026-11-08,18:36,4869.02
P13647,2026-11-08,21:29,1546.04
P08502,2026-11-08,23:22,3338.26
P06379,2026-11-09,01:54,8460.69
P07583,2026-11-09,04:12,2433.48
P04531,2026-11-09,09:01,2153.97
P25443,2026-11-09,10:35,12076.37
P26169,2026-11-09,10:35,2230.34
P01981,2026-11-09,15:09,5482.19
P05138,2026-11-09,17:13,4557.21
P08501,2026-11-09,19:23,24096.49
P34196,2026-11-09,21:25,1929.68
P27728,2026-11-10,03:50,2844.39
P39724,2026-11-10,04:36,2187.33
P16493,2026-11-10,04:36,22041.61
P09533,2026-11-10,05:45,18555.62
P04394,2026-11-10,07:26,5157.77
P08604,2026-11-10,08:45,47453.6
P22521,2026-11-10,09:34,19139.26
P05283,2026-11-10,13:31,2704.73
P11260,2026-11-10,13:33,1704.85
P07623,2026-11-10,14:59,425551.65
P16540,2026-11-10,16:32,35154.83
P09506,2026-11-10,18:41,6317.39
P09104,2026-11-10,18:45,6034.62
P08188,2026-11-10,21:24,15870.2
P25241,2026-11-10,22:38,142759.5
P23822,2026-11-10,22:38,5294.64
P31578,2026-11-10,22:38,84075.53
P18655,2026-11-10,22:38,786.63
P09396,2026-11-11,05:48,25646.06
P08396,2026-11-11,08:37,6865.22
P08365,2026-11-11,08:46,4532.32
P21231,2026-11-11,11:08,480.8
P08405,2026-11-11,20:46,34542.04
P09146,2026-11-12,00:25,9976.95
P09487,2026-11-12,06:22,8809.73
P08843,2026-11-12,09:31,4264.3
P05149,2026-11-12,09:43,981.06
P09824,2026-11-12,10:01,5614.34
P24954,2026-11-12,10:40,528.93
P31640,2026-11-12,10:40,9246.17
P03751,2026-11-12,12:33,4778.01
P09373,2026-11-12,18:12,21013.29
P06387,2026-11-12,19:04,18676.74
P07576,2026-11-13,02:38,60063.21
P34481,2026-11-13,04:42,4137.49
P23865,2026-11-13,04:42,778.59
P04434,2026-11-13,05:37,2858.91
P37603,2026-11-13,07:44,124576.28
P08620,2026-11-13,11:28,11659.75
P08356,2026-11-13,19:12,344691.77
P34205,2026-11-13,19:27,1436.4
P36144,2026-11-13,22:31,7116.01
P34209,2026-11-14,06:32,5067.09
P07645,2026-11-14,09:53,14692.75
P36160,2026-11-14,16:37,712.53
P17148,2026-11-14,16:44,3208.78
P37744,2026-11-14,16:44,1102.63
P20274,2026-11-14,16:44,2175.72
P24764,2026-11-14,16:44,2366.82
P22437,2026-11-14,16:44,1255.41
P37807,2026-11-14,16:44,10758.53
P07600,2026-11-14,17:39,198695.35
P23396,2026-11-14,18:02,759.78
P42339,2026-11-14,19:29,15827.22
P36252,2026-11-14,19:33,727.98
P31647,2026-11-14,20:05,1654.91
P01859,2026-11-15,04:37,733.89
P09507,2026-11-15,06:41,8895.43
P09526,2026-11-15,07:53,4400.06
P15924,2026-11-15,13:08,1944.83
P07617,2026-11-15,15:17,11120.39
P22007,2026-11-15,16:06,1721.45
P08481,2026-11-15,19:37,7106.53
P08785,2026-11-15,19:50,5674.14
P04758,2026-11-15,22:17,9070.06
P08856,2026-11-16,03:24,14900.47
P09546,2026-11-16,03:43,8575.0
P09474,2026-11-16,03:52,19918.96
P15313,2026-11-16,04:25,72313.01
P31683,2026-11-16,04:47,47665.41
P37627,2026-11-16,04:47,881.89
P25379,2026-11-16,04:47,782.33
P37869,2026-11-16,08:01,1255.12
P03461,2026-11-16,10:35,2045.3
P09624,2026-11-16,13:56,12784.16
P19925,2026-11-16,20:11,2296.03
P34228,2026-11-17,01:20,1063.13
P23351,2026-11-17,01:28,557.01
P22109,2026-11-17,03:35,105196.34
P09002,2026-11-17,03:44,5652.95
P08187,2026-11-17,12:13,196544.52
P08005,2026-11-17,19:03,3925.11
P33017,2026-11-18,00:05,13830.21
P08815,2026-11-18,01:25,23167.4
P09060,2026-11-18,02:11,25005.1
P19282,2026-11-18,02:35,7381.24
P22149,2026-11-18,05:08,427.07
P05291,2026-11-18,05:54,233.0
P09384,2026-11-18,06:22,13027.62
P12180,2026-11-18,06:38,4857.55
P07780,2026-11-18,07:09,12340.46
P37631,2026-11-18,10:51,10758.69
P09101,2026-11-18,12:39,15025.59
P34100,2026-11-18,17:37,964.7
P08012,2026-11-18,18:29,34192.93
P09484,2026-11-18,19:56,11389.03
P09038,2026-11-19,01:50,11819.08
P15708,2026-11-19,04:53,699.66
P31976,2026-11-19,05:08,11480.91
P24278,2026-11-19,06:48,2040.09
P08527,2026-11-19,08:47,7872.63
P08659,2026-11-19,11:16,113018.22
P09107,2026-11-19,14:59,25869.94
P37904,2026-11-19,18:42,4253.66
P07133,2026-11-19,19:00,27679.37
P08383,2026-11-19,19:20,5685.52
P05284,2026-11-19,20:33,488.77
P18054,2026-11-19,20:33,961.02
P28465,2026-11-19,22:54,2394.21
P23783,2026-11-19,22:54,728.2
P11263,2026-11-20,07:15,774.66
P08835,2026-11-20,07:34,26792.46
P36261,2026-11-20,12:35,750.46
P43476,2026-11-20,16:55,12018.58
P15551,2026-11-20,16:55,5066.47
P36158,2026-11-20,17:23,1905.31
P16163,2026-11-20,20:22,1198.42
P23866,2026-11-20,21:08,2281.54
P09401,2026-11-20,21:38,18938.06
P09368,2026-11-21,06:34,30731.24
P15707,2026-11-21,10:57,1806.01
P07598,2026-11-21,16:27,12795.5
P09543,2026-11-21,18:45,12475.39
P09603,2026-11-21,19:47,4915.2
P08615,2026-11-21,21:07,29027.44
P09388,2026-11-22,06:27,17500.72
P39451,2026-11-22,07:14,5025.15
P09061,2026-11-22,12:17,24827.03
P37236,2026-11-22,17:57,1898.53
P07646,2026-11-22,18:00,185739.3
P02459,2026-11-22,19:37,944.16
P01934,2026-11-22,22:02,444.82
P09524,2026-11-22,22:12,17206.78
P40790,2026-11-22,23:14,7776.95
P14876,2026-11-23,02:33,644.16
P08387,2026-11-23,03:28,18180.71
P06402,2026-11-23,04:12,6284.88
P24807,2026-11-23,04:20,1059.69
P22067,2026-11-23,07:53,3845.35
P01918,2026-11-23,10:38,3769.93
P07573,2026-11-23,15:37,91940.24
P11766,2026-11-23,15:56,4707.19
P34149,2026-11-23,17:03,742.29
P43495,2026-11-24,03:34,11196.42
P08194,2026-11-24,04:13,5140.05
P10393,2026-11-24,07:02,1712.48
P23364,2026-11-24,07:47,6853.75
P16524,2026-11-24,10:17,711.45
P06423,2026-11-24,10:27,11316.72
P18195,2026-11-24,10:35,4202.64
P09615,2026-11-24,14:17,5001.73
P32901,2026-11-24,17:27,5556.4
P08392,2026-11-24,19:19,57540.05
P19899,2026-11-24,22:10,1034.1
P06344,2026-11-24,22:14,10878.7
P23418,2026-11-25,06:15,1136.45
P04836,2026-11-25,07:34,12733.85
P09094,2026-11-25,08:34,5093.56
P09112,2026-11-25,08:35,7695.4
P09464,2026-11-25,08:58,2231.57
P21680,2026-11-25,09:09,1180.97
P31313,2026-11-25,09:25,1054.85
P36593,2026-11-25,13:43,722.42
P05441,2026-11-25,17:00,3694.21
P08851,2026-11-25,17:48,15138.0
P08448,2026-11-25,21:26,64052.29
P06385,2026-11-25,22:19,5451.73
P33532,2026-11-25,23:05,2264.86
P04901,2026-11-26,00:47,1158.36
P18051,2026-11-26,02:24,54941.69
P34088,2026-11-26,04:52,353.39
P09097,2026-11-26,05:40,4007.68
P08364,2026-11-26,05:55,11768.79
P09398,2026-11-26,14:32,34529.35
P08404,2026-11-26,14:44,25913.01
P22001,2026-11-26,14:46,13244.62
P24216,2026-11-26,17:06,2302.37
P06378,2026-11-26,18:22,20079.72
P05704,2026-11-26,19:13,1813.0
P22361,2026-11-26,20:02,965.28
P01314,2026-11-26,21:06,5814.44
P20026,2026-11-27,00:11,1338.32
P09465,2026-11-27,02:46,2975.67
P02241,2026-11-27,05:30,4725.64
P08793,2026-11-27,07:04,62619.78
P08363,2026-11-27,09:31,7800.44
P28936,2026-11-27,10:09,2780.45
P02075,2026-11-27,10:26,7203.62
P06399,2026-11-27,11:06,7676.91
P24949,2026-11-27,11:07,7506.81
P39742,2026-11-27,17:39,882.02
P07294,2026-11-27,17:49,26263.51
P07776,2026-11-27,20:57,7141.27
P08852,2026-11-27,21:22,19006.69
P04834,2026-11-27,22:41,5716.56
P42318,2026-11-28,00:16,845.6
P36604,2026-11-28,01:26,1137.26
P02541,2026-11-28,02:22,19803.83
P25464,2026-11-28,05:09,32135.7
P39709,2026-11-28,06:55,9448.94
P08832,2026-11-28,07:15,54426.22
P02025,2026-11-28,08:54,2324.75
P24213,2026-11-28,10:37,10192.33
P08850,2026-11-28,11:10,11817.51
P07159,2026-11-28,15:05,36849.16
P08191,2026-11-28,17:02,5806.44
P11780,2026-11-28,17:27,10875.16
P07783,2026-11-28,18:12,13287.35
P04689,2026-11-28,20:37,2395.23
P08830,2026-11-28,22:51,8499.18
P20144,2026-11-28,23:09,437.04
P05705,2026-11-28,23:18,613.54
P09399,2026-11-28,23:51,2215.55
P08820,2026-11-29,01:32,11655.92
P31333,2026-11-29,02:09,2470.57
P09202,2026-11-29,06:43,4268.62
P20270,2026-11-29,07:36,10916.24
P09488,2026-11-29,08:31,7995.09
P23456,2026-11-29,14:29,823.09
P09121,2026-11-29,15:49,9221.02
P04387,2026-11-29,16:11,660.3
P09393,2026-11-29,17:38,42351.76
P07683,2026-11-29,18:17,100168.23
P09534,2026-11-29,18:40,23905.19
P07595,2026-11-29,19:38,38144.04
P09621,2026-11-29,20:18,7457.92
P36544,2026-11-29,20:54,752.6
P33534,2026-11-29,22:09,31941.89
P04285,2026-11-30,07:41,3563.01
P06388,2026-11-30,09:27,11676.2
P07299,2026-11-30,09:40,5691.9
P09477,2026-11-30,09:51,13589.33
P06428,2026-11-30,11:43,6112.36
P08792,2026-11-30,12:16,16231.78
P39695,2026-11-30,13:12,367.93
P09449,2026-11-30,13:28,822669.44
P34236,2026-11-30,14:36,3418.64
P34216,2026-11-30,16:32,5547.6
P09077,2026-11-30,17:24,8275.59
P14856,2026-11-30,18:05,21341.31
P07589,2026-11-30,22:19,80171.22
P17324,2026-12-01,02:23,1585.83
P08999,2026-12-01,02:48,14185.42
P09617,2026-12-01,03:55,13514.59
P08201,2026-12-01,04:24,99236.95
P17147,2026-12-01,05:14,1082.58
P06413,2026-12-01,06:21,4444.87
P08796,2026-12-01,08:05,6469.25
P03452,2026-12-01,08:31,5674.39
P01303,2026-12-01,08:48,4440.58
P12171,2026-12-01,10:48,7545.51
P43491,2026-12-01,13:18,83282.53
P25252,2026-12-01,14:39,1438.75
P08241,2026-12-01,15:34,36917.51
P04873,2026-12-01,16:30,2428.28
P09078,2026-12-01,19:05,3259.96
P14854,2026-12-01,19:53,737.31
P07640,2026-12-01,20:28,71056.45
P04964,2026-12-01,22:12,2792.72
P17927,2026-12-01,22:53,7250.93
P34165,2026-12-02,01:06,1013.4
P07544,2026-12-02,03:14,28413.83
P34476,2026-12-02,06:44,4433.26
P03178,2026-12-02,06:57,1248.1
P17479,2026-12-02,14:12,385.39
P09527,2026-12-02,17:14,6819.8
P08644,2026-12-03,00:56,605120.67
P19955,2026-12-03,09:18,488.79
P34164,2026-12-03,09:46,4509.76
P31623,2026-12-03,11:18,703.92
P11518,2026-12-03,13:16,1209.91
P08406,2026-12-03,15:02,7592.82
P08242,2026-12-03,15:14,4326.18
P08399,2026-12-03,16:56,37221.14
P08411,2026-12-03,17:44,13861.96
P08641,2026-12-03,22:31,178104.0
P09620,2026-12-04,02:19,54667.87
P09375,2026-12-04,07:34,4844.64
P34157,2026-12-04,14:09,769.02
P34210,2026-12-04,14:56,1654.53
P13670,2026-12-04,15:06,2986.64
P05099,2026-12-04,16:37,1237.26
P42838,2026-12-04,20:32,7185.6
P36558,2026-12-04,21:09,1058.9
P01156,2026-12-05,00:19,6073.44
P34478,2026-12-05,04:20,2085.02
P09591,2026-12-05,06:20,10822.25
P24014,2026-12-05,06:33,29289.73
P12244,2026-12-05,07:07,316533.55
P09196,2026-12-05,07:26,8173.56
P08633,2026-12-05,08:33,16481.37
P22168,2026-12-05,11:47,964.25
P29751,2026-12-05,12:06,6994.98
P08006,2026-12-05,12:38,19845.94
P26415,2026-12-05,17:22,822.4
P36556,2026-12-05,17:35,7008.73
P37764,2026-12-05,21:24,3658.5
P31308,2026-12-05,22:47,884.69
P15886,2026-12-06,01:56,30641.04
P36229,2026-12-06,11:24,20349.28
P19894,2026-12-06,12:04,5856.42
P01206,2026-12-06,15:33,8735.21
P17258,2026-12-06,20:59,5588.12
P09501,2026-12-06,21:16,2206.65
P09455,2026-12-06,21:37,42888.3
P16660,2026-12-06,23:41,2962.67
P09037,2026-12-07,02:56,3917.2
P09614,2026-12-07,04:29,11608.27
P08842,2026-12-07,04:38,8887.7
P09033,2026-12-07,08:42,3218.52
P05977,2026-12-07,08:59,7516.25
P08367,2026-12-07,09:23,21812.65
P08625,2026-12-07,12:46,19745.13
P08656,2026-12-07,15:01,461939.53
P08828,2026-12-07,20:56,24138.07
P09460,2026-12-07,22:17,12978.3
P27972,2026-12-07,23:26,4397.41
P08853,2026-12-08,01:09,5868.94
P08804,2026-12-08,01:44,31808.26
P05113,2026-12-08,01:52,1480.83
P22193,2026-12-08,02:09,1580.03
P19856,2026-12-08,02:57,1879.49
P16501,2026-12-08,04:19,3368.6
P07702,2026-12-08,06:05,27769.94
P31873,2026-12-08,10:44,4791.9
P08817,2026-12-08,13:55,17906.33
P05109,2026-12-08,14:29,2720.55
P20040,2026-12-08,15:51,1295.55
P08476,2026-12-08,19:22,4195.89
P09609,2026-12-08,20:05,11257.83
P09453,2026-12-08,20:17,16771.22
P37233,2026-12-09,02:58,3954.51
P08446,2026-12-09,06:23,167133.62
P07777,2026-12-09,07:59,8717.67
P08171,2026-12-09,10:03,11944.35
P06403,2026-12-09,11:26,23842.5
P19941,2026-12-09,11:29,11637.3
P06376,2026-12-09,11:31,353808.06
P17856,2026-12-09,21:39,1702.06
P03786,2026-12-09,23:03,6894.23
P10394,2026-12-10,05:30,32971.98
P22321,2026-12-10,05:30,1145.54
P16834,2026-12-10,05:58,605.42
P08369,2026-12-10,08:11,8034.71
P07578,2026-12-10,11:31,27029.62
P06086,2026-12-10,12:56,689.46
P09116,2026-12-10,13:43,66356.62
P08243,2026-12-10,14:07,5548.94
P10404,2026-12-10,18:38,36841.02
P08368,2026-12-10,19:19,13091.39
P09197,2026-12-10,22:09,11327.57
P18755,2026-12-10,23:32,4642.25
P22318,2026-12-10,23:32,3946.55
P20048,2026-12-10,23:32,9090.66
P07619,2026-12-10,23:49,329027.93
P02284,2026-12-11,01:15,11090.06
P09616,2026-12-11,01:55,28078.05
P07709,2026-12-11,03:51,714442.28
P14813,2026-12-11,03:56,546.46
P07298,2026-12-11,09:02,2286.05
P36726,2026-12-11,15:05,6105.11
P43627,2026-12-11,16:50,447.7
P07160,2026-12-11,17:26,44015.61
P20068,2026-12-11,17:33,862.88
P23376,2026-12-11,17:33,5742.94
P09099,2026-12-11,19:06,9640.9
P07627,2026-12-12,03:15,82718.14
P36169,2026-12-12,09:46,570.6
P27705,2026-12-12,11:35,13355.05
P02536,2026-12-12,13:41,1783.76
P02887,2026-12-12,19:39,4784.28
P37309,2026-12-12,22:21,279.72
P22122,2026-12-13,05:15,1603.01
P09509,2026-12-13,06:24,5394.71
P23808,2026-12-13,06:44,539.28
P31836,2026-12-13,10:55,1573.93
P04291,2026-12-13,16:25,1890.69
P27682,2026-12-13,16:43,1280.4
P21145,2026-12-13,21:34,1660.02
P07633,2026-12-13,22:14,9859.77
P08998,2026-12-13,23:13,5804.18
P22315,2026-12-13,23:37,3397.39
P22164,2026-12-13,23:37,1067.27
P37273,2026-12-14,01:36,887.6
P08203,2026-12-14,05:32,12460.61
P07655,2026-12-14,05:54,2292.66
P24196,2026-12-14,06:44,2727.57
P25995,2026-12-14,10:09,61414.52
P16090,2026-12-14,12:01,2654.96
P23367,2026-12-14,17:39,1430.96
P36539,2026-12-14,17:57,5725.32
P04398,2026-12-14,18:06,7331.0
P03201,2026-12-14,18:57,5562.52
P09592,2026-12-15,00:47,3740.92
P06420,2026-12-15,05:12,6134.8
P39722,2026-12-15,08:29,638.92
P20041,2026-12-15,11:40,2036.5
P08346,2026-12-15,16:59,8626.36
P35970,2026-12-15,17:21,1776.14
P09489,2026-12-15,19:29,384029.55
P09194,2026-12-15,20:13,10508.31
P34167,2026-12-16,00:13,7140.63
P08602,2026-12-16,00:46,13488.7
P09114,2026-12-16,01:31,212718.22
P15909,2026-12-16,05:41,5083.35
P24012,2026-12-16,05:41,4544.93
P31505,2026-12-16,05:41,18786.11
P09203,2026-12-16,13:45,14501.21
P08797,2026-12-16,15:15,14547.26
P04101,2026-12-16,17:56,6839.82
P04831,2026-12-16,21:12,1260.02
P25259,2026-12-16,21:48,2219.73
P13055,2026-12-17,04:22,3751.74
P14018,2026-12-17,06:08,974.3
P29632,2026-12-17,10:42,1967.39
P09522,2026-12-17,12:06,7498.76
P24197,2026-12-17,17:44,2978.55
P07154,2026-12-17,19:43,735200.9
P19926,2026-12-17,19:53,21733.98
P36132,2026-12-17,22:58,1725.82
P19908,2026-12-18,02:15,17558.13
P09529,2026-12-18,07:06,25608.85
P22119,2026-12-18,08:04,545.38
P08639,2026-12-18,09:22,9648.08
P09138,2026-12-18,10:42,64817.7
P22331,2026-12-18,11:45,1886.12
P24027,2026-12-18,11:45,6092.76
P27707,2026-12-18,11:45,1854.75
P09031,2026-12-18,14:22,33143.97
P05148,2026-12-18,14:48,1049.68
P16788,2026-12-18,21:32,1576.7
P25168,2026-12-18,22:33,18192.16
P31477,2026-12-18,23:01,432.22
P09493,2026-12-18,23:23,32838.34
P09120,2026-12-19,02:21,2306.9
P08463,2026-12-19,03:25,10312.71
P16529,2026-12-19,04:00,12959.43
P03343,2026-12-19,04:28,3691.8
P20007,2026-12-19,05:47,1822.16
P09457,2026-12-19,06:17,5355.69
P08660,2026-12-19,07:05,23380.57
P22163,2026-12-19,08:40,2347.91
P19954,2026-12-19,11:26,1823.58
P09997,2026-12-19,11:26,1536.95
P17964,2026-12-19,12:13,3495.02
P34095,2026-12-19,14:02,1448.96
P15897,2026-12-19,22:59,28474.49
P22291,2026-12-19,23:48,953.48
P15907,2026-12-19,23:48,7134.09
P15377,2026-12-20,00:51,2784.19
P01757,2026-12-20,01:34,853.2
P13654,2026-12-20,01:38,1582.65
P08609,2026-12-20,01:57,21454.75
P08657,2026-12-20,02:27,39664.29
P09004,2026-12-20,03:34,4636.08
P09538,2026-12-20,04:27,10559.91
P05141,2026-12-20,09:31,394.2
P04051,2026-12-20,10:59,1809.16
P06386,2026-12-20,13:01,7517.25
P07778,2026-12-20,14:21,15638.05
P31502,2026-12-20,17:49,1747.09
P13867,2026-12-20,17:49,10270.13
P22128,2026-12-20,17:49,1656.72
P20066,2026-12-20,21:23,639.55
P08849,2026-12-20,23:48,9495.39
P23408,2026-12-21,01:44,7022.09
P04329,2026-12-21,02:03,4602.87
P08200,2026-12-21,03:16,410401.28
P24214,2026-12-21,03:25,2093.29
P04564,2026-12-21,05:36,4191.99
P09082,2026-12-21,06:15,24087.91
P03809,2026-12-21,08:41,1760.07
P23387,2026-12-21,11:51,811.28
P18749,2026-12-21,11:51,1188.99
P27671,2026-12-21,11:51,1039.26
P27675,2026-12-21,11:51,2721.48
P09362,2026-12-21,13:32,3687.08
P06411,2026-12-21,13:35,7140.9
P28538,2026-12-21,14:14,4046.81
P22467,2026-12-21,14:32,993.62
P18053,2026-12-21,15:49,24108.73
P08489,2026-12-21,21:54,1976.49
P03684,2026-12-21,22:51,2634.82
P34220,2026-12-21,23:58,680.99
P36522,2026-12-22,00:55,2169.23
P07698,2026-12-22,01:40,2660.09
P06151,2026-12-22,02:33,4223.48
P18296,2026-12-22,02:45,4145.33
P09382,2026-12-22,05:40,6662.52
P22289,2026-12-22,05:52,757.67
P18771,2026-12-22,05:52,5426.87
P27685,2026-12-22,05:52,86873.39
P07590,2026-12-22,08:26,41524.18
P42326,2026-12-22,11:01,1452.06
P07601,2026-12-22,16:51,111060.33
P07556,2026-12-22,17:31,7654.85
P09141,2026-12-22,20:48,96344.69
P22143,2026-12-22,23:54,13279.94
P23390,2026-12-22,23:54,14850.15
P12534,2026-12-22,23:54,1845.4
P24030,2026-12-22,23:54,1167.24
P34179,2026-12-23,03:16,17116.94
P07625,2026-12-23,03:40,32779.15
P20022,2026-12-23,08:33,3378.78
P38352,2026-12-23,08:56,34449.02
P09085,2026-12-23,15:12,1636.82
P09126,2026-12-23,15:21,4500826.76
P27741,2026-12-23,17:55,938.01
P31501,2026-12-23,17:55,1015.42
P34193,2026-12-23,17:55,4029.85
P22141,2026-12-23,18:25,3938.86
P06421,2026-12-23,20:44,3753.66
P08322,2026-12-23,22:37,907529.98
P09571,2026-12-24,04:38,12691.77
P01749,2026-12-24,07:12,323.61
P31152,2026-12-24,08:01,3111.97
P09089,2026-12-24,08:13,4254.13
P22117,2026-12-24,11:56,888.6
P18752,2026-12-24,11:56,1070.07
P08648,2026-12-24,15:27,34400.96
P29579,2026-12-24,18:26,723.45
P08812,2026-12-24,20:18,1343.25
P11702,2026-12-24,23:06,8030.37
P16171,2026-12-25,01:50,934.36
P05812,2026-12-25,03:49,4644.61
P27738,2026-12-25,05:58,8976.48
P17504,2026-12-25,06:42,7650.42
P37387,2026-12-25,08:20,3142.25
P07696,2026-12-25,08:28,4781.23
P15891,2026-12-25,08:57,1218.84
P07694,2026-12-25,10:17,15258.82
P02442,2026-12-25,10:53,1954.45
P27703,2026-12-25,12:31,1748.36
P07790,2026-12-25,20:19,47657.19
P12542,2026-12-25,23:59,1364.89
P27446,2026-12-25,23:59,4018.65
P20053,2026-12-25,23:59,3401.67
P20047,2026-12-25,23:59,1126.18
P12531,2026-12-25,23:59,5036.7
P22265,2026-12-25,23:59,7336.82
P25986,2026-12-26,03:35,2009.56
P26859,2026-12-26,05:12,841.19
P08000,2026-12-26,06:23,27199.39
P09496,2026-12-26,07:34,7996.27
P12482,2026-12-26,12:10,3199.15
P07708,2026-12-26,14:15,26851.98
P06573,2026-12-26,15:11,3538.82
P18769,2026-12-26,18:00,840.62
P27676,2026-12-26,18:00,20659.0
P22139,2026-12-26,18:00,5231.58
P18739,2026-12-26,18:00,1629.24
P08834,2026-12-26,19:18,308542.05
P05408,2026-12-26,21:39,3965.48
P27708,2026-12-26,21:54,2144.18
P02580,2026-12-27,00:58,2766.2
P29728,2026-12-27,01:11,1055.87
P09210,2026-12-27,03:07,6613.22
P08587,2026-12-27,03:19,15275.48
P07158,2026-12-27,06:11,1205899.52
P27680,2026-12-27,12:02,1405.89
P22126,2026-12-27,12:02,1396.2
P37786,2026-12-27,12:07,69695.59
P26617,2026-12-27,12:37,416.1
P29370,2026-12-27,14:56,1165.53
P33533,2026-12-27,19:53,12072.64
P07546,2026-12-27,22:15,116525.6
P20267,2026-12-27,23:46,1818.25
P23972,2026-12-28,03:16,2329.06
P09473,2026-12-28,03:24,33772.9
P08390,2026-12-28,04:56,538828.98
P07692,2026-12-28,10:26,3360.56
P09519,2026-12-28,13:00,3233.95
P22104,2026-12-28,14:10,557.16
P09377,2026-12-28,14:10,22835.99
P07641,2026-12-28,15:07,73445.12
P16504,2026-12-28,15:52,7839.04
P11318,2026-12-28,16:34,1561.68
P42347,2026-12-28,17:42,660.7
P07657,2026-12-28,20:59,9190.71
P25676,2026-12-28,22:45,8467.39
P34173,2026-12-28,23:01,48811.44
P09353,2026-12-28,23:29,5946.88
P22145,2026-12-29,00:04,1740.22
P12537,2026-12-29,00:04,4508.08
P27672,2026-12-29,00:04,42327.16
P06418,2026-12-29,08:03,13310.95
P09458,2026-12-29,08:51,3212.2
P23983,2026-12-29,10:38,2007.95
P31341,2026-12-29,10:45,32994.39
P07293,2026-12-29,15:59,25254.15
P08593,2026-12-29,16:23,33954.34
P22161,2026-12-29,18:06,2686.56
P25470,2026-12-29,19:37,947.54
P09604,2026-12-29,19:48,17038.0
P15213,2026-12-29,22:22,1818.17
P08222,2026-12-29,23:32,75050.26
P08831,2026-12-30,00:11,899.25
P24776,2026-12-30,01:14,1027.09
P05112,2026-12-30,08:22,4409.3
P08196,2026-12-30,10:33,4660.54
P09080,2026-12-30,10:39,22070.74
P22264,2026-12-30,12:07,24945.93
P18049,2026-12-30,12:07,4459.98
P08650,2026-12-30,12:30,10622.15
P06352,2026-12-30,19:14,4322.66
P03654,2026-12-30,19:32,5980.87
P08617,2026-12-30,19:54,1669919.4
P04909,2026-12-31,00:00,2612.59
