circle,year,cost_cents,pipes_replaced,cost
0,2027,254229,1,2542.29
1,2027,191561,1,1915.61
2,2027,113811,1,1138.11
3,2027,133168,1,1331.68
4,2027,133324,1,1333.24
5,2027,156882,1,1568.82
6,2027,440564,2,4405.64
7,2027,355994,2,3559.94
8,2027,113425,1,1134.25
9,2027,191973,1,1919.73
10,2027,302537,1,3025.37
11,2027,237634,1,2376.34
12,2027,238026,1,2380.26
13,2027,393098,1,3930.98
14,2027,224573,1,2245.73
15,2027,318075,1,3180.75
16,2027,318134,1,3181.34
17,2027,317733,1,3177.33
18,2027,317792,1,3177.92
19,2027,201657,1,2016.57
20,2027,201569,1,2015.69
21,2027,201341,1,2013.41
23,2027,201341,1,2013.41
24,2027,280940,1,2809.4
25,2027,281160,1,2811.6
26,2027,280424,1,2804.24
27,2027,355392,2,3553.92
28,2027,102442,1,1024.42
29,2027,186443,1,1864.43
30,2027,127921,1,1279.21
31,2027,130445,1,1304.45
32,2027,128038,1,1280.38
33,2027,302947,1,3029.47
34,2027,54068,1,540.68
35,2027,179842,1,1798.42
36,2027,55056,1,550.56
37,2027,102805,1,1028.05
38,2027,104483,1,1044.83
39,2027,56295,1,562.95
41,2027,182772,1,1827.72
42,2027,262703,1,2627.03
45,2027,204971,1,2049.71
46,2027,301994,1,3019.94
47,2027,237720,1,2377.2
48,2027,237720,1,2377.2
49,2027,318534,1,3185.34
50,2027,214865,1,2148.65
51,2027,215097,1,2150.97
52,2027,280522,1,2805.22
53,2027,201692,1,2016.92
54,2027,120165,1,1201.65
55,2027,312147,1,3121.47
56,2027,90232,1,902.32
57,2027,192164,2,1921.64
58,2027,102934,1,1029.34
59,2027,175456,1,1754.56
60,2027,238077,1,2380.77
61,2027,373778,1,3737.78
62,2027,281062,1,2810.62
63,2027,182772,1,1827.72
64,2027,223842,1,2238.42
65,2027,237941,1,2379.41
66,2027,318275,1,3182.75
67,2027,205291,1,2052.91
68,2027,280841,1,2808.41
69,2027,238592,1,2385.92
70,2027,744890,1,7448.9
72,2027,161039,1,1610.39
73,2027,340707,1,3407.07
74,2027,145917,1,1459.17
75,2027,89950,1,899.5
76,2027,125593,1,1255.93
77,2027,356532,1,3565.32
78,2027,237192,1,2371.92
79,2027,318334,1,3183.34
80,2027,293777,1,2937.77
81,2027,293836,1,2938.36
82,2027,277823,1,2778.23
83,2027,205136,1,2051.36
84,2027,281184,1,2811.84
85,2027,239005,1,2390.05
86,2027,238653,1,2386.53
87,2027,50431,1,504.31
88,2027,103119,1,1031.19
89,2027,128777,1,1287.77
90,2027,158558,1,1585.58
91,2027,385563,3,3855.63
92,2027,185476,1,1854.76
93,2027,104983,1,1049.83
94,2027,58772,1,587.72
95,2027,112887,1,1128.87
96,2027,115026,1,1150.26
97,2027,773836,3,7738.36
98,2027,123300,1,1233.0
99,2027,138823,1,1388.23
100,2027,125168,1,1251.68
101,2027,104828,1,1048.28
102,2027,119696,1,1196.96
103,2027,154040,1,1540.4
104,2027,44064,1,440.64
105,2027,109339,1,1093.39
106,2027,205136,2,2051.36
107,2027,88228,1,882.28
108,2027,43391,1,433.91
109,2027,88172,1,881.72
110,2027,192417,2,1924.17
111,2027,111622,1,1116.22
112,2027,91890,1,918.9
113,2027,465722,1,4657.22
114,2027,422573,1,4225.73
115,2027,280841,1,2808.41
116,2027,91777,1,917.77
117,2027,99097,1,990.97
118,2027,365488,2,3654.88
119,2027,102978,1,1029.78
120,2027,398946,1,3989.46
121,2027,205913,1,2059.13
123,2027,246922,1,2469.22
124,2027,223938,1,2239.38
125,2027,223199,1,2231.99
126,2027,223707,1,2237.07
127,2027,224813,1,2248.13
128,2027,224983,1,2249.83
129,2027,205136,1,2051.36
130,2027,205465,1,2054.65
131,2027,425182,1,4251.82
132,2027,206561,1,2065.61
133,2027,281062,1,2810.62
134,2027,280522,1,2805.22
135,2027,202891,1,2028.91
136,2027,321054,1,3210.54
137,2027,320729,1,3207.29
138,2027,238882,1,2388.82
139,2027,87168,1,871.68
141,2027,343221,1,3432.21
142,2027,167463,1,1674.63
143,2027,104671,1,1046.71
144,2027,86994,1,869.94
145,2027,112931,1,1129.31
146,2027,595017,1,5950.17
147,2027,162779,1,1627.79
148,2027,123929,1,1239.29
149,2027,98811,1,988.11
150,2027,87380,1,873.8
151,2027,353066,1,3530.66
152,2027,194316,1,1943.16
153,2027,246170,1,2461.7
154,2027,726431,1,7264.31
155,2027,341172,1,3411.72
157,2027,206561,1,2065.61
158,2027,206452,1,2064.52
159,2027,280644,1,2806.44
160,2027,676678,1,6766.78
161,2027,329768,1,3297.68
162,2027,56405,1,564.05
163,2027,424543,4,4245.43
164,2027,111776,1,1117.76
165,2027,101140,1,1011.4
166,2027,101567,1,1015.67
167,2027,714727,2,7147.27
168,2027,114364,1,1143.64
169,2027,1299055,3,12990.55
170,2027,798411,3,7984.11
171,2027,108781,1,1087.81
172,2027,280422,1,2804.22
173,2027,226413,1,2264.13
174,2027,280093,1,2800.93
175,2027,226417,1,2264.17
176,2027,340905,1,3409.05
177,2027,206670,1,2066.7
178,2027,221492,1,2214.92
179,2027,221701,1,2217.01
180,2027,220975,1,2209.75
181,2027,221726,1,2217.26
182,2027,280963,1,2809.63
183,2027,320628,1,3206.28
184,2027,329804,1,3298.04
185,2027,1818185,3,18181.85
186,2027,102491,1,1024.91
187,2027,452513,1,4525.13
188,2027,77508,1,775.08
189,2027,111555,1,1115.55
190,2027,104696,1,1046.96
191,2027,179515,1,1795.15
192,2027,146191,1,1461.91
193,2027,131110,1,1311.1
194,2027,200433,1,2004.33
195,2027,105210,1,1052.1
196,2027,443588,1,4435.88
197,2027,214892,1,2148.92
198,2027,445587,1,4455.87
199,2027,281077,1,2810.77
200,2027,280747,1,2807.47
201,2027,280087,1,2800.87
202,2027,447963,1,4479.63
203,2027,221234,1,2212.34
204,2027,221258,1,2212.58
205,2027,220951,1,2209.51
206,2027,280743,1,2807.43
207,2027,280621,1,2806.21
208,2027,320851,1,3208.51
209,2027,200501,1,2005.01
210,2027,200501,1,2005.01
211,2027,161748,1,1617.48
212,2027,123496,1,1234.96
213,2027,480587,2,4805.87
214,2027,165542,1,1655.42
215,2027,116776,1,1167.76
216,2027,117460,1,1174.6
217,2027,481422,1,4814.22
218,2027,232550,1,2325.5
219,2027,214975,1,2149.75
220,2027,1167072,1,11670.72
221,2027,149126,1,1491.26
223,2027,280865,1,2808.65
224,2027,677176,1,6771.76
225,2027,363362,1,3633.62
226,2027,246548,1,2465.48
227,2027,1102812,1,11028.12
228,2027,200628,1,2006.28
229,2027,108211,1,1082.11
230,2027,131729,1,1317.29
231,2027,263365,1,2633.65
232,2027,149125,1,1491.25
233,2027,1178136,1,11781.36
235,2027,246548,1,2465.48
236,2027,200716,1,2007.16
237,2027,49383,1,493.83
238,2027,441355,4,4413.55
239,2027,309467,2,3094.67
240,2027,120947,1,1209.47
241,2027,111122,1,1111.22
242,2027,108134,1,1081.34
243,2027,139612,1,1396.12
244,2027,111184,1,1111.84
245,2027,804700,1,8047.0
246,2027,131548,1,1315.48
247,2027,172011,1,1720.11
249,2027,348939,1,3489.39
251,2027,215194,1,2151.94
252,2027,1517185,4,15171.85
253,2027,175258,1,1752.58
254,2027,175852,1,1758.52
255,2027,416573,1,4165.73
256,2027,363015,1,3630.15
257,2027,245849,1,2458.49
258,2027,245801,1,2458.01
259,2027,1010660,2,10106.6
260,2027,245671,1,2456.71
261,2027,240850,1,2408.5
262,2027,200628,1,2006.28
263,2027,107280,1,1072.8
264,2027,129912,1,1299.12
267,2027,215278,1,2152.78
268,2027,214673,1,2146.73
269,2027,175555,1,1755.55
270,2027,489910,1,4899.1
271,2027,416905,1,4169.05
272,2027,363072,1,3630.72
273,2027,245849,1,2458.49
274,2027,245616,1,2456.16
275,2027,245749,1,2457.49
276,2027,241591,1,2415.91
277,2027,200843,1,2008.43
278,2027,101963,1,1019.63
279,2027,238568,1,2385.68
280,2027,168728,1,1687.28
281,2027,108988,1,1089.88
283,2027,171540,1,1715.4
284,2027,349435,1,3494.35
285,2027,175259,1,1752.59
286,2027,175852,1,1758.52
287,2027,416573,1,4165.73
288,2027,362495,1,3624.95
289,2027,246548,1,2465.48
290,2027,245387,1,2453.87
291,2027,245207,1,2452.07
292,2027,259589,1,2595.89
293,2027,697603,1,6976.03
294,2027,241553,1,2415.53
295,2027,201147,1,2011.47
296,2027,101288,1,1012.88
297,2027,191771,2,1917.71
298,2027,223954,1,2239.54
299,2027,58616,1,586.16
300,2027,162986,1,1629.86
303,2027,314461,2,3144.61
304,2027,349045,1,3490.45
305,2027,175852,1,1758.52
306,2027,490006,1,4900.06
307,2027,245849,1,2458.49
308,2027,259184,1,2591.84
309,2027,240850,1,2408.5
310,2027,105193,1,1051.93
311,2027,101120,1,1011.2
312,2027,347519,1,3475.19
313,2027,175852,1,1758.52
314,2027,540288,1,5402.88
315,2027,721956,2,7219.56
316,2027,241858,1,2418.58
317,2027,241551,1,2415.51
318,2027,241122,1,2411.22
319,2027,150266,1,1502.66
320,2027,339743,3,3397.43
322,2027,204682,1,2046.82
323,2027,60223,1,602.23
324,2027,84606,1,846.06
327,2027,562636,2,5626.36
329,2027,162635,1,1626.35
331,2027,466014,1,4660.14
332,2027,168835,1,1688.35
333,2027,347627,1,3476.27
334,2027,1037151,2,10371.51
335,2027,175259,1,1752.59
336,2027,990237,1,9902.37
338,2027,723301,2,7233.01
339,2027,259589,1,2595.89
340,2027,241722,1,2417.22
342,2027,241722,1,2417.22
343,2027,242251,1,2422.51
344,2027,241808,1,2418.08
345,2027,150457,1,1504.57
346,2027,302988,1,3029.88
347,2027,149951,1,1499.51
348,2027,115354,1,1153.54
349,2027,225376,1,2253.76
350,2027,126712,1,1267.12
351,2027,94727,1,947.27
353,2027,254431,1,2544.31
354,2027,225506,1,2255.06
355,2027,343563,1,3435.63
356,2027,347454,1,3474.54
357,2027,302344,1,3023.44
359,2027,175555,1,1755.55
360,2027,363015,1,3630.15
361,2027,540079,1,5400.79
362,2027,246082,1,2460.82
363,2027,245155,1,2451.55
364,2027,184135,1,1841.35
365,2027,303665,1,3036.65
366,2027,150667,1,1506.67
367,2027,303214,1,3032.14
368,2027,149992,1,1499.92
369,2027,303306,1,3033.06
370,2027,150372,1,1503.72
371,2027,803435,1,8034.35
372,2027,253290,1,2532.9
373,2027,884103,2,8841.03
374,2027,343427,1,3434.27
376,2027,347824,1,3478.24
377,2027,349285,1,3492.85
378,2027,349406,1,3494.06
382,2027,175258,1,1752.58
383,2027,1178012,1,11780.12
384,2027,417237,1,4172.37
385,2027,362841,1,3628.41
386,2027,540833,1,5408.33
387,2027,245849,1,2458.49
388,2027,722719,2,7227.19
389,2027,249399,1,2493.99
390,2027,377218,1,3772.18
391,2027,253076,1,2530.76
392,2027,252791,1,2527.91
393,2027,229414,1,2294.14
395,2027,165880,1,1658.8
396,2027,335308,1,3353.08
397,2027,347693,1,3476.93
398,2027,349586,1,3495.86
399,2027,390896,1,3908.96
400,2027,237648,1,2376.48
401,2027,538767,1,5387.67
402,2027,237694,1,2376.94
403,2027,440322,1,4403.22
404,2027,246267,1,2462.67
405,2027,249804,1,2498.04
406,2027,229941,1,2299.41
407,2027,155950,1,1559.5
408,2027,462034,2,4620.34
409,2027,135454,1,1354.54
410,2027,165770,1,1657.7
411,2027,194480,1,1944.8
412,2027,417207,1,4172.07
413,2027,237401,1,2374.01
414,2027,237817,1,2378.17
415,2027,441286,1,4412.86
416,2027,441566,1,4415.66
417,2027,246179,1,2461.79
418,2027,722761,2,7227.61
419,2027,180994,1,1809.94
420,2027,181314,1,1813.14
421,2027,180802,1,1808.02
422,2027,181061,1,1810.61
423,2027,181061,1,1810.61
424,2027,180868,1,1808.68
425,2027,180994,1,1809.94
426,2027,181121,1,1811.21
427,2027,180994,1,1809.94
428,2027,180994,1,1809.94
429,2027,181187,1,1811.87
430,2027,229633,1,2296.33
431,2027,92847,1,928.47
432,2027,913205,2,9132.05
433,2027,446206,1,4462.06
434,2027,159365,1,1593.65
435,2027,112861,1,1128.61
436,2027,344021,1,3440.21
437,2027,347997,1,3479.97
438,2027,349647,1,3496.47
439,2027,366546,1,3665.46
440,2027,213504,1,2135.04
441,2027,181061,1,1810.61
442,2027,180994,1,1809.94
443,2027,180609,1,1806.09
444,2027,180868,1,1808.68
445,2027,180994,1,1809.94
446,2027,181061,1,1810.61
447,2027,713199,1,7131.99
448,2027,589720,1,5897.2
449,2027,315375,1,3153.75
450,2027,115597,1,1155.97
451,2027,94869,1,948.69
452,2027,92365,1,923.65
453,2027,58839,1,588.39
454,2027,123388,1,1233.88
455,2027,223229,2,2232.29
456,2027,94563,1,945.63
457,2027,92323,1,923.23
458,2027,188547,1,1885.47
459,2027,159365,1,1593.65
460,2027,271594,1,2715.94
461,2027,347207,1,3472.07
462,2027,220350,1,2203.5
463,2027,519817,1,5198.17
464,2027,180742,1,1807.42
465,2027,181254,1,1812.54
466,2027,278026,2,2780.26
467,2027,147433,1,1474.33
468,2027,155598,1,1555.98
469,2027,71300,1,713.0
470,2027,166415,1,1664.15
471,2027,56755,1,567.55
473,2027,140893,1,1408.93
474,2027,129013,1,1290.13
475,2027,171453,1,1714.53
476,2027,272085,1,2720.85
477,2027,367660,1,3676.6
478,2027,213504,1,2135.04
479,2027,220192,1,2201.92
480,2027,181121,1,1811.21
481,2027,336803,1,3368.03
482,2027,169173,1,1691.73
483,2027,166356,1,1663.56
485,2027,211479,1,2114.79
486,2027,310086,1,3100.86
487,2027,189550,1,1895.5
488,2027,96468,1,964.68
489,2027,276423,1,2764.23
490,2027,220731,1,2207.31
491,2027,180994,1,1809.94
492,2027,96807,1,968.07
493,2027,189855,1,1898.55
494,2027,97082,1,970.82
495,2027,333187,1,3331.87
497,2027,356695,1,3566.95
498,2027,281300,1,2813.0
499,2027,147458,1,1474.58
500,2027,153630,1,1536.3
501,2027,138026,1,1380.26
502,2027,150621,1,1506.21
503,2027,96807,1,968.07
504,2027,189633,1,1896.33
505,2027,96742,1,967.42
506,2027,189481,1,1894.81
507,2027,97226,1,972.26
508,2027,333250,1,3332.5
509,2027,332886,1,3328.86
511,2027,276569,1,2765.69
513,2027,213198,1,2131.98
514,2027,220319,1,2203.19
516,2027,235249,1,2352.49
517,2027,180482,1,1804.82
518,2027,151711,1,1517.11
519,2027,93116,1,931.16
520,2027,53364,1,533.64
521,2027,336488,3,3364.88
522,2027,240161,1,2401.61
523,2027,91250,1,912.5
524,2027,115580,1,1155.8
525,2027,195069,1,1950.69
527,2027,164022,1,1640.22
528,2027,116280,1,1162.8
529,2027,52500,1,525.0
530,2027,47974,1,479.74
531,2027,258621,1,2586.21
532,2027,96597,1,965.97
534,2027,228952,1,2289.52
535,2027,568987,1,5689.87
536,2027,366981,1,3669.81
537,2027,220604,1,2206.04
538,2027,283649,1,2836.49
539,2027,235325,1,2353.25
540,2027,250035,1,2500.35
541,2027,181121,1,1811.21
542,2027,180609,1,1806.09
543,2027,198082,1,1980.82
544,2027,405671,1,4056.71
545,2027,197751,1,1977.51
546,2027,46764,1,467.64
547,2027,52329,1,523.29
548,2027,183354,1,1833.54
549,2027,217386,1,2173.86
550,2027,229346,1,2293.46
551,2027,197740,1,1977.4
552,2027,182713,1,1827.13
553,2027,148988,1,1489.88
554,2027,154705,1,1547.05
555,2027,119565,1,1195.65
556,2027,147995,1,1479.95
557,2027,197483,1,1974.83
558,2027,243947,1,2439.47
559,2027,107173,1,1071.73
560,2027,91292,1,912.92
561,2027,93413,1,934.13
562,2027,231596,1,2315.96
563,2027,229777,1,2297.77
564,2027,229616,1,2296.16
565,2027,244691,1,2446.91
566,2027,245027,1,2450.27
567,2027,272886,1,2728.86
568,2027,1063581,1,10635.81
569,2027,212882,1,2128.82
570,2027,482749,1,4827.49
571,2027,842199,2,8421.99
572,2027,357801,1,3578.01
573,2027,180868,1,1808.68
574,2027,180742,1,1807.42
575,2027,276605,1,2766.05
576,2027,589788,1,5897.88
577,2027,495037,1,4950.37
579,2027,152846,1,1528.46
580,2027,115800,1,1158.0
581,2027,135903,1,1359.03
582,2027,116484,1,1164.84
583,2027,211675,1,2116.75
584,2027,229106,1,2291.06
586,2027,229113,1,2291.13
587,2027,244691,1,2446.91
588,2027,244493,1,2444.93
589,2027,272570,1,2725.7
590,2027,633939,1,6339.39
591,2027,367660,1,3676.6
592,2027,213508,1,2135.08
593,2027,483303,1,4833.03
594,2027,322475,1,3224.75
595,2027,594816,1,5948.16
596,2027,356945,1,3569.45
597,2027,519881,1,5198.81
599,2027,181314,1,1813.14
600,2027,276939,1,2769.39
601,2027,237882,1,2378.82
602,2027,238321,1,2383.21
603,2027,412296,1,4122.96
604,2027,405671,1,4056.71
605,2027,405375,1,4053.75
606,2027,437564,1,4375.64
607,2027,127940,1,1279.4
608,2027,171215,1,1712.15
609,2027,740123,1,7401.23
610,2027,366641,1,3666.41
611,2027,213194,1,2131.94
612,2027,322632,1,3226.32
614,2027,589720,1,5897.2
615,2027,238630,1,2386.3
616,2027,238410,1,2384.1
617,2027,191448,2,1914.48
618,2027,609791,1,6097.91
619,2027,281544,1,2815.44
620,2027,211949,1,2119.49
621,2027,349234,1,3492.34
622,2027,867259,1,8672.59
623,2027,244849,1,2448.49
624,2027,244493,1,2444.93
625,2027,272253,1,2722.53
626,2027,634672,1,6346.72
627,2027,366546,1,3665.46
629,2027,482953,1,4829.53
630,2027,356695,1,3566.95
632,2027,180675,1,1806.75
633,2027,276642,1,2766.42
634,2027,308346,1,3083.46
635,2027,238321,1,2383.21
636,2027,173223,1,1732.23
637,2027,546664,1,5466.64
638,2027,197976,1,1979.76
639,2027,85048,1,850.48
640,2027,92480,1,924.8
642,2027,102062,1,1020.62
643,2027,348450,1,3484.5
644,2027,533123,1,5331.23
645,2027,214254,1,2142.54
646,2027,321815,1,3218.15
647,2027,164519,1,1645.19
648,2027,208159,1,2081.59
649,2027,324327,2,3243.27
650,2027,248449,1,2484.49
651,2027,113787,1,1137.87
652,2027,489825,2,4898.25
653,2027,179759,1,1797.59
654,2027,103070,1,1030.7
655,2027,148345,1,1483.45
656,2027,756493,2,7564.93
657,2027,149958,1,1499.58
658,2027,212165,1,2121.65
659,2027,739870,1,7398.7
660,2027,245006,1,2450.06
661,2027,244691,1,2446.91
662,2027,272085,1,2720.85
663,2027,233927,1,2339.27
664,2027,357284,1,3572.84
665,2027,276475,1,2764.75
666,2027,281472,1,2814.72
667,2027,308250,1,3082.5
668,2027,164404,1,1644.04
669,2027,164635,1,1646.35
670,2027,164948,1,1649.48
671,2027,345681,2,3456.81
672,2027,172075,1,1720.75
673,2027,107838,1,1078.38
674,2027,629058,1,6290.58
675,2027,117842,1,1178.42
677,2027,130423,1,1304.23
678,2027,297235,1,2972.35
679,2027,349191,1,3491.91
680,2027,255508,1,2555.08
681,2027,245027,1,2450.27
682,2027,272739,1,2727.39
683,2027,1063798,1,10637.98
684,2027,397172,1,3971.72
685,2027,1373899,1,13738.99
686,2027,276837,1,2768.37
687,2027,281349,1,2813.49
688,2027,918775,1,9187.75
689,2027,165029,1,1650.29
690,2027,165112,1,1651.12
691,2027,164601,1,1646.01
692,2027,459481,1,4594.81
693,2027,170091,1,1700.91
694,2027,525500,2,5255.0
695,2027,164502,1,1645.02
696,2027,37743,1,377.43
697,2027,163661,1,1636.61
698,2027,165895,1,1658.95
699,2027,165945,1,1659.45
700,2027,201637,1,2016.37
701,2027,278941,1,2789.41
702,2027,245006,1,2450.06
703,2027,396831,1,3968.31
704,2027,356695,1,3566.95
705,2027,308475,1,3084.75
706,2027,164717,1,1647.17
707,2027,44750,1,447.5
708,2027,171900,1,1719.0
710,2027,414694,1,4146.94
711,2027,330750,1,3307.5
712,2027,242823,1,2428.23
713,2027,2419581,5,24195.81
714,2027,128231,1,1282.31
715,2027,164513,1,1645.13
716,2027,117618,1,1176.18
717,2027,405589,1,4055.89
718,2027,409778,1,4097.78
719,2027,1032015,1,10320.15
720,2027,209201,1,2092.01
721,2027,209027,1,2090.27
722,2027,208897,1,2088.97
723,2027,208897,1,2088.97
724,2027,209027,1,2090.27
725,2027,209418,1,2094.18
726,2027,209027,1,2090.27
727,2027,245048,1,2450.48
728,2027,272106,1,2721.06
729,2027,276129,1,2761.29
730,2027,397148,1,3971.48
731,2027,564604,1,5646.04
732,2027,330205,1,3302.05
733,2027,330360,1,3303.6
734,2027,276707,1,2767.07
735,2027,281410,1,2814.1
736,2027,484914,1,4849.14
737,2027,233972,1,2339.72
738,2027,378569,1,3785.69
739,2027,459552,1,4595.52
740,2027,118049,1,1180.49
741,2027,109813,1,1098.13
742,2027,146311,1,1463.11
743,2027,336699,1,3366.99
744,2027,278941,1,2789.41
745,2027,209418,1,2094.18
746,2027,209201,1,2092.01
747,2027,430739,1,4307.39
748,2027,209114,1,2091.14
749,2027,244671,1,2446.71
750,2027,276278,1,2762.78
751,2027,330360,1,3303.6
752,2027,337542,1,3375.42
753,2027,356518,1,3565.18
754,2027,178025,1,1780.25
755,2027,206655,1,2066.55
756,2027,857965,4,8579.65
757,2027,371014,1,3710.14
758,2027,179355,1,1793.55
759,2027,248765,1,2487.65
760,2027,149148,1,1491.48
761,2027,445516,1,4455.16
762,2027,270637,1,2706.37
763,2027,350453,1,3504.53
764,2027,404587,1,4045.87
765,2027,408634,1,4086.34
766,2027,347461,1,3474.61
767,2027,216486,1,2164.86
769,2027,294844,1,2948.44
770,2027,230267,1,2302.67
771,2027,375511,1,3755.11
772,2027,375816,1,3758.16
773,2027,209331,1,2093.31
774,2027,209201,1,2092.01
775,2027,272485,1,2724.85
776,2027,330672,1,3306.72
777,2027,330438,1,3304.38
778,2027,281238,1,2812.38
779,2027,398607,1,3986.07
780,2027,164601,1,1646.01
781,2027,164914,1,1649.14
782,2027,207615,1,2076.15
783,2027,84750,1,847.5
784,2027,322462,2,3224.62
785,2027,140306,1,1403.06
786,2027,140033,1,1400.33
787,2027,166152,1,1661.52
788,2027,165761,1,1657.61
789,2027,148790,1,1487.9
790,2027,190246,1,1902.46
791,2027,164329,1,1643.29
792,2027,423795,1,4237.95
793,2027,347095,1,3470.95
794,2027,296109,1,2961.09
795,2027,216375,1,2163.75
796,2027,294625,1,2946.25
797,2027,278222,1,2782.22
798,2027,744381,1,7443.81
799,2027,334576,1,3345.76
800,2027,244671,1,2446.71
801,2027,330438,1,3304.38
803,2027,164914,1,1649.14
804,2027,460010,1,4600.1
806,2027,140741,1,1407.41
807,2027,341005,1,3410.05
810,2027,58958,1,589.58
811,2027,109860,1,1098.6
813,2027,128183,1,1281.83
814,2027,106693,1,1066.93
815,2027,173558,1,1735.58
816,2027,312885,2,3128.85
817,2027,241916,2,2419.16
818,2027,87531,1,875.31
819,2027,1015760,3,10157.6
820,2027,255881,1,2558.81
821,2027,252045,1,2520.45
822,2027,347139,1,3471.39
824,2027,294405,1,2944.05
825,2027,244849,1,2448.49
826,2027,272485,1,2724.85
827,2027,302571,1,3025.71
828,2027,589529,1,5895.29
829,2027,207026,1,2070.26
830,2027,357984,2,3579.84
831,2027,199739,1,1997.39
832,2027,108103,1,1081.03
833,2027,107168,1,1071.68
834,2027,105561,1,1055.61
835,2027,109908,1,1099.08
836,2027,106777,1,1067.77
837,2027,160218,1,1602.18
838,2027,91356,1,913.56
839,2027,124716,1,1247.16
840,2027,139915,1,1399.15
841,2027,141085,1,1410.85
842,2027,52248,1,522.48
843,2027,85710,1,857.1
844,2027,170661,1,1706.61
845,2027,85545,1,855.45
847,2027,69415,1,694.15
848,2027,216486,1,2164.86
849,2027,279196,1,2791.96
850,2027,229900,1,2299.0
851,2027,389640,1,3896.4
852,2027,274349,1,2743.49
853,2027,330516,1,3305.16
856,2027,146299,1,1462.99
857,2027,116338,1,1163.38
858,2027,116516,1,1165.16
859,2027,59243,1,592.43
860,2027,245356,2,2453.56
861,2027,102637,1,1026.37
863,2027,223611,1,2236.11
864,2027,207026,1,2070.26
865,2027,104740,1,1047.4
866,2027,108299,1,1082.99
867,2027,373816,1,3738.16
868,2027,135705,1,1357.05
869,2027,375706,2,3757.06
870,2027,52013,1,520.13
871,2027,58982,1,589.82
872,2027,163767,1,1637.67
873,2027,272570,1,2725.7
874,2027,431531,1,4315.31
875,2027,207902,1,2079.02
876,2027,480728,1,4807.28
878,2027,235742,1,2357.42
879,2027,150521,1,1505.21
880,2027,136112,1,1361.12
881,2027,109545,1,1095.45
882,2027,160696,1,1606.96
883,2027,137698,1,1376.98
884,2027,138438,1,1384.38
885,2027,303191,2,3031.91
886,2027,160980,1,1609.8
887,2027,241752,1,2417.52
888,2027,272485,1,2724.85
889,2027,177966,1,1779.66
890,2027,346826,1,3468.26
892,2027,215403,1,2154.03
893,2027,274177,1,2741.77
895,2027,1889111,1,18891.11
896,2027,160520,1,1605.2
897,2027,103304,1,1033.04
898,2027,102811,1,1028.11
899,2027,42620,1,426.2
900,2027,94850,1,948.5
901,2027,146953,1,1469.53
902,2027,144072,1,1440.72
903,2027,290814,2,2908.14
904,2027,152554,1,1525.54
905,2027,139327,1,1393.27
906,2027,272312,1,2723.12
907,2027,279150,1,2791.5
908,2027,431415,1,4314.15
909,2027,223924,1,2239.24
910,2027,207770,1,2077.7
911,2027,214743,1,2147.43
912,2027,207320,1,2073.2
914,2027,272653,1,2726.53
915,2027,347127,1,3471.27
916,2027,213866,1,2138.66
917,2027,281238,1,2812.38
918,2027,1888083,1,18880.83
919,2027,268466,2,2684.66
920,2027,94669,1,946.69
921,2027,310322,1,3103.22
922,2027,547623,1,5476.23
923,2027,277926,1,2779.26
924,2027,256116,1,2561.16
925,2027,548463,1,5484.63
926,2027,272693,1,2726.93
927,2027,178045,1,1780.45
928,2027,389798,1,3897.98
929,2027,277100,1,2771.0
930,2027,272802,1,2728.02
931,2027,273543,1,2735.43
932,2027,213846,1,2138.46
933,2027,343470,1,3434.7
935,2027,206877,1,2068.77
936,2027,127791,1,1277.91
937,2027,272653,1,2726.53
938,2027,279150,1,2791.5
939,2027,347546,1,3475.46
940,2027,431415,1,4314.15
941,2027,325463,1,3254.63
943,2027,290056,1,2900.56
944,2027,359932,1,3599.32
945,2027,415504,1,4155.04
946,2027,142697,1,1426.97
947,2027,332809,1,3328.09
948,2027,304241,1,3042.41
949,2027,278336,1,2783.36
950,2027,255899,1,2558.99
951,2027,337590,1,3375.9
952,2027,272485,1,2724.85
953,2027,272319,1,2723.19
954,2027,177908,1,1779.08
955,2027,735721,1,7357.21
956,2027,272253,1,2722.53
957,2027,431531,1,4315.31
958,2027,504576,1,5045.76
959,2027,214055,1,2140.55
960,2027,755050,1,7550.5
961,2027,281238,1,2812.38
962,2027,207171,1,2071.71
963,2027,289992,1,2899.92
964,2027,192589,1,1925.89
965,2027,192107,1,1921.07
966,2027,192107,1,1921.07
967,2027,192394,1,1923.94
968,2027,62123,1,621.23
969,2027,104791,1,1047.91
970,2027,194488,1,1944.88
971,2027,729079,1,7290.79
972,2027,287147,1,2871.47
973,2027,547144,1,5471.44
974,2027,585937,1,5859.37
975,2027,337361,1,3373.61
976,2027,272319,1,2723.19
977,2027,278733,1,2787.33
978,2027,177612,1,1776.12
979,2027,347306,1,3473.06
980,2027,389595,1,3895.95
981,2027,277194,1,2771.94
982,2027,431415,1,4314.15
983,2027,303392,1,3033.92
984,2027,480728,1,4807.28
985,2027,343987,1,3439.87
986,2027,289719,1,2897.19
987,2027,427135,1,4271.35
988,2027,192876,1,1928.76
989,2027,49000,1,490.0
990,2027,176354,1,1763.54
992,2027,115167,1,1151.67
993,2027,95933,1,959.33
994,2027,292570,1,2925.7
995,2027,130070,1,1300.7
996,2027,135866,1,1358.66
997,2027,502137,3,5021.37
998,2027,143628,1,1436.28
999,2027,337270,1,3372.7
1000,2027,224082,1,2240.82
1001,2027,209369,1,2093.69
1002,2027,293080,1,2930.8
1003,2027,293239,1,2932.39
1004,2027,292472,1,2924.72
1005,2027,292704,1,2927.04
1006,2027,272886,1,2728.86
1007,2027,223622,1,2236.22
1008,2027,214284,1,2142.84
1009,2027,425128,1,4251.28
1010,2027,493553,1,4935.53
1011,2027,399228,1,3992.28
1012,2027,399162,1,3991.62
1013,2027,227927,1,2279.27
1014,2027,192688,1,1926.88
1015,2027,191918,1,1919.18
1016,2027,273602,2,2736.02
1017,2027,66225,1,662.25
1018,2027,143065,1,1430.65
1019,2027,194833,1,1948.33
1020,2027,278464,1,2784.64
1021,2027,255682,1,2556.82
1022,2027,1672355,2,16723.55
1023,2027,124947,1,1249.47
1024,2027,463286,1,4632.86
1025,2027,224102,1,2241.02
1026,2027,289236,1,2892.36
1027,2027,178045,1,1780.45
1028,2027,735915,1,7359.15
1029,2027,292545,1,2925.45
1030,2027,292704,1,2927.04
1031,2027,293312,1,2933.12
1032,2027,615025,1,6150.25
1033,2027,292935,1,2929.35
1034,2027,276973,1,2769.73
1035,2027,213637,1,2136.37
1036,2027,324416,1,3244.16
1037,2027,399406,1,3994.06
1038,2027,225425,1,2254.25
1039,2027,192394,1,1923.94
1040,2027,130577,1,1305.77
1041,2027,119580,1,1195.8
1042,2027,109218,1,1092.18
1043,2027,113013,1,1130.13
1044,2027,96059,1,960.59
1045,2027,249161,1,2491.61
1046,2027,585888,1,5858.88
1047,2027,292776,1,2927.76
1048,2027,317316,1,3173.16
1049,2027,431066,1,4310.66
1050,2027,303392,1,3033.92
1051,2027,227845,1,2278.45
1052,2027,609186,1,6091.86
1053,2027,192107,1,1921.07
1054,2027,1575377,5,15753.77
1055,2027,46519,1,465.19
1056,2027,114597,1,1145.97
1057,2027,190246,1,1902.46
1058,2027,95585,1,955.85
1059,2027,114856,1,1148.56
1060,2027,57015,1,570.15
1061,2027,112675,1,1126.75
1062,2027,48519,1,485.19
1063,2027,353814,2,3538.14
1064,2027,125755,1,1257.55
1065,2027,126417,1,1264.17
1066,2027,165982,1,1659.82
1067,2027,548003,1,5480.03
1068,2027,124739,1,1247.39
1069,2027,606957,1,6069.57
1070,2027,253982,1,2539.82
1071,2027,469205,1,4692.05
1072,2027,292935,1,2929.35
1073,2027,293153,1,2931.53
1074,2027,292863,1,2928.63
1075,2027,272886,1,2728.86
1076,2027,224248,1,2242.48
1077,2027,214284,1,2142.84
1078,2027,801850,1,8018.5
1079,2027,225425,1,2254.25
1080,2027,225569,1,2255.69
1081,2027,230092,1,2300.92
1082,2027,191918,1,1919.18
1083,2027,145165,1,1451.65
1084,2027,271167,1,2711.67
1086,2027,138557,1,1385.57
1087,2027,145165,1,1451.65
1088,2027,493165,2,4931.65
1089,2027,243043,1,2430.43
1090,2027,320494,1,3204.94
1091,2027,185840,1,1858.4
1092,2027,124947,1,1249.47
1093,2027,292935,1,2929.35
1094,2027,430949,1,4309.49
1095,2027,214284,1,2142.84
1096,2027,472375,1,4723.75
1097,2027,427126,1,4271.26
1098,2027,170180,1,1701.8
1099,2027,109759,1,1097.59
1100,2027,92887,1,928.87
1101,2027,146321,1,1463.21
1102,2027,48953,1,489.53
1103,2027,417877,3,4178.77
1104,2027,91890,1,918.9
1105,2027,398317,1,3983.17
1106,2027,154567,1,1545.67
1107,2027,606766,1,6067.66
1108,2027,363006,1,3630.06
1109,2027,223600,1,2236.0
1110,2027,424903,1,4249.03
1112,2027,106684,1,1066.84
1113,2027,109909,1,1099.09
1114,2027,305378,2,3053.78
1115,2027,154438,1,1544.38
1116,2027,98564,1,985.64
1117,2027,152234,1,1522.34
1118,2027,154224,1,1542.24
1119,2027,102356,1,1023.56
1120,2027,156913,1,1569.13
1121,2027,95226,1,952.26
1122,2027,1176102,2,11761.02
1123,2027,376252,2,3762.52
1124,2027,158396,1,1583.96
1125,2027,244810,1,2448.1
1126,2027,320572,1,3205.72
1127,2027,302133,1,3021.33
1128,2027,186186,1,1861.86
1129,2027,124449,1,1244.49
1130,2027,289270,1,2892.7
1131,2027,576966,1,5769.66
1132,2027,335516,1,3355.16
1133,2027,346648,1,3466.48
1134,2027,304141,1,3041.41
1135,2027,755608,1,7556.08
1136,2027,227886,1,2278.86
1137,2027,289920,1,2899.2
1138,2027,225755,1,2257.55
1139,2027,48038,1,480.38
1141,2027,51835,1,518.35
1142,2027,47771,1,477.71
1143,2027,85532,1,855.32
1144,2027,157135,1,1571.35
1145,2027,547803,1,5478.03
1146,2027,124739,1,1247.39
1147,2027,253666,1,2536.66
1148,2027,335516,1,3355.16
1149,2027,396356,1,3963.56
1150,2027,227741,1,2277.41
1151,2027,280835,1,2808.35
1152,2027,153483,1,1534.83
1153,2027,86007,1,860.07
1154,2027,242752,1,2427.52
1155,2027,321270,1,3212.7
1156,2027,468691,1,4686.91
1157,2027,345293,1,3452.93
1158,2027,1049460,3,10494.6
1159,2027,156787,1,1567.87
1160,2027,121995,1,1219.95
1161,2027,112431,1,1124.31
1162,2027,443784,1,4437.84
1163,2027,59417,1,594.17
1164,2027,548383,1,5483.83
1165,2027,186271,1,1862.71
1166,2027,124532,1,1245.32
1167,2027,336153,1,3361.53
1168,2027,177829,1,1778.29
1169,2027,347066,1,3470.66
1170,2027,240530,1,2405.3
1171,2027,343317,1,3433.17
1172,2027,289992,1,2899.92
1173,2027,144072,1,1440.72
1174,2027,473721,1,4737.21
1175,2027,143500,1,1435.0
1176,2027,143500,1,1435.0
1177,2027,52210,1,522.1
1178,2027,65760,1,657.6
1179,2027,84301,1,843.01
1181,2027,99082,1,990.82
1182,2027,105882,1,1058.82
1183,2027,95585,1,955.85
1184,2027,227963,2,2279.63
1185,2027,84335,1,843.35
1186,2027,466592,1,4665.92
1187,2027,67064,1,670.64
1188,2027,245933,1,2459.33
1189,2027,302063,1,3020.63
1190,2027,286814,1,2868.14
1191,2027,124408,1,1244.08
1192,2027,334933,1,3349.33
1193,2027,701674,1,7016.74
1194,2027,193444,1,1934.44
1195,2027,425606,1,4256.06
1196,2027,227555,1,2275.55
1198,2027,113337,1,1133.37
1200,2027,121184,1,1211.84
1201,2027,577828,1,5778.28
1202,2027,782317,1,7823.17
1203,2027,178124,1,1781.24
1204,2027,265488,1,2654.88
1205,2027,217209,1,2172.09
1206,2027,280428,1,2804.28
1207,2027,117118,1,1171.18
1209,2027,130604,1,1306.04
1210,2027,242859,1,2428.59
1211,2027,302203,1,3022.03
1212,2027,124864,1,1248.64
1213,2027,191018,1,1910.18
1214,2027,209340,1,2093.4
1215,2027,346765,1,3467.65
1216,2027,281548,1,2815.48
1217,2027,282086,1,2820.86
1218,2027,281234,1,2812.34
1219,2027,281728,1,2817.28
1220,2027,281548,1,2815.48
1221,2027,281728,1,2817.28
1222,2027,590205,1,5902.05
1223,2027,193662,1,1936.62
1224,2027,272173,1,2721.73
1225,2027,195172,2,1951.72
1226,2027,102553,1,1025.53
1227,2027,606144,1,6061.44
1228,2027,133159,1,1331.59
1229,2027,385783,1,3857.83
1230,2027,302827,1,3028.27
1231,2027,282176,1,2821.76
1232,2027,798883,2,7988.83
1233,2027,206760,1,2067.6
1234,2027,892379,3,8923.79
1235,2027,102993,1,1029.93
1237,2027,100030,1,1000.3
1238,2027,276693,1,2766.93
1239,2027,548003,1,5480.03
1240,2027,260707,1,2607.07
1241,2027,302203,1,3022.03
1242,2027,124823,1,1248.23
1243,2027,335346,1,3353.46
1244,2027,253666,1,2536.66
1245,2027,335516,1,3355.16
1247,2027,590752,1,5907.52
1248,2027,207734,1,2077.34
1249,2027,265488,1,2654.88
1250,2027,216367,1,2163.67
1251,2027,310318,1,3103.18
1252,2027,324395,1,3243.95
1253,2027,193625,1,1936.25
1254,2027,695415,2,6954.15
1255,2027,150424,1,1504.24
1256,2027,57559,1,575.59
1257,2027,135343,1,1353.43
1258,2027,153342,1,1533.42
1259,2027,131480,1,1314.8
1264,2027,239808,1,2398.08
1265,2027,511265,1,5112.65
1266,2027,124739,1,1247.39
1267,2027,190960,1,1909.6
1268,2027,335065,1,3350.65
1269,2027,281952,1,2819.52
1271,2027,140656,1,1406.56
1272,2027,67701,1,677.01
1273,2027,67730,1,677.3
1274,2027,131817,1,1318.17
1275,2027,223709,1,2237.09
1276,2027,111766,1,1117.66
1277,2027,152380,1,1523.8
1278,2027,196409,1,1964.09
1279,2027,397876,1,3978.76
1280,2027,264860,1,2648.6
1281,2027,646199,1,6461.99
1282,2027,245091,2,2450.91
1283,2027,149729,1,1497.29
1284,2027,54887,1,548.87
1285,2027,284298,1,2842.98
1286,2027,260616,1,2606.16
1287,2027,252904,1,2529.04
1288,2027,282267,1,2822.67
1289,2027,208377,1,2083.77
1290,2027,193662,1,1936.62
1291,2027,197605,1,1976.05
1292,2027,129144,1,1291.44
1293,2027,103433,1,1034.33
1294,2027,109663,1,1096.63
1295,2027,99965,1,999.65
1296,2027,237097,2,2370.97
1297,2027,122595,1,1225.95
1299,2027,195836,1,1958.36
1300,2027,124532,1,1245.32
1301,2027,334710,1,3347.1
1302,2027,335384,1,3353.84
1303,2027,182302,1,1823.02
1304,2027,235486,1,2354.86
1307,2027,216194,1,2161.94
1308,2027,196456,1,1964.56
1309,2027,197906,1,1979.06
1310,2027,133940,1,1339.4
1311,2027,134291,1,1342.91
1312,2027,133592,1,1335.92
1313,2027,323566,2,3235.66
1314,2027,115547,1,1155.47
1317,2027,129067,1,1290.67
1318,2027,414525,3,4145.25
1319,2027,185772,1,1857.72
1320,2027,378604,1,3786.04
1321,2027,196059,1,1960.59
1322,2027,191500,1,1915.0
1323,2027,253102,1,2531.02
1324,2027,735984,1,7359.84
1325,2027,281952,1,2819.52
1326,2027,156124,1,1561.24
1327,2027,264773,1,2647.73
1328,2027,217343,1,2173.43
1329,2027,232382,1,2323.82
1330,2027,193192,1,1931.92
1331,2027,195848,1,1958.48
1332,2027,197859,1,1978.59
1333,2027,174881,1,1748.81
1334,2027,138630,1,1386.3
1335,2027,137696,1,1376.96
1336,2027,126948,1,1269.48
1337,2027,109663,1,1096.63
1338,2027,115352,1,1153.52
1339,2027,47570,1,475.7
1340,2027,137305,1,1373.05
1341,2027,140546,1,1405.46
1342,2027,134256,1,1342.56
1343,2027,137403,1,1374.03
1344,2027,99288,1,992.88
1345,2027,186096,1,1860.96
1346,2027,260616,1,2606.16
1347,2027,2989649,3,29896.49
1348,2027,250821,1,2508.21
1349,2027,239328,1,2393.28
1350,2027,196122,1,1961.22
1351,2027,124449,1,1244.49
1352,2027,505047,1,5050.47
1353,2027,781915,1,7819.15
1355,2027,182536,1,1825.36
1356,2027,208055,1,2080.55
1357,2027,235177,1,2351.77
1358,2027,196027,1,1960.27
1359,2027,88693,1,886.93
1360,2027,191917,2,1919.17
1361,2027,54572,1,545.72
1362,2027,93404,1,934.04
1363,2027,426264,2,4262.64
1364,2027,109739,1,1097.39
1365,2027,123458,1,1234.58
1366,2027,182585,2,1825.85
1367,2027,548383,1,5483.83
1368,2027,543690,2,5436.9
1369,2027,124615,1,1246.15
1370,2027,335028,1,3350.28
1371,2027,397876,1,3978.76
1372,2027,217062,1,2170.62
1373,2027,193480,1,1934.8
1374,2027,281561,1,2815.61
1375,2027,153158,1,1531.58
1376,2027,150305,1,1503.05
1377,2027,854286,1,8542.86
1378,2027,152683,1,1526.83
1379,2027,141098,1,1410.98
1380,2027,84593,1,845.93
1381,2027,195612,1,1956.12
1382,2027,222972,1,2229.72
1383,2027,300864,2,3008.64
1384,2027,152538,1,1525.38
1385,2027,106142,1,1061.42
1386,2027,853643,1,8536.43
1387,2027,102837,1,1028.37
1388,2027,124449,1,1244.49
1389,2027,171541,1,1715.41
1390,2027,134797,1,1347.97
1391,2027,141688,1,1416.88
1392,2027,153304,1,1533.04
1393,2027,250106,2,2501.06
1394,2027,90636,1,906.36
1395,2027,268003,2,2680.03
1396,2027,264537,1,2645.37
1397,2027,108713,1,1087.13
1398,2027,161737,1,1617.37
1399,2027,186604,1,1866.04
1401,2027,196696,1,1966.96
1403,2027,576658,1,5766.58
1404,2027,235246,1,2352.46
1405,2027,606732,1,6067.32
1406,2027,354665,1,3546.65
1407,2027,624851,1,6248.51
1408,2027,172663,1,1726.63
1409,2027,283955,2,2839.55
1410,2027,151022,1,1510.22
1411,2027,272015,1,2720.15
1412,2027,108773,1,1087.73
1413,2027,109590,1,1095.9
1414,2027,117483,1,1174.83
1415,2027,95309,1,953.09
1417,2027,116714,1,1167.14
1418,2027,117518,1,1175.18
1423,2027,267755,1,2677.55
1425,2027,335516,1,3355.16
1426,2027,248025,1,2480.25
1427,2027,481684,1,4816.84
1428,2027,193625,1,1936.25
1429,2027,207524,1,2075.24
1430,2027,105680,1,1056.8
1431,2027,57062,1,570.62
1432,2027,111766,1,1117.66
1433,2027,326885,2,3268.85
1435,2027,180094,1,1800.94
1436,2027,139982,1,1399.82
1437,2027,49356,1,493.56
1438,2027,114552,1,1145.52
1439,2027,119005,1,1190.05
1440,2027,95250,1,952.5
1441,2027,105762,1,1057.62
1442,2027,156049,1,1560.49
1443,2027,107077,1,1070.77
1444,2027,630738,1,6307.38
1446,2027,271290,1,2712.9
1447,2027,195962,1,1959.62
1448,2027,504202,1,5042.02
1449,2027,347485,1,3474.85
1450,2027,202339,1,2023.39
1451,2027,487104,1,4871.04
1452,2027,46380,1,463.8
1453,2027,46864,1,468.64
1454,2027,107367,1,1073.67
1455,2027,457888,1,4578.88
1457,2027,172187,1,1721.87
1458,2027,1018651,1,10186.51
1459,2027,2209666,1,22096.66
1460,2027,319964,2,3199.64
1461,2027,149913,1,1499.13
1462,2027,284947,1,2849.47
1463,2027,391749,1,3917.49
1464,2027,48159,1,481.59
1465,2027,1350099,1,13500.99
1467,2027,212415,1,2124.15
1468,2027,2799165,7,27991.65
1469,2027,236405,1,2364.05
1470,2027,421821,1,4218.21
1471,2027,349298,1,3492.98
1472,2027,309224,1,3092.24
1473,2027,462291,1,4622.91
1474,2027,133046,1,1330.46
1475,2027,465076,1,4650.76
1476,2027,390543,1,3905.43
1477,2027,1166173,2,11661.73
1478,2027,311503,1,3115.03
1479,2027,311735,1,3117.35
1480,2027,312574,1,3125.74
1481,2027,312689,1,3126.89
1482,2027,312371,1,3123.71
1483,2027,311822,1,3118.22
1484,2027,286520,1,2865.2
1485,2027,658932,1,6589.32
1486,2027,286520,1,2865.2
1487,2027,286226,1,2862.26
1488,2027,306188,1,3061.88
1489,2027,306395,1,3063.95
1490,2027,457579,1,4575.79
1491,2027,457820,1,4578.2
1492,2027,457700,1,4577.0
1493,2027,457941,1,4579.41
1494,2027,657871,2,6578.71
1495,2027,457113,1,4571.13
1496,2027,287545,1,2875.45
1497,2027,876490,2,8764.9
1498,2027,287545,1,2875.45
1499,2027,123996,1,1239.96
1500,2027,204739,1,2047.39
1501,2027,1112436,1,11124.36
1502,2027,287727,1,2877.27
1503,2027,287814,1,2878.14
1504,2027,223813,1,2238.13
1505,2027,223922,1,2239.22
1507,2027,582528,3,5825.28
1508,2027,263362,1,2633.62
1509,2027,306077,1,3060.77
1510,2027,106887,1,1068.87
1511,2027,156553,1,1565.53
1512,2027,370851,2,3708.51
1513,2027,28613,1,286.13
1514,2027,287727,1,2877.27
1515,2027,224176,1,2241.76
1516,2027,363684,1,3636.84
1517,2027,263037,1,2630.37
1518,2027,457813,1,4578.13
1519,2027,304997,2,3049.97
1520,2027,134266,1,1342.66
1521,2027,95424,1,954.24
1522,2027,95670,1,956.7
1523,2027,662304,1,6623.04
1524,2027,287727,1,2877.27
1525,2027,48667,1,486.67
1526,2027,48790,1,487.9
1527,2027,49119,1,491.19
1528,2027,48790,1,487.9
1530,2027,48914,1,489.14
1531,2027,504439,1,5044.39
1532,2027,363651,1,3636.51
1533,2027,483407,3,4834.07
1534,2027,340005,1,3400.05
1535,2027,390567,1,3905.67
1536,2027,64796,1,647.96
1537,2027,263702,1,2637.02
1538,2027,306506,1,3065.06
1539,2027,287661,1,2876.61
1540,2027,164625,1,1646.25
1541,2027,1465444,5,14654.44
1542,2027,269585,2,2695.85
1543,2027,121372,1,1213.72
1544,2027,123733,1,1237.33
1545,2027,28653,1,286.53
1546,2027,217921,3,2179.21
1547,2027,106668,1,1066.68
1548,2027,111451,1,1114.51
1549,2027,1272559,2,12725.59
1550,2027,287582,1,2875.82
1551,2027,287086,1,2870.86
1552,2027,48751,1,487.51
1553,2027,223867,1,2238.67
1554,2027,340983,1,3409.83
1555,2027,340971,1,3409.71
1556,2027,534052,1,5340.52
1557,2027,257920,1,2579.2
1558,2027,305870,1,3058.7
1559,2027,305855,1,3058.55
1560,2027,362636,1,3626.36
1561,2027,384504,2,3845.04
1562,2027,114835,1,1148.35
1563,2027,753668,1,7536.68
1564,2027,240934,1,2409.34
1565,2027,241539,1,2415.39
1566,2027,241584,1,2415.84
1567,2027,258628,1,2586.28
1568,2027,362466,1,3624.66
1570,2027,200696,1,2006.96
1571,2027,182808,1,1828.08
1572,2027,186246,1,1862.46
1573,2027,114624,1,1146.24
1574,2027,140964,1,1409.64
1575,2027,201058,1,2010.58
1576,2027,183094,1,1830.94
1577,2027,266035,1,2660.35
1578,2027,241830,1,2418.3
1579,2027,241337,1,2413.37
1580,2027,241786,1,2417.86
1581,2027,241584,1,2415.84
1582,2027,718297,1,7182.97
1583,2027,340520,1,3405.2
1584,2027,340732,1,3407.32
1585,2027,533275,1,5332.75
1586,2027,235338,1,2353.38
1587,2027,257598,1,2575.98
1588,2027,258887,1,2588.87
1589,2027,575522,1,5755.22
1590,2027,306284,1,3062.84
1591,2027,306395,1,3063.95
1592,2027,362499,1,3624.99
1593,2027,203718,1,2037.18
1594,2027,552916,2,5529.16
1595,2027,192812,1,1928.12
1596,2027,198628,1,1986.28
1597,2027,348263,2,3482.63
1598,2027,340494,1,3404.94
1599,2027,257889,1,2578.89
1600,2027,305018,1,3050.18
1601,2027,362021,1,3620.21
1602,2027,498297,2,4982.97
1603,2027,111426,1,1114.26
1604,2027,156353,1,1563.53
1605,2027,1528307,3,15283.07
1606,2027,192498,1,1924.98
1607,2027,147271,1,1472.71
1608,2027,248540,1,2485.4
1609,2027,319463,1,3194.63
1610,2027,318703,1,3187.03
1611,2027,319592,1,3195.92
1612,2027,318889,1,3188.89
1613,2027,319463,1,3194.63
1614,2027,320093,1,3200.93
1615,2027,319778,1,3197.78
1616,2027,309857,1,3098.57
1617,2027,309915,1,3099.15
1618,2027,340255,1,3402.55
1619,2027,236284,1,2362.84
1620,2027,235023,1,2350.23
1621,2027,257567,1,2575.67
1622,2027,306395,1,3063.95
1623,2027,306714,1,3067.14
1624,2027,305664,1,3056.64
1625,2027,304901,1,3049.01
1626,2027,362191,1,3621.91
1627,2027,432952,2,4329.52
1628,2027,145461,1,1454.61
1629,2027,148704,1,1487.04
1630,2027,310183,1,3101.83
1631,2027,362328,1,3623.28
1632,2027,231039,2,2310.39
1633,2027,128683,1,1286.83
1634,2027,130437,1,1304.37
1635,2027,136602,1,1366.02
1636,2027,2300580,1,23005.8
1638,2027,1256256,6,12562.56
1639,2027,104310,1,1043.1
1640,2027,413157,1,4131.57
1641,2027,256658,2,2566.58
1642,2027,145007,1,1450.07
1643,2027,147428,1,1474.28
1644,2027,213773,1,2137.73
1645,2027,187253,1,1872.53
1646,2027,717776,1,7177.76
1647,2027,279346,1,2793.46
1648,2027,278683,1,2786.83
1649,2027,288374,1,2883.74
1650,2027,275033,1,2750.33
1651,2027,293827,1,2938.27
1652,2027,262915,1,2629.15
1653,2027,262498,1,2624.98
1654,2027,306492,1,3064.92
1655,2027,916729,2,9167.29
1656,2027,362021,1,3620.21
1657,2027,166586,1,1665.86
1658,2027,143594,1,1435.94
1659,2027,545070,2,5450.7
1660,2027,120656,1,1206.56
1662,2027,393474,2,3934.74
1663,2027,166466,1,1664.66
1664,2027,116667,1,1166.67
1665,2027,157993,1,1579.93
1666,2027,121875,1,1218.75
1667,2027,245335,2,2453.35
1668,2027,992326,1,9923.26
1669,2027,260062,1,2600.62
1670,2027,214176,1,2141.76
1671,2027,288718,1,2887.18
1672,2027,287721,1,2877.21
1673,2027,275675,1,2756.75
1674,2027,212236,1,2122.36
1675,2027,293500,1,2935.0
1676,2027,224463,1,2244.63
1677,2027,262721,1,2627.21
1678,2027,306714,1,3067.14
1679,2027,304376,1,3043.76
1680,2027,362021,1,3620.21
1681,2027,1513305,1,15133.05
1682,2027,306279,1,3062.79
1683,2027,166700,1,1667.0
1684,2027,99137,1,991.37
1685,2027,201840,1,2018.4
1686,2027,123046,1,1230.46
1687,2027,122555,1,1225.55
1688,2027,300098,2,3000.98
1689,2027,212440,1,2124.4
1690,2027,154196,1,1541.96
1691,2027,113635,1,1136.35
1692,2027,99783,1,997.83
1693,2027,201744,1,2017.44
1694,2027,201908,1,2019.08
1695,2027,454762,1,4547.62
1696,2027,207502,1,2075.02
1697,2027,207162,1,2071.62
1698,2027,207162,1,2071.62
1700,2027,224722,1,2247.22
1701,2027,599739,1,5997.39
1702,2027,708265,1,7082.65
1703,2027,704522,1,7045.22
1704,2027,362466,1,3624.66
1705,2027,246260,2,2462.6
1706,2027,140877,1,1408.77
1707,2027,817492,5,8174.92
1708,2027,285129,2,2851.29
1709,2027,207557,1,2075.57
1710,2027,231729,1,2317.29
1711,2027,102118,1,1021.18
1712,2027,216148,2,2161.48
1713,2027,48552,1,485.52
1715,2027,139562,1,1395.62
1716,2027,128924,1,1289.24
1717,2027,101372,1,1013.72
1718,2027,405853,1,4058.53
1719,2027,202542,1,2025.42
1720,2027,214243,1,2142.43
1721,2027,214528,1,2145.28
1722,2027,254191,1,2541.91
1723,2027,212283,1,2122.83
1724,2027,224631,1,2246.31
1725,2027,206708,1,2067.08
1726,2027,539433,1,5394.33
1727,2027,185760,1,1857.6
1728,2027,119306,1,1193.06
1729,2027,150201,1,1502.01
1730,2027,234614,2,2346.14
1731,2027,202262,1,2022.62
1732,2027,454017,1,4540.17
1733,2027,171276,1,1712.76
1734,2027,211546,1,2115.46
1735,2027,211506,1,2115.06
1736,2027,254204,1,2542.04
1737,2027,253844,1,2538.44
1738,2027,212071,1,2120.71
1739,2027,223992,1,2239.92
1740,2027,262721,1,2627.21
1741,2027,361851,1,3618.51
1742,2027,120516,1,1205.16
1743,2027,140062,1,1400.62
1744,2027,88455,1,884.55
1745,2027,98552,1,985.52
1746,2027,178751,2,1787.51
1747,2027,95740,1,957.4
1748,2027,202622,2,2026.22
1749,2027,89295,1,892.95
1750,2027,107062,1,1070.62
1751,2027,325609,1,3256.09
1752,2027,260132,1,2601.32
1753,2027,593926,1,5939.26
1754,2027,453752,1,4537.52
1755,2027,211159,1,2111.59
1756,2027,190046,1,1900.46
1757,2027,518421,1,5184.21
1758,2027,220213,1,2202.13
1759,2027,518740,1,5187.4
1760,2027,211812,1,2118.12
1761,2027,224768,1,2247.68
1763,2027,144704,1,1447.04
1764,2027,98607,1,986.07
1765,2027,150043,1,1500.43
1767,2027,518847,1,5188.47
1769,2027,205286,1,2052.86
1770,2027,205403,1,2054.03
1771,2027,605763,1,6057.63
1772,2027,262915,1,2629.15
1773,2027,256416,1,2564.16
1774,2027,454849,2,4548.49
1775,2027,116615,1,1166.15
1776,2027,51497,1,514.97
1777,2027,206307,2,2063.07
1778,2027,858827,6,8588.27
1779,2027,267125,2,2671.25
1780,2027,116268,1,1162.68
1781,2027,114905,1,1149.05
1782,2027,241727,2,2417.27
1783,2027,159810,1,1598.1
1784,2027,1393466,4,13934.66
1785,2027,210082,1,2100.82
1786,2027,109924,1,1099.24
1787,2027,183351,1,1833.51
1788,2027,115051,1,1150.51
1789,2027,325519,1,3255.19
1790,2027,285906,1,2859.06
1791,2027,1252376,1,12523.76
1792,2027,411732,1,4117.32
1793,2027,205612,1,2056.12
1795,2027,212495,1,2124.95
1796,2027,224418,1,2244.18
1797,2027,330852,1,3308.52
1798,2027,257114,1,2571.14
1799,2027,109951,1,1099.51
1803,2027,749882,1,7498.82
1804,2027,110110,1,1101.1
1806,2027,56615,1,566.15
1807,2027,127160,1,1271.6
1808,2027,692649,2,6926.49
1809,2027,123836,1,1238.36
1810,2027,286298,1,2862.98
1814,2027,212283,1,2122.83
1816,2027,257301,1,2573.01
1817,2027,362021,1,3620.21
1818,2027,258596,1,2585.96
1819,2027,87168,1,871.68
1820,2027,185065,2,1850.65
1821,2027,126433,1,1264.33
1822,2027,325700,1,3257.0
1823,2027,207610,1,2076.1
1824,2027,269637,1,2696.37
1825,2027,272338,1,2723.38
1826,2027,289025,1,2890.25
1827,2027,285883,1,2858.83
1828,2027,218409,1,2184.09
1829,2027,203971,1,2039.71
1831,2027,224509,1,2245.09
1832,2027,262110,1,2621.1
1833,2027,512567,2,5125.67
1834,2027,192682,1,1926.82
1835,2027,565066,5,5650.66
1837,2027,105403,1,1054.03
1838,2027,62296,1,622.96
1839,2027,106773,1,1067.73
1840,2027,269330,1,2693.3
1841,2027,271778,1,2717.78
1842,2027,218409,1,2184.09
1843,2027,218470,1,2184.7
1844,2027,157573,1,1575.73
1845,2027,204986,1,2049.86
1846,2027,205553,1,2055.53
1847,2027,212283,1,2122.83
1848,2027,257114,1,2571.14
1849,2027,362499,1,3624.99
1850,2027,311551,2,3115.51
1851,2027,99440,1,994.4
1852,2027,869161,4,8691.61
1853,2027,346443,2,3464.43
1854,2027,163905,1,1639.05
1855,2027,49463,1,494.63
1856,2027,175689,1,1756.89
1857,2027,326030,1,3260.3
1858,2027,268888,1,2688.88
1859,2027,271998,1,2719.98
1860,2027,218470,1,2184.7
1861,2027,228102,1,2281.02
1862,2027,243954,1,2439.54
1863,2027,224509,1,2245.09
1864,2027,262416,1,2624.16
1865,2027,331584,1,3315.84
1866,2027,257087,1,2570.87
1867,2027,361851,1,3618.51
1868,2027,138592,1,1385.92
1869,2027,343183,2,3431.83
1870,2027,217991,1,2179.91
1871,2027,227774,1,2277.74
1872,2027,262609,1,2626.09
1873,2027,129630,1,1296.3
1874,2027,93906,1,939.06
1875,2027,126433,1,1264.33
1876,2027,222201,2,2222.01
1877,2027,254154,1,2541.54
1878,2027,192447,1,1924.47
1879,2027,224676,1,2246.76
1880,2027,331095,1,3310.95
1881,2027,165309,1,1653.09
1882,2027,188282,1,1882.82
1883,2027,326180,1,3261.8
1884,2027,273458,1,2734.58
1885,2027,284836,1,2848.36
1886,2027,198749,1,1987.49
1887,2027,339925,1,3399.25
1888,2027,257722,1,2577.22
1889,2027,228312,1,2283.12
1891,2027,256630,1,2566.3
1892,2027,115986,1,1159.86
1893,2027,553305,1,5533.05
1894,2027,534397,2,5343.97
1895,2027,180207,1,1802.07
1896,2027,325025,1,3250.25
1897,2027,192685,1,1926.85
1898,2027,263137,1,2631.37
1899,2027,298798,1,2987.98
1900,2027,160924,1,1609.24
1901,2027,325939,1,3259.39
1902,2027,273458,1,2734.58
1903,2027,418061,1,4180.61
1904,2027,1030119,1,10301.19
1905,2027,352077,1,3520.77
1907,2027,180379,1,1803.79
1908,2027,257059,1,2570.59
1909,2027,192626,1,1926.26
1910,2027,629788,2,6297.88
1911,2027,224205,1,2242.05
1912,2027,331097,1,3310.97
1913,2027,256658,1,2566.58
1914,2027,245070,1,2450.7
1915,2027,242866,2,2428.66
1916,2027,120883,1,1208.83
1917,2027,226024,1,2260.24
1918,2027,1322551,8,13225.51
1919,2027,71419,1,714.19
1920,2027,785110,9,7851.1
1921,2027,22463,1,224.63
1922,2027,326030,1,3260.3
1923,2027,273621,1,2736.21
1924,2027,386346,1,3863.46
1925,2027,351649,1,3516.49
1926,2027,180296,1,1802.96
1927,2027,410795,2,4107.95
1928,2027,34205,1,342.05
1929,2027,34371,1,343.71
1930,2027,317987,4,3179.87
1932,2027,50634,1,506.34
1934,2027,245396,1,2453.96
1935,2027,223992,1,2239.92
1936,2027,262609,1,2626.09
1937,2027,309625,4,3096.25
1938,2027,30172,1,301.72
1939,2027,317850,6,3178.5
1940,2027,22250,1,222.5
1941,2027,46170,1,461.7
1942,2027,273896,1,2738.96
1943,2027,418549,1,4185.49
1944,2027,624297,2,6242.97
1945,2027,261593,1,2615.93
1946,2027,180207,1,1802.07
1947,2027,34371,1,343.71
1948,2027,34136,1,341.36
1949,2027,58808,1,588.08
1950,2027,34371,1,343.71
1951,2027,83267,1,832.67
1953,2027,50634,1,506.34
1954,2027,245840,1,2458.4
1955,2027,211953,1,2119.53
1956,2027,224418,1,2244.18
1957,2027,263109,1,2631.09
1958,2027,557088,1,5570.88
1959,2027,120863,1,1208.63
1960,2027,1294579,8,12945.79
1961,2027,135218,1,1352.18
1962,2027,432716,1,4327.16
1963,2027,598235,4,5982.35
1964,2027,326270,1,3262.7
1965,2027,418061,1,4180.61
1966,2027,227164,1,2271.64
1967,2027,266897,1,2668.97
1968,2027,82915,1,829.15
1969,2027,545129,2,5451.29
1970,2027,171693,1,1716.93
1971,2027,212448,1,2124.48
1972,2027,224631,1,2246.31
1973,2027,262416,1,2624.16
1974,2027,509455,1,5094.55
1975,2027,244869,1,2448.69
1976,2027,157363,1,1573.63
1977,2027,255689,1,2556.89
1978,2027,56394,1,563.94
1979,2027,89521,1,895.21
1980,2027,93827,1,938.27
1981,2027,282236,2,2822.36
1982,2027,185766,1,1857.66
1983,2027,224241,1,2242.41
1984,2027,151055,1,1510.55
1985,2027,156064,1,1560.64
1986,2027,1293995,2,12939.95
1987,2027,360116,3,3601.16
1988,2027,326691,1,3266.91
1989,2027,555610,1,5556.1
1990,2027,668401,1,6684.01
1991,2027,516673,1,5166.73
1992,2027,227354,1,2273.54
1993,2027,299507,1,2995.07
1994,2027,298704,1,2987.04
1995,2027,298975,1,2989.75
1996,2027,385152,1,3851.52
1997,2027,188949,1,1889.49
1998,2027,262498,1,2624.98
1999,2027,509754,1,5097.54
2001,2027,339105,2,3391.05
2002,2027,99906,1,999.06
2003,2027,628087,2,6280.87
2004,2027,175287,1,1752.87
2005,2027,147465,1,1474.65
2006,2027,59269,1,592.69
2007,2027,320500,2,3205.0
2008,2027,326090,1,3260.9
2009,2027,417574,1,4175.74
2010,2027,115537,1,1155.37
2011,2027,99648,1,996.48
2012,2027,115661,1,1156.61
2013,2027,116149,1,1161.49
2014,2027,116028,1,1160.28
2015,2027,435243,2,4352.43
2016,2027,180337,1,1803.37
2017,2027,360242,1,3602.42
2018,2027,361563,1,3615.63
2019,2027,275400,1,2754.0
2020,2027,262915,1,2629.15
2021,2027,157024,2,1570.24
2022,2027,331437,2,3314.37
2023,2027,99459,1,994.59
2024,2027,115413,1,1154.13
2025,2027,223629,1,2236.29
2027,2027,93779,1,937.79
2028,2027,249141,2,2491.41
2029,2027,188266,1,1882.66
2030,2027,101970,1,1019.7
2031,2027,212638,1,2126.38
2032,2027,57784,1,577.84
2033,2027,149734,2,1497.34
2034,2027,216909,1,2169.09
2035,2027,156508,1,1565.08
2036,2027,106547,1,1065.47
2037,2027,326451,1,3264.51
2038,2027,713083,4,7130.83
2039,2027,682364,3,6823.64
2040,2027,181070,1,1810.7
2041,2027,224116,1,2241.16
2042,2027,182257,1,1822.57
2043,2027,188848,1,1888.48
2044,2027,189267,1,1892.67
2045,2027,311667,1,3116.67
2046,2027,287032,1,2870.32
2047,2027,262721,1,2627.21
2048,2027,509183,1,5091.83
2050,2027,114722,1,1147.22
2051,2027,870476,2,8704.76
2052,2027,561090,2,5610.9
2053,2027,175577,1,1755.77
2054,2027,847030,1,8470.3
2055,2027,626866,1,6268.66
2056,2027,325609,1,3256.09
2057,2027,852639,1,8526.39
2058,2027,418221,1,4182.21
2059,2027,488158,1,4881.58
2060,2027,331912,1,3319.12
2061,2027,181284,1,1812.84
2062,2027,223920,1,2239.2
2063,2027,566802,2,5668.02
2064,2027,189057,1,1890.57
2065,2027,287032,1,2870.32
2066,2027,262609,1,2626.09
2067,2027,262082,1,2620.82
2068,2027,245172,1,2451.72
2069,2027,402322,1,4023.22
2070,2027,326162,1,3261.62
2071,2027,173023,1,1730.23
2072,2027,180371,1,1803.71
2073,2027,325609,1,3256.09
2074,2027,592476,2,5924.76
2075,2027,358983,1,3589.83
2076,2027,281143,1,2811.43
2077,2027,382766,1,3827.66
2078,2027,285063,1,2850.63
2079,2027,375248,1,3752.48
2080,2027,331912,1,3319.12
2081,2027,181045,1,1810.45
2082,2027,181021,1,1810.21
2083,2027,189108,1,1891.08
2084,2027,841263,1,8412.63
2085,2027,286765,1,2867.65
2086,2027,262304,1,2623.04
2087,2027,509555,1,5095.55
2088,2027,245377,1,2453.77
2089,2027,245172,1,2451.72
2090,2027,25639,1,256.39
2091,2027,145562,1,1455.62
2092,2027,94403,1,944.03
2093,2027,176673,1,1766.73
2094,2027,228371,2,2283.71
2095,2027,118929,1,1189.29
2096,2027,326360,1,3263.6
2097,2027,555842,1,5558.42
2098,2027,417565,1,4175.65
2099,2027,264571,1,2645.71
2100,2027,374964,1,3749.64
2101,2027,331851,1,3318.51
2102,2027,181522,1,1815.22
2103,2027,206615,1,2066.15
2104,2027,188848,1,1888.48
2105,2027,40989,1,409.89
2106,2027,262804,1,2628.04
2107,2027,508911,1,5089.11
2108,2027,245577,1,2455.77
2109,2027,51669,1,516.69
2110,2027,178820,1,1788.2
2111,2027,44764,1,447.64
2112,2027,810177,4,8101.77
2113,2027,380853,3,3808.53
2114,2027,77652,1,776.52
2115,2027,147095,1,1470.95
2116,2027,134154,1,1341.54
2117,2027,343646,2,3436.46
2118,2027,124327,1,1243.27
2119,2027,791609,7,7916.09
2120,2027,25538,1,255.38
2121,2027,513033,1,5130.33
2122,2027,442411,6,4424.11
2123,2027,437206,2,4372.06
2124,2027,840856,2,8408.56
2125,2027,204772,2,2047.72
2126,2027,40863,1,408.63
2127,2027,40989,1,409.89
2128,2027,146534,1,1465.34
2129,2027,322590,2,3225.9
2130,2027,187740,1,1877.4
2131,2027,118929,1,1189.29
2132,2027,375007,1,3750.07
2133,2027,222716,1,2227.16
2134,2027,902518,1,9025.18
2135,2027,265071,1,2650.71
2136,2027,77821,1,778.21
2137,2027,164053,2,1640.53
2138,2027,309891,1,3098.91
2139,2027,99376,1,993.76
2140,2027,52643,1,526.43
2141,2027,50020,1,500.2
2142,2027,114680,1,1146.8
2143,2027,118570,1,1185.7
2144,2027,147246,1,1472.46
2145,2027,110489,1,1104.89
2146,2027,127104,1,1271.04
2147,2027,110759,1,1107.59
2148,2027,212159,2,2121.59
2149,2027,325939,1,3259.39
2150,2027,267708,1,2677.08
2151,2027,267650,1,2676.5
2152,2027,293712,1,2937.12
2153,2027,262193,1,2621.93
2154,2027,245475,1,2454.75
2155,2027,906640,9,9066.4
2156,2027,139172,1,1391.72
2157,2027,92465,1,924.65
2158,2027,225119,2,2251.19
2159,2027,273519,2,2735.19
2160,2027,102008,1,1020.08
2161,2027,180634,1,1806.34
2163,2027,101740,1,1017.4
2164,2027,316471,2,3164.71
2165,2027,194266,1,1942.66
2166,2027,180354,1,1803.54
2167,2027,219094,1,2190.94
2168,2027,381103,2,3811.03
2169,2027,555610,1,5556.1
2170,2027,433253,1,4332.53
2171,2027,264232,1,2642.32
2172,2027,374892,1,3748.92
2173,2027,267863,1,2678.63
2174,2027,268133,1,2681.33
2175,2027,267863,1,2678.63
2176,2027,293499,1,2934.99
2177,2027,293285,1,2932.85
2178,2027,192522,1,1925.22
2179,2027,826570,3,8265.7
2181,2027,92465,1,924.65
2183,2027,114831,1,1148.31
2184,2027,310961,1,3109.61
2185,2027,204983,1,2049.83
2186,2027,1019202,2,10192.02
2187,2027,267979,1,2679.79
2188,2027,293285,1,2932.85
2189,2027,192647,1,1926.47
2190,2027,261777,1,2617.77
2191,2027,244869,1,2448.69
2193,2027,287400,1,2874.0
2194,2027,275023,1,2750.23
2195,2027,441374,1,4413.74
2196,2027,664740,2,6647.4
2197,2027,677962,2,6779.62
2198,2027,311543,1,3115.43
2200,2027,382105,1,3821.05
2201,2027,204983,1,2049.83
2202,2027,267650,1,2676.5
2204,2027,293344,1,2933.44
2205,2027,285997,1,2859.97
2206,2027,384627,1,3846.27
2207,2027,274008,1,2740.08
2208,2027,316173,1,3161.73
2209,2027,262609,1,2626.09
2210,2027,245275,1,2452.75
2211,2027,193007,1,1930.07
2212,2027,340192,1,3401.92
2213,2027,374820,1,3748.2
2214,2027,281644,1,2816.44
2215,2027,406448,1,4064.48
2216,2027,219303,1,2193.03
2217,2027,144605,1,1446.05
2218,2027,185706,1,1857.06
2219,2027,783172,3,7831.72
2220,2027,273402,1,2734.02
2221,2027,382900,1,3829.0
2222,2027,204983,1,2049.83
2223,2027,332188,1,3321.88
2224,2027,281874,1,2818.74
2225,2027,190082,1,1900.82
2226,2027,316333,1,3163.33
2227,2027,262609,1,2626.09
2228,2027,509455,1,5094.55
2229,2027,245172,1,2451.72
2230,2027,109287,1,1092.87
2231,2027,1736997,11,17369.97
2232,2027,87816,1,878.16
2233,2027,286072,2,2860.72
2234,2027,223371,1,2233.71
2235,2027,39598,1,395.98
2236,2027,172731,1,1727.31
2237,2027,129423,1,1294.23
2238,2027,1071041,6,10710.41
2239,2027,815361,2,8153.61
2240,2027,277832,1,2778.32
2241,2027,379803,1,3798.03
2242,2027,759906,1,7599.06
2243,2027,192471,1,1924.71
2244,2027,469796,1,4697.96
2245,2027,232028,1,2320.28
2246,2027,115555,1,1155.55
2247,2027,225802,1,2258.02
2248,2027,156268,1,1562.68
2249,2027,119596,1,1195.96
2250,2027,234848,1,2348.48
2252,2027,345928,1,3459.28
2253,2027,44224,1,442.24
2254,2027,172731,1,1727.31
2255,2027,219401,1,2194.01
2256,2027,49955,1,499.55
2257,2027,176953,1,1769.53
2258,2027,118536,1,1185.36
2259,2027,213522,1,2135.22
2260,2027,428932,1,4289.32
2261,2027,213323,1,2133.23
2262,2027,252678,1,2526.78
2263,2027,196432,1,1964.32
2264,2027,251537,1,2515.37
2265,2027,252718,1,2527.18
2266,2027,252127,1,2521.27
2267,2027,390461,1,3904.61
2268,2027,167648,1,1676.48
2270,2027,232667,1,2326.67
2271,2027,469397,1,4693.97
2272,2027,232880,1,2328.8
2273,2027,323888,1,3238.88
2274,2027,433100,1,4331.0
2275,2027,644998,2,6449.98
2276,2027,118833,1,1188.33
2277,2027,122831,1,1228.31
2278,2027,371537,3,3715.37
2279,2027,187541,1,1875.41
2280,2027,205128,1,2051.28
2281,2027,190478,1,1904.78
2282,2027,316494,1,3164.94
2283,2027,215356,1,2153.56
2285,2027,736257,1,7362.57
2286,2027,875447,2,8754.47
2287,2027,156509,1,1565.09
2288,2027,186287,2,1862.87
2289,2027,145975,1,1459.75
2290,2027,800317,4,8003.17
2291,2027,197001,1,1970.01
2292,2027,256393,1,2563.93
2293,2027,264387,1,2643.87
2294,2027,374892,1,3748.92
2295,2027,135052,1,1350.52
2296,2027,117007,1,1170.07
2297,2027,235867,2,2358.67
2298,2027,518322,1,5183.22
2299,2027,312903,2,3129.03
2300,2027,325774,2,3257.74
2301,2027,467245,1,4672.45
2302,2027,294982,1,2949.82
2303,2027,253241,1,2532.41
2304,2027,253241,1,2532.41
2305,2027,80323,1,803.23
2306,2027,153530,1,1535.3
2307,2027,80425,1,804.25
2308,2027,80576,1,805.76
2309,2027,283875,1,2838.75
2310,2027,665436,2,6654.36
2311,2027,169847,1,1698.47
2312,2027,2931168,8,29311.68
2313,2027,613641,2,6136.41
2314,2027,190694,1,1906.94
2315,2027,247159,2,2471.59
2316,2027,45112,1,451.12
2317,2027,291965,1,2919.65
2318,2027,103557,1,1035.57
2319,2027,317868,2,3178.68
2320,2027,103557,1,1035.57
2321,2027,192790,1,1927.9
2322,2027,123246,1,1232.46
2323,2027,144296,1,1442.96
2324,2027,329105,1,3291.05
2325,2027,737724,1,7377.24
2327,2027,190391,1,1903.91
2328,2027,474425,1,4744.25
2329,2027,294982,1,2949.82
2330,2027,294698,1,2946.98
2331,2027,338933,1,3389.33
2332,2027,338706,1,3387.06
2333,2027,80273,1,802.73
2334,2027,362313,3,3623.13
2335,2027,396655,3,3966.55
2336,2027,284580,1,2845.8
2337,2027,242960,1,2429.6
2338,2027,323099,1,3230.99
2339,2027,168671,1,1686.71
2340,2027,108162,1,1081.62
2341,2027,120380,1,1203.8
2342,2027,374392,1,3743.92
2343,2027,1448383,3,14483.83
2344,2027,48687,1,486.87
2345,2027,194362,1,1943.62
2346,2027,705801,1,7058.01
2347,2027,117394,1,1173.94
2348,2027,119883,1,1198.83
2350,2027,811636,2,8116.36
2351,2027,248482,1,2484.82
2352,2027,87835,1,878.35
2353,2027,301917,1,3019.17
2354,2027,294639,1,2946.39
2355,2027,294773,1,2947.73
2356,2027,284307,1,2843.07
2357,2027,253032,1,2530.32
2358,2027,253163,1,2531.63
2359,2027,465744,3,4657.44
2360,2027,290704,1,2907.04
2361,2027,243169,1,2431.69
2363,2027,243043,1,2430.43
2364,2027,580752,4,5807.52
2365,2027,933334,2,9333.34
2366,2027,94919,1,949.19
2367,2027,94831,1,948.31
2368,2027,463907,3,4639.07
2369,2027,268539,1,2685.39
2370,2027,151085,1,1510.85
2371,2027,371726,1,3717.26
2372,2027,94744,1,947.44
2373,2027,375392,1,3753.92
2374,2027,467142,1,4671.42
2375,2027,190478,1,1904.78
2376,2027,1433388,11,14333.88
2377,2027,284809,1,2848.09
2378,2027,1179919,7,11799.19
2379,2027,283983,1,2839.83
2380,2027,105706,1,1057.06
2381,2027,123879,1,1238.79
2382,2027,165933,1,1659.33
2383,2027,50481,1,504.81
2384,2027,283883,3,2838.83
2385,2027,135155,1,1351.55
2386,2027,173201,1,1732.01
2387,2027,194573,1,1945.73
2388,2027,190281,1,1902.81
2389,2027,363511,1,3635.11
2390,2027,94831,1,948.31
2391,2027,95230,1,952.3
2392,2027,95230,1,952.3
2393,2027,280482,1,2804.82
2394,2027,334616,1,3346.16
2395,2027,242958,1,2429.58
2396,2027,243152,1,2431.52
2397,2027,501321,1,5013.21
2398,2027,215686,1,2156.86
2399,2027,259340,1,2593.4
2400,2027,262609,1,2626.09
2401,2027,290001,1,2900.01
2402,2027,284227,1,2842.27
2403,2027,205375,1,2053.75
2404,2027,96365,1,963.65
2405,2027,423521,3,4235.21
2407,2027,359362,1,3593.62
2408,2027,190787,1,1907.87
2409,2027,284146,1,2841.46
2410,2027,120900,1,1209.0
2411,2027,74831,1,748.31
2412,2027,131831,1,1318.31
2413,2027,124165,1,1241.65
2414,2027,201812,1,2018.12
2415,2027,602795,1,6027.95
2416,2027,354805,2,3548.05
2417,2027,202571,1,2025.71
2418,2027,371749,1,3717.49
2419,2027,302051,1,3020.51
2420,2027,364037,1,3640.37
2421,2027,280329,1,2803.29
2422,2027,461133,1,4611.33
2423,2027,402160,1,4021.6
2424,2027,549484,2,5494.84
2425,2027,242381,1,2423.81
2426,2027,334375,1,3343.75
2427,2027,391238,1,3912.38
2428,2027,313746,1,3137.46
2429,2027,313485,1,3134.85
2430,2027,215643,1,2156.43
2431,2027,305407,1,3054.07
2432,2027,262304,1,2623.04
2433,2027,290331,1,2903.31
2434,2027,2476043,3,24760.43
2437,2027,135052,1,1350.52
2438,2027,442412,2,4424.12
2439,2027,167770,1,1677.7
2440,2027,577752,2,5777.52
2441,2027,461942,1,4619.42
2442,2027,268521,1,2685.21
2443,2027,204044,1,2040.44
2444,2027,190589,1,1905.89
2445,2027,242689,1,2426.89
2446,2027,618478,2,6184.78
2448,2027,250620,1,2506.2
2449,2027,192146,1,1921.46
2450,2027,120329,1,1203.29
2451,2027,7181235,21,71812.35
2452,2027,415029,2,4150.29
2453,2027,129309,1,1293.09
2454,2027,409905,2,4099.05
2455,2027,142297,1,1422.97
2456,2027,157425,1,1574.25
2457,2027,138833,1,1388.33
2458,2027,228511,1,2285.11
2460,2027,281027,1,2810.27
2461,2027,281240,1,2812.4
2462,2027,258632,1,2586.32
2463,2027,374679,1,3746.79
2464,2027,329480,1,3294.8
2465,2027,391117,1,3911.17
2466,2027,587086,1,5870.86
2467,2027,280577,1,2805.77
2468,2027,386507,1,3865.07
2469,2027,386646,1,3866.46
2470,2027,275931,1,2759.31
2471,2027,257706,1,2577.06
2472,2027,512497,1,5124.97
2473,2027,255061,1,2550.61
2474,2027,124384,1,1243.84
2475,2027,612911,2,6129.11
2476,2027,462245,1,4622.45
2477,2027,268850,1,2688.5
2478,2027,275627,1,2756.27
2479,2027,273357,1,2733.57
2480,2027,1305891,2,13058.91
2481,2027,381033,1,3810.33
2482,2027,297357,1,2973.57
2483,2027,376893,1,3768.93
2484,2027,205573,1,2055.73
2485,2027,326594,2,3265.94
2486,2027,163848,1,1638.48
2487,2027,204409,1,2044.09
2488,2027,281027,1,2810.27
2489,2027,329165,1,3291.65
2490,2027,490471,1,4904.71
2491,2027,391396,1,3913.96
2492,2027,265018,1,2650.18
2493,2027,280145,1,2801.45
2494,2027,297068,1,2970.68
2495,2027,340895,1,3408.95
2496,2027,346489,1,3464.89
2497,2027,303622,1,3036.22
2498,2027,473862,1,4738.62
2499,2027,205573,1,2055.73
2500,2027,255224,1,2552.24
2501,2027,120011,1,1200.11
2502,2027,210472,2,2104.72
2503,2027,139938,1,1399.38
2504,2027,325877,1,3258.77
2505,2027,302727,1,3027.27
2506,2027,546285,1,5462.85
2507,2027,273258,1,2732.58
2508,2027,333526,1,3335.26
2509,2027,197706,1,1977.06
2510,2027,253567,1,2535.67
2512,2027,253472,1,2534.72
2513,2027,1418601,3,14186.01
2514,2027,255089,1,2550.89
2515,2027,198734,1,1987.34
2516,2027,198995,1,1989.95
2517,2027,280889,1,2808.89
2518,2027,297410,1,2974.1
2519,2027,276176,1,2761.76
2520,2027,670500,1,6705.0
2521,2027,256108,1,2561.08
2523,2027,280482,1,2804.82
2524,2027,576736,2,5767.36
2525,2027,198660,1,1986.6
2526,2027,280251,1,2802.51
2527,2027,468721,2,4687.21
2528,2027,375655,1,3756.55
2529,2027,411968,1,4119.68
2530,2027,147169,1,1471.69
2531,2027,164102,1,1641.02
2532,2027,1165645,4,11656.45
2533,2027,178398,1,1783.98
2534,2027,105455,1,1054.55
2535,2027,498377,1,4983.77
2536,2027,461196,1,4611.96
2537,2027,460937,1,4609.37
2538,2027,266417,1,2664.17
2539,2027,329632,1,3296.32
2540,2027,242351,1,2423.51
2541,2027,197976,1,1979.76
2542,2027,197913,1,1979.13
2543,2027,1360357,3,13603.57
2544,2027,568975,1,5689.75
2545,2027,297173,1,2971.73
2547,2027,702842,2,7028.42
2548,2027,256060,1,2560.6
2549,2027,272072,1,2720.72
2550,2027,296405,1,2964.05
2552,2027,233560,1,2335.6
2553,2027,136257,1,1362.57
2554,2027,220957,1,2209.57
2555,2027,221256,1,2212.56
2556,2027,302383,1,3023.83
2558,2027,262957,1,2629.57
2559,2027,280695,1,2806.95
2560,2027,2468473,4,24684.73
2561,2027,401869,1,4018.69
2562,2027,242458,1,2424.58
2563,2027,396446,1,3964.46
2564,2027,320815,1,3208.15
2565,2027,303237,1,3032.37
2567,2027,71358,1,713.58
2568,2027,692110,2,6921.1
2569,2027,107032,1,1070.32
2570,2027,203119,1,2031.19
2572,2027,250486,2,2504.86
2573,2027,148967,1,1489.67
2574,2027,326322,2,3263.22
2575,2027,206758,1,2067.58
2576,2027,175744,1,1757.44
2577,2027,263035,1,2630.35
2578,2027,263241,1,2632.41
2579,2027,262546,1,2625.46
2580,2027,263084,1,2630.84
2581,2027,217470,1,2174.7
2583,2027,634694,1,6346.94
2584,2027,197499,1,1974.99
2585,2027,245383,1,2453.83
2586,2027,891586,2,8915.86
2587,2027,263391,1,2633.91
2588,2027,275484,1,2754.84
2589,2027,376337,1,3763.37
2590,2027,303348,1,3033.48
2591,2027,255388,1,2553.88
2592,2027,103884,1,1038.84
2593,2027,195146,1,1951.46
2594,2027,143155,1,1431.55
2595,2027,300774,1,3007.74
2596,2027,237909,2,2379.09
2597,2027,319311,2,3193.11
2599,2027,191835,1,1918.35
2600,2027,133504,1,1335.04
2601,2027,138984,1,1389.84
2602,2027,98099,1,980.99
2603,2027,265546,2,2655.46
2604,2027,107564,1,1075.64
2605,2027,99814,1,998.14
2606,2027,179002,2,1790.02
2607,2027,140128,1,1401.28
2608,2027,100564,1,1005.64
2609,2027,175459,1,1754.59
2610,2027,176139,1,1761.39
2611,2027,188904,1,1889.04
2613,2027,264080,1,2640.8
2614,2027,190366,1,1903.66
2615,2027,255765,1,2557.65
2616,2027,197292,1,1972.92
2617,2027,197706,1,1977.06
2618,2027,198864,1,1988.64
2619,2027,320815,1,3208.15
2620,2027,381261,1,3812.61
2621,2027,605345,1,6053.45
2622,2027,111858,1,1118.58
2623,2027,165102,1,1651.02
2624,2027,62355,1,623.55
2625,2027,56637,1,566.37
2626,2027,65951,1,659.51
2627,2027,68913,1,689.13
2628,2027,87491,1,874.91
2631,2027,321520,1,3215.2
2633,2027,179861,1,1798.61
2634,2027,283620,3,2836.2
2635,2027,91486,1,914.86
2636,2027,127774,1,1277.74
2637,2027,250717,1,2507.17
2639,2027,350820,1,3508.2
2640,2027,197770,1,1977.7
2641,2027,263279,1,2632.79
2642,2027,303622,1,3036.22
2643,2027,198959,1,1989.59
2645,2027,292922,2,2929.22
2646,2027,105632,1,1056.32
2647,2027,226905,1,2269.05
2648,2027,87684,1,876.84
2649,2027,618721,4,6187.21
2650,2027,98140,1,981.4
2651,2027,171730,1,1717.3
2652,2027,127774,1,1277.74
2653,2027,270582,1,2705.82
2654,2027,204829,1,2048.29
2655,2027,275810,1,2758.1
2656,2027,257946,1,2579.46
2657,2027,383821,1,3838.21
2658,2027,110925,1,1109.25
2659,2027,145802,1,1458.02
2660,2027,257701,1,2577.01
2661,2027,246968,2,2469.68
2662,2027,170839,1,1708.39
2663,2027,303039,2,3030.39
2664,2027,42696,1,426.96
2665,2027,48618,1,486.18
2666,2027,234161,2,2341.61
2667,2027,97555,1,975.55
2668,2027,270618,1,2706.18
2669,2027,212367,1,2123.67
2670,2027,242788,1,2427.88
2671,2027,226701,1,2267.01
2672,2027,264589,1,2645.89
2673,2027,232400,2,2324.0
2674,2027,105635,1,1056.35
2676,2027,91611,1,916.11
2677,2027,48887,1,488.87
2678,2027,93374,1,933.74
2679,2027,215667,1,2156.67
2680,2027,218690,1,2186.9
2681,2027,214370,1,2143.7
2682,2027,190275,1,1902.75
2683,2027,255580,1,2555.8
2684,2027,254041,1,2540.41
2685,2027,263599,1,2635.99
2686,2027,341562,1,3415.62
2687,2027,255503,1,2555.03
2688,2027,93178,1,931.78
2690,2027,98462,1,984.62
2691,2027,174349,1,1743.49
2692,2027,176999,1,1769.99
2693,2027,204556,1,2045.56
2694,2027,215785,1,2157.85
2695,2027,215667,1,2156.67
2696,2027,270785,1,2707.85
2698,2027,214530,1,2145.3
2699,2027,189963,1,1899.63
2700,2027,228054,1,2280.54
2701,2027,374964,1,3749.64
2702,2027,243335,1,2433.35
2703,2027,351325,1,3513.25
2704,2027,253894,1,2538.94
2705,2027,253746,1,2537.46
2707,2027,275810,1,2758.1
2708,2027,886533,1,8865.33
2709,2027,381580,1,3815.8
2710,2027,345561,1,3455.61
2711,2027,569987,2,5699.87
2712,2027,205375,1,2053.75
2713,2027,255388,1,2553.88
2715,2027,335790,1,3357.9
2716,2027,337420,2,3374.2
2717,2027,110511,1,1105.11
2718,2027,647138,4,6471.38
2719,2027,251611,1,2516.11
2720,2027,215300,1,2153.0
2721,2027,270618,1,2706.18
2723,2027,255429,1,2554.29
2724,2027,254514,1,2545.14
2725,2027,341226,1,3412.26
2726,2027,205149,1,2051.49
2727,2027,173163,1,1731.63
2728,2027,77609,1,776.09
2729,2027,105997,1,1059.97
2730,2027,215584,1,2155.84
2731,2027,184544,1,1845.44
2732,2027,254041,1,2540.41
2733,2027,263391,1,2633.91
2734,2027,276463,1,2764.63
2735,2027,345712,1,3457.12
2736,2027,162289,1,1622.89
2737,2027,958373,1,9583.73
2738,2027,141365,1,1413.65
2739,2027,88878,1,888.78
2740,2027,251130,1,2511.3
2741,2027,146913,1,1469.13
2742,2027,215619,1,2156.19
2743,2027,270618,1,2706.18
2744,2027,228272,1,2282.72
2746,2027,190193,1,1901.93
2747,2027,339607,1,3396.07
2748,2027,255061,1,2550.61
2749,2027,675443,2,6754.43
2750,2027,380075,1,3800.75
2751,2027,253909,1,2539.09
2752,2027,387055,1,3870.55
2753,2027,354821,1,3548.21
2754,2027,293775,1,2937.75
2755,2027,2310513,5,23105.13
2756,2027,97248,1,972.48
2757,2027,939607,1,9396.07
2758,2027,2362068,1,23620.68
2759,2027,281819,1,2818.19
2761,2027,1087579,1,10875.79
2762,2027,255264,1,2552.64
2763,2027,317878,1,3178.78
2764,2027,179478,1,1794.78
2765,2027,271206,1,2712.06
2766,2027,256186,1,2561.86
2768,2027,106621,1,1066.21
2769,2027,279910,1,2799.1
2771,2027,500014,1,5000.14
2772,2027,272808,1,2728.08
2773,2027,321830,1,3218.3
2774,2027,193966,1,1939.66
2775,2027,191809,1,1918.09
2776,2027,211911,1,2119.11
2777,2027,149983,1,1499.83
2778,2027,305828,1,3058.28
2779,2027,1508095,1,15080.95
2780,2027,201485,1,2014.85
2781,2027,309299,2,3092.99
2782,2027,599801,1,5998.01
2783,2027,416643,1,4166.43
2785,2027,416706,1,4167.06
2786,2027,328769,1,3287.69
2787,2027,328662,1,3286.62
2789,2027,265291,1,2652.91
2790,2027,239431,1,2394.31
2791,2027,239561,1,2395.61
2792,2027,418910,2,4189.1
2793,2027,133494,1,1334.94
2794,2027,219146,1,2191.46
2795,2027,152310,1,1523.1
2796,2027,264751,1,2647.51
2797,2027,136211,1,1362.11
2798,2027,416523,1,4165.23
2799,2027,416031,1,4160.31
2800,2027,726181,2,7261.81
2801,2027,328662,1,3286.62
2802,2027,328834,1,3288.34
2803,2027,328294,1,3282.94
2804,2027,288648,1,2886.48
2805,2027,369498,1,3694.98
2806,2027,288516,1,2885.16
2807,2027,288516,1,2885.16
2808,2027,288749,1,2887.49
2810,2027,265713,1,2657.13
2811,2027,265214,1,2652.14
2812,2027,264831,1,2648.31
2813,2027,265023,1,2650.23
2814,2027,245433,1,2454.33
2815,2027,271937,1,2719.37
2816,2027,271475,1,2714.75
2817,2027,1105417,3,11054.17
2818,2027,271398,1,2713.98
2819,2027,104468,1,1044.68
2820,2027,241094,1,2410.94
2821,2027,329071,1,3290.71
2822,2027,273317,1,2733.17
2823,2027,273007,1,2730.07
2824,2027,288516,1,2885.16
2825,2027,369594,1,3695.94
2826,2027,288516,1,2885.16
2827,2027,247144,1,2471.44
2828,2027,247049,1,2470.49
2829,2027,242912,1,2429.12
2830,2027,239920,1,2399.2
2831,2027,245041,1,2450.41
2832,2027,271744,1,2717.44
2833,2027,329926,1,3299.26
2834,2027,287077,1,2870.77
2835,2027,573303,2,5733.03
2836,2027,538261,2,5382.61
2837,2027,416340,1,4163.4
2840,2027,206169,1,2061.69
2841,2027,206393,1,2063.93
2842,2027,428877,1,4288.77
2843,2027,429391,1,4293.91
2844,2027,272455,1,2724.55
2845,2027,272794,1,2727.94
2846,2027,288349,1,2883.49
2847,2027,288217,1,2882.17
2848,2027,1035563,3,10355.63
2849,2027,727149,2,7271.49
2850,2027,199467,1,1994.67
2851,2027,265214,1,2652.14
2852,2027,264946,1,2649.46
2853,2027,299665,1,2996.65
2854,2027,194592,1,1945.92
2855,2027,212051,1,2120.51
2856,2027,194145,1,1941.45
2857,2027,681914,2,6819.14
2858,2027,290280,1,2902.8
2859,2027,290549,1,2905.49
2860,2027,291088,1,2910.88
2861,2027,255203,1,2552.03
2862,2027,255475,1,2554.75
2863,2027,254605,1,2546.05
2864,2027,307874,1,3078.74
2865,2027,397810,1,3978.1
2866,2027,205936,1,2059.36
2867,2027,272639,1,2726.39
2868,2027,588867,2,5888.67
2869,2027,199176,1,1991.76
2870,2027,194781,1,1947.81
2871,2027,245368,1,2453.68
2872,2027,255037,1,2550.37
2873,2027,183212,1,1832.12
2874,2027,141283,1,1412.83
2875,2027,284764,1,2847.64
2876,2027,284689,1,2846.89
2877,2027,206159,1,2061.59
2878,2027,205946,1,2059.46
2879,2027,309756,1,3097.56
2880,2027,272610,1,2726.1
2881,2027,480774,1,4807.74
2882,2027,288582,1,2885.82
2883,2027,199038,1,1990.38
2884,2027,199467,1,1994.67
2885,2027,299343,1,2993.43
2886,2027,194494,1,1944.94
2887,2027,307892,1,3078.92
2888,2027,291088,1,2910.88
2889,2027,230691,1,2306.91
2890,2027,307965,1,3079.65
2891,2027,21961,1,219.61
2892,2027,50191,1,501.91
2893,2027,155574,1,1555.74
2894,2027,285070,1,2850.7
2895,2027,284841,1,2848.41
2896,2027,285070,1,2850.7
2897,2027,206403,1,2064.03
2898,2027,309113,1,3091.13
2899,2027,272823,1,2728.23
2900,2027,369158,1,3691.58
2901,2027,34542,1,345.42
2902,2027,34744,1,347.44
2903,2027,202037,1,2020.37
2904,2027,1150242,9,11502.42
2905,2027,265368,1,2653.68
2906,2027,264870,1,2648.7
2907,2027,194557,1,1945.57
2908,2027,307475,1,3074.75
2909,2027,261480,1,2614.8
2910,2027,255092,1,2550.92
2911,2027,367556,4,3675.56
2912,2027,135468,2,1354.68
2913,2027,881429,5,8814.29
2914,2027,260993,6,2609.93
2915,2027,112903,1,1129.03
2916,2027,324945,3,3249.45
2917,2027,136156,1,1361.56
2918,2027,189851,3,1898.51
2919,2027,22269,1,222.69
2920,2027,376079,1,3760.79
2921,2027,313674,1,3136.74
2922,2027,310526,1,3105.26
2923,2027,417627,1,4176.27
2924,2027,369691,1,3696.91
2925,2027,34394,1,343.94
2926,2027,233348,1,2333.48
2927,2027,522612,4,5226.12
2928,2027,29171,1,291.71
2929,2027,197392,1,1973.92
2930,2027,487204,2,4872.04
2931,2027,154900,1,1549.0
2932,2027,224082,1,2240.82
2933,2027,123057,1,1230.57
2934,2027,152737,2,1527.37
2936,2027,416643,1,4166.43
2937,2027,285224,1,2852.24
2938,2027,244632,1,2446.32
2939,2027,206159,1,2061.59
2940,2027,854573,5,8545.73
2941,2027,309756,1,3097.56
2942,2027,265407,1,2654.07
2943,2027,307965,1,3079.65
2944,2027,409188,3,4091.88
2945,2027,104927,1,1049.27
2946,2027,436990,1,4369.9
2947,2027,218083,1,2180.83
2948,2027,218369,1,2183.69
2949,2027,199176,1,1991.76
2950,2027,507774,2,5077.74
2951,2027,233618,1,2336.18
2952,2027,261178,1,2611.78
2953,2027,308483,2,3084.83
2954,2027,128151,1,1281.51
2955,2027,87283,1,872.83
2956,2027,58153,1,581.53
2957,2027,464204,3,4642.04
2958,2027,85995,1,859.95
2959,2027,416832,1,4168.32
2960,2027,375888,1,3758.88
2961,2027,302346,1,3023.46
2962,2027,403508,1,4035.08
2963,2027,218200,1,2182.0
2964,2027,719302,4,7193.02
2965,2027,199176,1,1991.76
2966,2027,307195,1,3071.95
2967,2027,86996,1,869.96
2968,2027,362489,2,3624.89
2969,2027,104651,1,1046.51
2970,2027,166528,1,1665.28
2971,2027,755115,2,7551.15
2972,2027,371618,1,3716.18
2973,2027,218538,1,2185.38
2974,2027,335981,1,3359.81
2975,2027,189199,1,1891.99
2976,2027,2085222,5,20852.22
2977,2027,261783,1,2617.83
2978,2027,302346,1,3023.46
2979,2027,239352,1,2393.52
2980,2027,218200,1,2182.0
2981,2027,217973,1,2179.73
2982,2027,199245,1,1992.45
2983,2027,199467,1,1994.67
2984,2027,188320,1,1883.2
2985,2027,165810,1,1658.1
2986,2027,234478,1,2344.78
2987,2027,261556,1,2615.56
2988,2027,307874,1,3078.74
2989,2027,365769,2,3657.69
2990,2027,98903,1,989.03
2991,2027,129925,1,1299.25
2992,2027,120089,1,1200.89
2993,2027,158472,1,1584.72
2994,2027,81826,1,818.26
2995,2027,218041,2,2180.41
2996,2027,320482,1,3204.82
2997,2027,338581,1,3385.81
2998,2027,416397,1,4163.97
2999,2027,405360,2,4053.6
3000,2027,429231,1,4292.31
3001,2027,223986,1,2239.86
3002,2027,218142,1,2181.42
3003,2027,321465,1,3214.65
3004,2027,199536,1,1995.36
3005,2027,335501,1,3355.01
3006,2027,208396,1,2083.96
3007,2027,1677658,5,16776.58
3008,2027,416374,2,4163.74
3009,2027,234167,1,2341.67
3010,2027,261178,1,2611.78
3011,2027,821325,5,8213.25
3012,2027,116225,1,1162.25
3013,2027,52362,1,523.62
3014,2027,55644,1,556.44
3015,2027,252696,2,2526.96
3016,2027,129270,1,1292.7
3018,2027,222213,1,2222.13
3019,2027,56322,1,563.22
3020,2027,130364,2,1303.64
3023,2027,159389,1,1593.89
3025,2027,223300,1,2233.0
3026,2027,320927,1,3209.27
3027,2027,339521,1,3395.21
3028,2027,190950,1,1909.5
3029,2027,209117,1,2091.17
3030,2027,207727,1,2077.27
3031,2027,307604,1,3076.04
3032,2027,101252,1,1012.52
3033,2027,127070,1,1270.7
3034,2027,97709,1,977.09
3035,2027,109072,1,1090.72
3036,2027,97320,1,973.2
3037,2027,104231,1,1042.31
3038,2027,118216,1,1182.16
3039,2027,132266,1,1322.66
3040,2027,381025,3,3810.25
3041,2027,161601,1,1616.01
3042,2027,132391,1,1323.91
3043,2027,202758,1,2027.58
3044,2027,176294,1,1762.94
3045,2027,333933,1,3339.33
3046,2027,982180,1,9821.8
3048,2027,634434,2,6344.34
3049,2027,216038,1,2160.38
3050,2027,181028,1,1810.28
3051,2027,308832,1,3088.32
3052,2027,1485248,1,14852.48
3053,2027,479218,2,4792.18
3054,2027,158767,1,1587.67
3055,2027,299193,2,2991.93
3056,2027,347086,2,3470.86
3057,2027,325712,1,3257.12
3058,2027,325291,1,3252.91
3059,2027,413670,1,4136.7
3060,2027,427995,1,4279.95
3061,2027,216366,1,2163.66
3062,2027,321077,1,3210.77
3063,2027,217444,1,2174.44
3064,2027,207909,1,2079.09
3065,2027,206822,1,2068.22
3066,2027,347483,2,3474.83
3067,2027,881149,3,8811.49
3068,2027,138470,1,1384.7
3069,2027,104314,1,1043.14
3070,2027,156109,1,1561.09
3071,2027,183012,1,1830.12
3072,2027,95727,1,957.27
3073,2027,31049,1,310.49
3075,2027,127916,2,1279.16
3076,2027,98842,1,988.42
3077,2027,271450,3,2714.5
3078,2027,133626,1,1336.26
3079,2027,248733,1,2487.33
3080,2027,306531,1,3065.31
3081,2027,306415,1,3064.15
3082,2027,281407,1,2814.07
3083,2027,414151,1,4141.51
3084,2027,413818,1,4138.18
3085,2027,186719,1,1867.19
3086,2027,428200,1,4282.0
3087,2027,235306,1,2353.06
3088,2027,216038,1,2160.38
3089,2027,215754,1,2157.54
3090,2027,320927,1,3209.27
3091,2027,243220,1,2432.2
3092,2027,188425,1,1884.25
3093,2027,160612,1,1606.12
3094,2027,308579,1,3085.79
3095,2027,307739,1,3077.39
3096,2027,201241,1,2012.41
3097,2027,814006,2,8140.06
3098,2027,625592,1,6255.92
3099,2027,285685,1,2856.85
3100,2027,215709,1,2157.09
3101,2027,571398,2,5713.98
3102,2027,206882,1,2068.82
3103,2027,112928,1,1129.28
3104,2027,766773,2,7667.73
3105,2027,149444,1,1494.44
3106,2027,187201,1,1872.01
3107,2027,186907,1,1869.07
3108,2027,328162,1,3281.62
3109,2027,286218,1,2862.18
3110,2027,235406,1,2354.06
3111,2027,215806,1,2158.06
3112,2027,321271,1,3212.71
3113,2027,160612,1,1606.12
3114,2027,260951,1,2609.51
3115,2027,5610497,14,56104.97
3116,2027,489349,2,4893.49
3117,2027,267406,1,2674.06
3118,2027,281407,1,2814.07
3119,2027,243175,1,2431.75
3120,2027,188320,1,1883.2
3121,2027,187856,1,1878.56
3122,2027,307739,1,3077.39
3123,2027,229210,1,2292.1
3124,2027,95432,1,954.32
3125,2027,157373,1,1573.73
3126,2027,128290,1,1282.9
3127,2027,367841,1,3678.41
3128,2027,428746,1,4287.46
3129,2027,438295,2,4382.95
3130,2027,286549,1,2865.49
3131,2027,234975,1,2349.75
3132,2027,215896,1,2158.96
3133,2027,413084,1,4130.84
3134,2027,160822,1,1608.22
3135,2027,496659,2,4966.59
3136,2027,3305733,1,33057.33
3137,2027,181197,1,1811.97
3138,2027,752592,3,7525.92
3139,2027,298903,1,2989.03
3140,2027,161572,1,1615.72
3141,2027,108585,1,1085.85
3142,2027,811987,2,8119.87
3143,2027,37375,1,373.75
3145,2027,159576,1,1595.76
3146,2027,143457,1,1434.57
3147,2027,151932,1,1519.32
3148,2027,153460,1,1534.6
3149,2027,168602,1,1686.02
3150,2027,131200,1,1312.0
3151,2027,132291,1,1322.91
3152,2027,142313,1,1423.13
3153,2027,93352,1,933.52
3154,2027,173714,1,1737.14
3155,2027,254176,1,2541.76
3156,2027,428609,1,4286.09
3157,2027,235719,1,2357.19
3158,2027,321271,1,3212.71
3159,2027,242904,1,2429.04
3160,2027,237391,1,2373.91
3162,2027,160608,1,1606.08
3163,2027,166273,1,1662.73
3164,2027,273324,1,2733.24
3165,2027,261178,1,2611.78
3167,2027,97025,1,970.25
3168,2027,124421,2,1244.21
3169,2027,197570,1,1975.7
3170,2027,754349,1,7543.49
3171,2027,322821,1,3228.21
3172,2027,289435,1,2894.35
3173,2027,974267,3,9742.67
3174,2027,320884,1,3208.84
3175,2027,207260,1,2072.6
3176,2027,188372,1,1883.72
3177,2027,187340,1,1873.4
3178,2027,307830,1,3078.3
3179,2027,171022,1,1710.22
3180,2027,162248,1,1622.48
3181,2027,104208,1,1042.08
3182,2027,101799,1,1017.99
3183,2027,222661,1,2226.61
3184,2027,267585,1,2675.85
3185,2027,323949,1,3239.49
3186,2027,376973,1,3769.73
3187,2027,322517,1,3225.17
3188,2027,394053,1,3940.53
3189,2027,427995,1,4279.95
3190,2027,218918,1,2189.18
3191,2027,212393,1,2123.93
3192,2027,274799,1,2747.99
3193,2027,235355,1,2353.55
3194,2027,322587,1,3225.87
3195,2027,339121,1,3391.21
3196,2027,413299,1,4132.99
3197,2027,1165266,5,11652.66
3198,2027,237730,1,2377.3
3199,2027,237391,1,2373.91
3200,2027,208636,1,2086.36
3201,2027,615044,2,6150.44
3202,2027,199997,1,1999.97
3203,2027,166062,1,1660.62
3204,2027,383981,2,3839.81
3205,2027,261329,1,2613.29
3206,2027,98695,1,986.95
3207,2027,206056,2,2060.56
3208,2027,466024,2,4660.24
3209,2027,117868,1,1178.68
3210,2027,257017,1,2570.17
3211,2027,219495,1,2194.95
3212,2027,212504,1,2125.04
3213,2027,287753,1,2877.53
3214,2027,274799,1,2747.99
3215,2027,235406,1,2354.06
3216,2027,322291,1,3222.91
3217,2027,338794,1,3387.94
3218,2027,652234,2,6522.34
3219,2027,208513,1,2085.13
3220,2027,206762,1,2067.62
3221,2027,261253,1,2612.53
3222,2027,307647,1,3076.47
3223,2027,154747,1,1547.47
3224,2027,253586,1,2535.86
3225,2027,257239,1,2572.39
3226,2027,322821,1,3228.21
3227,2027,607824,1,6078.24
3228,2027,866761,3,8667.61
3229,2027,570505,1,5705.05
3230,2027,250593,1,2505.93
3231,2027,195655,1,1956.55
3232,2027,195354,1,1953.54
3233,2027,212462,1,2124.62
3234,2027,274419,1,2744.19
3235,2027,235256,1,2352.56
3236,2027,322790,1,3227.9
3237,2027,338223,1,3382.23
3238,2027,413658,1,4136.58
3239,2027,517382,1,5173.82
3240,2027,237754,1,2377.54
3241,2027,188320,1,1883.2
3242,2027,207244,1,2072.44
3244,2027,307604,1,3076.04
3245,2027,201208,1,2012.08
3246,2027,267874,1,2678.74
3247,2027,260576,1,2605.76
3248,2027,219088,1,2190.88
3249,2027,196095,1,1960.95
3250,2027,219963,1,2199.63
3251,2027,274651,1,2746.51
3252,2027,235406,1,2354.06
3253,2027,575364,2,5753.64
3255,2027,238094,1,2380.94
3256,2027,208272,1,2082.72
3257,2027,109294,1,1092.94
3258,2027,363017,2,3630.17
3259,2027,144056,1,1440.56
3260,2027,322597,1,3225.97
3261,2027,812788,1,8127.88
3262,2027,329171,1,3291.71
3263,2027,250197,1,2501.97
3264,2027,322807,1,3228.07
3265,2027,237074,1,2370.74
3266,2027,463509,1,4635.09
3268,2027,169051,2,1690.51
3269,2027,84048,1,840.48
3270,2027,112992,1,1129.92
3271,2027,111165,1,1111.65
3272,2027,112312,1,1123.12
3273,2027,267929,1,2679.29
3274,2027,536255,1,5362.55
3275,2027,219634,1,2196.34
3276,2027,329488,1,3294.88
3277,2027,662977,3,6629.77
3278,2027,569739,1,5697.39
3279,2027,251212,1,2512.12
3280,2027,212885,1,2128.85
3281,2027,169252,1,1692.52
3282,2027,220304,1,2203.04
3283,2027,274503,1,2745.03
3284,2027,235306,1,2353.06
3285,2027,216064,1,2160.64
3286,2027,202981,1,2029.81
3287,2027,425240,1,4252.4
3288,2027,208815,1,2088.15
3289,2027,209117,1,2091.17
3290,2027,307286,1,3072.86
3291,2027,119799,1,1197.99
3292,2027,55348,1,553.48
3293,2027,201608,2,2016.08
3294,2027,302017,4,3020.17
3295,2027,108832,1,1088.32
3296,2027,540469,2,5404.69
3297,2027,108655,1,1086.55
3298,2027,88705,2,887.05
3299,2027,43572,1,435.72
3300,2027,192814,2,1928.14
3301,2027,123259,1,1232.59
3302,2027,104371,1,1043.71
3303,2027,111165,1,1111.65
3305,2027,322719,1,3227.19
3306,2027,204030,1,2040.3
3307,2027,210833,1,2108.33
3308,2027,636253,2,6362.53
3309,2027,713210,4,7132.1
3310,2027,590132,2,5901.32
3311,2027,250680,1,2506.8
3312,2027,274609,1,2746.09
3313,2027,235818,1,2358.18
3314,2027,322697,1,3226.97
3315,2027,203218,1,2032.18
3316,2027,217137,1,2171.37
3317,2027,412445,3,4124.45
3319,2027,206580,1,2065.8
3320,2027,198559,1,1985.59
3322,2027,130435,1,1304.35
3323,2027,210289,1,2102.89
3324,2027,333230,2,3332.3
3325,2027,77594,1,775.94
3326,2027,1378737,5,13787.37
3327,2027,278943,1,2789.43
3328,2027,256285,1,2562.85
3329,2027,215611,1,2156.11
3330,2027,253989,1,2539.89
3331,2027,101336,1,1013.36
3332,2027,55326,1,553.26
3333,2027,130862,1,1308.62
3334,2027,261445,2,2614.45
3336,2027,102698,1,1026.98
3337,2027,169085,1,1690.85
3338,2027,267929,1,2679.29
3339,2027,501400,1,5014.0
3340,2027,77728,1,777.28
3341,2027,77781,1,777.81
3342,2027,518804,1,5188.04
3343,2027,250817,1,2508.17
3344,2027,947999,2,9479.99
3346,2027,212349,1,2123.49
3347,2027,331722,1,3317.22
3349,2027,322291,1,3222.91
3350,2027,202981,1,2029.81
3351,2027,238488,1,2384.88
3352,2027,208698,1,2086.98
3353,2027,463509,1,4635.09
3354,2027,307421,1,3074.21
3355,2027,65462,1,654.62
3356,2027,200770,2,2007.7
3357,2027,143868,1,1438.68
3358,2027,217825,1,2178.25
3359,2027,322922,1,3229.22
3360,2027,357116,1,3571.16
3361,2027,256389,1,2563.89
3362,2027,251212,1,2512.12
3363,2027,332042,1,3320.42
3364,2027,274313,1,2743.13
3365,2027,235355,1,2353.55
3366,2027,114428,1,1144.28
3367,2027,328935,2,3289.35
3368,2027,147105,1,1471.05
3369,2027,118662,1,1186.62
3370,2027,333340,1,3333.4
3371,2027,129431,1,1294.31
3372,2027,137037,1,1370.37
3373,2027,343458,1,3434.58
3374,2027,218042,1,2180.42
3375,2027,458374,1,4583.74
3376,2027,493523,1,4935.23
3377,2027,1116098,1,11160.98
3378,2027,357154,1,3571.54
3379,2027,518969,1,5189.69
3380,2027,250903,1,2509.03
3381,2027,317316,1,3173.16
3382,2027,215960,1,2159.6
3383,2027,202674,1,2026.74
3384,2027,325647,1,3256.47
3385,2027,238341,1,2383.41
3386,2027,526070,2,5260.7
3387,2027,208876,1,2088.76
3388,2027,307604,1,3076.04
3389,2027,409669,2,4096.69
3390,2027,147739,1,1477.39
3391,2027,130661,1,1306.61
3392,2027,554856,1,5548.56
3393,2027,344109,1,3441.09
3395,2027,222300,1,2223.0
3396,2027,502320,1,5023.2
3397,2027,322496,1,3224.96
3398,2027,357382,1,3573.82
3399,2027,256285,1,2562.85
3401,2027,298485,1,2984.85
3402,2027,751578,1,7515.78
3403,2027,322494,1,3224.94
3404,2027,215837,1,2158.37
3405,2027,203005,1,2030.05
3406,2027,202792,1,2027.92
3407,2027,226976,1,2269.76
3408,2027,254301,1,2543.01
3409,2027,208636,1,2086.36
3410,2027,208574,1,2085.74
3411,2027,207064,1,2070.64
3412,2027,207184,1,2071.84
3413,2027,261329,1,2613.29
3414,2027,29142,1,291.42
3415,2027,162142,1,1621.42
3416,2027,110770,1,1107.7
3417,2027,109409,1,1094.09
3418,2027,109237,1,1092.37
3419,2027,218042,1,2180.42
3420,2027,835984,1,8359.84
3421,2027,682751,1,6827.51
3422,2027,235256,1,2352.56
3423,2027,281667,1,2816.67
3424,2027,322785,1,3227.85
3425,2027,215898,1,2158.98
3426,2027,202981,1,2029.81
3427,2027,216622,1,2166.22
3428,2027,626330,1,6263.3
3429,2027,307556,1,3075.56
3430,2027,92846,1,928.46
3431,2027,309797,2,3097.97
3432,2027,150838,1,1508.38
3433,2027,343675,1,3436.75
3434,2027,218082,1,2180.82
3436,2027,377278,1,3772.78
3437,2027,322618,1,3226.18
3438,2027,394164,1,3941.64
3439,2027,235256,1,2352.56
3440,2027,753170,1,7531.7
3441,2027,323537,1,3235.37
3442,2027,297987,1,2979.87
3443,2027,214380,1,2143.8
3444,2027,214591,1,2145.91
3445,2027,445546,1,4455.46
3446,2027,203100,1,2031.0
3447,2027,226876,1,2268.76
3448,2027,226563,1,2265.63
3449,2027,254380,1,2543.8
3450,2027,167073,1,1670.73
3451,2027,208938,1,2089.38
3452,2027,463877,1,4638.77
3453,2027,457624,2,4576.24
3454,2027,218131,1,2181.31
3455,2027,322821,1,3228.21
3456,2027,537338,1,5373.38
3457,2027,746019,1,7460.19
3458,2027,323537,1,3235.37
3459,2027,214903,1,2149.03
3460,2027,196930,1,1969.3
3461,2027,202981,1,2029.81
3463,2027,271594,1,2715.94
3464,2027,307965,1,3079.65
3465,2027,458628,1,4586.28
3466,2027,377036,1,3770.36
3467,2027,222187,1,2221.87
3468,2027,234943,1,2349.43
3469,2027,248730,1,2487.3
3470,2027,196432,1,1964.32
3471,2027,209000,1,2090.0
3472,2027,118123,1,1181.23
3473,2027,275144,2,2751.44
3474,2027,728210,1,7282.1
3475,2027,751456,1,7514.56
3476,2027,215837,1,2158.37
3477,2027,227090,1,2270.9
3478,2027,950900,3,9509.0
3480,2027,443694,1,4436.94
3481,2027,130216,1,1302.16
3482,2027,134801,1,1348.01
3483,2027,217825,1,2178.25
3484,2027,394273,1,3942.73
3485,2027,222403,1,2224.03
3486,2027,281667,1,2816.67
3487,2027,323955,1,3239.55
3488,2027,298094,1,2980.94
3489,2027,215115,1,2151.15
3490,2027,417607,1,4176.07
3491,2027,208815,1,2088.15
3492,2027,1068756,3,10687.56
3493,2027,308283,1,3082.83
3494,2027,874641,1,8746.41
3496,2027,149258,1,1492.58
3498,2027,144438,1,1444.38
3499,2027,184303,1,1843.03
3500,2027,256435,1,2564.35
3501,2027,112031,1,1120.31
3502,2027,322496,1,3224.96
3503,2027,255195,1,2551.95
3504,2027,221917,1,2219.17
3505,2027,339850,1,3398.5
3506,2027,340225,1,3402.25
3507,2027,701311,1,7013.11
3509,2027,215064,1,2150.64
3510,2027,323713,1,3237.13
3511,2027,453037,1,4530.37
3512,2027,323569,1,3235.69
3513,2027,181052,1,1810.52
3514,2027,181357,1,1813.57
3515,2027,289366,1,2893.66
3516,2027,289543,1,2895.43
3517,2027,215776,1,2157.76
3518,2027,226776,1,2267.76
3519,2027,596446,1,5964.46
3520,2027,208636,1,2086.36
3521,2027,260951,1,2609.51
3522,2027,105736,1,1057.36
3523,2027,237608,1,2376.08
3524,2027,185701,1,1857.01
3525,2027,235057,2,2350.57
3526,2027,290545,1,2905.45
3527,2027,298203,1,2982.03
3528,2027,661660,1,6616.6
3529,2027,203076,1,2030.76
3530,2027,264345,2,2643.45
3531,2027,98903,1,989.03
3532,2027,82465,1,824.65
3533,2027,61077,1,610.77
3534,2027,109797,1,1097.97
3535,2027,977646,1,9776.46
3536,2027,114108,1,1141.08
3537,2027,54594,1,545.94
3538,2027,105290,1,1052.9
3539,2027,340051,1,3400.51
3540,2027,700954,1,7009.54
3541,2027,214853,1,2148.53
3542,2027,216125,1,2161.25
3543,2027,254301,1,2543.01
3544,2027,206762,1,2067.62
3545,2027,307421,1,3074.21
3546,2027,149520,1,1495.2
3547,2027,684754,2,6847.54
3548,2027,110516,1,1105.16
3549,2027,36126,1,361.26
3550,2027,178186,1,1781.86
3551,2027,198692,2,1986.92
3552,2027,99034,1,990.34
3553,2027,576246,2,5762.46
3554,2027,200876,1,2008.76
3555,2027,107377,1,1073.77
3556,2027,130492,1,1304.92
3557,2027,107114,1,1071.14
3558,2027,344011,1,3440.11
3559,2027,322394,1,3223.94
3560,2027,295078,1,2950.78
3561,2027,212782,1,2127.82
3562,2027,255086,1,2550.86
3563,2027,303533,1,3035.33
3564,2027,180618,1,1806.18
3565,2027,1330060,1,13300.6
3566,2027,203194,1,2031.94
3567,2027,208211,1,2082.11
3568,2027,123118,1,1231.18
3569,2027,261232,1,2612.32
3570,2027,340225,1,3402.25
3571,2027,188870,1,1888.7
3572,2027,188870,1,1888.7
3573,2027,538578,1,5385.78
3574,2027,303604,1,3036.04
3575,2027,184776,1,1847.76
3576,2027,216021,1,2160.21
3577,2027,261556,1,2615.56
3578,2027,223881,2,2238.81
3579,2027,104899,1,1048.99
3580,2028,180085,1,1800.85
3581,2028,108770,1,1087.7
3582,2028,233323,1,2333.23
3583,2028,210837,1,2108.37
3584,2028,211468,1,2114.68
3585,2028,261528,1,2615.28
3586,2028,218152,1,2181.52
3587,2028,192192,1,1921.92
3588,2028,290178,1,2901.78
3589,2028,188987,1,1889.87
3590,2028,702027,1,7020.27
3591,2028,357051,1,3570.51
3592,2028,368818,1,3688.18
3593,2028,181535,1,1815.35
3595,2028,227303,1,2273.03
3596,2028,254000,1,2540.0
3597,2028,207970,1,2079.7
3598,2028,207004,1,2070.04
3599,2028,307922,1,3079.22
3600,2028,143585,1,1435.85
3601,2028,321866,2,3218.66
3602,2028,46686,1,466.86
3603,2028,137574,1,1375.74
3604,2028,343458,1,3434.58
3605,2028,261232,1,2612.32
3606,2028,322618,1,3226.18
3608,2028,255386,1,2553.86
3609,2028,355775,1,3557.75
3610,2028,184801,1,1848.01
3611,2028,210866,1,2108.66
3612,2028,114521,1,1145.21
3613,2028,171638,1,1716.38
3614,2028,283145,3,2831.45
3615,2028,522755,2,5227.55
3616,2028,140080,1,1400.8
3617,2028,152446,1,1524.46
3618,2028,130861,1,1308.61
3619,2028,63755,1,637.55
3620,2028,210994,1,2109.94
3621,2028,211690,1,2116.9
3622,2028,191833,1,1918.33
3623,2028,339819,1,3398.19
3624,2028,84128,1,841.28
3625,2028,83766,1,837.66
3626,2028,538817,1,5388.17
3627,2028,701892,1,7018.92
3628,2028,184940,1,1849.4
3629,2028,211738,1,2117.38
3630,2028,352486,1,3524.86
3631,2028,348915,1,3489.15
3632,2028,215960,1,2159.6
3633,2028,269056,1,2690.56
3634,2028,208938,1,2089.38
3635,2028,614509,2,6145.09
3636,2028,206341,1,2063.41
3637,2028,260951,1,2609.51
3639,2028,36694,1,366.94
3640,2028,63907,1,639.07
3641,2028,64066,1,640.66
3642,2028,64360,1,643.6
3643,2028,64057,1,640.57
3644,2028,121123,1,1211.23
3645,2028,64057,1,640.57
3647,2028,64210,1,642.1
3648,2028,64210,1,642.1
3649,2028,121279,1,1212.79
3650,2028,394618,1,3946.18
3651,2028,218248,1,2182.48
3652,2028,290178,1,2901.78
3653,2028,185080,1,1850.8
3655,2028,181077,1,1810.77
3658,2028,52158,1,521.58
3659,2028,180549,2,1805.49
3660,2028,171713,1,1717.13
3661,2028,170684,1,1706.84
3662,2028,178171,1,1781.71
3664,2028,404766,1,4047.66
3665,2028,130321,1,1303.21
3666,2028,134133,1,1341.33
3667,2028,167044,2,1670.44
3668,2028,120968,1,1209.68
3669,2028,64210,1,642.1
3670,2028,64061,1,640.61
3671,2028,64208,1,642.08
3672,2028,64214,1,642.14
3673,2028,64210,1,642.1
3674,2028,83947,1,839.47
3675,2028,356261,1,3562.61
3676,2028,526447,2,5264.47
3677,2028,1907604,5,19076.04
3678,2028,64360,1,643.6
3679,2028,64360,1,643.6
3680,2028,64816,1,648.16
3681,2028,64363,1,643.63
3682,2028,184776,1,1847.76
3683,2028,1200855,5,12008.55
3684,2028,208334,1,2083.34
3687,2028,92822,1,928.22
3688,2028,185068,1,1850.68
3689,2028,46583,1,465.83
3690,2028,135968,2,1359.68
3691,2028,168793,1,1687.93
3692,2028,64360,1,643.6
3693,2028,64360,1,643.6
3694,2028,64511,1,645.11
3695,2028,63758,1,637.58
3696,2028,379189,1,3791.89
3697,2028,340081,1,3400.81
3698,2028,322522,1,3225.22
3699,2028,215960,1,2159.6
3700,2028,206464,1,2064.64
3702,2028,45359,1,453.59
3703,2028,1376865,6,13768.65
3704,2028,65549,1,655.49
3705,2028,128517,1,1285.17
3706,2028,107546,1,1075.46
3707,2028,253692,2,2536.92
3708,2028,105606,1,1056.06
3709,2028,64210,1,642.1
3710,2028,64066,1,640.66
3711,2028,210774,1,2107.74
3712,2028,211540,1,2115.4
3713,2028,322841,1,3228.41
3714,2028,218248,1,2182.48
3715,2028,383035,1,3830.35
3716,2028,191377,1,1913.77
3717,2028,191797,1,1917.97
3718,2028,191681,1,1916.81
3719,2028,191821,1,1918.21
3720,2028,191954,1,1919.54
3721,2028,268104,1,2681.04
3722,2028,558278,3,5582.78
3723,2028,240438,1,2404.38
3724,2028,636708,2,6367.08
3725,2028,184916,1,1849.16
3726,2028,313673,1,3136.73
3727,2028,385204,3,3852.04
3728,2028,191657,1,1916.57
3729,2028,191402,1,1914.02
3730,2028,191846,1,1918.46
3731,2028,162556,1,1625.56
3732,2028,356647,3,3566.47
3733,2028,141581,1,1415.81
3734,2028,139411,1,1394.11
3735,2028,334903,2,3349.03
3736,2028,166860,1,1668.6
3737,2028,298164,1,2981.64
3738,2028,147696,1,1476.96
3739,2028,191681,1,1916.81
3740,2028,191188,1,1911.88
3741,2028,191517,1,1915.17
3742,2028,290841,1,2908.41
3743,2028,539658,1,5396.58
3744,2028,1423452,3,14234.52
3745,2028,184940,1,1849.4
3746,2028,127216,1,1272.16
3747,2028,263559,1,2635.59
3748,2028,265354,1,2653.54
3749,2028,264425,1,2644.25
3750,2028,208815,1,2088.15
3752,2028,53562,1,535.62
3753,2028,137910,1,1379.1
3754,2028,99193,1,991.93
3755,2028,196911,1,1969.11
3756,2028,171875,1,1718.75
3757,2028,128729,1,1287.29
3758,2028,561615,1,5616.15
3759,2028,147689,1,1476.89
3760,2028,208543,1,2085.43
3761,2028,191237,1,1912.37
3762,2028,244250,1,2442.5
3763,2028,255576,1,2555.76
3764,2028,303070,1,3030.7
3765,2028,184916,1,1849.16
3766,2028,264145,1,2641.45
3767,2028,206081,1,2060.81
3768,2028,206341,1,2063.41
3769,2028,177730,1,1777.3
3770,2028,407657,2,4076.57
3771,2028,152100,1,1521.0
3772,2028,313054,3,3130.54
3773,2028,140893,1,1408.93
3774,2028,88319,1,883.19
3775,2028,129819,1,1298.19
3776,2028,130132,1,1301.32
3777,2028,784075,4,7840.75
3779,2028,211619,1,2116.19
3780,2028,594905,1,5949.05
3781,2028,148009,1,1480.09
3782,2028,147696,1,1476.96
3783,2028,218248,1,2182.48
3784,2028,244286,1,2442.86
3785,2028,191618,1,1916.18
3786,2028,274443,1,2744.43
3787,2028,298147,1,2981.47
3788,2028,322378,1,3223.78
3789,2028,127907,1,1279.07
3791,2028,265293,1,2652.93
3792,2028,175214,1,1752.14
3793,2028,129007,1,1290.07
3794,2028,209687,2,2096.87
3795,2028,47855,1,478.55
3796,2028,378270,2,3782.7
3797,2028,113046,1,1130.46
3799,2028,496440,1,4964.4
3800,2028,378002,2,3780.02
3801,2028,323065,1,3230.65
3802,2028,148009,1,1480.09
3803,2028,1248537,2,12485.37
3804,2028,703521,1,7035.21
3805,2028,498290,3,4982.9
3806,2028,303711,1,3037.11
3807,2028,636163,2,6361.63
3808,2028,184752,1,1847.52
3809,2028,119673,1,1196.73
3810,2028,193627,1,1936.27
3811,2028,208574,1,2085.74
3812,2028,1068056,3,10680.56
3813,2028,308191,1,3081.91
3814,2028,255982,1,2559.82
3815,2028,290792,1,2907.92
3816,2028,111404,1,1114.04
3817,2028,133014,1,1330.14
3818,2028,109441,1,1094.41
3819,2028,296625,2,2966.25
3820,2028,115744,1,1157.44
3821,2028,112781,1,1127.81
3822,2028,158549,1,1585.49
3823,2028,147845,1,1478.45
3824,2028,403372,1,4033.72
3825,2028,185080,1,1850.8
3826,2028,983943,3,9839.43
3827,2028,216186,1,2161.86
3828,2028,447599,2,4475.99
3829,2028,205897,1,2058.97
3830,2028,261253,1,2612.53
3831,2028,367971,1,3679.71
3832,2028,136225,1,1362.25
3833,2028,121471,1,1214.71
3834,2028,50684,1,506.84
3835,2028,115521,1,1155.21
3837,2028,210695,1,2106.95
3838,2028,147852,1,1478.52
3839,2028,208759,1,2087.59
3840,2028,290423,1,2904.23
3841,2028,267480,1,2674.8
3842,2028,238623,1,2386.23
3843,2028,538506,1,5385.06
3844,2028,119430,1,1194.3
3845,2028,2862308,11,28623.08
3846,2028,110075,1,1100.75
3847,2028,57067,1,570.67
3848,2028,48792,1,487.92
3849,2028,117966,1,1179.66
3850,2028,94599,1,945.99
3851,2028,147852,1,1478.52
3852,2028,234074,1,2340.74
3853,2028,285544,1,2855.44
3854,2028,229343,1,2293.43
3855,2028,237467,1,2374.67
3856,2028,218443,1,2184.43
3857,2028,191517,1,1915.17
3858,2028,481463,1,4814.63
3859,2028,491285,3,4912.85
3860,2028,450850,1,4508.5
3861,2028,184916,1,1849.16
3862,2028,193523,1,1935.23
3863,2028,363306,1,3633.06
3864,2028,208574,1,2085.74
3865,2028,268889,1,2688.89
3866,2028,147845,1,1478.45
3867,2028,244529,1,2445.29
3868,2028,268156,1,2681.56
3869,2028,237980,1,2379.8
3870,2028,298094,1,2980.94
3871,2028,119673,1,1196.73
3872,2028,109724,1,1097.24
3873,2028,236036,2,2360.36
3874,2028,271596,2,2715.96
3875,2028,94435,1,944.35
3876,2028,618880,2,6188.8
3877,2028,148166,1,1481.66
3878,2028,291177,1,2911.77
3879,2028,229814,1,2298.14
3880,2028,285213,1,2852.13
3881,2028,459054,3,4590.54
3882,2028,244493,1,2444.93
3883,2028,443524,1,4435.24
3884,2028,237839,1,2378.39
3885,2028,1179834,1,11798.34
3886,2028,3349331,11,33493.31
3887,2028,184940,1,1849.4
3888,2028,206194,1,2061.94
3889,2028,268894,1,2688.94
3890,2028,206341,1,2063.41
3891,2028,307830,1,3078.3
3892,2028,154333,1,1543.33
3893,2028,190707,1,1907.07
3895,2028,208767,1,2087.67
3896,2028,481111,1,4811.11
3897,2028,119798,1,1197.98
3898,2028,261178,1,2611.78
3899,2028,692722,4,6927.22
3901,2028,122228,1,1222.28
3902,2028,112120,1,1121.2
3903,2028,164986,1,1649.86
3905,2028,283508,1,2835.08
3906,2028,322719,1,3227.19
3907,2028,147696,1,1476.96
3908,2028,148009,1,1480.09
3909,2028,233601,1,2336.01
3911,2028,229586,1,2295.86
3912,2028,252773,1,2527.73
3913,2028,244493,1,2444.93
3914,2028,191977,1,1919.77
3915,2028,290423,1,2904.23
3916,2028,268540,1,2685.4
3917,2028,1635652,4,16356.52
3918,2028,209117,1,2091.17
3919,2028,220561,1,2205.61
3920,2028,257798,1,2577.98
3921,2028,149181,1,1491.81
3922,2028,77314,1,773.14
3923,2028,115751,1,1157.51
3925,2028,147845,1,1478.45
3926,2028,233381,1,2333.81
3927,2028,234311,1,2343.11
3928,2028,229586,1,2295.86
3929,2028,305588,1,3055.88
3930,2028,237786,1,2377.86
3931,2028,191212,1,1912.12
3932,2028,244493,1,2444.93
3933,2028,119547,1,1195.47
3935,2028,205928,1,2059.28
3936,2028,363804,1,3638.04
3937,2028,208513,1,2085.13
3938,2028,1067364,3,10673.64
3939,2028,205897,1,2058.97
3940,2028,63068,1,630.68
3941,2028,49093,1,490.93
3942,2028,211690,1,2116.9
3943,2028,208529,1,2085.29
3944,2028,191763,1,1917.63
3946,2028,269223,1,2692.23
3947,2028,224215,3,2242.15
3948,2028,159369,1,1593.69
3949,2028,119234,1,1192.34
3951,2028,155793,2,1557.93
3952,2028,412397,2,4123.97
3953,2028,335401,1,3354.01
3954,2028,561877,1,5618.77
3955,2028,283838,1,2838.38
3957,2028,217848,1,2178.48
3958,2028,237467,1,2374.67
3959,2028,253015,1,2530.15
3960,2028,244079,1,2440.79
3961,2028,214543,1,2145.43
3962,2028,290091,1,2900.91
3963,2028,594538,1,5945.38
3964,2028,173286,1,1732.86
3965,2028,1304936,1,13049.36
3966,2028,701669,1,7016.69
3967,2028,256016,1,2560.16
3968,2028,206663,1,2066.63
3969,2028,261632,1,2616.32
3971,2028,334757,1,3347.57
3972,2028,103197,1,1031.97
3973,2028,109538,1,1095.38
3974,2028,107587,1,1075.87
3975,2028,190696,1,1906.96
3976,2028,243256,1,2432.56
3978,2028,208326,1,2083.26
3979,2028,244529,1,2445.29
3980,2028,219557,1,2195.57
3981,2028,173369,1,1733.69
3982,2028,322233,1,3222.33
3983,2028,193834,1,1938.34
3984,2028,206347,1,2063.47
3985,2028,208815,1,2088.15
3987,2028,130610,1,1306.1
3988,2028,178896,1,1788.96
3989,2028,139116,1,1391.16
3990,2028,130290,1,1302.9
3991,2028,196673,1,1966.73
3992,2028,100437,1,1004.37
3993,2028,100052,1,1000.52
3994,2028,99449,1,994.49
3995,2028,219878,1,2198.78
3996,2028,204280,1,2042.8
3997,2028,243235,1,2432.35
3998,2028,251821,1,2518.21
3999,2028,479589,1,4795.89
4000,2028,191541,1,1915.41
4001,2028,191352,1,1913.52
4002,2028,214973,1,2149.73
4003,2028,173320,1,1733.2
4004,2028,302856,1,3028.56
4005,2028,531578,2,5315.78
4006,2028,381387,2,3813.87
4007,2028,208815,1,2088.15
4008,2028,206702,1,2067.02
4009,2028,1249774,4,12497.74
4010,2028,570861,4,5708.61
4011,2028,283943,1,2839.43
4012,2028,305300,1,3053.0
4013,2028,268284,1,2682.84
4014,2028,496006,2,4960.06
4015,2028,205928,1,2059.28
4017,2028,91198,1,911.98
4019,2028,268926,1,2689.26
4020,2028,243450,1,2434.5
4021,2028,290300,1,2903.0
4022,2028,173320,1,1733.2
4023,2028,219899,1,2198.99
4024,2028,308148,1,3081.48
4025,2028,135257,1,1352.57
4026,2028,95945,1,959.45
4027,2028,454069,4,4540.69
4028,2028,52939,1,529.39
4029,2028,154171,1,1541.71
4030,2028,111201,1,1112.01
4031,2028,4508862,15,45088.62
4032,2028,390331,1,3903.31
4033,2028,449307,1,4493.07
4034,2028,240609,1,2406.09
4035,2028,191821,1,1918.21
4036,2028,219587,1,2195.87
4037,2028,215067,1,2150.67
4038,2028,303533,1,3035.33
4040,2028,206762,1,2067.62
4041,2028,283259,1,2832.59
4042,2028,112631,1,1126.31
4043,2028,262673,2,2626.73
4044,2028,99951,1,999.51
4046,2028,242762,1,2427.62
4047,2028,173204,1,1732.04
4048,2028,322063,1,3220.63
4050,2028,136245,1,1362.45
4051,2028,99262,1,992.62
4052,2028,326609,1,3266.09
4053,2028,420482,1,4204.82
4054,2028,376103,2,3761.03
4055,2028,222581,1,2225.81
4056,2028,191821,1,1918.21
4057,2028,317011,1,3170.11
4058,2028,538122,1,5381.22
4060,2028,266015,1,2660.15
4061,2028,370708,1,3707.08
4062,2028,236972,1,2369.72
4063,2028,436445,2,4364.45
4064,2028,162542,1,1625.42
4065,2028,293679,2,2936.79
4066,2028,89283,1,892.83
4067,2028,257856,2,2578.56
4068,2028,121270,1,1212.7
4070,2028,373754,2,3737.54
4071,2028,269327,1,2693.27
4072,2028,283614,1,2836.14
4073,2028,243214,1,2432.14
4074,2028,208963,1,2089.63
4075,2028,268229,1,2682.29
4076,2028,192001,1,1920.01
4077,2028,214638,1,2146.38
4078,2028,290336,1,2903.36
4079,2028,173039,1,1730.39
4080,2028,1001064,3,10010.64
4081,2028,208513,1,2085.13
4082,2028,207244,1,2072.44
4083,2028,560383,2,5603.83
4084,2028,134187,1,1341.87
4085,2028,176803,1,1768.03
4086,2028,159181,1,1591.81
4088,2028,222107,1,2221.07
4089,2028,317246,1,3172.46
4090,2028,443289,1,4432.89
4091,2028,189737,2,1897.37
4092,2028,100798,1,1007.98
4093,2028,102848,1,1028.48
4094,2028,172530,1,1725.3
4095,2028,133655,1,1336.55
4096,2028,145271,1,1452.71
4097,2028,237919,1,2379.19
4099,2028,350447,1,3504.47
4100,2028,217368,1,2173.68
4101,2028,242956,1,2429.56
4102,2028,362620,1,3626.2
4103,2028,347480,1,3474.8
4104,2028,219549,1,2195.49
4105,2028,192215,1,1922.15
4106,2028,242059,1,2420.59
4107,2028,173286,1,1732.86
4108,2028,170486,1,1704.86
4109,2028,259721,1,2597.21
4110,2028,957214,1,9572.14
4111,2028,237693,1,2376.93
4112,2028,117356,1,1173.56
4113,2028,150241,1,1502.41
4114,2028,204473,1,2044.73
4115,2028,214664,1,2146.64
4116,2028,352758,1,3527.58
4117,2028,207425,1,2074.25
4118,2028,954667,4,9546.67
4119,2028,306508,1,3065.08
4122,2028,194963,1,1949.63
4123,2028,362368,1,3623.68
4124,2028,172841,1,1728.41
4125,2028,314152,1,3141.52
4126,2028,209240,1,2092.4
4127,2028,1031874,2,10318.74
4128,2028,1224008,6,12240.08
4129,2028,106156,1,1061.56
4130,2028,110251,1,1102.51
4131,2028,64798,1,647.98
4132,2028,102847,1,1028.47
4135,2028,119254,1,1192.54
4136,2028,169349,1,1693.49
4138,2028,350683,1,3506.83
4139,2028,283943,1,2839.43
4140,2028,347975,1,3479.75
4141,2028,254089,1,2540.89
4142,2028,242402,1,2424.02
4143,2028,290754,1,2907.54
4144,2028,268156,1,2681.56
4145,2028,170961,1,1709.61
4146,2028,303248,1,3032.48
4147,2028,490439,3,4904.39
4148,2028,105903,1,1059.03
4149,2028,258671,2,2586.71
4150,2028,218576,1,2185.76
4151,2028,173951,2,1739.51
4152,2028,91457,1,914.57
4153,2028,103116,1,1031.16
4154,2028,160457,1,1604.57
4155,2028,246614,1,2466.14
4156,2028,365585,3,3655.85
4157,2028,108250,1,1082.5
4159,2028,204217,1,2042.17
4160,2028,217386,1,2173.86
4161,2028,487113,1,4871.13
4162,2028,362123,1,3621.23
4163,2028,305140,1,3051.4
4164,2028,242367,1,2423.67
4165,2028,215187,1,2151.87
4166,2028,173088,1,1730.88
4167,2028,170486,1,1704.86
4168,2028,353062,1,3530.62
4169,2028,236779,1,2367.79
4170,2028,202523,1,2025.23
4171,2028,208876,1,2088.76
4172,2028,307874,1,3078.74
4173,2028,61383,1,613.83
4174,2028,299723,2,2997.23
4175,2028,50573,1,505.73
4176,2028,195233,2,1952.33
4177,2028,54323,1,543.23
4178,2028,96569,1,965.69
4179,2028,350760,1,3507.6
4180,2028,216863,1,2168.63
4181,2028,303248,1,3032.48
4182,2028,154193,1,1541.93
4183,2028,187694,1,1876.94
4184,2028,141220,1,1412.2
4185,2028,179985,2,1799.85
4186,2028,99370,1,993.7
4187,2028,482493,1,4824.93
4188,2028,305144,1,3051.44
4189,2028,718725,3,7187.25
4190,2028,268335,1,2683.35
4191,2028,173005,1,1730.05
4192,2028,404444,2,4044.44
4193,2028,614986,2,6149.86
4194,2028,4203221,1,42032.21
4195,2028,200919,1,2009.19
4196,2028,215118,1,2151.18
4197,2028,1250367,3,12503.67
4198,2028,172312,1,1723.12
4199,2028,123252,1,1232.52
4200,2028,105351,1,1053.51
4201,2028,194387,1,1943.87
4202,2028,163916,1,1639.16
4203,2028,216863,1,2168.63
4204,2028,223639,1,2236.39
4205,2028,217368,1,2173.68
4206,2028,509356,2,5093.56
4207,2028,416531,1,4165.31
4208,2028,216841,1,2168.41
4209,2028,196424,1,1964.24
4210,2028,268541,1,2685.41
4211,2028,317790,1,3177.9
4212,2028,305140,1,3051.4
4213,2028,242367,1,2423.67
4214,2028,215496,1,2154.96
4215,2028,290178,1,2901.78
4216,2028,344650,1,3446.5
4217,2028,170907,1,1709.07
4218,2028,223147,1,2231.47
4219,2028,957098,1,9570.98
4220,2028,288880,1,2888.8
4222,2028,208452,1,2084.52
4223,2028,103920,1,1039.2
4224,2028,283777,2,2837.77
4225,2028,54501,1,545.01
4226,2028,100798,1,1007.98
4227,2028,59334,1,593.34
4228,2028,59365,1,593.65
4229,2028,101810,1,1018.1
4230,2028,185967,2,1859.67
4231,2028,163959,1,1639.59
4232,2028,163959,1,1639.59
4233,2028,244439,1,2444.39
4234,2028,223941,1,2239.41
4235,2028,217602,1,2176.02
4236,2028,373151,1,3731.51
4237,2028,207524,1,2075.24
4238,2028,258865,1,2588.65
4239,2028,466269,3,4662.69
4240,2028,242230,1,2422.3
4241,2028,215067,1,2150.67
4242,2028,317011,1,3170.11
4244,2028,701535,1,7015.35
4245,2028,493477,5,4934.77
4246,2028,436866,3,4368.66
4247,2028,413832,1,4138.32
4248,2028,289048,1,2890.48
4249,2028,202364,1,2023.64
4250,2028,463509,1,4635.09
4251,2028,307922,1,3079.22
4252,2028,313197,1,3131.97
4254,2028,154987,1,1549.87
4255,2028,827379,2,8273.79
4256,2028,105101,1,1051.01
4257,2028,158095,1,1580.95
4258,2028,170490,1,1704.9
4259,2028,194554,1,1945.54
4260,2028,244655,1,2446.55
4261,2028,207794,1,2077.94
4262,2028,347480,1,3474.8
4263,2028,242367,1,2423.67
4264,2028,290754,1,2907.54
4265,2028,268156,1,2681.56
4266,2028,345150,1,3451.5
4267,2028,170486,1,1704.86
4268,2028,519507,3,5195.07
4269,2028,201123,1,2011.23
4270,2028,202874,1,2028.74
4272,2028,104171,1,1041.71
4273,2028,159391,1,1593.91
4274,2028,312775,2,3127.75
4275,2028,158243,1,1582.43
4276,2028,506215,1,5062.15
4277,2028,207309,1,2073.09
4278,2028,350680,1,3506.8
4279,2028,427859,1,4278.59
4280,2028,199737,1,1997.37
4281,2028,215067,1,2150.67
4282,2028,170839,1,1708.39
4283,2028,230550,1,2305.5
4284,2028,200978,1,2009.78
4285,2028,331455,1,3314.55
4286,2028,404869,1,4048.69
4287,2028,206194,1,2061.94
4288,2028,396945,2,3969.45
4289,2028,194387,1,1943.87
4290,2028,244913,1,2449.13
4291,2028,216546,1,2165.46
4292,2028,216900,1,2169.0
4293,2028,1311053,2,13110.53
4294,2028,218369,1,2183.69
4295,2028,173753,1,1737.53
4296,2028,218666,1,2186.66
4297,2028,283324,1,2833.24
4298,2028,266211,1,2662.11
4299,2028,289062,1,2890.62
4300,2028,1603984,5,16039.84
4301,2028,123670,1,1236.7
4302,2028,384376,2,3843.76
4303,2028,136299,1,1362.99
4304,2028,119139,1,1191.39
4305,2028,514262,1,5142.62
4306,2028,420202,1,4202.02
4307,2028,372792,1,3727.92
4308,2028,175920,1,1759.2
4309,2028,173881,1,1738.81
4310,2028,173753,1,1737.53
4311,2028,174086,1,1740.86
4312,2028,174291,1,1742.91
4313,2028,170839,1,1708.39
4314,2028,230850,1,2308.5
4315,2028,201107,1,2011.07
4316,2028,202204,1,2022.04
4318,2028,207123,1,2071.23
4319,2028,412366,1,4123.66
4320,2028,148821,1,1488.21
4321,2028,344690,1,3446.9
4322,2028,151203,1,1512.03
4323,2028,116475,1,1164.75
4324,2028,90425,1,904.25
4325,2028,117450,1,1174.5
4326,2028,193897,1,1938.97
4327,2028,244913,1,2449.13
4328,2028,217278,1,2172.78
4329,2028,207775,1,2077.75
4331,2028,205480,1,2054.8
4332,2028,290423,1,2904.23
4333,2028,213982,1,2139.82
4334,2028,331620,1,3316.2
4335,2028,294228,1,2942.28
4336,2028,206081,1,2060.81
4337,2028,202704,1,2027.04
4338,2028,206822,1,2068.22
4339,2028,339193,1,3391.93
4340,2028,395545,2,3955.45
4341,2028,163916,1,1639.16
4342,2028,244613,1,2446.13
4343,2028,643937,2,6439.37
4344,2028,207328,1,2073.28
4345,2028,294657,1,2946.57
4346,2028,223931,1,2239.31
4347,2028,265920,1,2659.2
4348,2028,200962,1,2009.62
4349,2028,288712,1,2887.12
4351,2028,421394,1,4213.94
4352,2028,188045,1,1880.45
4353,2028,161129,1,1611.29
4354,2028,173475,1,1734.75
4355,2028,214237,1,2142.37
4356,2028,109661,1,1096.61
4357,2028,154880,1,1548.8
4358,2028,194387,1,1943.87
4359,2028,216863,1,2168.63
4360,2028,215187,1,2151.87
4361,2028,206347,1,2063.47
4362,2028,206882,1,2068.82
4363,2028,419530,1,4195.3
4364,2028,161054,1,1610.54
4365,2028,232151,2,2321.51
4366,2028,121519,1,1215.19
4367,2028,256698,2,2566.98
4368,2028,110041,1,1100.41
4369,2028,154862,1,1548.62
4370,2028,333212,1,3332.12
4371,2028,244439,1,2444.39
4372,2028,420344,1,4203.44
4373,2028,306187,1,3061.87
4374,2028,352007,1,3520.07
4375,2028,231903,1,2319.03
4376,2028,207775,1,2077.75
4379,2028,294982,1,2949.82
4380,2028,344421,1,3444.21
4381,2028,214335,1,2143.35
4382,2028,411321,1,4113.21
4383,2028,223579,1,2235.79
4384,2028,265529,1,2655.29
4385,2028,200833,1,2008.33
4386,2028,513292,2,5132.92
4387,2028,293958,1,2939.58
4388,2028,461893,1,4618.93
4389,2028,288874,1,2888.74
4391,2028,616565,2,6165.65
4392,2028,269191,1,2691.91
4393,2028,56040,1,560.4
4394,2028,67418,1,674.18
4395,2028,121359,1,1213.59
4396,2028,231104,2,2311.04
4398,2028,201848,1,2018.48
4399,2028,116957,1,1169.57
4400,2028,194221,1,1942.21
4402,2028,216863,1,2168.63
4403,2028,288185,1,2881.85
4404,2028,200656,1,2006.56
4405,2028,206081,1,2060.81
4407,2028,206882,1,2068.82
4408,2028,285986,1,2859.86
4409,2028,135634,1,1356.34
4410,2028,288096,2,2880.96
4411,2028,111270,1,1112.7
4412,2028,115108,1,1151.08
4413,2028,108745,1,1087.45
4414,2028,858710,3,8587.1
4415,2028,204213,1,2042.13
4416,2028,352359,1,3523.59
4417,2028,227224,1,2272.24
4418,2028,351086,1,3510.86
4419,2028,172511,1,1725.11
4420,2028,172835,1,1728.35
4421,2028,443759,1,4437.59
4422,2028,274293,1,2742.93
4423,2028,405219,1,4052.19
4424,2028,214159,1,2141.59
4425,2028,411833,1,4118.33
4426,2028,201721,1,2017.21
4427,2028,141578,1,1415.78
4428,2028,110043,1,1100.43
4429,2028,163938,1,1639.38
4430,2028,228088,1,2280.88
4431,2028,171843,1,1718.43
4432,2028,172319,1,1723.19
4433,2028,172319,1,1723.19
4434,2028,172663,1,1726.63
4436,2028,351250,1,3512.5
4437,2028,242247,1,2422.47
4438,2028,211237,1,2112.37
4439,2028,223579,1,2235.79
4440,2028,200962,1,2009.62
4441,2028,229393,1,2293.93
4442,2028,269518,1,2695.18
4443,2028,30159,1,301.59
4444,2028,108579,1,1085.79
4445,2028,30435,1,304.35
4447,2028,91903,1,919.03
4448,2028,88673,1,886.73
4449,2028,194059,1,1940.59
4450,2028,164123,1,1641.23
4451,2028,443134,4,4431.34
4452,2028,352058,1,3520.58
4453,2028,223340,1,2233.4
4454,2028,227113,1,2271.13
4455,2028,172015,1,1720.15
4456,2028,171863,1,1718.63
4457,2028,344421,1,3444.21
4458,2028,213727,1,2137.27
4459,2028,215330,1,2153.3
4463,2028,294498,1,2944.98
4464,2028,206025,1,2060.25
4465,2028,288887,1,2888.87
4467,2028,209117,1,2091.17
4468,2028,144438,1,1444.38
4469,2028,130032,2,1300.32
4470,2028,244836,1,2448.36
4471,2028,200962,1,2009.62
4472,2028,1067731,3,10677.31
4473,2028,212883,2,2128.83
4474,2028,111112,1,1111.12
4475,2028,99059,1,990.59
4476,2028,299000,1,2990.0
4477,2028,243530,1,2435.3
4478,2028,223931,1,2239.31
4479,2028,229131,1,2291.31
4480,2028,143687,1,1436.87
4481,2028,427755,1,4277.55
4482,2028,244636,1,2446.36
4483,2028,420344,1,4203.44
4484,2028,5617850,13,56178.5
4485,2028,576905,1,5769.05
4486,2028,959224,1,9592.24
4487,2028,214081,1,2140.81
4488,2028,275435,1,2754.35
4489,2028,202374,1,2023.74
4490,2028,208032,1,2080.32
4491,2028,599950,1,5999.5
4492,2028,150961,1,1509.61
4493,2028,175335,2,1753.35
4494,2028,50971,1,509.71
4495,2028,179042,2,1790.42
4496,2028,92538,1,925.38
4497,2028,164165,1,1641.65
4498,2028,245037,1,2450.37
4499,2028,351103,1,3511.03
4500,2028,359498,1,3594.98
4501,2028,242776,1,2427.76
4502,2028,576774,1,5767.74
4503,2028,283417,1,2834.17
4504,2028,283255,1,2832.55
4505,2028,295680,5,2956.8
4506,2028,200995,1,2009.95
4507,2028,206347,1,2063.47
4509,2028,145834,1,1458.34
4510,2028,108982,1,1089.82
4511,2028,271444,5,2714.44
4512,2028,143564,1,1435.64
4514,2028,57921,1,579.21
4515,2028,92571,1,925.71
4516,2028,122595,1,1225.95
4517,2028,100959,1,1009.59
4518,2028,158030,1,1580.3
4519,2028,344040,1,3440.4
4520,2028,214237,1,2142.37
4522,2028,36539,1,365.39
4523,2028,36237,1,362.37
4524,2028,36361,1,363.61
4525,2028,36449,1,364.49
4526,2028,223404,1,2234.04
4527,2028,229094,1,2290.94
4529,2028,208938,1,2089.38
4530,2028,411253,2,4112.53
4531,2028,59646,1,596.46
4532,2028,111403,1,1114.03
4533,2028,23341,1,233.41
4534,2028,129406,1,1294.06
4535,2028,957846,5,9578.46
4537,2028,756183,1,7561.83
4538,2028,91027,1,910.27
4539,2028,158018,1,1580.18
4540,2028,125920,1,1259.2
4541,2028,250833,1,2508.33
4542,2028,250794,1,2507.94
4543,2028,665526,2,6655.26
4544,2028,36449,1,364.49
4545,2028,206137,1,2061.37
4546,2028,128706,1,1287.06
4547,2028,123672,1,1236.72
4548,2028,226130,1,2261.3
4549,2028,113407,1,1134.07
4550,2028,152056,1,1520.56
4551,2028,214266,2,2142.66
4552,2028,154063,1,1540.63
4553,2028,250459,1,2504.59
4554,2028,250646,1,2506.46
4555,2028,204280,1,2042.8
4556,2028,352183,1,3521.83
4557,2028,242351,1,2423.51
4558,2028,294657,1,2946.57
4559,2028,201429,1,2014.29
4561,2028,105884,1,1058.84
4564,2028,152810,1,1528.1
4565,2028,199716,1,1997.16
4566,2028,208262,1,2082.62
4567,2028,366226,2,3662.26
4568,2028,104053,1,1040.53
4569,2028,84806,1,848.06
4570,2028,199781,2,1997.81
4571,2028,157624,1,1576.24
4572,2028,250420,1,2504.2
4573,2028,238134,1,2381.34
4574,2028,238305,1,2383.05
4575,2028,359949,1,3599.49
4576,2028,174426,1,1744.26
4577,2028,332515,1,3325.15
4578,2028,173165,1,1731.65
4579,2028,240916,1,2409.16
4580,2028,510594,1,5105.94
4581,2028,242273,1,2422.73
4582,2028,238341,1,2383.41
4583,2028,223803,1,2238.03
4584,2028,201107,1,2011.07
4585,2028,228831,1,2288.31
4586,2028,188153,1,1881.53
4587,2028,293775,1,2937.75
4588,2028,201875,1,2018.75
4589,2028,208272,1,2082.72
4590,2028,141581,1,1415.81
4591,2028,331219,1,3312.19
4592,2028,352007,1,3520.07
4593,2028,197821,1,1978.21
4594,2028,297736,1,2977.36
4595,2028,240807,1,2408.07
4596,2028,252541,1,2525.41
4597,2028,208815,1,2088.15
4598,2028,1067351,3,10673.51
4599,2028,128363,1,1283.63
4600,2028,259787,2,2597.87
4601,2028,87507,1,875.07
4602,2028,124201,1,1242.01
4603,2028,102429,1,1024.29
4604,2028,133920,1,1339.2
4605,2028,357180,1,3571.8
4606,2028,360196,1,3601.96
4607,2028,279578,1,2795.78
4608,2028,242460,1,2424.6
4609,2028,404688,1,4046.88
4610,2028,1064785,1,10647.85
4611,2028,239770,1,2397.7
4612,2028,242891,1,2428.91
4613,2028,292616,1,2926.16
4615,2028,228907,1,2289.07
4616,2028,599725,1,5997.25
4618,2028,155011,1,1550.11
4619,2028,117377,1,1173.77
4620,2028,203194,1,2031.94
4621,2028,145229,1,1452.29
4622,2028,345372,2,3453.72
4623,2028,164150,1,1641.5
4624,2028,351757,1,3517.57
4625,2028,197457,1,1974.57
4626,2028,331551,1,3315.51
4627,2028,405740,1,4057.4
4628,2028,445837,1,4458.37
4629,2028,239770,1,2397.7
4630,2028,510830,1,5108.3
4631,2028,238623,1,2386.23
4633,2028,188602,1,1886.02
4634,2028,457162,2,4571.62
4635,2028,416585,1,4165.85
4636,2028,209000,1,2090.0
4637,2028,344042,2,3440.42
4638,2028,53050,1,530.5
4639,2028,232120,1,2321.2
4640,2028,161066,1,1610.66
4641,2028,217857,1,2178.57
4642,2028,174682,1,1746.82
4643,2028,279743,1,2797.43
4645,2028,446288,1,4462.88
4646,2028,487563,1,4875.63
4647,2028,321453,1,3214.53
4648,2028,252641,1,2526.41
4649,2028,292812,1,2928.12
4650,2028,397696,1,3976.96
4651,2028,599801,1,5998.01
4652,2028,206822,1,2068.22
4653,2028,269191,1,2691.91
4654,2028,188200,1,1882.0
4655,2028,746675,2,7466.75
4656,2028,159028,1,1590.28
4657,2028,384401,1,3844.01
4658,2028,251326,2,2513.26
4659,2028,175008,1,1750.08
4660,2028,352682,2,3526.82
4661,2028,611165,1,6111.65
4662,2028,352310,2,3523.1
4663,2028,238180,1,2381.8
4664,2028,238266,1,2382.66
4665,2028,128140,1,1281.4
4666,2028,251937,1,2519.37
4667,2028,251650,1,2516.5
4668,2028,128532,1,1285.32
4669,2028,128222,1,1282.22
4670,2028,128222,1,1282.22
4671,2028,379292,1,3792.92
4672,2028,128222,1,1282.22
4673,2028,446106,1,4461.06
4674,2028,544259,1,5442.59
4675,2028,690107,2,6901.07
4676,2028,208815,1,2088.15
4677,2028,135773,1,1357.73
4679,2028,352682,2,3526.82
4680,2028,352473,2,3524.73
4681,2028,128222,1,1282.22
4682,2028,128304,1,1283.04
4683,2028,128222,1,1282.22
4684,2028,295668,1,2956.68
4685,2028,295038,1,2950.38
4686,2028,293439,1,2934.39
4687,2028,202374,1,2023.74
4688,2028,139847,1,1398.47
4689,2028,239373,2,2393.73
4690,2028,116039,1,1160.39
4693,2028,55656,1,556.56
4694,2028,148365,1,1483.65
4695,2028,471386,1,4713.86
4696,2028,1079966,1,10799.66
4697,2028,174866,1,1748.66
4698,2028,279578,1,2795.78
4699,2028,238381,1,2383.81
4700,2028,352612,2,3526.12
4702,2028,865614,3,8656.14
4703,2028,128417,1,1284.17
4704,2028,295339,1,2953.39
4705,2028,128613,1,1286.13
4706,2028,128336,1,1283.36
4707,2028,128499,1,1284.99
4709,2028,128451,1,1284.51
4711,2028,128809,1,1288.09
4712,2028,511911,1,5119.11
4713,2028,338280,1,3382.8
4714,2028,397944,1,3979.44
4715,2028,208272,1,2082.72
4716,2028,121981,1,1219.81
4717,2028,275121,1,2751.21
4718,2028,482398,1,4823.98
4719,2028,267292,1,2672.92
4720,2028,213882,1,2138.82
4721,2028,1982372,1,19823.72
4722,2028,138249,1,1382.49
4723,2028,242997,1,2429.97
4724,2028,2527929,1,25279.29
4725,2028,1973027,1,19730.27
4726,2028,217209,1,2172.09
4727,2028,89386,1,893.86
4728,2028,159627,1,1596.27
4729,2028,183055,1,1830.55
4730,2028,84725,1,847.25
4731,2028,112255,1,1122.55
4732,2028,2335913,1,23359.13
4733,2028,130884,1,1308.84
4734,2028,270265,3,2702.65
4735,2028,53727,1,537.27
4737,2028,118341,1,1183.41
4738,2028,51632,1,516.32
4739,2028,114862,1,1148.62
4740,2028,105336,1,1053.36
4741,2028,149511,1,1495.11
4742,2028,90602,1,906.02
4743,2028,90837,1,908.37
4744,2028,194707,1,1947.07
4746,2028,105138,1,1051.38
4747,2028,401067,3,4010.67
4748,2028,263376,2,2633.76
4749,2028,105457,1,1054.57
4750,2028,115759,1,1157.59
4751,2028,94364,1,943.64
4752,2028,104551,1,1045.51
4753,2028,100774,1,1007.74
4754,2028,104654,1,1046.54
4755,2028,100221,1,1002.21
4756,2028,150331,1,1503.31
4757,2028,118146,1,1181.46
4758,2028,215051,1,2150.51
4759,2028,122195,1,1221.95
4760,2028,134981,1,1349.81
4761,2028,144169,1,1441.69
4762,2028,121725,1,1217.25
4763,2028,426505,2,4265.05
4764,2028,399434,1,3994.34
4765,2028,604074,1,6040.74
4766,2028,296087,1,2960.87
4767,2028,206696,1,2066.96
4768,2028,339496,1,3394.96
4769,2028,203936,1,2039.36
4770,2028,225436,1,2254.36
4771,2028,328581,2,3285.81
4772,2028,355730,2,3557.3
4773,2028,143962,1,1439.62
4774,2028,181700,1,1817.0
4775,2028,206431,1,2064.31
4776,2028,276306,1,2763.06
4777,2028,158417,1,1584.17
4778,2028,114176,1,1141.76
4779,2028,361971,1,3619.71
4780,2028,95238,1,952.38
4781,2028,181581,1,1815.81
4782,2028,180818,1,1808.18
4783,2028,180778,1,1807.78
4784,2028,181377,1,1813.77
4785,2028,448194,1,4481.94
4786,2028,447682,1,4476.82
4787,2028,296011,1,2960.11
4788,2028,296599,1,2965.99
4789,2028,296196,1,2961.96
4790,2028,206376,1,2063.76
4791,2028,206166,1,2061.66
4792,2028,413626,1,4136.26
4793,2028,206166,1,2061.66
4794,2028,262849,1,2628.49
4795,2028,182613,1,1826.13
4796,2028,225436,1,2254.36
4797,2028,225799,1,2257.99
4798,2028,225639,1,2256.39
4799,2028,694246,1,6942.46
4800,2028,95623,1,956.23
4801,2028,93292,1,932.92
4802,2028,150182,1,1501.82
4803,2028,181138,1,1811.38
4804,2028,181018,1,1810.18
4805,2028,222408,1,2224.08
4806,2028,296087,1,2960.87
4807,2028,206011,1,2060.11
4808,2028,206431,1,2064.31
4809,2028,206486,1,2064.86
4810,2028,289884,1,2898.84
4811,2028,289669,1,2896.69
4812,2028,641906,1,6419.06
4813,2028,182810,1,1828.1
4814,2028,183007,1,1830.07
4815,2028,225799,1,2257.99
4816,2028,225314,1,2253.14
4817,2028,106254,1,1062.54
4818,2028,107659,1,1076.59
4819,2028,95873,1,958.73
4820,2028,93292,1,932.92
4821,2028,105709,1,1057.09
4822,2028,181218,1,1812.18
4823,2028,209126,1,2091.26
4824,2028,231631,1,2316.31
4825,2028,402719,2,4027.19
4827,2028,57882,1,578.82
4828,2028,107601,1,1076.01
4829,2028,58473,1,584.73
4830,2028,44025,1,440.25
4831,2028,44646,1,446.46
4832,2028,101202,1,1012.02
4833,2028,107641,1,1076.41
4834,2028,209448,1,2094.48
4835,2028,209029,1,2090.29
4836,2028,209183,1,2091.83
4837,2028,94855,1,948.55
4838,2028,98498,1,984.98
4839,2028,101720,1,1017.2
4840,2028,98835,1,988.35
4841,2028,169914,1,1699.14
4842,2028,249401,1,2494.01
4843,2028,108962,1,1089.62
4844,2028,229082,1,2290.82
4845,2028,447682,1,4476.82
4846,2028,566513,1,5665.13
4847,2028,206011,1,2060.11
4848,2028,208973,1,2089.73
4849,2028,209183,1,2091.83
4850,2028,209126,1,2091.26
4851,2028,390759,1,3907.59
4852,2028,289828,1,2898.28
4853,2028,313996,1,3139.96
4854,2028,231054,1,2310.54
4855,2028,682245,1,6822.45
4857,2028,40917,1,409.17
4858,2028,41753,1,417.53
4859,2028,150245,1,1502.45
4860,2028,233572,2,2335.72
4861,2028,304483,1,3044.83
4862,2028,357861,3,3578.61
4863,2028,390430,1,3904.3
4864,2028,206067,1,2060.67
4865,2028,209183,1,2091.83
4866,2028,390759,1,3907.59
4867,2028,290042,1,2900.42
4868,2028,297719,1,2977.19
4869,2028,174882,1,1748.82
4870,2028,167366,1,1673.66
4871,2028,390430,1,3904.3
4872,2028,641680,1,6416.8
4873,2028,297620,1,2976.2
4874,2028,297561,1,2975.61
4875,2028,199608,1,1996.08
4876,2028,499841,2,4998.41
4877,2028,222408,1,2224.08
4878,2028,222024,1,2220.24
4879,2028,390266,1,3902.66
4880,2028,390980,1,3909.8
4881,2028,408080,1,4080.8
4882,2028,206276,1,2062.76
4883,2028,209086,1,2090.86
4884,2028,420498,1,4204.98
4885,2028,175959,1,1759.59
4886,2028,176354,1,1763.54
4887,2028,390156,1,3901.56
4888,2028,390045,1,3900.45
4889,2028,289455,1,2894.55
4890,2028,297825,1,2978.25
4891,2028,297290,1,2972.9
4892,2028,877327,2,8773.27
4893,2028,297075,1,2970.75
4894,2028,297834,1,2978.34
4895,2028,445840,1,4458.4
4896,2028,295135,1,2951.35
4897,2028,1458518,3,14585.18
4898,2028,91821,1,918.21
4899,2028,804896,1,8048.96
4900,2028,203356,1,2033.56
4901,2028,217440,1,2174.4
4902,2028,209126,1,2091.26
4903,2028,209658,1,2096.58
4904,2028,175959,1,1759.59
4905,2028,175790,1,1757.9
4906,2028,176270,1,1762.7
4907,2028,175959,1,1759.59
4908,2028,176044,1,1760.44
4909,2028,175959,1,1759.59
4910,2028,350517,1,3505.17
4911,2028,176242,1,1762.42
4912,2028,175650,1,1756.5
4913,2028,482533,1,4825.33
4914,2028,641977,1,6419.77
4915,2028,297504,1,2975.04
4916,2028,297718,1,2977.18
4917,2028,297776,1,2977.76
4918,2028,720377,2,7203.77
4919,2028,448194,1,4481.94
4920,2028,209029,1,2090.29
4921,2028,175874,1,1758.74
4922,2028,175959,1,1759.59
4923,2028,289939,1,2899.39
4924,2028,297834,1,2978.34
4925,2028,652554,1,6525.54
4926,2028,155658,1,1556.58
4927,2028,331307,1,3313.07
4928,2028,107498,1,1074.98
4929,2028,45136,1,451.36
4930,2028,294959,2,2949.59
4931,2028,91629,1,916.29
4932,2028,331553,2,3315.53
4933,2028,407920,1,4079.2
4934,2028,217495,1,2174.95
4935,2028,176354,1,1763.54
4936,2028,390100,1,3901.0
4937,2028,345786,1,3457.86
4938,2028,162373,1,1623.73
4939,2028,116982,1,1169.82
4940,2028,124984,1,1249.84
4941,2028,44960,1,449.6
4942,2028,141073,1,1410.73
4943,2028,140303,2,1403.03
4944,2028,213491,2,2134.91
4945,2028,404475,1,4044.75
4946,2028,217495,1,2174.95
4947,2028,227676,1,2276.76
4949,2028,155559,1,1555.59
4950,2028,172585,1,1725.85
4951,2028,168686,1,1686.86
4952,2028,101700,1,1017.0
4953,2028,514207,3,5142.07
4954,2028,128391,2,1283.91
4955,2028,121653,1,1216.53
4956,2028,427545,2,4275.45
4957,2028,118269,1,1182.69
4958,2028,976408,2,9764.08
4959,2028,242530,1,2425.3
4960,2028,482227,1,4822.27
4961,2028,237857,1,2378.57
4962,2028,238157,1,2381.57
4963,2028,238157,1,2381.57
4964,2028,237970,1,2379.7
4965,2028,849126,1,8491.26
4966,2028,222347,1,2223.47
4967,2028,227717,1,2277.17
4968,2028,675898,2,6758.98
4969,2028,335924,1,3359.24
4970,2028,115532,1,1155.32
4971,2028,108416,1,1084.16
4972,2028,323896,2,3238.96
4973,2028,186057,2,1860.57
4974,2028,211763,1,2117.63
4975,2028,114261,1,1142.61
4976,2028,128551,1,1285.51
4977,2028,89555,1,895.55
4978,2028,39983,1,399.83
4979,2028,42911,1,429.11
4980,2028,244205,2,2442.05
4981,2028,322041,1,3220.41
4982,2028,437611,1,4376.11
4983,2028,237857,1,2378.57
4984,2028,237932,1,2379.32
4985,2028,237932,1,2379.32
4986,2028,289558,1,2895.58
4987,2028,447748,1,4477.48
4988,2028,676034,2,6760.34
4989,2028,228162,1,2281.62
4990,2028,445355,1,4453.55
4991,2028,336036,1,3360.36
4992,2028,251954,1,2519.54
4993,2028,89295,1,892.95
4994,2028,432777,2,4327.77
4995,2028,121468,1,1214.68
4996,2028,65397,1,653.97
4997,2028,175629,2,1756.29
4998,2028,145098,1,1450.98
4999,2028,1661703,4,16617.03
5000,2028,543100,1,5431.0
5001,2028,337188,1,3371.88
5002,2028,251759,1,2517.59
5003,2028,1208114,3,12081.14
5004,2028,255060,1,2550.6
5005,2028,220427,1,2204.27
5006,2028,217761,1,2177.61
5007,2028,237857,1,2378.57
5008,2028,237670,1,2376.7
5009,2028,290042,1,2900.42
5010,2028,764581,2,7645.81
5011,2028,927884,2,9278.84
5012,2028,298714,1,2987.14
5013,2028,445699,1,4456.99
5014,2028,251610,1,2516.1
5015,2028,252232,1,2522.32
5016,2028,114542,1,1145.42
5017,2028,691206,2,6912.06
5018,2028,155361,1,1553.61
5019,2028,341259,1,3412.59
5020,2028,256031,1,2560.31
5021,2028,252130,1,2521.3
5022,2028,337188,1,3371.88
5023,2028,1525559,3,15255.59
5024,2028,219988,1,2199.88
5025,2028,437890,1,4378.9
5026,2028,270994,1,2709.94
5027,2028,315016,1,3150.16
5028,2028,959448,2,9594.48
5029,2028,314550,1,3145.5
5030,2028,364061,1,3640.61
5031,2028,303830,1,3038.3
5032,2028,303830,1,3038.3
5033,2028,290312,1,2903.12
5034,2028,581915,1,5819.15
5035,2028,642132,1,6421.32
5036,2028,1074910,1,10749.1
5037,2028,222872,1,2228.72
5038,2028,299572,1,2995.72
5039,2028,299112,1,2991.12
5040,2028,299112,1,2991.12
5041,2028,652514,1,6525.14
5042,2028,296044,1,2960.44
5043,2028,251675,1,2516.75
5044,2028,295505,1,2955.05
5045,2028,216900,1,2169.0
5046,2028,215374,1,2153.74
5047,2028,460390,3,4603.9
5048,2028,107243,1,1072.43
5049,2028,214383,1,2143.83
5050,2028,350143,1,3501.43
5051,2028,154525,1,1545.25
5052,2028,157729,1,1577.29
5053,2028,256355,1,2563.55
5054,2028,251971,1,2519.71
5055,2028,271072,1,2710.72
5056,2028,237783,1,2377.83
5057,2028,367059,1,3670.59
5058,2028,305868,1,3058.68
5059,2028,305755,1,3057.55
5060,2028,490364,1,4903.64
5061,2028,395885,1,3958.85
5062,2028,290098,1,2900.98
5063,2028,313996,1,3139.96
5064,2028,339774,1,3397.74
5065,2028,207838,1,2078.38
5066,2028,299112,1,2991.12
5067,2028,251539,1,2515.39
5068,2028,153244,1,1532.44
5069,2028,584218,1,5842.18
5070,2028,242394,1,2423.94
5071,2028,217440,1,2174.4
5072,2028,314667,1,3146.67
5073,2028,490750,1,4907.5
5074,2028,582538,1,5825.38
5075,2028,670649,1,6706.49
5076,2028,208416,1,2084.16
5077,2028,207892,1,2078.92
5078,2028,299511,1,2995.11
5079,2028,251468,1,2514.68
5080,2028,999932,3,9999.32
5081,2028,295817,2,2958.17
5082,2028,270788,1,2707.88
5083,2028,289781,1,2897.81
5084,2028,170965,1,1709.65
5085,2028,790054,1,7900.54
5086,2028,576178,2,5761.78
5087,2028,298634,1,2986.34
5088,2028,234880,1,2348.8
5089,2028,324908,1,3249.08
5090,2028,142896,1,1428.96
5091,2028,256087,1,2560.87
5092,2028,252555,1,2525.55
5093,2028,719000,2,7190.0
5094,2028,336145,1,3361.45
5095,2028,416398,1,4163.98
5096,2028,301258,1,3012.58
5097,2028,416556,1,4165.56
5098,2028,817784,1,8177.84
5099,2028,170458,1,1704.58
5100,2028,417840,1,4178.4
5101,2028,208205,1,2082.05
5102,2028,353044,1,3530.44
5103,2028,415600,1,4156.0
5104,2028,415600,1,4156.0
5105,2028,251954,1,2519.54
5106,2028,847361,2,8473.61
5107,2028,286730,1,2867.3
5108,2028,255662,1,2556.62
5109,2028,252342,1,2523.42
5110,2028,295834,1,2958.34
5111,2028,335378,1,3353.78
5112,2028,437787,1,4377.87
5113,2028,270788,1,2707.88
5114,2028,301306,1,3013.06
5115,2028,615348,1,6153.48
5116,2028,301162,1,3011.62
5117,2028,396438,1,3964.38
5118,2028,290042,1,2900.42
5119,2028,286116,1,2861.16
5120,2028,641454,1,6414.54
5121,2028,696683,1,6966.83
5122,2028,170965,1,1709.65
5123,2028,327630,1,3276.3
5124,2028,842073,1,8420.73
5125,2028,208156,1,2081.56
5126,2028,743538,1,7435.38
5127,2028,290632,1,2906.32
5129,2028,301754,1,3017.54
5130,2028,301594,1,3015.94
5131,2028,251539,1,2515.39
5132,2028,475111,1,4751.11
5133,2028,146756,1,1467.56
5134,2028,578198,2,5781.98
5135,2028,213811,1,2138.11
5136,2028,235038,2,2350.38
5137,2028,100786,1,1007.86
5138,2028,392139,1,3921.39
5139,2028,256624,1,2566.24
5140,2028,251863,1,2518.63
5141,2028,573621,1,5736.21
5142,2028,437228,1,4372.28
5143,2028,271072,1,2710.72
5144,2028,270916,1,2709.16
5145,2028,336803,1,3368.03
5146,2028,336145,1,3361.45
5147,2028,301475,1,3014.75
5148,2028,361124,1,3611.24
5149,2028,396438,1,3964.38
5150,2028,289828,1,2898.28
5151,2028,581572,1,5815.72
5152,2028,670479,1,6704.79
5153,2028,207838,1,2078.38
5154,2028,208048,1,2080.48
5155,2028,319647,1,3196.47
5156,2028,320117,1,3201.17
5157,2028,398613,1,3986.13
5158,2028,300894,1,3008.94
5159,2028,415427,1,4154.27
5160,2028,251746,1,2517.46
5161,2028,251817,1,2518.17
5162,2028,455929,2,4559.29
5163,2028,186950,1,1869.5
5164,2028,152043,1,1520.43
5165,2028,104745,1,1047.45
5166,2028,118284,1,1182.84
5167,2028,117837,1,1178.37
5168,2028,256355,1,2563.55
5169,2028,320298,1,3202.98
5170,2028,195388,1,1953.88
5172,2028,376247,2,3762.47
5173,2028,126164,1,1261.64
5174,2028,110021,1,1100.21
5175,2028,392022,1,3920.22
5176,2028,252609,1,2526.09
5177,2028,295988,1,2959.88
5178,2028,257577,1,2575.77
5179,2028,418230,1,4182.3
5180,2028,220748,1,2207.48
5181,2028,398677,1,3986.77
5182,2028,170784,1,1707.84
5183,2028,120645,1,1206.45
5184,2028,114378,1,1143.78
5186,2028,614837,1,6148.37
5187,2028,238114,1,2381.14
5188,2028,255606,1,2556.06
5189,2028,418097,1,4180.97
5190,2028,372963,1,3729.63
5191,2028,319754,1,3197.54
5192,2028,213697,1,2136.97
5193,2028,171455,1,1714.55
5195,2028,337512,2,3375.12
5196,2028,451414,1,4514.14
5197,2028,400767,2,4007.67
5199,2028,282071,1,2820.71
5200,2028,437507,1,4375.07
5201,2028,1029072,2,10290.72
5202,2028,373181,1,3731.81
5203,2028,258149,1,2581.49
5204,2028,417676,1,4176.76
5205,2028,221329,1,2213.29
5206,2028,288378,1,2883.78
5207,2028,238444,1,2384.44
5208,2028,238279,1,2382.79
5209,2028,237958,1,2379.58
5210,2028,238114,1,2381.14
5211,2028,362132,1,3621.32
5213,2028,448650,1,4486.5
5214,2028,126315,1,1263.15
5215,2028,627523,1,6275.23
5216,2028,111539,1,1115.39
5217,2028,126521,1,1265.21
5218,2028,927255,1,9272.55
5219,2028,256355,1,2563.55
5220,2028,417948,1,4179.48
5221,2028,615016,1,6150.16
5222,2028,257863,1,2578.63
5223,2028,208366,1,2083.66
5224,2028,241184,1,2411.84
5225,2028,288459,1,2884.59
5226,2028,213734,1,2137.34
5227,2028,419718,1,4197.18
5228,2028,237629,1,2376.29
5229,2028,290919,1,2909.19
5230,2028,351832,1,3518.32
5231,2028,352401,1,3524.01
5232,2028,64144,1,641.44
5233,2028,142407,1,1424.07
5234,2028,273588,2,2735.88
5235,2028,686909,4,6869.09
5236,2028,144683,1,1446.83
5238,2028,373125,1,3731.25
5239,2028,220696,1,2206.96
5240,2028,213429,1,2134.29
5241,2028,237958,1,2379.58
5242,2028,237793,1,2377.93
5243,2028,241713,1,2417.13
5244,2028,326782,1,3267.82
5245,2028,448103,1,4481.03
5246,2028,177036,1,1770.36
5247,2028,276041,1,2760.41
5248,2028,311880,1,3118.8
5249,2028,2115494,7,21154.94
5250,2028,495190,1,4951.9
5251,2028,4221432,3,42214.32
5252,2028,179349,2,1793.49
5253,2028,384526,1,3845.26
5254,2028,119168,1,1191.68
5255,2028,213090,1,2130.9
5256,2028,118301,1,1183.01
5257,2028,395407,1,3954.07
5258,2028,362118,1,3621.18
5259,2028,406327,1,4063.27
5260,2028,246896,1,2468.96
5261,2028,2510143,1,25101.43
5262,2028,193375,1,1933.75
5263,2028,120753,1,1207.53
5264,2028,983828,3,9838.28
5265,2028,49499,1,494.99
5266,2028,135668,1,1356.68
5267,2028,93544,1,935.44
5268,2028,206861,2,2068.61
5269,2028,239869,2,2398.69
5270,2028,49476,1,494.76
5271,2028,166338,1,1663.38
5272,2028,142592,1,1425.92
5273,2028,263835,2,2638.35
5274,2028,135581,1,1355.81
5275,2028,115249,1,1152.49
5276,2028,87134,1,871.34
5277,2028,163347,1,1633.47
5278,2028,220981,1,2209.81
5279,2028,162991,1,1629.91
5280,2028,313592,2,3135.92
5281,2028,87338,1,873.38
5282,2028,169192,2,1691.92
5283,2028,107234,1,1072.34
5284,2028,289881,1,2898.81
5285,2028,290502,1,2905.02
5286,2028,200442,1,2004.42
5287,2028,256652,1,2566.52
5288,2028,221116,1,2211.16
5289,2028,221004,1,2210.04
5290,2028,349699,2,3496.99
5291,2028,112969,1,1129.69
5292,2028,179155,1,1791.55
5293,2028,133544,2,1335.44
5294,2028,103259,1,1032.59
5295,2028,202309,1,2023.09
5296,2028,113982,1,1139.82
5297,2028,992437,3,9924.37
5298,2028,320269,3,3202.69
5299,2028,430886,1,4308.86
5300,2028,310443,1,3104.43
5301,2028,430003,1,4300.03
5302,2028,199787,1,1997.87
5303,2028,328988,1,3289.88
5304,2028,274937,1,2749.37
5305,2028,221365,1,2213.65
5306,2028,220686,1,2206.86
5307,2028,220472,1,2204.72
5308,2028,220472,1,2204.72
5309,2028,220854,1,2208.54
5310,2028,855508,2,8555.08
5311,2028,181488,1,1814.88
5312,2028,290755,1,2907.55
5313,2028,429818,1,4298.18
5314,2028,430807,1,4308.07
5315,2028,328731,1,3287.31
5316,2028,220789,1,2207.89
5317,2028,220505,1,2205.05
5318,2028,220472,1,2204.72
5319,2028,220685,1,2206.85
5320,2028,204549,1,2045.49
5321,2028,308378,1,3083.78
5322,2028,142890,1,1428.9
5324,2028,101015,1,1010.15
5325,2028,418814,1,4188.14
5326,2028,290353,1,2903.53
5327,2028,290502,1,2905.02
5328,2028,430358,1,4303.58
5329,2028,430266,1,4302.66
5330,2028,329108,1,3291.08
5331,2028,559537,1,5595.37
5332,2028,444670,1,4446.7
5333,2028,220729,1,2207.29
5335,2028,220215,1,2202.15
5336,2028,443876,1,4438.76
5337,2028,323246,1,3232.46
5338,2028,400448,2,4004.48
5339,2028,441955,1,4419.55
5340,2028,138432,1,1384.32
5342,2028,83783,1,837.83
5343,2028,131325,1,1313.25
5344,2028,101277,1,1012.77
5345,2028,461020,2,4610.2
5346,2028,335378,1,3353.78
5347,2028,168640,1,1686.4
5348,2028,303079,1,3030.79
5349,2028,329108,1,3291.08
5350,2028,857663,1,8576.63
5351,2028,220901,1,2209.01
5352,2028,220472,1,2204.72
5353,2028,341043,1,3410.43
5354,2028,381066,2,3810.66
5355,2028,384544,1,3845.44
5356,2028,517766,2,5177.66
5357,2028,316785,1,3167.85
5358,2028,374200,1,3742.0
5359,2028,131427,1,1314.27
5360,2028,2063872,7,20638.72
5362,2028,350598,2,3505.98
5363,2028,126957,1,1269.57
5364,2028,603809,3,6038.09
5365,2028,497267,1,4972.67
5366,2028,109933,1,1099.33
5367,2028,259147,2,2591.47
5368,2028,112480,1,1124.8
5369,2028,200795,2,2007.95
5370,2028,170566,1,1705.66
5371,2028,303518,1,3035.18
5372,2028,329194,1,3291.94
5373,2028,445121,1,4451.21
5374,2028,220598,1,2205.98
5375,2028,220515,1,2205.15
5376,2028,341043,1,3410.43
5377,2028,428357,1,4283.57
5378,2028,428060,1,4280.6
5379,2028,212848,1,2128.48
5380,2028,159650,1,1596.5
5381,2028,159341,1,1593.41
5382,2028,317736,1,3177.36
5383,2028,321445,1,3214.45
5384,2028,657708,1,6577.08
5385,2028,321152,1,3211.52
5386,2028,96336,1,963.36
5387,2028,151100,1,1511.0
5388,2028,99633,1,996.33
5389,2028,97663,1,976.63
5390,2028,720495,2,7204.95
5391,2028,340707,1,3407.07
5392,2028,671409,1,6714.09
5393,2028,1727977,6,17279.77
5394,2028,317903,1,3179.03
5395,2028,321613,1,3216.13
5396,2028,285862,2,2858.62
5397,2028,152220,1,1522.2
5399,2028,136846,1,1368.46
5401,2028,129682,1,1296.82
5402,2028,164428,2,1644.28
5403,2028,87007,1,870.07
5404,2028,158673,1,1586.73
5405,2028,296888,1,2968.88
5406,2028,385208,1,3852.08
5407,2028,89199,1,891.99
5408,2028,303299,1,3032.99
5409,2028,518004,1,5180.04
5410,2028,255931,1,2559.31
5411,2028,255718,1,2557.18
5412,2028,443337,1,4433.37
5413,2028,269650,1,2696.5
5414,2028,708292,1,7082.92
5415,2028,318629,1,3186.29
5416,2028,269639,1,2696.39
5417,2028,269650,1,2696.5
5418,2028,269174,1,2691.74
5419,2028,317120,1,3171.2
5420,2028,321152,1,3211.52
5421,2028,217166,1,2171.66
5422,2028,437085,1,4370.85
5423,2028,217431,1,2174.31
5424,2028,621736,10,6217.36
5425,2028,306297,7,3062.97
5426,2028,152502,1,1525.02
5428,2028,278537,1,2785.37
5429,2028,49317,1,493.17
5430,2028,142884,1,1428.84
5431,2028,472490,3,4724.9
5432,2028,345408,1,3454.08
5433,2028,840442,1,8404.42
5434,2028,517839,1,5178.39
5435,2028,281602,1,2816.02
5436,2028,438509,1,4385.09
5437,2028,230158,1,2301.58
5438,2028,894971,1,8949.71
5439,2028,230206,1,2302.06
5440,2028,266763,1,2667.63
5441,2028,319238,1,3192.38
5442,2028,318829,1,3188.29
5443,2028,3684689,15,36846.89
5444,2028,384187,1,3841.87
5445,2028,257047,1,2570.47
5446,2028,317791,1,3177.91
5447,2028,321130,1,3211.3
5448,2028,604412,10,6044.12
5449,2028,248930,1,2489.3
5450,2028,436977,1,4369.77
5451,2028,217010,1,2170.1
5452,2028,17523,1,175.23
5453,2028,1208177,4,12081.77
5454,2028,302205,1,3022.05
5455,2028,269645,1,2696.45
5456,2028,41774,1,417.74
5457,2028,24809,1,248.09
5458,2028,173165,1,1731.65
5459,2028,173055,1,1730.55
5460,2028,172559,1,1725.59
5461,2028,517496,1,5174.96
5462,2028,384585,1,3845.85
5463,2028,24356,1,243.56
5464,2028,24356,1,243.56
5465,2028,24356,1,243.56
5466,2028,173055,1,1730.55
5467,2028,173192,1,1731.92
5468,2028,173165,1,1731.65
5469,2028,17381,1,173.81
5470,2028,397430,1,3974.3
5472,2028,364882,1,3648.82
5473,2028,317120,1,3171.2
5474,2028,217431,1,2174.31
5475,2028,276703,1,2767.03
5476,2028,497556,2,4975.56
5477,2028,497625,2,4976.25
5478,2028,497504,2,4975.04
5479,2028,496651,2,4966.51
5480,2028,496949,2,4969.49
5481,2028,172862,1,1728.62
5482,2028,173302,1,1733.02
5483,2028,173083,1,1730.83
5484,2028,173495,1,1734.95
5485,2028,217224,1,2172.24
5486,2028,172724,1,1727.24
5487,2028,258743,1,2587.43
5488,2028,460840,1,4608.4
5489,2028,157255,1,1572.55
5490,2028,675439,1,6754.39
5491,2028,173357,1,1733.57
5492,2028,216548,1,2165.48
5493,2028,389672,2,3896.72
5494,2028,437885,1,4378.85
5495,2028,302235,1,3022.35
5496,2028,332165,1,3321.65
5497,2028,216799,1,2167.99
5498,2028,637637,2,6376.37
5499,2028,497514,2,4975.14
5500,2028,296131,1,2961.31
5501,2028,217424,1,2174.24
5502,2028,173357,1,1733.57
5503,2028,217224,1,2172.24
5504,2028,519526,3,5195.26
5505,2028,112785,1,1127.85
5506,2028,108123,1,1081.23
5507,2028,108257,1,1082.57
5508,2028,358418,1,3584.18
5509,2028,341927,1,3419.27
5510,2028,364375,1,3643.75
5511,2028,552686,2,5526.86
5513,2028,239800,1,2398.0
5514,2028,276210,1,2762.1
5515,2028,688204,4,6882.04
5516,2028,638117,2,6381.17
5518,2028,173138,1,1731.38
5519,2028,419666,1,4196.66
5520,2028,73299,1,732.99
5521,2028,235317,1,2353.17
5522,2028,126693,1,1266.93
5523,2028,212514,2,2125.14
5525,2028,110990,1,1109.9
5526,2028,485112,2,4851.12
5527,2028,122766,1,1227.66
5528,2028,114688,1,1146.88
5530,2028,419548,3,4195.48
5531,2028,114986,1,1149.86
5532,2028,111460,1,1114.6
5533,2028,124991,1,1249.91
5534,2028,737594,2,7375.94
5535,2028,532379,2,5323.79
5536,2028,195122,1,1951.22
5537,2028,341927,1,3419.27
5538,2028,438368,1,4383.68
5539,2028,301985,1,3019.85
5540,2028,319230,1,3192.3
5541,2028,223419,1,2234.19
5542,2028,216711,1,2167.11
5543,2028,437256,1,4372.56
5544,2028,276245,1,2762.45
5545,2028,796745,5,7967.45
5546,2028,483026,1,4830.26
5547,2028,172862,1,1728.62
5548,2028,234940,2,2349.4
5549,2028,172724,1,1727.24
5550,2028,145420,1,1454.2
5551,2028,515205,1,5152.05
5554,2028,94892,1,948.92
5555,2028,539065,1,5390.65
5556,2028,342508,1,3425.08
5557,2028,304712,1,3047.12
5558,2028,605150,1,6051.5
5559,2028,297046,1,2970.46
5560,2028,302455,1,3024.55
5561,2028,415807,1,4158.07
5562,2028,269486,1,2694.86
5564,2028,2198289,6,21982.89
5565,2028,297075,1,2970.75
5566,2028,286668,1,2866.68
5567,2028,436920,1,4369.2
5568,2028,375999,1,3759.99
5569,2028,497385,2,4973.85
5570,2028,825316,5,8253.16
5571,2028,496958,2,4969.58
5572,2028,839241,2,8392.41
5573,2028,173302,1,1733.02
5574,2028,172890,1,1728.9
5575,2028,173192,1,1731.92
5576,2028,173027,1,1730.27
5577,2028,241550,1,2415.5
5578,2028,172890,1,1728.9
5579,2028,255775,1,2557.75
5581,2028,438168,1,4381.68
5582,2028,217485,1,2174.85
5583,2028,375343,1,3753.43
5584,2028,244849,1,2448.49
5586,2028,216787,1,2167.87
5587,2028,477962,1,4779.62
5588,2028,89983,1,899.83
5589,2028,181331,1,1813.31
5590,2028,220117,2,2201.17
5591,2028,648985,1,6489.85
5592,2028,265955,1,2659.55
5593,2028,342351,1,3423.51
5594,2028,304448,1,3044.48
5595,2028,521370,1,5213.7
5596,2028,297046,1,2970.46
5597,2028,503945,1,5039.45
5598,2028,302205,1,3022.05
5601,2028,288425,1,2884.25
5602,2028,439179,1,4391.79
5603,2028,286448,1,2864.48
5604,2028,275922,1,2759.22
5605,2028,341684,1,3416.84
5606,2028,341684,1,3416.84
5607,2028,838573,2,8385.73
5609,2028,173027,1,1730.27
5611,2028,217663,1,2176.63
5612,2028,217464,1,2174.64
5613,2028,217663,1,2176.63
5614,2028,125739,1,1257.39
5615,2028,287028,2,2870.28
5616,2028,408943,1,4089.43
5617,2028,238867,1,2388.67
5618,2028,1175562,3,11755.62
5619,2028,434973,1,4349.73
5620,2028,838772,2,8387.72
5621,2028,734698,1,7346.98
5622,2028,145964,1,1459.64
5625,2028,342262,1,3422.62
5626,2028,342597,1,3425.97
5627,2028,304712,1,3047.12
5628,2028,230138,1,2301.38
5631,2028,302455,1,3024.55
5632,2028,239212,1,2392.12
5633,2028,341482,1,3414.82
5635,2028,286446,1,2864.46
5636,2028,294872,1,2948.72
5637,2028,2110404,6,21104.04
5638,2028,562537,3,5625.37
5639,2028,725664,2,7256.64
5641,2028,217424,1,2174.24
5642,2028,217224,1,2172.24
5643,2028,240993,1,2409.93
5644,2028,240761,1,2407.61
5646,2028,280836,2,2808.36
5647,2028,145633,1,1456.33
5648,2028,359015,1,3590.15
5649,2028,342016,1,3420.16
5650,2028,256963,1,2569.63
5651,2028,256139,1,2561.39
5652,2028,408943,1,4089.43
5653,2028,438226,1,4382.26
5654,2028,239228,1,2392.28
5655,2028,239967,1,2399.67
5656,2028,606570,3,6065.7
5657,2028,315584,1,3155.84
5658,2028,297625,1,2976.25
5659,2028,294547,1,2945.47
5660,2028,435137,1,4351.37
5661,2028,434973,1,4349.73
5662,2028,569129,2,5691.29
5663,2028,187939,1,1879.39
5664,2028,713292,2,7132.92
5665,2028,196176,1,1961.76
5666,2028,195803,1,1958.03
5667,2028,172918,1,1729.18
5668,2028,240761,1,2407.61
5669,2028,240948,1,2409.48
5670,2028,240251,1,2402.51
5671,2028,300000,2,3000.0
5672,2028,162309,1,1623.09
5673,2028,97798,1,977.98
5674,2028,171546,1,1715.46
5675,2028,170969,1,1709.69
5676,2028,607226,1,6072.26
5677,2028,452846,1,4528.46
5678,2028,180097,1,1800.97
5679,2028,250349,1,2503.49
5680,2028,442353,1,4423.53
5681,2028,357959,1,3579.59
5682,2028,341592,1,3415.92
5683,2028,621708,1,6217.08
5687,2028,239623,1,2396.23
5688,2028,239261,1,2392.61
5689,2028,238578,1,2385.78
5690,2028,687228,1,6872.28
5691,2028,295087,1,2950.87
5692,2028,686562,1,6865.62
5693,2028,435533,1,4355.33
5694,2028,950348,5,9503.48
5695,2028,584836,2,5848.36
5696,2028,557016,1,5570.16
5698,2028,419158,1,4191.58
5699,2028,130648,1,1306.48
5700,2028,297404,2,2974.04
5701,2028,265667,1,2656.67
5702,2028,341927,1,3419.27
5704,2028,238523,1,2385.23
5705,2028,297315,1,2973.15
5706,2028,624556,1,6245.56
5707,2028,244560,1,2445.6
5709,2028,225533,1,2255.33
5710,2028,1459273,3,14592.73
5711,2028,675158,1,6751.58
5712,2028,110436,1,1104.36
5713,2028,118734,1,1187.34
5714,2028,202495,1,2024.95
5715,2028,1054758,1,10547.58
5716,2028,342016,1,3420.16
5717,2028,304269,1,3042.69
5718,2028,109952,1,1099.52
5719,2028,110490,1,1104.9
5720,2028,110224,1,1102.24
5722,2028,239228,1,2392.28
5723,2028,232325,1,2323.25
5724,2028,331050,1,3310.5
5725,2028,297751,1,2977.51
5726,2028,294922,1,2949.22
5727,2028,1766204,6,17662.04
5728,2028,434973,1,4349.73
5729,2028,339429,1,3394.29
5730,2028,1810254,4,18102.54
5731,2028,2207289,6,22072.89
5732,2028,556510,3,5565.1
5733,2028,244588,1,2445.88
5734,2028,183147,1,1831.47
5736,2028,119351,1,1193.51
5737,2028,245573,1,2455.73
5738,2028,403041,2,4030.41
5739,2028,672072,2,6720.72
5740,2028,110087,1,1100.87
5741,2028,964191,4,9641.91
5742,2028,990952,1,9909.52
5743,2028,295087,1,2950.87
5744,2028,1117552,5,11175.52
5745,2028,88969,1,889.69
5746,2028,182577,1,1825.77
5747,2028,861210,3,8612.1
5748,2028,299076,1,2990.76
5749,2028,275336,1,2753.36
5750,2028,845960,1,8459.6
5751,2028,191895,1,1918.95
5752,2028,138316,1,1383.16
5754,2028,1913402,6,19134.02
5755,2028,332848,1,3328.48
5756,2028,56515,1,565.15
5757,2028,342686,1,3426.86
5758,2028,315299,1,3152.99
5759,2028,305671,1,3056.71
5760,2028,217066,1,2170.66
5761,2028,81791,1,817.91
5762,2028,67799,1,677.99
5764,2028,214147,1,2141.47
5765,2028,196464,1,1964.64
5766,2028,665153,2,6651.53
5767,2028,214170,1,2141.7
5768,2028,539460,1,5394.6
5769,2028,674124,1,6741.24
5770,2028,329277,1,3292.77
5771,2028,330707,1,3307.07
5772,2028,686840,1,6868.4
5773,2028,242485,1,2424.85
5774,2028,721722,3,7217.22
5775,2028,491417,2,4914.17
5776,2028,649221,2,6492.21
5777,2028,244560,1,2445.6
5778,2028,65414,1,654.14
5779,2028,139649,1,1396.49
5780,2028,480723,1,4807.23
5781,2028,206733,1,2067.33
5782,2028,394228,3,3942.28
5783,2028,419431,1,4194.31
5784,2028,295246,1,2952.46
5785,2028,480193,1,4801.93
5786,2028,393376,1,3933.76
5787,2028,838476,2,8384.76
5788,2028,217424,1,2174.24
5789,2028,128430,1,1284.3
5790,2028,129948,1,1299.48
5792,2028,342262,1,3422.62
5793,2028,111564,1,1115.64
5794,2028,145436,1,1454.36
5795,2028,495439,1,4954.39
5796,2028,1321888,3,13218.88
5797,2028,442777,1,4427.77
5798,2028,529365,1,5293.65
5799,2028,529365,1,5293.65
5800,2028,340499,1,3404.99
5801,2028,301020,1,3010.2
5802,2028,307525,1,3075.25
5803,2028,265955,1,2659.55
5804,2028,312107,1,3121.07
5806,2028,420331,1,4203.31
5807,2028,238395,1,2383.95
5808,2028,330392,1,3303.92
5809,2028,297499,1,2974.99
5810,2028,1153490,2,11534.9
5811,2028,477378,1,4773.78
5812,2028,104261,1,1042.61
5813,2028,104266,1,1042.66
5814,2028,283637,2,2836.37
5815,2028,1421237,3,14212.37
5816,2028,557260,1,5572.6
5817,2028,244560,1,2445.6
5818,2028,240761,1,2407.61
5819,2028,652291,2,6522.91
5820,2028,684628,1,6846.28
5821,2028,233473,1,2334.73
5822,2028,357660,2,3576.6
5823,2028,153536,1,1535.36
5825,2028,528523,1,5285.23
5826,2028,342932,1,3429.32
5827,2028,304006,1,3040.06
5828,2028,295191,1,2951.91
5829,2028,296962,1,2969.62
5830,2028,360965,1,3609.65
5831,2028,56277,1,562.77
5832,2028,508332,3,5083.32
5833,2028,210024,1,2100.24
5834,2028,191314,1,1913.14
5836,2028,529032,1,5290.32
5837,2028,737079,1,7370.79
5838,2028,342262,1,3422.62
5839,2028,281645,1,2816.45
5840,2028,991291,1,9912.91
5841,2028,598424,2,5984.24
5842,2028,298245,1,2982.45
5843,2028,295356,1,2953.56
5844,2028,335210,1,3352.1
5845,2028,361594,1,3615.94
5846,2028,104022,1,1040.22
5847,2028,301153,1,3011.53
5848,2028,294417,1,2944.17
5849,2028,838265,2,8382.65
5850,2028,244560,1,2445.6
5851,2028,488221,1,4882.21
5852,2028,216986,1,2169.86
5853,2028,363608,1,3636.08
5854,2028,528915,1,5289.15
5855,2028,341681,1,3416.81
5856,2028,281426,1,2814.26
5857,2028,304469,1,3044.69
5858,2028,3092973,3,30929.73
5859,2028,457637,1,4576.37
5860,2028,334463,1,3344.63
5861,2028,233200,1,2332.0
5862,2028,210546,1,2105.46
5863,2028,300876,1,3008.76
5864,2028,294935,1,2949.35
5865,2028,244560,1,2445.6
5866,2028,240715,1,2407.15
5867,2028,529701,1,5297.01
5868,2028,274026,1,2740.26
5871,2028,417305,1,4173.05
5872,2028,407756,1,4077.56
5873,2028,330907,1,3309.07
5874,2028,2280198,5,22801.98
5875,2028,987980,1,9879.8
5876,2028,1656659,4,16566.59
5877,2028,991075,3,9910.75
5878,2028,244648,1,2446.48
5879,2028,217623,1,2176.23
5880,2028,238034,1,2380.34
5881,2028,145419,1,1454.19
5882,2028,135405,1,1354.05
5883,2028,315604,1,3156.04
5884,2028,317146,1,3171.46
5885,2028,437538,1,4375.38
5886,2028,436863,1,4368.63
5887,2028,437705,1,4377.05
5888,2028,437649,1,4376.49
5889,2028,313743,1,3137.43
5890,2028,437848,1,4378.48
5891,2028,283159,1,2831.59
5892,2028,528464,1,5284.64
5893,2028,528406,1,5284.06
5894,2028,342351,1,3423.51
5896,2028,416991,1,4169.91
5897,2028,226774,1,2267.74
5898,2028,294977,1,2949.77
5899,2028,297223,1,2972.23
5900,2028,978237,3,9782.37
5901,2028,228944,1,2289.44
5902,2028,228583,1,2285.83
5903,2028,294417,1,2944.17
5904,2028,245049,1,2450.49
5905,2028,217464,1,2174.64
5906,2028,203412,1,2034.12
5907,2028,392822,1,3928.22
5908,2028,161716,1,1617.16
5909,2028,306454,1,3064.54
5910,2028,217283,1,2172.83
5911,2028,330735,1,3307.35
5912,2028,227014,1,2270.14
5913,2028,111242,1,1112.42
5914,2028,320222,2,3202.22
5915,2028,154958,1,1549.58
5916,2028,161080,1,1610.8
5918,2028,47425,1,474.25
5919,2028,246820,1,2468.2
5920,2028,58026,1,580.26
5921,2028,45119,1,451.19
5922,2028,52094,1,520.94
5923,2028,161358,1,1613.58
5924,2028,132717,1,1327.17
5925,2028,194871,1,1948.71
5926,2028,195765,1,1957.65
5927,2028,295823,1,2958.23
5928,2028,528857,1,5288.57
5929,2028,341927,1,3419.27
5931,2028,304690,1,3046.9
5932,2028,296558,1,2965.58
5933,2028,416008,1,4160.08
5934,2028,210727,1,2107.27
5935,2028,373004,1,3730.04
5936,2028,239973,1,2399.73
5937,2028,708983,2,7089.83
5938,2028,166392,1,1663.92
5939,2028,1315657,4,13156.57
5940,2028,313560,2,3135.6
5941,2028,406303,2,4063.03
5942,2028,2163828,2,21638.28
5943,2028,844693,1,8446.93
5944,2028,965015,1,9650.15
5945,2028,283434,1,2834.34
5946,2028,437339,1,4373.39
5947,2028,435936,1,4359.36
5948,2028,342508,1,3425.08
5949,2028,417449,1,4174.49
5950,2028,465091,1,4650.91
5951,2028,227014,1,2270.14
5952,2028,295356,1,2953.56
5953,2028,296926,1,2969.26
5955,2028,228944,1,2289.44
5956,2028,1290528,2,12905.28
5957,2028,375651,1,3756.51
5958,2028,244560,1,2445.6
5960,2028,125076,1,1250.76
5961,2028,680595,2,6805.95
5962,2028,116349,1,1163.49
5963,2028,86254,1,862.54
5964,2028,161080,1,1610.8
5965,2028,63672,1,636.72
5966,2028,86160,1,861.6
5967,2028,162771,2,1627.71
5968,2028,164661,1,1646.61
5969,2028,528799,1,5287.99
5970,2028,304712,1,3047.12
5971,2028,416260,1,4162.6
5972,2028,228706,1,2287.06
5973,2028,375935,1,3759.35
5975,2028,342859,1,3428.59
5976,2028,58410,1,584.1
5977,2028,119586,1,1195.86
5978,2028,407659,1,4076.59
5979,2028,436974,1,4369.74
5980,2028,223128,1,2231.28
5984,2028,88423,1,884.23
5985,2028,135861,1,1358.61
5986,2028,109429,1,1094.29
5987,2028,119205,1,1192.05
5988,2028,295301,1,2953.01
5989,2028,478033,3,4780.33
5990,2028,64574,1,645.74
5991,2028,134154,1,1341.54
5992,2028,256317,2,2563.17
5993,2028,205992,1,2059.92
5994,2028,382897,1,3828.97
5995,2028,188779,1,1887.79
5996,2028,127780,1,1277.8
5997,2028,637748,1,6377.48
5998,2028,49002,1,490.02
5999,2028,275797,3,2757.97
6000,2028,128719,1,1287.19
6001,2028,132390,1,1323.9
6002,2028,136353,1,1363.53
6003,2028,195400,2,1954.0
6004,2028,98479,1,984.79
6005,2028,1111283,9,11112.83
6006,2028,114505,1,1145.05
6007,2028,190168,1,1901.68
6008,2028,291961,1,2919.61
6009,2028,291654,1,2916.54
6010,2028,291525,1,2915.25
6011,2028,292140,1,2921.4
6012,2028,314030,1,3140.3
6013,2028,342440,1,3424.4
6014,2028,388669,1,3886.69
6015,2028,388999,1,3889.99
6016,2028,653359,2,6533.59
6018,2028,146671,1,1466.71
6021,2028,155694,1,1556.94
6022,2028,151168,1,1511.68
6023,2028,258862,1,2588.62
6025,2028,350830,1,3508.3
6026,2028,148026,1,1480.26
6027,2028,289470,1,2894.7
6028,2028,149004,1,1490.04
6029,2028,388808,1,3888.08
6030,2028,965257,1,9652.57
6031,2028,291961,1,2919.61
6032,2028,291654,1,2916.54
6034,2028,291405,1,2914.05
6035,2028,304291,1,3042.91
6036,2028,375599,1,3755.99
6037,2028,292407,1,2924.07
6038,2028,464563,1,4645.63
6039,2028,229124,1,2291.24
6040,2028,258487,1,2584.87
6041,2028,258295,1,2582.95
6042,2028,273848,1,2738.48
6043,2028,234714,1,2347.14
6044,2028,234917,1,2349.17
6045,2028,266030,1,2660.3
6046,2028,215332,1,2153.32
6047,2028,166077,1,1660.77
6048,2028,135833,1,1358.33
6049,2028,222216,1,2222.16
6050,2028,291961,1,2919.61
6051,2028,313844,1,3138.44
6052,2028,294762,1,2947.62
6053,2028,350347,1,3503.47
6054,2028,234553,1,2345.53
6055,2028,377021,1,3770.21
6056,2028,349204,1,3492.04
6057,2028,157982,1,1579.82
6058,2028,171658,1,1716.58
6059,2028,295087,1,2950.87
6060,2028,358550,1,3585.5
6061,2028,309993,1,3099.93
6062,2028,117432,1,1174.32
6063,2028,179838,1,1798.38
6064,2028,110417,1,1104.17
6065,2028,529308,1,5293.08
6067,2028,448951,1,4489.51
6068,2028,292260,1,2922.6
6069,2028,265664,1,2656.64
6070,2028,117111,1,1171.11
6071,2028,333511,1,3335.11
6072,2028,399023,1,3990.23
6073,2028,285360,1,2853.6
6074,2028,608817,2,6088.17
6075,2028,309803,1,3098.03
6076,2028,287888,2,2878.88
6077,2028,152142,1,1521.42
6078,2028,48450,1,484.5
6079,2028,129313,1,1293.13
6080,2028,122872,1,1228.72
6081,2028,96586,1,965.86
6082,2028,153582,1,1535.82
6083,2028,246600,1,2466.0
6084,2028,246304,1,2463.04
6085,2028,314318,1,3143.18
6086,2028,453075,1,4530.75
6087,2028,186833,1,1868.33
6088,2028,186634,1,1866.34
6089,2028,633161,1,6331.61
6090,2028,214218,1,2142.18
6091,2028,400941,1,4009.41
6092,2028,465284,1,4652.84
6093,2028,534969,1,5349.69
6094,2028,370044,1,3700.44
6095,2028,350494,1,3504.94
6096,2028,349599,1,3495.99
6097,2028,403894,1,4038.94
6098,2028,593781,1,5937.81
6101,2028,98065,1,980.65
6102,2028,267722,2,2677.22
6103,2028,199159,1,1991.59
6104,2028,98248,1,982.48
6105,2028,158280,1,1582.8
6106,2028,1275745,3,12757.45
6107,2028,294879,1,2948.79
6108,2028,246600,1,2466.0
6109,2028,246775,1,2467.75
6110,2028,246896,1,2468.96
6112,2028,528857,1,5288.57
6113,2028,399023,1,3990.23
6114,2028,276421,1,2764.21
6115,2028,401677,1,4016.77
6116,2028,295087,1,2950.87
6118,2028,911900,2,9119.0
6119,2028,385698,1,3856.98
6120,2028,331294,1,3312.94
6122,2028,255444,1,2554.44
6123,2028,429016,1,4290.16
6124,2028,349973,1,3499.73
6125,2028,310183,1,3101.83
6126,2028,310622,1,3106.22
6128,2028,309013,1,3090.13
6129,2028,327322,1,3273.22
6130,2028,247018,1,2470.18
6131,2028,454046,1,4540.46
6132,2028,278886,1,2788.86
6133,2028,444124,1,4441.24
6134,2028,255751,1,2557.51
6135,2028,512932,2,5129.32
6136,2028,685627,1,6856.27
6137,2028,761221,1,7612.21
6138,2028,246775,1,2467.75
6139,2028,529365,1,5293.65
6140,2028,398666,1,3986.66
6141,2028,276127,1,2761.27
6142,2028,281320,1,2813.2
6144,2028,292334,1,2923.34
6145,2028,292597,1,2925.97
6146,2028,331222,1,3312.22
6147,2028,318040,1,3180.4
6148,2028,629917,1,6299.17
6150,2028,255336,1,2553.36
6151,2028,695948,2,6959.48
6152,2028,350642,1,3506.42
6153,2028,349973,1,3499.73
6154,2028,349825,1,3498.25
6155,2028,403794,1,4037.94
6156,2028,405162,1,4051.62
6157,2028,297945,1,2979.45
6158,2028,309168,1,3091.68
6159,2028,151404,1,1514.04
6160,2028,130383,1,1303.83
6161,2028,136097,1,1360.97
6162,2028,226020,1,2260.2
6163,2028,247314,1,2473.14
6164,2028,398718,1,3987.18
6165,2028,443580,1,4435.8
6166,2028,387114,1,3871.14
6167,2028,332136,1,3321.36
6168,2028,2564456,12,25644.56
6169,2028,789156,1,7891.56
6170,2028,131034,1,1310.34
6171,2028,942590,3,9425.9
6172,2028,53152,1,531.52
6173,2028,675106,4,6751.06
6174,2028,69847,1,698.47
6175,2028,313281,1,3132.81
6176,2028,273220,2,2732.2
6177,2028,155935,1,1559.35
6178,2028,247436,1,2474.36
6179,2028,522292,1,5222.92
6180,2028,275734,1,2757.34
6181,2028,528568,1,5285.68
6182,2028,231570,1,2315.7
6183,2028,197467,1,1974.67
6184,2028,318083,1,3180.83
6185,2028,352469,1,3524.69
6186,2028,301396,1,3013.96
6187,2028,376358,1,3763.58
6188,2028,241666,1,2416.66
6189,2028,292755,1,2927.55
6190,2028,220272,1,2202.72
6191,2028,255619,1,2556.19
6193,2028,2455020,1,24550.2
6194,2028,419537,1,4195.37
6195,2028,420378,1,4203.78
6196,2028,419537,1,4195.37
6197,2028,419960,1,4199.6
6198,2028,420378,1,4203.78
6199,2028,420790,1,4207.9
6200,2028,419954,1,4199.54
6201,2028,420378,1,4203.78
6203,2028,420378,1,4203.78
6204,2028,419524,1,4195.24
6205,2028,419960,1,4199.6
6207,2028,180180,1,1801.8
6208,2028,1872154,5,18721.54
6209,2028,419954,1,4199.54
6210,2028,419107,1,4191.07
6211,2028,419960,1,4199.6
6212,2028,419113,1,4191.13
6213,2028,420384,1,4203.84
6214,2028,419954,1,4199.54
6215,2028,292118,1,2921.18
6216,2028,292201,1,2922.01
6217,2028,409713,1,4097.13
6218,2028,409713,1,4097.13
6221,2028,302024,1,3020.24
6223,2028,384966,1,3849.66
6224,2028,384999,1,3849.99
6225,2028,276971,1,2769.71
6227,2028,276971,1,2769.71
6228,2028,276590,1,2765.9
6231,2028,595989,2,5959.89
6233,2028,419524,1,4195.24
6234,2028,419524,1,4195.24
6235,2028,419524,1,4195.24
6236,2028,373604,1,3736.04
6237,2028,193165,1,1931.65
6238,2028,420384,1,4203.84
6239,2028,292118,1,2921.18
6240,2028,292864,1,2928.64
6241,2028,1189242,2,11892.42
6242,2028,750557,2,7505.57
6243,2028,385476,1,3854.76
6244,2028,384175,1,3841.75
6245,2028,384208,1,3842.08
6246,2028,969316,3,9693.16
6247,2028,276207,1,2762.07
6248,2028,886962,2,8869.62
6249,2028,455877,1,4558.77
6250,2028,455984,1,4559.84
6251,2028,455394,1,4553.94
6252,2028,456362,1,4563.62
6253,2028,1682406,5,16824.06
6254,2028,420384,1,4203.84
6256,2028,715340,1,7153.4
6257,2028,292947,1,2929.47
6258,2028,292574,1,2925.74
6259,2028,361312,1,3613.12
6260,2028,302040,1,3020.4
6261,2028,384587,1,3845.87
6262,2028,1379444,3,13794.44
6263,2028,868844,1,8688.44
6264,2028,357505,1,3575.05
6265,2028,276590,1,2765.9
6266,2028,276590,1,2765.9
6268,2028,290836,1,2908.36
6269,2028,455877,1,4558.77
6270,2028,420378,1,4203.78
6271,2028,419543,1,4195.43
6272,2028,164936,1,1649.36
6273,2028,315866,2,3158.66
6274,2028,125816,1,1258.16
6275,2028,495719,2,4957.19
6276,2028,136505,1,1365.05
6277,2028,473847,1,4738.47
6278,2028,113210,1,1132.1
6279,2028,270219,1,2702.19
6280,2028,982790,2,9827.9
6281,2028,409483,1,4094.83
6282,2028,361664,1,3616.64
6283,2028,978456,3,9784.56
6284,2028,1769466,3,17694.66
6285,2028,1492368,3,14923.68
6286,2028,456362,1,4563.62
6287,2028,455931,1,4559.31
6288,2028,128161,1,1281.61
6289,2028,376680,1,3766.8
6290,2028,292408,1,2924.08
6291,2028,1188524,3,11885.24
6292,2028,1636133,5,16361.33
6293,2028,490718,1,4907.18
6294,2028,227056,1,2270.56
6295,2028,442421,1,4424.21
6296,2028,173537,1,1735.37
6297,2028,329482,1,3294.82
6298,2028,580498,2,5804.98
6299,2028,252441,2,2524.41
6300,2028,179488,1,1794.88
6301,2028,1177674,3,11776.74
6302,2028,163962,1,1639.62
6303,2028,132247,1,1322.47
6304,2028,111359,1,1113.59
6305,2028,420372,1,4203.72
6306,2028,322561,1,3225.61
6307,2028,199624,1,1996.24
6308,2028,246003,1,2460.03
6309,2028,7291014,18,72910.14
6310,2028,592353,2,5923.53
6311,2028,362923,1,3629.23
6312,2028,685150,3,6851.5
6313,2028,371971,1,3719.71
6314,2028,276586,1,2765.86
6315,2028,491308,1,4913.08
6316,2028,226705,1,2267.05
6317,2028,1665318,3,16653.18
6318,2028,455553,1,4555.53
6319,2028,290890,1,2908.9
6320,2028,393676,1,3936.76
6321,2028,225854,1,2258.54
6323,2028,419948,1,4199.48
6324,2028,108996,1,1089.96
6325,2028,1536193,4,15361.93
6326,2028,372715,1,3727.15
6327,2028,226803,1,2268.03
6328,2028,443991,1,4439.91
6329,2028,131717,1,1317.17
6330,2028,137410,1,1374.1
6331,2028,408207,1,4082.07
6332,2028,270204,1,2702.04
6333,2028,522520,2,5225.2
6334,2028,361715,1,3617.15
6335,2028,455500,1,4555.0
6336,2028,542782,2,5427.82
6337,2028,224745,1,2247.45
6338,2028,194959,1,1949.59
6340,2028,419960,1,4199.6
6341,2028,176287,1,1762.87
6343,2028,270562,1,2705.62
6344,2028,225695,1,2256.95
6345,2028,346146,1,3461.46
6346,2028,272119,1,2721.19
6347,2028,419519,1,4195.19
6348,2028,270280,1,2702.8
6349,2028,357051,1,3570.51
6350,2028,348343,1,3483.43
6351,2028,848138,2,8481.38
6352,2028,417965,1,4179.65
6353,2028,225395,1,2253.95
6354,2028,212636,1,2126.36
6355,2028,674174,2,6741.74
6356,2028,245463,1,2454.63
6357,2028,213272,1,2132.72
6358,2028,310625,1,3106.25
6359,2028,248574,2,2485.74
6360,2028,119363,1,1193.63
6361,2028,246003,1,2460.03
6362,2028,292476,1,2924.76
6363,2028,362066,1,3620.66
6364,2028,394528,1,3945.28
6365,2028,212754,1,2127.54
6366,2028,125564,1,1255.64
6367,2028,190013,1,1900.13
6368,2028,397202,1,3972.02
6369,2028,446073,1,4460.73
6370,2028,395789,1,3957.89
6371,2028,186605,1,1866.05
6372,2028,371608,2,3716.08
6373,2028,146726,1,1467.26
6374,2028,771467,5,7714.67
6375,2028,102854,1,1028.54
6376,2028,126076,1,1260.76
6377,2028,464254,1,4642.54
6378,2028,61637,1,616.37
6379,2028,194173,1,1941.73
6380,2028,273138,1,2731.38
6381,2028,2102010,7,21020.1
6382,2028,126081,1,1260.81
6383,2028,126081,1,1260.81
6384,2028,126407,1,1264.07
6385,2028,125722,1,1257.22
6386,2028,114889,1,1148.89
6387,2028,115166,1,1151.66
6388,2028,115389,1,1153.89
6389,2028,225290,1,2252.9
6390,2028,241866,1,2418.66
6391,2028,585409,2,5854.09
6392,2028,479030,1,4790.3
6393,2028,408602,1,4086.02
6394,2028,183507,1,1835.07
6395,2028,2855076,12,28550.76
6396,2028,63285,1,632.85
6398,2028,271899,1,2718.99
6399,2028,398489,1,3984.89
6400,2028,246250,1,2462.5
6401,2028,292051,1,2920.51
6402,2028,463828,2,4638.28
6403,2028,357051,1,3570.51
6405,2028,490491,1,4904.91
6407,2028,659537,3,6595.37
6408,2028,394572,1,3945.72
6409,2028,147914,1,1479.14
6410,2028,147662,1,1476.62
6411,2028,147914,1,1479.14
6412,2028,115000,1,1150.0
6413,2028,115083,1,1150.83
6414,2028,225395,1,2253.95
6415,2028,500967,2,5009.67
6416,2028,391765,2,3917.65
6417,2028,173967,1,1739.67
6418,2028,420378,1,4203.78
6420,2028,1639006,7,16390.06
6421,2028,307316,1,3073.16
6422,2028,307839,1,3078.39
6423,2028,435579,1,4355.79
6425,2028,988305,1,9883.05
6426,2028,147494,1,1474.94
6427,2028,147957,1,1479.57
6428,2028,225642,1,2256.42
6429,2028,492893,2,4928.93
6430,2028,199292,1,1992.92
6431,2028,2800414,5,28004.14
6432,2028,1940507,4,19405.07
6433,2028,376680,1,3766.8
6434,2028,282101,1,2821.01
6435,2028,466090,2,4660.9
6437,2028,282823,1,2828.23
6439,2028,556002,3,5560.02
6440,2028,148083,1,1480.83
6441,2028,530090,1,5300.9
6442,2028,306988,1,3069.88
6443,2028,62452,1,624.52
6444,2028,317080,2,3170.8
6445,2028,419101,1,4191.01
6446,2028,272113,1,2721.13
6447,2028,307308,1,3073.08
6449,2028,272211,1,2722.11
6450,2028,1204318,2,12043.18
6451,2028,283176,1,2831.76
6452,2028,529362,2,5293.62
6453,2028,391921,1,3919.21
6454,2028,228151,1,2281.51
6455,2028,173486,1,1734.86
6456,2028,234283,1,2342.83
6457,2028,548752,1,5487.52
6458,2028,234478,1,2344.78
6459,2028,272119,1,2721.19
6460,2028,420372,1,4203.72
6461,2028,1163960,3,11639.6
6462,2028,277186,1,2771.86
6463,2028,172696,1,1726.96
6464,2028,293957,1,2939.57
6465,2028,468149,1,4681.49
6466,2028,1161798,1,11617.98
6467,2028,1162102,1,11621.02
6468,2028,468003,1,4680.03
6469,2028,468149,1,4681.49
6470,2028,280209,1,2802.09
6471,2028,419387,1,4193.87
6472,2028,1288747,4,12887.47
6473,2028,198094,1,1980.94
6474,2028,346719,1,3467.19
6475,2028,207501,1,2075.01
6476,2028,228692,1,2286.92
6477,2028,197165,1,1971.65
6478,2028,587026,2,5870.26
6479,2028,234753,1,2347.53
6480,2028,548254,1,5482.54
6481,2028,234615,1,2346.15
6482,2028,1286141,3,12861.41
6483,2028,1282975,2,12829.75
6484,2028,277729,1,2777.29
6485,2028,277236,1,2772.36
6486,2028,327539,1,3275.39
6487,2028,260871,1,2608.71
6488,2028,470184,1,4701.84
6489,2028,106311,1,1063.11
6490,2028,349239,2,3492.39
6491,2028,190254,1,1902.54
6492,2028,953468,3,9534.68
6493,2028,184047,1,1840.47
6494,2028,271678,1,2716.78
6495,2028,306994,1,3069.94
6496,2028,176251,1,1762.51
6497,2028,1862713,5,18627.13
6498,2028,168598,1,1685.98
6499,2028,1997878,7,19978.78
6500,2028,347877,1,3478.77
6501,2028,197508,1,1975.08
6502,2028,198013,1,1980.13
6503,2028,551330,2,5513.3
6504,2028,434226,1,4342.26
6505,2028,279474,1,2794.74
6506,2028,169091,1,1690.91
6507,2028,272123,1,2721.23
6508,2028,278023,1,2780.23
6509,2028,260654,1,2606.54
6510,2028,196227,1,1962.27
6511,2028,245540,1,2455.4
6512,2028,1065865,1,10658.65
6513,2028,493236,2,4932.36
6514,2028,257402,2,2574.02
6515,2028,69784,1,697.84
6516,2028,186027,1,1860.27
6517,2028,202426,1,2024.26
6518,2028,88423,1,884.23
6519,2028,250937,1,2509.37
6520,2028,467922,1,4679.22
6521,2028,1160992,1,11609.92
6522,2028,128589,1,1285.89
6523,2028,399492,1,3994.92
6524,2028,906771,3,9067.71
6526,2028,346647,1,3466.47
6527,2028,238456,1,2384.56
6528,2028,238739,1,2387.39
6529,2028,228151,1,2281.51
6530,2028,169290,1,1692.9
6531,2028,260253,1,2602.53
6532,2028,1760207,6,17602.07
6533,2028,131995,1,1319.95
6534,2028,296129,1,2961.29
6535,2028,52707,1,527.07
6536,2028,54382,1,543.82
6537,2028,376909,2,3769.09
6538,2028,589510,4,5895.1
6539,2028,183313,1,1833.13
6540,2028,326891,2,3268.91
6541,2028,185381,1,1853.81
6542,2028,280270,1,2802.7
6543,2028,431645,1,4316.45
6544,2028,382146,1,3821.46
6545,2028,327757,2,3277.57
6546,2028,419359,1,4193.59
6547,2028,198013,1,1980.13
6548,2028,207285,1,2072.85
6549,2028,300598,1,3005.98
6550,2028,659166,1,6591.66
6551,2028,133180,1,1331.8
6552,2028,193689,1,1936.89
6553,2028,264605,1,2646.05
6554,2028,250322,1,2503.22
6555,2028,1161690,1,11616.9
6556,2028,468751,1,4687.51
6557,2028,99738,1,997.38
6558,2028,272113,1,2721.13
6559,2028,136447,1,1364.47
6560,2028,398990,1,3989.9
6561,2028,175970,1,1759.7
6562,2028,142173,1,1421.73
6563,2028,653656,1,6536.56
6564,2028,238224,1,2382.24
6566,2028,548345,2,5483.45
6567,2028,117007,1,1170.07
6568,2028,193808,1,1938.08
6569,2028,417652,1,4176.52
6570,2028,100218,1,1002.18
6571,2028,141838,1,1418.38
6572,2028,399254,1,3992.54
6573,2028,198576,1,1985.76
6574,2028,501268,2,5012.68
6575,2028,272337,1,2723.37
6576,2028,550857,5,5508.57
6577,2028,134475,1,1344.75
6578,2028,113778,1,1137.78
6579,2028,529327,3,5293.27
6580,2028,203426,1,2034.26
6581,2028,100311,1,1003.11
6582,2028,324449,3,3244.49
6583,2028,54403,1,544.03
6584,2028,194002,1,1940.02
6585,2028,468979,1,4689.79
6586,2028,99614,1,996.14
6587,2028,280359,1,2803.59
6588,2028,354268,1,3542.68
6589,2028,1064676,1,10646.76
6590,2028,136447,1,1364.47
6591,2028,176116,1,1761.16
6592,2028,1716902,5,17169.02
6593,2028,296845,1,2968.45
6594,2028,348923,1,3489.23
6595,2028,419416,1,4194.16
6596,2028,694913,2,6949.13
6597,2028,206832,1,2068.32
6598,2028,206839,1,2068.39
6599,2028,592823,1,5928.23
6600,2028,979907,4,9799.07
6601,2028,433169,2,4331.69
6602,2028,47242,1,472.42
6603,2028,331872,2,3318.72
6604,2028,141843,1,1418.43
6605,2028,72853,1,728.53
6606,2028,172795,2,1727.95
6607,2028,113487,1,1134.87
6608,2028,103103,1,1031.03
6609,2028,296476,1,2964.76
6610,2028,156728,1,1567.28
6611,2028,263405,1,2634.05
6612,2028,157654,1,1576.54
6613,2028,116643,1,1166.43
6614,2028,272119,1,2721.19
6615,2028,283608,1,2836.08
6616,2028,398074,1,3980.74
6617,2028,459140,1,4591.4
6618,2028,142246,1,1422.46
6619,2028,290945,1,2909.45
6620,2028,347807,1,3478.07
6621,2028,398661,1,3986.61
6622,2028,244426,1,2444.26
6623,2028,207285,1,2072.85
6624,2028,408917,2,4089.17
6625,2028,272554,1,2725.54
6626,2028,85763,1,857.63
6627,2028,104668,1,1046.68
6628,2028,50496,1,504.96
6629,2028,104438,1,1044.38
6630,2028,63000,1,630.0
6631,2028,207072,1,2070.72
6632,2028,61260,1,612.6
6633,2028,109808,1,1098.08
6634,2028,680321,4,6803.21
6635,2028,58142,1,581.42
6636,2028,120916,1,1209.16
6637,2028,188713,1,1887.13
6638,2028,117314,1,1173.14
6639,2028,467327,2,4673.27
6640,2028,728793,5,7287.93
6641,2028,237841,1,2378.41
6642,2028,417652,1,4176.52
6643,2028,467922,1,4679.22
6645,2028,384587,1,3845.87
6646,2028,384554,1,3845.54
6647,2028,380666,1,3806.66
6649,2028,381017,1,3810.17
6650,2028,381077,1,3810.77
6651,2028,176128,1,1761.28
6652,2028,128543,1,1285.43
6653,2028,85449,1,854.49
6654,2028,252596,3,2525.96
6655,2028,89761,1,897.61
6656,2028,169550,1,1695.5
6657,2028,202022,1,2020.22
6658,2028,556762,3,5567.62
6659,2028,427696,3,4276.96
6660,2028,85589,1,855.89
6661,2028,341543,2,3415.43
6662,2028,164775,1,1647.75
6663,2028,368312,1,3683.12
6664,2028,105050,1,1050.5
6665,2028,47445,1,474.45
6666,2028,415284,2,4152.84
6667,2028,196833,2,1968.33
6668,2028,103935,1,1039.35
6669,2028,199855,1,1998.55
6670,2028,280868,1,2808.68
6671,2028,188690,1,1886.9
6672,2028,165335,1,1653.35
6673,2028,264377,1,2643.77
6674,2028,280085,1,2800.85
6675,2028,384934,1,3849.34
6676,2028,383731,1,3837.31
6677,2028,380577,1,3805.77
6678,2028,380166,1,3801.66
6679,2028,398160,1,3981.6
6680,2028,142246,1,1422.46
6681,2028,419781,1,4197.81
6682,2028,212646,1,2126.46
6683,2028,309400,1,3094.0
6684,2028,171006,1,1710.06
6685,2028,142144,1,1421.44
6686,2028,106396,1,1063.96
6687,2028,363035,1,3630.35
6688,2028,202833,1,2028.33
6689,2028,418485,1,4184.85
6690,2028,213402,1,2134.02
6691,2028,238097,1,2380.97
6692,2028,272116,1,2721.16
6693,2028,409324,1,4093.24
6694,2028,1167650,2,11676.5
6695,2028,793881,2,7938.81
6696,2028,381781,1,3817.81
6697,2028,176724,1,1767.24
6698,2028,376746,1,3767.46
6699,2028,128261,1,1282.61
6700,2028,290973,1,2909.73
6701,2028,348272,1,3482.72
6702,2028,173033,1,1730.33
6703,2028,198928,1,1989.28
6704,2028,207070,1,2070.7
6705,2028,321541,2,3215.41
6706,2028,775569,4,7755.69
6708,2028,213153,1,2131.53
6709,2028,332955,1,3329.55
6710,2028,551675,3,5516.75
6711,2028,225586,1,2255.86
6712,2028,184673,1,1846.73
6713,2028,60289,1,602.89
6714,2028,227822,1,2278.22
6715,2028,206121,1,2061.21
6716,2028,986500,4,9865.0
6717,2028,272116,1,2721.16
6718,2028,452021,2,4520.21
6719,2028,42982,1,429.82
6720,2028,198303,2,1983.03
6721,2028,185394,1,1853.94
6722,2028,127632,1,1276.32
6723,2028,128869,1,1288.69
6724,2028,978448,1,9784.48
6725,2028,899115,4,8991.15
6726,2028,415979,2,4159.79
6727,2028,172782,1,1727.82
6728,2028,207048,1,2070.48
6729,2028,206622,1,2066.22
6730,2028,212368,1,2123.68
6731,2028,262582,1,2625.82
6732,2028,226243,1,2262.43
6733,2028,185589,1,1855.89
6734,2028,264259,1,2642.59
6735,2028,398947,1,3989.47
6736,2028,175983,1,1759.83
6737,2028,351876,1,3518.76
6738,2028,419331,1,4193.31
6739,2028,504824,1,5048.24
6740,2028,292715,1,2927.15
6741,2028,369548,2,3695.48
6742,2028,128144,1,1281.44
6743,2028,117751,1,1177.51
6744,2028,148109,1,1481.09
6745,2028,123397,1,1233.97
6746,2028,124836,1,1248.36
6748,2028,356305,2,3563.05
6749,2029,696617,1,6966.17
6750,2029,237925,1,2379.25
6751,2029,422176,1,4221.76
6752,2029,279784,1,2797.84
6753,2029,418950,1,4189.5
6754,2029,206103,1,2061.03
6755,2029,128543,1,1285.43
6756,2029,290781,1,2907.81
6757,2029,347342,1,3473.42
6758,2029,198715,1,1987.15
6759,2029,242146,1,2421.46
6760,2029,184667,1,1846.67
6761,2029,68360,1,683.6
6762,2029,1888859,6,18888.59
6763,2029,258107,6,2581.07
6764,2029,121540,1,1215.4
6765,2029,242211,2,2422.11
6766,2029,422567,1,4225.67
6768,2029,433728,1,4337.28
6769,2029,418950,1,4189.5
6770,2029,176274,1,1762.74
6771,2029,227819,1,2278.19
6772,2029,414195,1,4141.95
6773,2029,176231,1,1762.31
6774,2029,930889,2,9308.89
6775,2029,419331,1,4193.31
6776,2029,259785,1,2597.85
6777,2029,173014,1,1730.14
6778,2029,199316,1,1993.16
6779,2029,207048,1,2070.48
6780,2029,264190,2,2641.9
6781,2029,242342,1,2423.42
6782,2029,283007,1,2830.07
6783,2029,212368,1,2123.68
6784,2029,228769,1,2287.69
6785,2029,310018,1,3100.18
6786,2029,495139,1,4951.39
6787,2029,272337,1,2723.37
6788,2029,18892,1,188.92
6789,2029,461897,1,4618.97
6790,2029,441042,1,4410.42
6791,2029,397991,1,3979.91
6792,2029,348202,1,3482.02
6793,2029,244181,1,2441.81
6794,2029,91552,1,915.52
6795,2029,19198,1,191.98
6796,2029,326572,6,3265.72
6797,2029,231481,1,2314.81
6798,2029,107444,1,1074.44
6799,2029,29015,1,290.15
6800,2029,28822,1,288.22
6801,2029,28557,1,285.57
6802,2029,227812,1,2278.12
6803,2029,320403,2,3204.03
6804,2029,552131,3,5521.31
6805,2029,172782,1,1727.82
6806,2029,1154091,3,11540.91
6807,2029,148324,1,1483.24
6808,2029,303805,2,3038.05
6809,2029,274841,1,2748.41
6810,2029,151484,1,1514.84
6811,2029,383173,3,3831.73
6812,2029,183125,1,1831.25
6813,2029,141027,1,1410.27
6814,2029,208087,1,2080.87
6815,2029,422511,1,4225.11
6816,2029,280421,1,2804.21
6818,2029,473306,3,4733.06
6819,2029,441104,1,4411.04
6820,2029,419187,1,4191.87
6822,2029,176427,1,1764.27
6823,2029,176319,1,1763.19
6824,2029,290370,1,2903.7
6825,2029,347877,1,3478.77
6826,2029,416012,2,4160.12
6827,2029,172977,1,1729.77
6828,2029,199354,1,1993.54
6829,2029,244181,1,2441.81
6830,2029,241951,1,2419.51
6831,2029,242146,1,2421.46
6832,2029,855427,3,8554.27
6833,2029,229201,1,2292.01
6834,2029,1471057,6,14710.57
6835,2029,272333,1,2723.33
6836,2029,183922,1,1839.22
6837,2029,76265,1,762.65
6838,2029,161274,1,1612.74
6839,2029,441042,1,4410.42
6840,2029,398032,1,3980.32
6841,2029,227819,1,2278.19
6843,2029,207091,1,2070.91
6844,2029,242537,1,2425.37
6845,2029,228553,1,2285.53
6846,2029,226171,1,2261.71
6847,2029,264617,2,2646.17
6848,2029,207872,1,2078.72
6849,2029,318256,1,3182.56
6850,2029,1342896,3,13428.96
6851,2029,290753,1,2907.53
6852,2029,172782,1,1727.82
6853,2029,199141,1,1991.41
6854,2029,314738,1,3147.38
6855,2029,275215,1,2752.15
6856,2029,220075,2,2200.75
6857,2029,109497,1,1094.97
6858,2029,275520,1,2755.2
6859,2029,139634,1,1396.34
6860,2029,423124,1,4231.24
6861,2029,272116,1,2721.16
6862,2029,418478,1,4184.78
6863,2029,1151839,1,11518.39
6864,2029,363947,1,3639.47
6865,2029,206553,1,2065.53
6866,2029,429451,1,4294.51
6867,2029,347412,1,3474.12
6868,2029,950500,4,9505.0
6870,2029,244181,1,2441.81
6871,2029,361663,2,3616.63
6872,2029,269619,2,2696.19
6873,2029,148174,1,1481.74
6874,2029,147816,1,1478.16
6875,2029,137357,1,1373.57
6876,2029,341916,1,3419.16
6877,2029,208060,1,2080.6
6878,2029,487535,1,4875.35
6879,2029,440980,1,4409.8
6880,2029,419894,1,4198.94
6881,2029,397617,1,3976.17
6882,2029,363947,1,3639.47
6883,2029,269081,1,2690.81
6884,2029,240575,1,2405.75
6885,2029,172782,1,1727.82
6886,2029,199392,1,1993.92
6887,2029,206876,1,2068.76
6888,2029,326219,1,3262.19
6889,2029,271678,1,2716.78
6890,2029,177388,1,1773.88
6892,2029,195249,1,1952.49
6893,2029,105971,1,1059.71
6894,2029,155024,1,1550.24
6895,2029,653497,4,6534.97
6896,2029,110658,1,1106.58
6897,2029,109731,1,1097.31
6898,2029,422567,1,4225.67
6899,2029,213272,1,2132.72
6900,2029,212668,1,2126.68
6901,2029,350545,1,3505.45
6902,2029,183714,1,1837.14
6903,2029,183585,1,1835.85
6904,2029,440679,1,4406.79
6905,2029,242517,1,2425.17
6906,2029,414421,1,4144.21
6907,2029,291835,1,2918.35
6908,2029,290753,1,2907.53
6909,2029,348343,1,3483.43
6910,2029,206876,1,2068.76
6911,2029,106705,1,1067.05
6912,2029,145259,1,1452.59
6913,2029,94479,1,944.79
6914,2029,208060,1,2080.6
6915,2029,383845,1,3838.45
6916,2029,212869,1,2128.69
6917,2029,272116,1,2721.16
6918,2029,182150,1,1821.5
6919,2029,181727,1,1817.27
6920,2029,182003,1,1820.03
6921,2029,183254,1,1832.54
6922,2029,377151,1,3771.51
6923,2029,913451,3,9134.51
6924,2029,213160,1,2131.6
6925,2029,615182,1,6151.82
6926,2029,547771,2,5477.71
6927,2029,222735,1,2227.35
6928,2029,123642,1,1236.42
6929,2029,1130365,2,11303.65
6931,2029,321794,1,3217.94
6932,2029,423124,1,4231.24
6933,2029,213272,1,2132.72
6934,2029,212989,1,2129.89
6935,2029,182076,1,1820.76
6936,2029,182555,1,1825.55
6937,2029,181947,1,1819.47
6938,2029,183309,1,1833.09
6939,2029,183862,1,1838.62
6940,2029,183457,1,1834.57
6941,2029,298758,1,2987.58
6942,2029,418714,1,4187.14
6943,2029,398905,1,3989.05
6944,2029,317683,1,3176.83
6945,2029,168712,1,1687.12
6946,2029,204871,1,2048.71
6947,2029,199103,1,1991.03
6948,2029,207264,1,2072.64
6949,2029,164314,1,1643.14
6950,2029,213243,1,2132.43
6951,2029,212842,1,2128.42
6952,2029,212759,1,2127.59
6954,2029,677720,1,6777.2
6955,2029,741191,1,7411.91
6956,2029,60370,1,603.7
6957,2029,126090,1,1260.9
6958,2029,275021,2,2750.21
6959,2029,207872,1,2078.72
6960,2029,213234,1,2132.34
6961,2029,213070,1,2130.7
6962,2029,349993,1,3499.93
6963,2029,181930,1,1819.3
6964,2029,182133,1,1821.33
6965,2029,183383,1,1833.83
6966,2029,291619,1,2916.19
6967,2029,290973,1,2909.73
6968,2029,348202,1,3482.02
6969,2029,1898846,4,18988.46
6970,2029,213078,1,2130.78
6971,2029,213361,1,2133.61
6972,2029,207432,1,2074.32
6973,2029,197183,1,1971.83
6974,2029,156871,1,1568.71
6975,2029,138196,1,1381.96
6976,2029,137978,1,1379.78
6977,2029,289102,1,2891.02
6978,2029,300937,1,3009.37
6979,2029,182003,1,1820.03
6980,2029,183733,1,1837.33
6981,2029,1151716,1,11517.16
6982,2029,204871,1,2048.71
6983,2029,414440,1,4144.4
6984,2029,326265,1,3262.65
6985,2029,147798,1,1477.98
6986,2029,181220,1,1812.2
6987,2029,109421,1,1094.21
6988,2029,392096,2,3920.96
6989,2029,235328,1,2353.28
6990,2029,126855,1,1268.55
6991,2029,196841,1,1968.41
6992,2029,298587,1,2985.87
6993,2029,299065,1,2990.65
6994,2029,300644,1,3006.44
6995,2029,182279,1,1822.79
6996,2029,181947,1,1819.47
6997,2029,183714,1,1837.14
6998,2029,183862,1,1838.62
6999,2029,367143,1,3671.43
7000,2029,371628,1,3716.28
7001,2029,418871,1,4188.71
7002,2029,398117,1,3981.17
7003,2029,268836,1,2688.36
7004,2029,405014,1,4050.14
7005,2029,335514,1,3355.14
7006,2029,1367758,3,13677.58
7007,2029,348202,1,3482.02
7008,2029,207307,1,2073.07
7009,2029,266030,1,2660.3
7010,2029,385764,1,3857.64
7011,2029,213279,1,2132.79
7012,2029,241970,1,2419.7
7013,2029,805030,4,8050.3
7014,2029,94858,1,948.58
7015,2029,268415,2,2684.15
7016,2029,128927,1,1289.27
7017,2029,105909,1,1059.09
7018,2029,183048,1,1830.48
7019,2029,234430,1,2344.3
7020,2029,151096,1,1510.96
7021,2029,124996,1,1249.96
7022,2029,150737,1,1507.37
7023,2029,184806,1,1848.06
7024,2029,248362,1,2483.62
7025,2029,248447,1,2484.47
7026,2029,462305,1,4623.05
7027,2029,182206,1,1822.06
7029,2029,183714,1,1837.14
7030,2029,244639,1,2446.39
7031,2029,721145,2,7211.45
7032,2029,204871,1,2048.71
7033,2029,206535,1,2065.35
7034,2029,348308,1,3483.08
7036,2029,249675,1,2496.75
7037,2029,238239,1,2382.39
7038,2029,164496,1,1644.96
7039,2029,197903,1,1979.03
7040,2029,197976,1,1979.76
7041,2029,87440,1,874.4
7042,2029,129369,1,1293.69
7043,2029,107921,1,1079.21
7044,2029,337836,2,3378.36
7045,2029,68059,1,680.59
7046,2029,332189,1,3321.89
7047,2029,43160,1,431.6
7048,2029,208033,1,2080.33
7049,2029,245258,1,2452.58
7050,2029,1236436,1,12364.36
7051,2029,182279,1,1822.79
7052,2029,183714,1,1837.14
7054,2029,398905,1,3989.05
7055,2029,268644,1,2686.44
7056,2029,167353,1,1673.53
7057,2029,197554,1,1975.54
7058,2029,228889,1,2288.89
7059,2029,64145,1,641.45
7060,2029,244633,1,2446.33
7061,2029,167425,1,1674.25
7062,2029,206319,1,2063.19
7063,2029,348528,1,3485.28
7064,2029,241672,2,2416.72
7065,2029,106742,1,1067.42
7066,2029,113935,1,1139.35
7067,2029,291745,1,2917.45
7068,2029,125673,1,1256.73
7069,2029,185511,1,1855.11
7070,2029,207843,1,2078.43
7071,2029,90459,1,904.59
7072,2029,208628,1,2086.28
7073,2029,248649,1,2486.49
7074,2029,182408,1,1824.08
7075,2029,183512,1,1835.12
7076,2029,282212,1,2822.12
7077,2029,332710,1,3327.1
7079,2029,182960,1,1829.6
7080,2029,466261,1,4662.61
7081,2029,216123,1,2161.23
7082,2029,164132,1,1641.32
7083,2029,198107,1,1981.07
7084,2029,103610,1,1036.1
7085,2029,267074,2,2670.74
7087,2029,189263,1,1892.63
7089,2029,172235,1,1722.35
7090,2029,71466,1,714.66
7091,2029,59697,1,596.97
7092,2029,95070,1,950.7
7093,2029,94873,1,948.73
7094,2029,643897,4,6438.97
7095,2029,124829,1,1248.29
7096,2029,126660,1,1266.6
7098,2029,207603,1,2076.03
7099,2029,172948,1,1729.48
7100,2029,167250,1,1672.5
7101,2029,376341,1,3763.41
7102,2029,93690,1,936.9
7104,2029,207855,1,2078.55
7106,2029,461336,1,4613.36
7107,2029,167637,1,1676.37
7108,2029,197627,1,1976.27
7109,2029,555560,2,5555.6
7110,2029,247665,2,2476.65
7111,2029,114669,1,1146.69
7112,2029,183596,1,1835.96
7113,2029,61038,1,610.38
7114,2029,132431,1,1324.31
7115,2029,71376,1,713.76
7116,2029,123626,1,1236.26
7117,2029,135982,1,1359.82
7118,2029,289544,1,2895.44
7119,2029,455123,1,4551.23
7120,2029,120951,1,1209.51
7121,2029,148568,1,1485.68
7122,2029,888363,1,8883.63
7123,2029,398074,1,3980.74
7124,2029,327372,1,3273.72
7125,2029,167425,1,1674.25
7126,2029,938526,1,9385.26
7127,2029,206553,1,2065.53
7128,2029,347877,1,3478.77
7129,2029,229366,1,2293.66
7130,2029,228624,1,2286.24
7134,2029,238358,1,2383.58
7135,2029,133355,1,1333.55
7136,2029,107808,1,1078.08
7138,2029,202357,1,2023.57
7139,2029,2056651,11,20566.51
7140,2029,208329,1,2083.29
7141,2029,495388,1,4953.88
7142,2029,236054,1,2360.54
7143,2029,172187,1,1721.87
7144,2029,242363,1,2423.63
7145,2029,260076,1,2600.76
7146,2029,333075,1,3330.75
7147,2029,180625,1,1806.25
7148,2029,182960,1,1829.6
7149,2029,223899,1,2238.99
7150,2029,216504,1,2165.04
7151,2029,293266,1,2932.66
7152,2029,326644,1,3266.44
7153,2029,197569,1,1975.69
7154,2029,198107,1,1981.07
7155,2029,148102,1,1481.02
7156,2029,129109,1,1291.09
7157,2029,383527,2,3835.27
7158,2029,35582,1,355.82
7159,2029,318285,2,3182.85
7160,2029,174998,1,1749.98
7161,2029,62378,1,623.78
7162,2029,68098,1,680.98
7163,2029,102492,1,1024.92
7164,2029,73668,1,736.68
7165,2029,107552,1,1075.52
7166,2029,58932,1,589.32
7167,2029,59009,1,590.09
7168,2029,236260,1,2362.6
7169,2029,209908,1,2099.08
7170,2029,172795,1,1727.95
7171,2029,429526,1,4295.26
7172,2029,242098,1,2420.98
7173,2029,298594,1,2985.94
7174,2029,268836,1,2688.36
7175,2029,652318,3,6523.18
7176,2029,167287,1,1672.87
7178,2029,182548,1,1825.48
7179,2029,348597,1,3485.97
7180,2029,983716,6,9837.16
7181,2029,216035,1,2160.35
7182,2029,240511,1,2405.11
7183,2029,208890,1,2088.9
7184,2029,265409,1,2654.09
7185,2029,69380,1,693.8
7186,2029,108578,1,1085.78
7187,2029,86192,1,861.92
7188,2029,59173,1,591.73
7189,2029,767216,2,7672.16
7190,2029,1383330,4,13833.3
7191,2029,151671,1,1516.71
7192,2029,453512,2,4535.12
7194,2029,138193,1,1381.93
7195,2029,126926,1,1269.26
7196,2029,208087,1,2080.87
7197,2029,59376,1,593.76
7198,2029,59376,1,593.76
7199,2029,59579,1,595.79
7200,2029,468483,1,4684.83
7201,2029,465552,1,4655.52
7202,2029,236054,1,2360.54
7203,2029,242996,1,2429.96
7204,2029,307921,3,3079.21
7205,2029,395585,2,3955.85
7206,2029,259806,1,2598.06
7207,2029,322161,1,3221.61
7208,2029,203645,1,2036.45
7209,2029,332452,1,3324.52
7210,2029,792031,2,7920.31
7211,2029,224111,1,2241.11
7212,2029,1206780,8,12067.8
7213,2029,353453,4,3534.53
7214,2029,583874,1,5838.74
7215,2029,45698,1,456.98
7216,2029,98786,1,987.86
7217,2029,34691,1,346.91
7218,2029,212838,3,2128.38
7219,2029,566919,1,5669.19
7220,2029,271813,1,2718.13
7221,2029,189790,1,1897.9
7222,2029,209682,1,2096.82
7223,2029,172797,1,1727.97
7224,2029,429947,1,4299.47
7225,2029,242230,1,2422.3
7226,2029,297890,1,2978.9
7227,2029,246387,1,2463.87
7228,2029,272135,1,2721.35
7229,2029,182754,1,1827.54
7230,2029,303277,1,3032.77
7231,2029,174196,2,1741.96
7232,2029,189745,1,1897.45
7233,2029,462119,1,4621.19
7234,2029,234327,1,2343.27
7235,2029,265611,1,2656.11
7236,2029,3582534,13,35825.34
7237,2029,98376,1,983.76
7238,2029,153857,1,1538.57
7239,2029,84726,1,847.26
7240,2029,87681,1,876.81
7242,2029,716073,1,7160.73
7243,2029,189579,1,1895.79
7245,2029,235848,1,2358.48
7246,2029,172644,1,1726.44
7247,2029,261861,1,2618.61
7248,2029,242230,1,2422.3
7249,2029,260487,1,2604.87
7250,2029,322833,1,3228.33
7251,2029,318005,1,3180.05
7252,2029,419258,1,4192.58
7254,2029,167498,1,1674.98
7255,2029,167462,1,1674.62
7256,2029,192988,1,1929.88
7257,2029,183166,1,1831.66
7258,2029,224111,1,2241.11
7259,2029,347948,1,3479.48
7260,2029,736604,2,7366.04
7261,2029,466015,1,4660.15
7262,2029,600547,2,6005.47
7263,2029,209104,1,2091.04
7264,2029,317443,1,3174.43
7266,2029,1009312,3,10093.12
7267,2029,468179,1,4681.79
7268,2029,464959,1,4649.59
7270,2029,235981,1,2359.81
7271,2029,241818,1,2418.18
7272,2029,429035,1,4290.35
7273,2029,322006,1,3220.06
7274,2029,294282,1,2942.82
7275,2029,118010,1,1180.1
7277,2029,94195,1,941.95
7278,2029,279324,3,2793.24
7280,2029,172950,1,1729.5
7281,2029,242230,1,2422.3
7282,2029,462119,1,4621.19
7283,2029,711378,1,7113.78
7284,2029,341100,1,3411.0
7286,2029,1340385,3,13403.85
7287,2029,880004,1,8800.04
7288,2029,223965,1,2239.65
7289,2029,348272,1,3482.72
7290,2029,556755,1,5567.55
7291,2029,339798,1,3397.98
7292,2029,338927,1,3389.27
7293,2029,251765,1,2517.65
7294,2029,97687,1,976.87
7295,2029,102145,1,1021.45
7296,2029,235848,1,2358.48
7297,2029,174681,1,1746.81
7298,2029,192859,1,1928.59
7299,2029,182834,1,1828.34
7300,2029,288921,1,2889.21
7301,2029,1541852,5,15418.52
7302,2029,205629,1,2056.29
7303,2029,187400,1,1874.0
7304,2029,176477,1,1764.77
7305,2029,113589,1,1135.89
7306,2029,121603,1,1216.03
7307,2029,102301,1,1023.01
7308,2029,118010,1,1180.1
7309,2029,208114,1,2081.14
7310,2029,464959,1,4649.59
7311,2029,404725,2,4047.25
7312,2029,197706,1,1977.06
7313,2029,266636,1,2666.36
7315,2029,209908,1,2099.08
7316,2029,195163,1,1951.63
7317,2029,242304,1,2423.04
7318,2029,529231,2,5292.31
7319,2029,289033,1,2890.33
7320,2029,203900,1,2039.0
7321,2029,348550,1,3485.5
7322,2029,175554,1,1755.54
7323,2029,182691,1,1826.91
7324,2029,223899,1,2238.99
7325,2029,346948,1,3469.48
7326,2029,492921,1,4929.21
7327,2029,465950,1,4659.5
7328,2029,216123,1,2161.23
7329,2029,229154,1,2291.54
7330,2029,339313,1,3393.13
7331,2029,556198,2,5561.98
7332,2029,567064,1,5670.64
7333,2029,101425,1,1014.25
7334,2029,97265,1,972.65
7335,2029,158932,1,1589.32
7336,2029,207899,1,2078.99
7337,2029,468050,1,4680.5
7338,2029,235848,1,2358.48
7339,2029,304691,1,3046.91
7340,2029,195537,1,1955.37
7341,2029,243747,1,2437.47
7342,2029,241804,1,2418.04
7343,2029,776872,1,7768.72
7344,2029,298214,1,2982.14
7346,2029,293982,1,2939.82
7347,2029,362466,1,3624.66
7348,2029,403809,1,4038.09
7349,2029,198883,1,1988.83
7350,2029,192699,1,1926.99
7351,2029,288688,1,2886.88
7352,2029,274215,1,2742.15
7355,2029,60964,1,609.64
7356,2029,268941,3,2689.41
7357,2029,43236,1,432.36
7358,2029,160434,1,1604.34
7359,2029,85758,1,857.58
7360,2029,346509,3,3465.09
7361,2029,120681,1,1206.81
7362,2029,309840,1,3098.4
7363,2029,208614,1,2086.14
7364,2029,474814,1,4748.14
7365,2029,297723,1,2977.23
7366,2029,289482,1,2894.82
7367,2029,376550,1,3765.5
7368,2029,362064,1,3620.64
7369,2029,403405,1,4034.05
7370,2029,348846,1,3488.46
7371,2029,198883,1,1988.83
7372,2029,220430,1,2204.3
7373,2029,183023,1,1830.23
7374,2029,224324,1,2243.24
7375,2029,348272,1,3482.72
7376,2029,216336,1,2163.36
7377,2029,339124,1,3391.24
7378,2029,337960,1,3379.6
7379,2029,33354,1,333.54
7381,2029,137796,1,1377.96
7383,2029,60801,1,608.01
7384,2029,422729,2,4227.29
7385,2029,208060,1,2080.6
7386,2029,208859,1,2088.59
7387,2029,240628,1,2406.28
7388,2029,463081,1,4630.81
7389,2029,414395,1,4143.95
7390,2029,809363,2,8093.63
7391,2029,203815,1,2038.15
7392,2029,56847,1,568.47
7393,2029,223850,1,2238.5
7394,2029,151181,1,1511.81
7395,2029,151187,1,1511.87
7396,2029,492686,3,4926.86
7398,2029,503566,1,5035.66
7399,2029,164722,1,1647.22
7400,2029,304353,1,3043.53
7401,2029,493000,1,4930.0
7402,2029,322521,1,3225.21
7403,2029,403181,1,4031.81
7404,2029,174986,1,1749.86
7405,2029,182897,1,1828.97
7406,2029,423857,1,4238.57
7407,2029,648789,1,6487.89
7408,2029,895132,2,8951.32
7409,2029,555701,2,5557.01
7410,2029,64989,1,649.89
7411,2029,36400,1,364.0
7412,2029,491618,2,4916.18
7414,2029,289699,2,2896.99
7415,2029,133260,1,1332.6
7416,2029,85899,1,858.99
7417,2029,142227,1,1422.27
7418,2029,1288098,4,12880.98
7419,2029,208429,1,2084.29
7420,2029,240116,1,2401.16
7421,2029,299251,1,2992.51
7422,2029,255543,1,2555.43
7423,2029,376275,1,3762.75
7424,2029,175162,1,1751.62
7425,2029,56741,1,567.41
7426,2029,56901,1,569.01
7427,2029,192523,1,1925.23
7428,2029,288675,1,2886.75
7429,2029,348343,1,3483.43
7430,2029,216548,1,2165.48
7431,2029,163136,1,1631.36
7432,2029,754763,3,7547.63
7433,2029,114828,1,1148.28
7434,2029,189307,1,1893.07
7435,2029,449085,2,4490.85
7436,2029,163111,1,1631.11
7437,2029,238483,1,2384.83
7438,2029,448591,1,4485.91
7439,2029,107373,1,1073.73
7440,2029,52031,1,520.31
7441,2029,208114,1,2081.14
7442,2029,1644885,1,16448.85
7443,2029,647082,1,6470.82
7444,2029,229652,1,2296.52
7445,2029,474814,1,4748.14
7446,2029,428032,1,4280.32
7447,2029,362466,1,3624.66
7448,2029,403989,1,4039.89
7449,2029,439341,1,4393.41
7450,2029,174878,1,1748.78
7451,2029,56993,1,569.93
7452,2029,56541,1,565.41
7453,2029,321500,3,3215.0
7454,2029,5841556,33,58415.56
7455,2029,48803,1,488.03
7456,2029,137507,1,1375.07
7457,2029,1422300,4,14223.0
7458,2029,33404,1,334.04
7459,2029,166062,1,1660.62
7460,2029,124572,1,1245.72
7461,2029,577185,2,5771.85
7462,2029,950682,3,9506.82
7463,2029,136499,1,1364.99
7464,2029,458246,2,4582.46
7465,2029,303582,1,3035.82
7466,2029,536678,1,5366.78
7467,2029,229599,1,2295.99
7468,2029,615927,1,6159.27
7469,2029,323398,1,3233.98
7470,2029,299067,1,2990.67
7471,2029,255336,1,2553.36
7472,2029,317683,1,3176.83
7473,2029,439757,1,4397.57
7474,2029,174878,1,1748.78
7475,2029,56847,1,568.47
7476,2029,192538,1,1925.38
7477,2029,182754,1,1827.54
7478,2029,423592,1,4235.92
7479,2029,216079,1,2160.79
7480,2029,284845,1,2848.45
7481,2029,144972,1,1449.72
7482,2029,172948,1,1729.48
7483,2029,462571,1,4625.71
7484,2029,563382,1,5633.82
7485,2029,650162,2,6501.62
7486,2029,99190,1,991.9
7487,2029,466890,3,4668.9
7488,2029,1500635,11,15006.35
7489,2029,144149,1,1441.49
7490,2029,254519,2,2545.19
7491,2029,145058,1,1450.58
7492,2029,63349,1,633.49
7493,2029,261371,1,2613.71
7494,2029,154690,1,1546.9
7495,2029,136499,1,1364.99
7496,2029,332410,1,3324.1
7497,2029,367666,1,3676.66
7498,2029,229982,1,2299.82
7499,2029,243775,1,2437.75
7500,2029,377426,1,3774.26
7501,2029,361662,1,3616.62
7502,2029,174986,1,1749.86
7503,2029,87917,1,879.17
7504,2029,740517,2,7405.17
7505,2029,402773,3,4027.73
7506,2029,348738,1,3487.38
7507,2029,406635,1,4066.35
7508,2029,133640,1,1336.4
7509,2029,561827,1,5618.27
7510,2029,323736,1,3237.36
7511,2029,229982,1,2299.82
7512,2029,298786,1,2987.86
7513,2029,555730,2,5557.3
7514,2029,106257,1,1062.57
7515,2029,99767,1,997.67
7516,2029,319320,2,3193.2
7517,2029,144349,1,1443.49
7518,2029,137146,1,1371.46
7519,2029,106137,1,1061.37
7520,2029,207818,1,2078.18
7521,2029,403697,1,4036.97
7522,2029,88072,1,880.72
7523,2029,335485,1,3354.85
7524,2029,230567,1,2305.67
7525,2029,91007,1,910.07
7526,2029,389601,2,3896.01
7527,2029,481255,2,4812.55
7528,2029,141062,1,1410.62
7529,2029,166207,1,1662.07
7531,2029,128929,1,1289.29
7532,2029,255696,1,2556.96
7533,2029,240116,1,2401.16
7534,2029,474734,1,4747.34
7535,2029,424941,1,4249.41
7536,2029,299251,1,2992.51
7537,2029,220945,1,2209.45
7538,2029,285965,1,2859.65
7539,2029,268836,1,2688.36
7540,2029,377102,1,3771.02
7541,2029,298369,1,2983.69
7542,2029,404100,1,4041.0
7543,2029,215572,1,2155.72
7544,2029,175270,1,1752.7
7545,2029,168442,1,1684.42
7546,2029,282180,1,2821.8
7547,2029,282303,1,2823.03
7548,2029,206261,1,2062.61
7549,2029,276433,2,2764.33
7550,2029,216292,1,2162.92
7551,2029,554945,1,5549.45
7552,2029,422923,3,4229.23
7553,2029,180561,1,1805.61
7555,2029,180134,1,1801.34
7556,2029,208248,1,2082.48
7557,2029,332410,1,3324.1
7558,2029,462472,1,4624.72
7559,2029,361550,1,3615.5
7560,2029,183292,1,1832.92
7561,2029,1262363,3,12623.63
7562,2029,457056,3,4570.56
7563,2029,348701,1,3487.01
7564,2029,121221,1,1212.21
7565,2029,1705606,2,17056.06
7566,2029,661966,1,6619.66
7567,2029,268372,1,2683.72
7568,2029,239861,1,2398.61
7569,2029,628462,1,6284.62
7570,2029,424531,1,4245.31
7571,2029,1045879,1,10458.79
7572,2029,299440,1,2994.4
7573,2029,220393,1,2203.93
7574,2029,414183,1,4141.83
7575,2029,376680,1,3766.8
7576,2029,564676,1,5646.76
7577,2029,403293,1,4032.93
7578,2029,384192,1,3841.92
7579,2029,1138149,2,11381.49
7580,2029,87917,1,879.17
7582,2029,230579,1,2305.79
7583,2029,364591,2,3645.91
7584,2029,348474,1,3484.74
7585,2029,216548,1,2165.48
7586,2029,341173,2,3411.73
7587,2029,146293,1,1462.93
7588,2029,208060,1,2080.6
7589,2029,341982,1,3419.82
7590,2029,332431,1,3324.31
7591,2029,266938,1,2669.38
7592,2029,1063498,1,10634.98
7593,2029,240628,1,2406.28
7594,2029,425352,1,4253.52
7595,2029,462826,1,4628.26
7596,2029,298786,1,2987.86
7597,2029,220215,1,2202.15
7598,2029,362522,1,3625.22
7599,2029,206307,1,2063.07
7600,2029,230157,1,2301.57
7601,2029,182817,1,1828.17
7602,2029,185039,1,1850.39
7603,2029,586652,2,5866.52
7604,2029,267306,1,2673.06
7605,2029,240631,1,2406.31
7606,2029,299440,1,2994.4
7607,2029,377524,1,3775.24
7608,2029,564721,1,5647.21
7609,2029,235533,1,2355.33
7610,2029,403405,1,4034.05
7611,2029,216548,1,2165.48
7612,2029,554414,1,5544.14
7613,2029,130299,1,1302.99
7614,2029,200509,1,2005.09
7615,2029,89681,1,896.81
7616,2029,208329,1,2083.29
7617,2029,266938,1,2669.38
7618,2029,243586,1,2435.86
7619,2029,424941,1,4249.41
7620,2029,362177,1,3621.77
7621,2029,384749,1,3847.49
7622,2029,205883,1,2058.83
7623,2029,182611,1,1826.11
7624,2029,556396,2,5563.96
7626,2029,713952,1,7139.52
7627,2029,110570,1,1105.7
7628,2029,121655,1,1216.55
7629,2029,145846,1,1458.46
7630,2029,141470,1,1414.7
7631,2029,137384,1,1373.84
7632,2029,332209,1,3322.09
7633,2029,323819,1,3238.19
7634,2029,267548,1,2675.48
7635,2029,354941,1,3549.41
7636,2029,450178,1,4501.78
7637,2029,449593,1,4495.93
7638,2029,298786,1,2987.86
7639,2029,220696,1,2206.96
7640,2029,230144,1,2301.44
7641,2029,216292,1,2162.92
7642,2029,1749188,4,17491.88
7643,2029,240611,1,2406.11
7644,2029,160782,1,1607.82
7645,2029,162372,1,1623.72
7646,2029,430442,1,4304.42
7647,2029,145757,1,1457.57
7648,2029,276800,2,2768.0
7649,2029,53509,1,535.09
7650,2029,147651,1,1476.51
7651,2029,129207,1,1292.07
7652,2029,208060,1,2080.6
7653,2029,555704,1,5557.04
7654,2029,266698,1,2666.98
7655,2029,237851,1,2378.51
7656,2029,354713,1,3547.13
7657,2029,449593,1,4495.93
7658,2029,376670,1,3766.7
7659,2029,361952,1,3619.52
7660,2029,206141,1,2061.41
7661,2029,182754,1,1827.54
7662,2029,677043,2,6770.43
7663,2029,554414,1,5544.14
7664,2029,249180,1,2491.8
7665,2029,241759,1,2417.59
7666,2029,227876,1,2278.76
7667,2029,362445,2,3624.45
7668,2029,104986,1,1049.86
7669,2029,150115,1,1501.15
7670,2029,162328,1,1623.28
7671,2029,101688,1,1016.88
7672,2029,194049,2,1940.49
7673,2029,266968,1,2669.68
7674,2029,266229,1,2662.29
7675,2029,431283,1,4312.83
7676,2029,354380,1,3543.8
7677,2029,355065,1,3550.65
7678,2029,220875,1,2208.75
7679,2029,321635,1,3216.35
7680,2029,404212,1,4042.12
7681,2029,183023,1,1830.23
7682,2029,216079,1,2160.79
7683,2029,376588,3,3765.88
7684,2029,75079,1,750.79
7685,2029,193342,1,1933.42
7686,2029,133064,1,1330.64
7687,2029,246534,1,2465.34
7688,2029,202859,1,2028.59
7689,2029,133027,1,1330.27
7690,2029,136277,1,1362.77
7691,2029,207872,1,2078.72
7693,2029,267548,1,2675.48
7694,2029,355502,1,3555.02
7695,2029,355152,1,3551.52
7696,2029,431318,1,4313.18
7697,2029,298786,1,2987.86
7698,2029,314649,1,3146.49
7699,2029,220518,1,2205.18
7700,2029,261891,1,2618.91
7701,2029,376259,1,3762.59
7702,2029,321278,1,3212.78
7703,2029,362008,1,3620.08
7704,2029,404504,1,4045.04
7705,2029,255750,1,2557.5
7706,2029,206473,1,2064.73
7707,2029,651899,2,6518.99
7708,2029,208218,1,2082.18
7709,2029,353476,1,3534.76
7710,2029,556031,2,5560.31
7711,2029,106122,1,1061.22
7712,2029,211539,2,2115.39
7713,2029,502381,2,5023.81
7714,2029,157463,1,1574.63
7715,2029,330948,2,3309.48
7716,2029,193135,1,1931.35
7717,2029,207845,1,2078.45
7718,2029,268629,1,2686.29
7719,2029,332410,1,3324.1
7720,2029,267306,1,2673.06
7721,2029,266583,1,2665.83
7722,2029,266459,1,2664.59
7723,2029,579888,1,5798.88
7724,2029,299159,1,2991.59
7725,2029,299159,1,2991.59
7726,2029,266633,1,2666.33
7727,2029,220875,1,2208.75
7728,2029,261341,1,2613.41
7729,2029,376680,1,3766.8
7730,2029,321278,1,3212.78
7731,2029,361204,1,3612.04
7732,2029,403293,1,4032.93
7733,2029,255750,1,2557.5
7734,2029,206095,1,2060.95
7735,2029,207962,1,2079.62
7736,2029,86784,1,867.84
7737,2029,113574,1,1135.74
7738,2029,230868,2,2308.68
7739,2029,208329,1,2083.29
7740,2029,1398237,1,13982.37
7742,2029,266710,1,2667.1
7743,2029,873560,1,8735.6
7744,2029,432411,1,4324.11
7745,2029,579272,1,5792.72
7746,2029,299624,1,2996.24
7747,2029,409160,1,4091.6
7748,2029,266060,1,2660.6
7749,2029,262250,1,2622.5
7750,2029,292528,1,2925.28
7751,2029,362008,1,3620.08
7752,2029,403293,1,4032.93
7753,2029,166006,1,1660.06
7754,2029,208140,1,2081.4
7755,2029,465998,1,4659.98
7756,2029,216079,1,2160.79
7757,2029,1395054,1,13950.54
7758,2029,556368,2,5563.68
7760,2029,125166,1,1251.66
7761,2029,135378,1,1353.78
7762,2029,1890004,1,18900.04
7763,2029,208087,1,2080.87
7764,2029,332188,1,3321.88
7765,2029,633468,1,6334.68
7766,2029,267407,1,2674.07
7767,2029,497028,1,4970.28
7768,2029,579728,1,5797.28
7770,2029,408524,1,4085.24
7771,2029,321635,1,3216.35
7773,2029,403114,1,4031.14
7774,2029,330136,1,3301.36
7775,2029,182817,1,1828.17
7776,2029,466370,1,4663.7
7777,2029,216035,1,2160.35
7778,2029,367548,1,3675.48
7779,2029,378623,1,3786.23
7780,2029,694397,2,6943.97
7781,2029,207899,1,2078.99
7782,2029,316911,1,3169.11
7783,2029,332230,1,3322.3
7784,2029,266459,1,2664.59
7785,2029,359765,1,3597.65
7786,2029,408928,1,4089.28
7787,2029,245891,1,2458.91
7788,2029,182405,1,1824.05
7789,2029,216123,1,2161.23
7790,2029,555249,1,5552.49
7791,2029,136365,1,1363.65
7792,2029,208033,1,2080.33
7793,2029,1397723,1,13977.23
7794,2029,633010,1,6330.1
7795,2029,496587,1,4965.87
7796,2029,620716,1,6207.16
7797,2029,408928,1,4089.28
7798,2029,245687,1,2456.87
7799,2029,321116,1,3211.16
7800,2029,362121,1,3621.21
7801,2029,403002,1,4030.02
7802,2029,165995,1,1659.95
7803,2029,183166,1,1831.66
7804,2029,466743,1,4667.43
7805,2029,216035,1,2160.35
7806,2029,51286,1,512.86
7807,2029,176846,1,1768.46
7808,2029,169721,1,1697.21
7809,2029,238941,2,2389.41
7810,2029,85280,1,852.8
7811,2029,265875,1,2658.75
7812,2029,263830,1,2638.3
7814,2029,485653,2,4856.53
7815,2029,119856,1,1198.56
7816,2029,157104,1,1571.04
7817,2029,150067,1,1500.67
7818,2029,161437,1,1614.37
7820,2029,332188,1,3321.88
7821,2029,336169,1,3361.69
7822,2029,359645,1,3596.45
7823,2029,694862,1,6948.62
7824,2029,321441,1,3214.41
7825,2029,361719,1,3617.19
7826,2029,166061,1,1660.61
7828,2029,243774,1,2437.74
7829,2029,58373,1,583.73
7831,2029,45635,1,456.35
7832,2029,110245,1,1102.45
7833,2029,111155,1,1111.55
7834,2029,90202,1,902.02
7835,2029,295399,1,2953.99
7836,2029,160992,1,1609.92
7837,2029,46073,1,460.73
7838,2029,65651,1,656.51
7840,2029,183868,1,1838.68
7841,2029,207872,1,2078.72
7842,2029,336507,1,3365.07
7843,2029,336114,1,3361.14
7844,2029,267306,1,2673.06
7845,2029,266115,1,2661.15
7846,2029,496460,1,4964.6
7847,2029,619881,1,6198.81
7848,2029,263085,1,2630.85
7849,2029,395536,1,3955.36
7850,2029,245891,1,2458.91
7851,2029,362064,1,3620.64
7852,2029,403181,1,4031.81
7853,2029,166544,1,1665.44
7854,2029,182342,1,1823.42
7855,2029,295920,1,2959.2
7856,2029,216123,1,2161.23
7857,2029,150143,1,1501.43
7859,2029,102472,1,1024.72
7861,2029,331965,1,3319.65
7862,2029,240390,1,2403.9
7863,2029,434115,1,4341.15
7864,2029,336169,1,3361.69
7865,2029,266613,1,2666.13
7866,2029,266229,1,2662.29
7867,2029,359258,1,3592.58
7868,2029,289669,1,2896.69
7869,2029,262099,1,2620.99
7870,2029,396337,1,3963.37
7871,2029,773882,1,7738.82
7872,2029,182817,1,1828.17
7873,2029,216079,1,2160.79
7874,2029,455233,3,4552.33
7875,2029,433818,1,4338.18
7876,2029,336169,1,3361.69
7877,2029,432098,1,4320.98
7878,2029,371228,1,3712.28
7879,2029,245891,1,2458.91
7881,2029,52409,1,524.09
7882,2029,109782,1,1097.82
7883,2029,1670601,7,16706.01
7884,2029,86910,1,869.1
7885,2029,224631,1,2246.31
7886,2029,216399,1,2163.99
7887,2029,107056,1,1070.56
7888,2029,207657,1,2076.57
7889,2029,232384,1,2323.84
7890,2029,198295,1,1982.95
7891,2029,335383,1,3353.83
7892,2029,267193,1,2671.93
7893,2029,266229,1,2662.29
7894,2029,359019,1,3590.19
7895,2029,262434,1,2624.34
7896,2029,1052983,2,10529.83
7897,2029,362466,1,3624.66
7898,2029,403697,1,4036.97
7899,2029,182548,1,1825.48
7900,2029,466310,1,4663.1
7901,2029,260632,2,2606.32
7902,2029,128643,1,1286.43
7903,2029,110217,1,1102.17
7904,2029,227569,2,2275.69
7905,2029,207845,1,2078.45
7906,2029,197965,1,1979.65
7907,2029,236640,1,2366.4
7908,2029,392032,1,3920.32
7909,2029,298168,1,2981.68
7910,2029,332146,1,3321.46
7911,2029,564193,1,5641.93
7912,2029,562809,1,5628.09
7913,2029,433176,1,4331.76
7914,2029,434115,1,4341.15
7915,2029,335383,1,3353.83
7916,2029,188992,1,1889.92
7917,2029,188023,1,1880.23
7918,2029,432568,1,4325.68
7919,2029,620914,1,6209.14
7920,2029,262277,1,2622.77
7921,2029,395136,1,3951.36
7922,2029,394621,1,3946.21
7923,2029,321961,1,3219.61
7924,2029,241000,1,2410.0
7925,2029,263888,1,2638.88
7926,2029,182548,1,1825.48
7927,2029,354352,1,3543.52
7928,2029,216079,1,2160.79
7929,2029,238923,1,2389.23
7930,2029,246499,1,2464.99
7931,2029,227744,1,2277.44
7932,2029,107418,1,1074.18
7933,2029,232375,1,2323.75
7935,2029,889506,1,8895.06
7936,2029,206036,1,2060.36
7937,2029,469706,1,4697.06
7938,2029,240724,1,2407.24
7939,2029,531173,1,5311.73
7940,2029,562395,1,5623.95
7941,2029,432764,1,4327.64
7942,2029,268016,1,2680.16
7943,2029,188229,1,1882.29
7944,2029,240029,1,2400.29
7945,2029,515971,1,5159.71
7946,2029,370914,1,3709.14
7947,2029,262277,1,2622.77
7948,2029,497001,1,4970.01
7949,2029,289138,1,2891.38
7950,2029,252408,1,2524.08
7951,2029,503312,1,5033.12
7952,2029,263194,1,2631.94
7953,2029,182611,1,1826.11
7954,2029,215910,1,2159.1
7955,2029,238691,1,2386.91
7956,2029,246964,1,2469.64
7957,2029,200872,1,2008.72
7958,2029,159231,1,1592.31
7960,2029,448489,1,4484.89
7961,2029,320662,1,3206.62
7962,2029,448289,1,4482.89
7963,2029,448146,1,4481.46
7964,2029,448575,1,4485.75
7965,2029,448289,1,4482.89
7966,2029,395421,1,3954.21
7967,2029,321830,1,3218.3
7968,2029,241000,1,2410.0
7969,2029,777771,2,7777.71
7970,2029,164397,1,1643.97
7971,2029,221430,1,2214.3
7972,2029,97834,1,978.34
7973,2029,220101,1,2201.01
7974,2029,441148,2,4411.48
7975,2029,719266,2,7192.66
7976,2029,562659,1,5626.59
7977,2029,955986,1,9559.86
7978,2029,433818,1,4338.18
7979,2029,261921,1,2619.21
7980,2029,183166,1,1831.66
7981,2029,296140,1,2961.4
7983,2029,213706,1,2137.06
7984,2029,167125,1,1671.25
7985,2029,97762,1,977.62
7987,2029,108220,1,1082.2
7988,2029,127455,1,1274.55
7991,2029,205572,1,2055.72
7992,2029,531064,1,5310.64
7993,2029,562188,1,5621.88
7994,2029,527734,1,5277.34
7995,2029,395652,1,3956.52
7997,2029,252230,1,2522.3
7998,2029,321116,1,3211.16
7999,2029,241464,1,2414.64
8000,2029,263347,1,2633.47
8001,2029,207281,1,2072.81
8002,2029,342382,2,3423.82
8003,2029,297673,1,2976.73
8004,2029,562395,1,5623.95
8005,2029,433703,1,4337.03
8006,2029,527229,1,5272.29
8007,2029,371402,1,3714.02
8008,2029,262099,1,2620.99
8009,2029,245764,1,2457.64
8010,2029,182817,1,1828.17
8011,2029,216079,1,2160.79
8013,2029,1829924,1,18299.24
8014,2029,69642,1,696.42
8015,2029,869195,4,8691.95
8017,2029,314223,1,3142.23
8018,2029,240724,1,2407.24
8019,2029,531282,1,5312.82
8020,2029,305820,1,3058.2
8022,2029,405139,1,4051.39
8024,2029,552589,3,5525.89
8025,2029,119726,1,1197.26
8026,2029,957524,4,9575.24
8028,2029,206145,1,2061.45
8029,2029,561360,1,5613.6
8030,2029,470814,1,4708.14
8031,2029,130113,1,1301.13
8032,2029,395136,1,3951.36
8033,2029,263464,1,2634.64
8034,2029,353435,1,3534.35
8035,2029,521163,3,5211.63
8036,2029,47794,1,477.94
8037,2029,45667,1,456.67
8038,2029,111842,1,1118.42
8039,2029,99281,1,992.81
8040,2029,108211,1,1082.11
8041,2029,589793,2,5897.93
8042,2029,120398,1,1203.98
8043,2029,410990,2,4109.9
8044,2029,110621,1,1106.21
8045,2029,158223,1,1582.23
8046,2029,227201,1,2272.01
8047,2029,599504,2,5995.04
8048,2029,469940,1,4699.4
8049,2029,531615,1,5316.15
8050,2029,337132,1,3371.32
8051,2029,392436,1,3924.36
8052,2029,130741,1,1307.41
8053,2029,358166,2,3581.66
8054,2029,370914,1,3709.14
8055,2029,218692,1,2186.92
8056,2029,259049,1,2590.49
8057,2029,86584,1,865.84
8059,2029,252431,1,2524.31
8060,2029,321830,1,3218.3
8061,2029,281820,1,2818.2
8062,2029,182485,1,1824.85
8065,2029,213640,1,2136.4
8066,2029,115152,1,1151.52
8067,2029,158660,2,1586.6
8068,2029,146473,1,1464.73
8069,2029,48250,1,482.5
8070,2029,151034,2,1510.34
8071,2029,110239,1,1102.39
8072,2029,624084,5,6240.84
8073,2029,568590,2,5685.9
8074,2029,198740,1,1987.4
8075,2029,206108,1,2061.08
8076,2029,263494,1,2634.94
8077,2029,191272,1,1912.72
8078,2029,218337,1,2183.37
8079,2029,191059,1,1910.59
8080,2029,191734,1,1917.34
8081,2029,191024,1,1910.24
8083,2029,321635,1,3216.35
8084,2029,310864,1,3108.64
8087,2029,213823,1,2138.23
8088,2029,115641,1,1156.41
8089,2029,193012,1,1930.12
8090,2029,27796,1,277.96
8091,2029,260115,2,2601.15
8092,2029,95035,1,950.35
8093,2029,214273,2,2142.73
8094,2029,115152,1,1151.52
8095,2029,27882,1,278.82
8096,2029,205467,1,2054.67
8097,2029,433110,1,4331.1
8098,2029,532057,1,5320.57
8099,2029,335979,1,3359.79
8100,2029,263494,1,2634.94
8101,2029,470650,1,4706.5
8102,2029,82807,1,828.07
8103,2029,45967,1,459.67
8104,2029,381026,4,3810.26
8105,2029,191202,1,1912.02
8106,2029,191024,1,1910.24
8107,2029,191698,1,1916.98
8108,2029,259260,1,2592.6
8109,2029,86515,1,865.15
8110,2029,503312,1,5033.12
8111,2029,241247,1,2412.47
8112,2029,249619,1,2496.19
8113,2029,353936,1,3539.36
8115,2029,67643,1,676.43
8116,2029,216738,5,2167.38
8117,2029,123410,1,1234.1
8118,2029,64871,1,648.71
8119,2029,61271,1,612.71
8120,2029,189493,1,1894.93
8121,2029,114468,1,1144.68
8122,2029,102449,1,1024.49
8123,2029,115910,1,1159.1
8124,2029,123678,1,1236.78
8125,2029,241833,1,2418.33
8126,2029,567575,1,5675.75
8127,2029,223584,1,2235.84
8128,2029,213816,1,2138.16
8129,2029,221610,1,2216.1
8130,2029,205858,1,2058.58
8131,2029,455135,1,4551.35
8132,2029,226291,1,2262.91
8133,2029,190882,1,1908.82
8134,2029,86979,1,869.79
8135,2029,321830,1,3218.3
8137,2029,1174844,3,11748.44
8138,2029,434920,1,4349.2
8139,2029,213523,1,2135.23
8140,2029,162834,1,1628.34
8141,2029,125853,1,1258.53
8142,2029,479700,1,4797.0
8143,2029,171112,1,1711.12
8144,2029,121271,1,1212.71
8145,2029,383134,2,3831.34
8146,2029,1166138,1,11661.38
8147,2029,813526,1,8135.26
8148,2029,263343,1,2633.43
8150,2029,183049,1,1830.49
8151,2029,222351,1,2223.51
8152,2029,225919,1,2259.19
8153,2029,225693,1,2256.93
8154,2029,225733,1,2257.33
8155,2029,218869,1,2188.69
8156,2029,191024,1,1910.24
8157,2029,191734,1,1917.34
8158,2029,258988,1,2589.88
8159,2029,86584,1,865.84
8160,2029,86387,1,863.87
8161,2029,296281,1,2962.81
8162,2029,190960,1,1909.6
8163,2029,241897,1,2418.97
8164,2029,117045,1,1170.45
8165,2029,249405,1,2494.05
8166,2029,207533,1,2075.33
8167,2029,216428,1,2164.28
8168,2029,216428,1,2164.28
8169,2029,326881,3,3268.81
8170,2029,383245,1,3832.45
8171,2029,159453,1,1594.53
8172,2029,114431,1,1144.31
8173,2029,531615,1,5316.15
8174,2029,241793,1,2417.93
8175,2029,216428,1,2164.28
8176,2029,352227,1,3522.27
8177,2029,110025,1,1100.25
8178,2029,107056,1,1070.56
8179,2029,143889,1,1438.89
8180,2029,47215,1,472.15
8182,2029,332099,3,3320.99
8183,2029,44151,1,441.51
8186,2029,123675,1,1236.75
8187,2029,644027,2,6440.27
8188,2029,107446,1,1074.46
8189,2029,94910,1,949.1
8190,2029,262627,2,2626.27
8191,2029,121897,1,1218.97
8192,2029,225517,1,2255.17
8193,2029,205822,1,2058.22
8194,2029,543440,1,5434.4
8195,2029,295855,1,2958.55
8196,2029,225619,1,2256.19
8197,2029,191272,1,1912.72
8199,2029,342212,1,3422.12
8200,2029,287241,1,2872.41
8201,2029,199314,1,1993.14
8202,2029,62048,1,620.48
8203,2029,129992,1,1299.92
8204,2029,160502,1,1605.02
8205,2029,280219,1,2802.19
8206,2029,348190,1,3481.9
8207,2029,341928,1,3419.28
8208,2029,107423,1,1074.23
8209,2029,45334,1,453.34
8210,2029,63433,1,634.33
8211,2029,56128,1,561.28
8212,2029,51815,1,518.15
8213,2029,103934,1,1039.34
8214,2029,177442,1,1774.42
8215,2029,494231,2,4942.31
8216,2029,50215,1,502.15
8217,2029,169601,2,1696.01
8218,2029,214422,1,2144.22
8219,2029,221610,1,2216.1
8220,2029,225693,1,2256.93
8221,2029,191308,1,1913.08
8222,2029,292076,1,2920.76
8223,2029,263983,1,2639.83
8224,2029,227789,2,2277.89
8225,2029,123526,1,1235.26
8226,2029,40917,1,409.17
8227,2029,668181,7,6681.81
8229,2029,130450,1,1304.5
8230,2029,130415,1,1304.15
8231,2029,341108,1,3411.08
8232,2029,91739,1,917.39
8233,2029,92253,1,922.53
8234,2029,262974,1,2629.74
8235,2029,246329,1,2463.29
8236,2029,319698,1,3196.98
8238,2029,208207,1,2082.07
8239,2029,114267,1,1142.67
8240,2029,225619,1,2256.19
8241,2029,191272,1,1912.72
8242,2029,502953,1,5029.53
8243,2029,209440,1,2094.4
8244,2029,153079,1,1530.79
8245,2029,439875,2,4398.75
8246,2029,785525,2,7855.25
8247,2029,114124,1,1141.24
8248,2029,107619,1,1076.19
8249,2029,121271,1,1212.71
8250,2029,91806,1,918.06
8251,2029,337516,1,3375.16
8252,2029,1073712,1,10737.12
8253,2029,259260,1,2592.6
8254,2029,94262,1,942.62
8255,2029,381059,1,3810.59
8256,2029,241247,1,2412.47
8257,2029,250542,1,2505.42
8258,2029,61722,1,617.22
8259,2029,114644,1,1146.44
8260,2029,219171,2,2191.71
8261,2029,400926,2,4009.26
8262,2029,190846,1,1908.46
8263,2029,252319,1,2523.19
8265,2029,199121,1,1991.21
8266,2029,141487,1,1414.87
8267,2029,54004,1,540.04
8268,2029,118386,1,1183.86
8269,2029,225303,1,2253.03
8270,2029,92012,1,920.12
8271,2029,334165,1,3341.65
8272,2029,328488,1,3284.88
8273,2029,208891,1,2088.91
8274,2029,455135,1,4551.35
8275,2029,368199,1,3681.99
8276,2029,366972,1,3669.72
8277,2029,187783,1,1877.83
8278,2029,359085,2,3590.85
8279,2029,58324,1,583.24
8280,2029,311631,1,3116.31
8281,2029,477261,3,4772.61
8282,2029,732354,1,7323.54
8283,2029,760527,6,7605.27
8284,2029,125845,1,1258.45
8285,2029,229481,2,2294.81
8286,2029,55839,1,558.39
8287,2029,126319,1,1263.19
8288,2029,120331,1,1203.31
8289,2029,165396,1,1653.96
8290,2029,176534,1,1765.34
8292,2029,221539,1,2215.39
8293,2029,455016,1,4550.16
8294,2029,337030,1,3370.3
8295,2029,580521,1,5805.21
8296,2029,382212,1,3822.12
8297,2029,181672,1,1816.72
8298,2029,263464,1,2634.64
8299,2029,353768,1,3537.68
8300,2029,537048,2,5370.48
8301,2029,271920,1,2719.2
8302,2029,321292,1,3212.92
8303,2029,414647,1,4146.47
8304,2029,428984,3,4289.84
8305,2029,74294,1,742.94
8306,2029,131542,1,1315.42
8307,2029,1041655,6,10416.55
8308,2029,213937,1,2139.37
8309,2029,263270,1,2632.7
8310,2029,285333,1,2853.33
8311,2029,543827,1,5438.27
8312,2029,225693,1,2256.93
8313,2029,107192,1,1071.92
8314,2029,1255314,2,12553.14
8315,2029,149086,1,1490.86
8317,2029,221903,1,2219.03
8318,2029,126266,1,1262.66
8319,2029,645364,1,6453.64
8320,2029,226178,1,2261.78
8321,2029,191059,1,1910.59
8322,2029,241494,1,2414.94
8323,2029,182611,1,1826.11
8324,2029,249405,1,2494.05
8326,2029,219919,1,2199.19
8327,2029,227294,1,2272.94
8328,2029,117769,1,1177.69
8329,2029,217209,1,2172.09
8330,2029,488561,1,4885.61
8331,2029,274914,1,2749.14
8332,2029,297745,1,2977.45
8333,2029,358371,3,3583.71
8334,2029,125211,1,1252.11
8335,2029,299159,1,2991.59
8336,2029,684864,1,6848.64
8337,2029,132117,1,1321.17
8338,2029,182804,1,1828.04
8339,2029,245696,1,2456.96
8340,2029,211103,1,2111.03
8341,2029,308598,1,3085.98
8342,2029,23051,1,230.51
8343,2029,165652,4,1656.52
8344,2029,122665,1,1226.65
8345,2029,22854,1,228.54
8346,2029,3132024,14,31320.24
8347,2029,36049,1,360.49
8348,2029,36091,1,360.91
8349,2029,36425,1,364.25
8350,2029,475361,3,4753.61
8351,2029,521046,7,5210.46
8352,2029,2226167,12,22261.67
8353,2029,456421,2,4564.21
8354,2029,57759,1,577.59
8355,2029,248426,2,2484.26
8356,2029,99931,1,999.31
8357,2029,27247,1,272.47
8358,2029,85885,1,858.85
8359,2029,230859,1,2308.59
8360,2029,159674,1,1596.74
8361,2029,194387,1,1943.87
8362,2029,192699,1,1926.99
8363,2029,214804,1,2148.04
8364,2029,214846,1,2148.46
8365,2029,279664,1,2796.64
8366,2029,1509883,5,15098.83
8367,2029,385843,1,3858.43
8368,2029,81284,1,812.84
8369,2029,301983,1,3019.83
8370,2029,404983,1,4049.83
8372,2029,1636582,5,16365.82
8373,2029,170660,2,1706.6
8374,2029,1683905,8,16839.05
8375,2029,215128,1,2151.28
8376,2029,316601,1,3166.01
8377,2029,255757,1,2557.57
8378,2029,294346,1,2943.46
8379,2029,130066,1,1300.66
8380,2029,151966,1,1519.66
8381,2029,200273,1,2002.73
8382,2029,104066,1,1040.66
8383,2029,164531,1,1645.31
8384,2029,123168,1,1231.68
8385,2029,269047,2,2690.47
8386,2029,192719,1,1927.19
8388,2029,192861,1,1928.61
8389,2029,215087,1,2150.87
8390,2029,215208,1,2152.08
8391,2029,240980,1,2409.8
8392,2029,255770,1,2557.7
8393,2029,294278,1,2942.78
8394,2029,119812,1,1198.12
8395,2029,140079,1,1400.79
8396,2029,110356,1,1103.56
8397,2029,201317,1,2013.17
8398,2029,201553,1,2015.53
8399,2029,220391,1,2203.91
8400,2029,219991,1,2199.91
8401,2029,405210,1,4052.1
8402,2029,264124,1,2641.24
8403,2029,856550,2,8565.5
8404,2029,139812,1,1398.12
8405,2029,239606,1,2396.06
8406,2029,336067,1,3360.67
8407,2029,403892,1,4038.92
8408,2029,403681,1,4036.81
8409,2029,200992,1,2009.92
8410,2029,220106,1,2201.06
8411,2029,255156,1,2551.56
8412,2029,220191,1,2201.91
8413,2029,220391,1,2203.91
8414,2029,330735,1,3307.35
8415,2029,185110,1,1851.1
8416,2029,369224,1,3692.24
8417,2029,184818,1,1848.18
8418,2029,294762,1,2947.62
8419,2029,404983,1,4049.83
8420,2029,110291,1,1102.91
8421,2029,148026,1,1480.26
8422,2029,113476,1,1134.76
8423,2029,201597,1,2015.97
8424,2029,330679,1,3306.79
8425,2029,102307,1,1023.07
8426,2029,288669,2,2886.69
8427,2029,268312,1,2683.12
8428,2029,287109,1,2871.09
8429,2029,483639,1,4836.39
8430,2029,239392,1,2393.92
8431,2029,323059,1,3230.59
8432,2029,335610,1,3356.1
8433,2029,1437802,4,14378.02
8434,2029,292827,1,2928.27
8435,2029,201194,1,2011.94
8436,2029,201676,1,2016.76
8437,2029,201799,1,2017.99
8438,2029,201395,1,2013.95
8439,2029,201317,1,2013.17
8440,2029,660409,1,6604.09
8441,2029,322670,1,3226.7
8442,2029,331022,1,3310.22
8443,2029,198613,1,1986.13
8444,2029,927029,3,9270.29
8445,2029,213387,1,2133.87
8446,2029,294484,1,2944.84
8447,2029,294450,1,2944.5
8448,2029,1473486,5,14734.86
8449,2029,239562,1,2395.62
8450,2029,660878,1,6608.78
8451,2029,323434,1,3234.34
8452,2029,2064117,6,20641.17
8453,2029,198709,1,1987.09
8454,2029,965572,3,9655.72
8455,2029,139363,1,1393.63
8456,2029,128278,1,1282.78
8457,2029,239089,1,2390.89
8458,2029,335904,1,3359.04
8459,2029,201352,1,2013.52
8460,2029,200913,1,2009.13
8461,2029,660680,1,6606.8
8462,2029,878305,1,8783.05
8463,2029,198533,1,1985.33
8464,2029,212932,1,2129.32
8465,2029,447192,4,4471.92
8466,2029,162641,1,1626.41
8467,2029,105185,1,1051.85
8468,2029,85743,1,857.43
8469,2029,275180,1,2751.8
8470,2029,335599,1,3355.99
8471,2029,323332,1,3233.32
8472,2029,198915,1,1989.15
8473,2029,212942,1,2129.42
8474,2029,87361,1,873.61
8475,2029,45060,1,450.6
8476,2029,85306,1,853.06
8477,2029,105435,1,1054.35
8478,2029,174802,1,1748.02
8479,2029,38785,1,387.85
8480,2029,44683,1,446.83
8481,2029,105386,1,1053.86
8482,2029,88889,1,888.89
8483,2029,105595,1,1055.95
8486,2029,87447,1,874.47
8487,2029,239348,1,2393.48
8488,2029,239562,1,2395.62
8489,2029,372795,1,3727.95
8490,2029,373497,1,3734.97
8491,2029,335893,1,3358.93
8492,2029,1017779,1,10177.79
8493,2029,167338,1,1673.38
8494,2029,1565675,11,15656.75
8495,2029,198915,1,1989.15
8496,2029,198740,1,1987.4
8497,2029,860255,4,8602.55
8498,2029,744252,3,7442.52
8499,2029,483959,1,4839.59
8500,2029,393172,1,3931.72
8501,2029,198485,1,1984.85
8502,2029,213260,1,2132.6
8503,2029,389463,2,3894.63
8504,2029,114393,1,1143.93
8505,2029,650111,2,6501.11
8506,2029,102724,1,1027.24
8507,2029,326128,1,3261.28
8508,2029,325554,1,3255.54
8509,2029,221756,1,2217.56
8510,2029,222033,1,2220.33
8511,2029,222176,1,2221.76
8512,2029,172710,1,1727.1
8513,2029,195862,1,1958.62
8514,2029,241277,1,2412.77
8515,2029,131844,1,1318.44
8516,2029,212794,1,2127.94
8517,2029,963047,3,9630.47
8518,2029,403569,1,4035.69
8519,2029,362655,1,3626.55
8520,2029,124981,1,1249.81
8521,2029,235036,1,2350.36
8522,2029,483912,1,4839.12
8523,2029,239562,1,2395.62
8524,2029,275051,1,2750.51
8525,2029,275152,1,2751.52
8526,2029,731741,1,7317.41
8527,2029,240976,1,2409.76
8528,2029,331022,1,3310.22
8529,2029,428742,1,4287.42
8530,2029,213249,1,2132.49
8531,2029,1366878,5,13668.78
8532,2029,513461,2,5134.61
8533,2029,403378,1,4033.78
8534,2029,833472,1,8334.72
8535,2029,405896,1,4058.96
8536,2029,405446,1,4054.46
8537,2029,837158,1,8371.58
8538,2029,427010,1,4270.1
8539,2029,232285,1,2322.85
8540,2029,142827,1,1428.27
8541,2029,289784,2,2897.84
8542,2029,139660,1,1396.6
8543,2029,370971,1,3709.71
8544,2029,238919,1,2389.19
8545,2029,239133,1,2391.33
8546,2029,236554,1,2365.54
8547,2029,236953,1,2369.53
8548,2029,938619,1,9386.19
8549,2029,604455,3,6044.55
8550,2029,281644,1,2816.44
8551,2029,212932,1,2129.32
8553,2029,454454,2,4544.54
8554,2029,403569,1,4035.69
8555,2029,1086225,2,10862.25
8556,2029,125811,1,1258.11
8557,2029,1054112,4,10541.12
8558,2029,115130,1,1151.3
8559,2029,148788,1,1487.88
8560,2029,155151,1,1551.51
8561,2029,483818,1,4838.18
8562,2029,731978,1,7319.78
8563,2029,237170,1,2371.7
8564,2029,938253,1,9382.53
8565,2029,566416,3,5664.16
8566,2029,330850,1,3308.5
8567,2029,281913,1,2819.13
8568,2029,213239,1,2132.39
8569,2029,213397,1,2133.97
8570,2029,321046,1,3210.46
8571,2029,224250,1,2242.5
8572,2029,224325,1,2243.25
8573,2029,499292,1,4992.92
8574,2029,411616,1,4116.16
8575,2029,411256,1,4112.56
8576,2029,263546,2,2635.46
8577,2029,359078,1,3590.78
8578,2029,115008,1,1150.08
8579,2029,165492,1,1654.92
8580,2029,145426,1,1454.26
8581,2029,245520,1,2455.2
8582,2029,134868,1,1348.68
8584,2029,239133,1,2391.33
8585,2029,357973,1,3579.73
8586,2029,534716,2,5347.16
8587,2029,331165,1,3311.65
8588,2029,436477,2,4364.77
8589,2029,286983,1,2869.83
8591,2029,265215,1,2652.15
8592,2029,209488,1,2094.88
8593,2029,320894,1,3208.94
8594,2029,302698,1,3026.98
8595,2029,404161,2,4041.61
8596,2029,266283,1,2662.83
8597,2029,266283,1,2662.83
8598,2029,150958,1,1509.58
8599,2029,115174,1,1151.74
8600,2029,977272,5,9772.72
8601,2029,135300,1,1353.0
8602,2029,166486,1,1664.86
8603,2029,114677,1,1146.77
8604,2029,224503,2,2245.03
8605,2029,239821,1,2398.21
8607,2029,478078,3,4780.78
8608,2029,209151,1,2091.51
8609,2029,209625,1,2096.25
8610,2029,1018005,4,10180.05
8611,2029,266354,1,2663.54
8612,2029,266319,1,2663.19
8613,2029,53801,1,538.01
8614,2029,319776,2,3197.76
8615,2029,100961,1,1009.61
8616,2029,114798,1,1147.98
8617,2029,100492,1,1004.92
8618,2029,79777,1,797.77
8619,2029,433814,1,4338.14
8620,2029,117085,1,1170.85
8621,2029,478562,1,4785.62
8622,2029,223448,1,2234.48
8623,2029,265313,1,2653.13
8624,2029,267687,1,2676.87
8625,2029,241065,1,2410.65
8626,2029,266807,1,2668.07
8627,2029,209657,1,2096.57
8628,2029,1017455,3,10174.55
8629,2029,389431,1,3894.31
8630,2029,1474262,3,14742.62
8631,2029,194590,1,1945.9
8632,2029,194307,1,1943.07
8634,2029,194674,1,1946.74
8637,2029,194307,1,1943.07
8638,2029,266066,1,2660.66
8639,2029,285728,1,2857.28
8640,2029,56910,1,569.1
8641,2029,50975,1,509.75
8642,2029,103822,1,1038.22
8643,2029,134571,1,1345.71
8644,2029,193520,1,1935.2
8645,2029,75345,1,753.45
8646,2029,483461,1,4834.61
8647,2029,228358,1,2283.58
8648,2029,223208,1,2232.08
8649,2029,387231,1,3872.31
8650,2029,152862,1,1528.62
8651,2029,312714,1,3127.14
8653,2029,262366,2,2623.66
8654,2029,127954,1,1279.54
8655,2029,886192,4,8861.92
8656,2029,51744,1,517.44
8657,2029,227822,1,2278.22
8658,2029,222723,1,2227.23
8659,2029,142876,1,1428.76
8660,2029,272186,1,2721.86
8661,2029,94721,1,947.21
8662,2029,94514,1,945.14
8663,2029,250242,1,2502.42
8664,2029,250032,1,2500.32
8665,2029,250178,1,2501.78
8666,2029,250598,1,2505.98
8667,2029,250032,1,2500.32
8668,2029,250388,1,2503.88
8669,2029,223292,1,2232.92
8670,2029,201521,1,2015.21
8671,2029,171141,1,1711.41
8672,2029,592294,2,5922.94
8673,2029,316465,1,3164.65
8674,2029,281093,1,2810.93
8675,2029,315794,1,3157.94
8676,2029,241712,1,2417.12
8677,2029,689090,3,6890.9
8678,2029,177854,1,1778.54
8679,2029,92743,1,927.43
8680,2029,266101,1,2661.01
8681,2029,1820758,5,18207.58
8682,2029,549919,1,5499.19
8683,2029,75527,1,755.27
8684,2029,51744,1,517.44
8685,2029,127609,1,1276.09
8686,2029,153541,1,1535.41
8687,2029,252997,1,2529.97
8688,2029,397623,2,3976.23
8689,2029,94900,1,949.0
8690,2029,94721,1,947.21
8691,2029,293189,1,2931.89
8692,2029,293479,1,2934.79
8693,2029,293769,1,2937.69
8694,2029,249968,1,2499.68
8695,2029,491929,2,4919.29
8696,2029,209488,1,2094.88
8697,2029,92743,1,927.43
8698,2029,1615321,5,16153.21
8699,2029,175807,1,1758.07
8700,2029,153561,1,1535.61
8701,2029,238964,1,2389.64
8702,2029,215452,1,2154.52
8703,2029,228511,1,2285.11
8704,2029,291542,1,2915.42
8705,2029,303764,1,3037.64
8706,2029,365724,2,3657.24
8707,2029,284112,1,2841.12
8708,2029,259667,1,2596.67
8709,2029,231365,1,2313.65
8710,2029,152980,1,1529.8
8711,2029,291050,1,2910.5
8712,2029,290507,1,2905.07
8713,2029,402212,2,4022.12
8714,2029,227097,1,2270.97
8716,2029,960868,4,9608.68
8717,2029,239995,1,2399.95
8718,2029,497300,4,4973.0
8719,2029,51010,1,510.1
8720,2029,499370,2,4993.7
8721,2029,215289,1,2152.89
8722,2029,228243,1,2282.43
8724,2029,293479,1,2934.79
8725,2029,293683,1,2936.83
8726,2029,361809,1,3618.09
8727,2029,362248,1,3622.48
8728,2029,223756,1,2237.56
8729,2029,152782,1,1527.82
8730,2029,376746,1,3767.46
8731,2029,839861,3,8398.61
8732,2029,290779,1,2907.79
8733,2029,267368,1,2673.68
8734,2029,240828,1,2408.28
8735,2029,266766,1,2667.66
8736,2029,209657,1,2096.57
8737,2029,227182,1,2271.82
8738,2029,227392,1,2273.92
8741,2029,1001320,3,10013.2
8742,2029,540952,1,5409.52
8743,2029,178531,1,1785.31
8744,2029,283246,1,2832.46
8745,2029,143977,1,1439.77
8746,2029,63148,1,631.48
8747,2029,66335,1,663.35
8748,2029,203939,2,2039.39
8749,2029,49565,1,495.65
8750,2029,116530,1,1165.3
8751,2029,97428,1,974.28
8752,2029,188362,1,1883.62
8753,2029,239133,1,2391.33
8754,2029,363081,1,3630.81
8755,2029,223047,1,2230.47
8756,2029,256993,1,2569.93
8757,2029,257049,1,2570.49
8758,2029,257205,1,2572.05
8759,2029,423622,2,4236.22
8760,2029,231236,1,2312.36
8761,2029,361819,1,3618.19
8762,2029,152862,1,1528.62
8763,2029,269536,1,2695.36
8764,2029,264626,1,2646.26
8765,2029,227244,1,2272.44
8766,2029,107815,1,1078.15
8767,2029,435946,2,4359.46
8768,2029,197848,1,1978.48
8769,2029,103995,1,1039.95
8770,2029,62608,1,626.08
8772,2029,145107,1,1451.07
8773,2029,178531,1,1785.31
8774,2029,1022872,3,10228.72
8775,2029,131029,1,1310.29
8776,2029,101345,1,1013.45
8777,2029,165966,1,1659.66
8778,2029,140731,1,1407.31
8779,2029,141025,1,1410.25
8780,2029,215250,1,2152.5
8781,2029,228358,1,2283.58
8782,2029,222925,1,2229.25
8783,2029,257149,1,2571.49
8785,2029,257205,1,2572.05
8786,2029,196422,1,1964.22
8787,2029,196217,1,1962.17
8788,2029,196422,1,1964.22
8790,2029,432309,2,4323.09
8791,2029,206407,1,2064.07
8792,2029,361658,2,3616.58
8793,2029,227097,1,2270.97
8794,2029,183742,1,1837.42
8795,2029,126703,1,1267.03
8796,2029,113866,1,1138.66
8797,2029,269598,2,2695.98
8798,2029,97207,1,972.07
8799,2029,131180,1,1311.8
8800,2029,215330,1,2153.3
8801,2029,277629,1,2776.29
8803,2029,116715,1,1167.15
8804,2029,122115,1,1221.15
8805,2029,308549,2,3085.49
8806,2029,205942,1,2059.42
8807,2029,269330,1,2693.3
8808,2029,549642,3,5496.42
8809,2029,241046,1,2410.46
8810,2029,226702,1,2267.02
8811,2029,387449,2,3874.49
8812,2029,133142,1,1331.42
8813,2029,119343,1,1193.43
8814,2029,815308,2,8153.08
8815,2029,191272,1,1912.72
8816,2029,266101,1,2661.01
8817,2029,343783,2,3437.83
8818,2029,465301,2,4653.01
8819,2029,239259,1,2392.59
8820,2029,363049,1,3630.49
8821,2029,277867,1,2778.67
8822,2029,228626,1,2286.26
8823,2029,222723,1,2227.23
8824,2029,116715,1,1167.15
8825,2029,122193,1,1221.93
8826,2029,187817,1,1878.17
8827,2029,152744,1,1527.44
8828,2029,131247,1,1312.47
8829,2029,205942,1,2059.42
8830,2029,269550,1,2695.5
8831,2029,484109,3,4841.09
8832,2029,264117,1,2641.17
8833,2029,191083,1,1910.83
8834,2029,226405,1,2264.05
8835,2029,214926,1,2149.26
8836,2029,116511,1,1165.11
8837,2029,223756,1,2237.56
8838,2029,1849001,8,18490.01
8839,2029,261871,1,2618.71
8840,2029,205904,1,2059.04
8841,2029,3342667,18,33426.67
8842,2029,349020,2,3490.2
8843,2029,1133372,5,11333.72
8844,2029,173885,1,1738.85
8845,2029,126653,1,1266.53
8846,2029,344195,2,3441.95
8847,2029,184872,1,1848.72
8848,2029,136972,1,1369.72
8849,2029,239517,1,2395.17
8850,2029,215692,1,2156.92
8851,2029,277376,1,2773.76
8852,2029,265737,1,2657.37
8853,2029,223208,1,2232.08
8854,2029,276952,1,2769.52
8855,2029,239098,1,2390.98
8856,2029,116511,1,1165.11
8857,2029,116715,1,1167.15
8859,2029,122037,1,1220.37
8860,2029,188010,1,1880.1
8861,2029,173817,1,1738.17
8862,2029,1734430,7,17344.3
8863,2029,514786,1,5147.86
8864,2029,264821,1,2648.21
8866,2029,226973,1,2269.73
8868,2029,471302,1,4713.02
8869,2029,382680,1,3826.8
8870,2029,266248,1,2662.48
8871,2029,275446,1,2754.46
8872,2029,150588,1,1505.88
8873,2029,215330,1,2153.3
8874,2029,277629,1,2776.29
8875,2029,265591,1,2655.91
8876,2029,223300,1,2233.0
8877,2029,256932,1,2569.32
8878,2029,241046,1,2410.46
8879,2029,266889,1,2668.89
8881,2029,233982,1,2339.82
8882,2029,360690,2,3606.9
8883,2029,363016,1,3630.16
8884,2029,814638,2,8146.38
8885,2029,239049,1,2390.49
8886,2029,116715,1,1167.15
8887,2029,187817,1,1878.17
8888,2029,408046,1,4080.46
8889,2029,1308324,5,13083.24
8890,2029,122560,1,1225.6
8891,2029,119717,1,1197.17
8892,2029,123397,1,1233.97
8893,2029,114680,1,1146.8
8894,2029,239348,1,2393.48
8895,2029,277562,1,2775.62
8896,2029,116511,1,1165.11
8897,2029,122037,1,1220.37
8898,2029,221464,1,2214.64
8899,2029,367864,2,3678.64
8900,2029,265884,1,2658.84
8901,2029,88848,1,888.48
8902,2029,122301,1,1223.01
8903,2029,64557,1,645.57
8904,2029,351440,2,3514.4
8905,2029,68984,1,689.84
8906,2029,313938,2,3139.38
8907,2029,129169,1,1291.69
8908,2029,62263,1,622.63
8909,2029,700294,4,7002.94
8910,2029,320736,3,3207.36
8911,2029,62250,1,622.5
8912,2029,215372,1,2153.72
8913,2029,265394,1,2653.94
8914,2029,121997,1,1219.97
8915,2029,187719,1,1877.19
8916,2029,272822,2,2728.22
8917,2029,129537,1,1295.37
8918,2029,377114,2,3771.14
8919,2029,75517,1,755.17
8921,2029,227035,1,2270.35
8923,2029,171124,1,1711.24
8924,2029,170924,1,1709.24
8925,2029,215128,1,2151.28
8926,2029,363049,1,3630.49
8927,2029,277934,1,2779.34
8928,2029,562672,1,5626.72
8929,2029,238690,1,2386.9
8930,2029,337103,2,3371.03
8931,2029,575808,2,5758.08
8932,2029,129797,1,1297.97
8933,2029,2131872,9,21318.72
8935,2029,217239,1,2172.39
8936,2029,298210,1,2982.1
8938,2029,227244,1,2272.44
8939,2029,266066,1,2660.66
8940,2029,133439,1,1334.39
8942,2029,176419,1,1764.19
8943,2029,483188,1,4831.88
8944,2029,170970,1,1709.7
8945,2029,170324,1,1703.24
8946,2029,432782,1,4327.82
8947,2029,277748,1,2777.48
8948,2029,460442,1,4604.42
8949,2029,276901,1,2769.01
8950,2029,908260,4,9082.6
8951,2029,122312,1,1223.12
8952,2029,122234,1,1222.34
8953,2029,187815,1,1878.15
8954,2029,187721,1,1877.21
8955,2029,849041,3,8490.41
8957,2029,1932656,2,19326.56
8959,2029,253199,1,2531.99
8960,2029,307283,1,3072.83
8961,2029,264918,1,2649.18
8962,2029,267601,1,2676.01
8963,2029,217038,1,2170.38
8964,2029,348164,2,3481.64
8965,2029,298485,1,2984.85
8966,2029,329004,1,3290.04
8967,2029,457811,1,4578.11
8968,2029,266283,1,2662.83
8969,2029,950213,4,9502.13
8971,2029,151489,1,1514.89
8972,2029,171047,1,1710.47
8973,2029,170369,1,1703.69
8974,2029,363206,1,3632.06
8975,2029,277629,1,2776.29
8976,2029,221647,1,2216.47
8978,2029,129797,1,1297.97
8979,2029,416000,2,4160.0
8980,2029,383100,2,3831.0
8981,2029,186861,1,1868.61
8982,2029,227244,1,2272.44
8983,2029,498912,3,4989.12
8984,2029,116649,1,1166.49
8985,2029,89509,1,895.09
8986,2029,122081,1,1220.81
8987,2029,248682,1,2486.82
8988,2029,277748,1,2777.48
8989,2029,228454,1,2284.54
8990,2029,239096,1,2390.96
8991,2029,187815,1,1878.15
8992,2029,130225,1,1302.25
8993,2029,333546,2,3335.46
8994,2029,266248,1,2662.48
8995,2029,88503,1,885.03
8996,2029,265116,1,2651.16
8999,2029,1554407,7,15544.07
9000,2029,63715,1,637.15
9001,2029,114731,1,1147.31
9002,2029,115964,1,1159.64
9003,2029,253059,1,2530.59
9004,2029,130346,1,1303.46
9005,2029,97583,1,975.83
9006,2029,149642,1,1496.42
9007,2029,155601,1,1556.01
9008,2029,209079,1,2090.79
9009,2029,209726,1,2097.26
9010,2029,209361,1,2093.61
9011,2029,215006,1,2150.06
9012,2029,562923,1,5629.23
9013,2029,282867,1,2828.67
9014,2029,505534,3,5055.34
9015,2029,191460,1,1914.6
9016,2029,129369,1,1293.69
9017,2029,307063,1,3070.63
9018,2029,271837,2,2718.37
9019,2029,151275,1,1512.75
9021,2029,115868,1,1158.68
9022,2029,90151,1,901.51
9023,2029,48848,1,488.48
9025,2029,114393,1,1143.93
9026,2029,164732,2,1647.32
9027,2029,107501,1,1075.01
9028,2029,209644,1,2096.44
9029,2029,209443,1,2094.43
9030,2029,209563,1,2095.63
9031,2029,209563,1,2095.63
9032,2029,209199,1,2091.99
9033,2029,209160,1,2091.6
9034,2029,208959,1,2089.59
9035,2029,209280,1,2092.8
9036,2029,209242,1,2092.42
9037,2029,363271,1,3632.71
9038,2029,277867,1,2778.67
9039,2029,228626,1,2286.26
9040,2029,122037,1,1220.37
9041,2029,129761,1,1297.61
9042,2029,216553,1,2165.53
9043,2029,186781,1,1867.81
9045,2029,128967,1,1289.67
9046,2029,99086,1,990.86
9047,2029,117746,1,1177.46
9048,2029,143601,1,1436.01
9049,2029,166468,2,1664.68
9050,2029,113683,1,1136.83
9051,2029,87828,1,878.28
9052,2029,164799,2,1647.99
9053,2029,48156,1,481.56
9054,2029,89641,1,896.41
9055,2029,209764,1,2097.64
9056,2029,209199,1,2091.99
9057,2029,524583,1,5245.83
9058,2029,121960,1,1219.6
9059,2029,323876,2,3238.76
9060,2029,524057,3,5240.57
9062,2029,1650082,9,16500.82
9063,2029,462658,1,4626.58
9064,2029,114920,1,1149.2
9065,2029,98185,1,981.85
9066,2029,846108,3,8461.08
9067,2029,138513,1,1385.13
9068,2029,69403,1,694.03
9069,2029,64891,1,648.91
9070,2029,1616606,10,16166.06
9071,2029,120519,1,1205.19
9072,2029,73148,1,731.48
9073,2029,118356,1,1183.56
9074,2029,126246,1,1262.46
9075,2029,97296,1,972.96
9076,2029,135593,1,1355.93
9077,2029,346749,1,3467.49
9078,2029,110831,1,1108.31
9079,2029,281613,2,2816.13
9080,2029,111907,1,1119.07
9081,2029,209361,1,2093.61
9082,2029,222360,1,2223.6
9083,2029,222360,1,2223.6
9084,2029,433122,1,4331.22
9085,2029,277867,1,2778.67
9086,2029,228511,1,2285.11
9087,2029,272468,1,2724.68
9088,2029,217038,1,2170.38
9089,2029,186700,1,1867.0
9090,2029,608427,1,6084.27
9091,2029,111698,1,1116.98
9092,2029,95154,1,951.54
9093,2029,92263,1,922.63
9094,2029,146529,1,1465.29
9095,2029,166368,1,1663.68
9096,2029,90003,1,900.03
9097,2029,222279,1,2222.79
9098,2029,562869,1,5628.69
9099,2029,1381726,6,13817.26
9100,2029,224057,1,2240.57
9101,2029,1385939,1,13859.39
9102,2029,3116368,1,31163.68
9103,2029,223867,1,2238.67
9104,2029,309549,2,3095.49
9105,2029,275149,1,2751.49
9106,2029,2256425,1,22564.25
9107,2029,500018,1,5000.18
9108,2029,2416330,1,24163.3
9109,2029,256143,1,2561.43
9110,2029,181798,1,1817.98
9111,2029,1983076,1,19830.76
9112,2029,56702,1,567.02
9113,2029,119143,1,1191.43
9114,2029,305729,2,3057.29
9115,2029,219456,1,2194.56
9116,2029,184161,1,1841.61
9117,2029,1061904,3,10619.04
9118,2029,112615,1,1126.15
9119,2029,208489,1,2084.89
9120,2029,245988,1,2459.88
9121,2029,63143,1,631.43
9122,2029,309814,1,3098.14
9123,2029,175998,1,1759.98
9124,2029,264214,1,2642.14
9125,2029,168133,1,1681.33
9126,2029,236979,1,2369.79
9127,2029,1112783,2,11127.83
9128,2029,167730,1,1677.3
9129,2029,268100,1,2681.0
9130,2029,149782,1,1497.82
9131,2029,236778,1,2367.78
9132,2029,207765,1,2077.65
9133,2029,208166,1,2081.66
9134,2029,248139,1,2481.39
9135,2029,248087,1,2480.87
9136,2029,228648,1,2286.48
9137,2029,228731,1,2287.31
9139,2029,334147,1,3341.47
9140,2029,334147,1,3341.47
9141,2029,333948,1,3339.48
9142,2029,412575,1,4125.75
9143,2029,205396,1,2053.96
9144,2029,265636,1,2656.36
9145,2029,265870,1,2658.7
9146,2029,265433,1,2654.33
9147,2029,786090,2,7860.9
9148,2029,268468,1,2684.68
9149,2029,91014,1,910.14
9150,2029,149600,1,1496.0
9151,2029,375456,2,3754.56
9152,2029,191876,1,1918.76
9153,2029,133357,1,1333.57
9154,2029,260013,1,2600.13
9155,2029,669154,2,6691.54
9156,2029,87298,1,872.98
9157,2029,87877,1,878.77
9158,2029,145781,1,1457.81
9159,2029,335490,1,3354.9
9160,2029,334250,1,3342.5
9161,2029,168298,1,1682.98
9165,2029,361074,1,3610.74
9166,2029,361074,1,3610.74
9167,2029,272667,1,2726.67
9168,2029,248139,1,2481.39
9169,2029,172514,1,1725.14
9170,2029,461289,1,4612.89
9171,2029,266428,1,2664.28
9172,2029,412960,1,4129.6
9173,2029,117417,1,1174.17
9174,2029,364230,2,3642.3
9175,2029,324696,1,3246.96
9176,2029,171046,1,1710.46
9177,2029,171469,1,1714.69
9178,2029,169268,1,1692.68
9179,2029,107088,1,1070.88
9181,2029,168531,1,1685.31
9182,2029,168251,1,1682.51
9184,2029,168100,1,1681.0
9185,2029,168018,1,1680.18
9186,2029,268485,1,2684.85
9187,2029,268485,1,2684.85
9188,2029,360976,1,3609.76
9189,2029,273042,1,2730.42
9190,2029,272561,1,2725.61
9191,2029,343090,1,3430.9
9192,2029,336465,1,3364.65
9193,2029,340965,1,3409.65
9194,2029,313363,1,3133.63
9195,2029,208046,1,2080.46
9196,2029,208046,1,2080.46
9197,2029,812821,2,8128.21
9198,2029,89025,1,890.25
9199,2029,178359,2,1783.59
9200,2029,141439,1,1414.39
9201,2029,185190,1,1851.9
9202,2029,130473,1,1304.73
9203,2029,416962,2,4169.62
9204,2029,283705,1,2837.05
9205,2029,91147,1,911.47
9206,2029,186068,1,1860.68
9207,2029,168648,1,1686.48
9208,2029,335697,1,3356.97
9209,2029,168531,1,1685.31
9210,2029,168018,1,1680.18
9211,2029,168134,1,1681.34
9212,2029,168018,1,1680.18
9213,2029,195499,1,1954.99
9214,2029,742377,1,7423.77
9215,2029,372424,1,3724.24
9216,2029,257123,1,2571.23
9217,2029,343005,1,3430.05
9218,2029,172315,1,1723.15
9219,2029,415813,1,4158.13
9220,2029,369917,1,3699.17
9221,2029,207836,1,2078.36
9222,2029,207679,1,2076.79
9223,2029,207679,1,2076.79
9225,2029,211114,1,2111.14
9226,2029,186489,1,1864.89
9227,2029,446230,1,4462.3
9228,2029,168251,1,1682.51
9230,2029,256920,1,2569.2
9231,2029,328649,1,3286.49
9232,2029,172514,1,1725.14
9233,2029,172315,1,1723.15
9234,2029,206840,1,2068.4
9235,2029,208099,1,2080.99
9236,2029,423794,1,4237.94
9237,2029,161706,1,1617.06
9238,2029,87259,1,872.59
9239,2029,108468,1,1084.68
9240,2029,1114460,5,11144.6
9241,2029,106672,1,1066.72
9242,2029,91756,1,917.56
9243,2029,132132,1,1321.32
9244,2029,178973,1,1789.73
9245,2029,235381,1,2353.81
9246,2029,54747,1,547.47
9247,2029,122640,1,1226.4
9248,2029,157364,1,1573.64
9249,2029,168531,1,1685.31
9250,2029,168766,1,1687.66
9251,2029,168486,1,1684.86
9252,2029,167787,1,1677.87
9255,2029,364542,1,3645.42
9256,2029,364202,1,3642.02
9257,2029,269534,1,2695.34
9258,2029,214366,1,2143.66
9259,2029,256803,1,2568.03
9260,2029,328649,1,3286.49
9261,2029,172433,1,1724.33
9262,2029,172116,1,1721.16
9263,2029,172514,1,1725.14
9264,2029,207625,1,2076.25
9266,2029,207836,1,2078.36
9267,2029,416676,1,4166.76
9268,2029,44919,1,449.19
9269,2029,132625,1,1326.25
9270,2029,113426,1,1134.26
9271,2029,113732,1,1137.32
9272,2029,132059,1,1320.59
9273,2029,132730,1,1327.3
9274,2029,168900,1,1689.0
9275,2029,361345,1,3613.45
9276,2029,312534,1,3125.34
9277,2029,435962,1,4359.62
9278,2029,220803,1,2208.03
9279,2029,335642,1,3356.42
9280,2029,53700,1,537.0
9281,2029,93196,1,931.96
9282,2029,573892,4,5738.92
9283,2029,131214,1,1312.14
9284,2029,131099,1,1310.99
9285,2029,941688,1,9416.88
9286,2029,157555,1,1575.55
9287,2029,430452,3,4304.52
9288,2029,177024,1,1770.24
9289,2029,168613,1,1686.13
9290,2029,222604,1,2226.04
9291,2029,168018,1,1680.18
9292,2029,168298,1,1682.98
9293,2029,269321,1,2693.21
9294,2029,214366,1,2143.66
9295,2029,896954,1,8969.54
9296,2029,342883,1,3428.83
9297,2029,220803,1,2208.03
9298,2029,221225,1,2212.25
9301,2029,687546,1,6875.46
9302,2029,443465,1,4434.65
9303,2029,220597,1,2205.97
9304,2029,280171,3,2801.71
9305,2029,50843,1,508.43
9306,2029,50993,1,509.93
9307,2029,89794,1,897.94
9308,2029,96262,1,962.62
9309,2029,222475,3,2224.75
9310,2029,276788,3,2767.88
9311,2029,94141,1,941.41
9312,2029,283551,2,2835.51
9313,2029,250335,1,2503.35
9314,2029,168368,1,1683.68
9315,2029,270017,1,2700.17
9316,2029,214449,1,2144.49
9318,2029,207520,1,2075.2
9319,2029,335535,1,3355.35
9320,2029,256863,1,2568.63
9321,2029,283443,1,2834.43
9322,2029,178891,1,1788.91
9323,2029,154021,1,1540.21
9324,2029,96800,1,968.0
9325,2029,126004,1,1260.04
9326,2029,125880,1,1258.8
9327,2029,190879,1,1908.79
9328,2029,236676,1,2366.76
9329,2029,116533,1,1165.33
9330,2029,116346,1,1163.46
9331,2029,234559,2,2345.59
9332,2029,116135,1,1161.35
9333,2029,186483,1,1864.83
9334,2029,274578,1,2745.78
9335,2029,125570,1,1255.7
9336,2029,131772,1,1317.72
9337,2029,433346,1,4333.46
9339,2029,214366,1,2143.66
9340,2029,328486,1,3284.86
9341,2029,343260,1,3432.6
9343,2029,207994,1,2079.94
9344,2029,688298,1,6882.98
9345,2029,179392,1,1793.92
9346,2029,179683,1,1796.83
9347,2029,56151,1,561.51
9348,2029,151563,1,1515.63
9349,2029,153622,1,1536.22
9350,2029,154283,1,1542.83
9351,2029,592677,2,5926.77
9352,2029,90049,1,900.49
9353,2029,191571,1,1915.71
9354,2029,813329,4,8133.29
9355,2029,383806,1,3838.06
9356,2029,661631,1,6616.31
9357,2029,269378,1,2693.78
9358,2029,356815,1,3568.15
9359,2029,247716,1,2477.16
9360,2029,247972,1,2479.72
9362,2029,275288,1,2752.88
9364,2029,207573,1,2075.73
9365,2029,172179,1,1721.79
9366,2029,335588,1,3355.88
9367,2029,844435,3,8444.35
9368,2029,179220,1,1792.2
9369,2029,111637,1,1116.37
9370,2029,138280,1,1382.8
9371,2029,130415,1,1304.15
9372,2029,140337,1,1403.37
9373,2029,131988,1,1319.88
9374,2029,110959,1,1109.59
9375,2029,363344,2,3633.44
9376,2029,171839,1,1718.39
9377,2029,171444,1,1714.44
9378,2029,383701,1,3837.01
9379,2029,215337,1,2153.37
9380,2029,269647,1,2696.47
9381,2029,214769,1,2147.69
9384,2029,239717,1,2397.17
9385,2029,239385,1,2393.85
9386,2029,829284,3,8292.84
9387,2029,305046,1,3050.46
9388,2029,178969,1,1789.69
9389,2029,179432,1,1794.32
9390,2029,203207,1,2032.07
9391,2029,192829,1,1928.29
9392,2029,108214,1,1082.14
9393,2029,341685,1,3416.85
9394,2029,383644,1,3836.44
9395,2029,357364,1,3573.64
9396,2029,356598,1,3565.98
9397,2029,345309,1,3453.09
9398,2029,171194,1,1711.94
9399,2029,328323,1,3283.23
9400,2029,328161,1,3281.61
9401,2029,208099,1,2080.99
9402,2029,342600,1,3426.0
9403,2029,687836,1,6878.36
9404,2029,304879,1,3048.79
9405,2029,373598,2,3735.98
9406,2029,210949,1,2109.49
9407,2029,179142,1,1791.42
9408,2029,274703,2,2747.03
9409,2029,179392,1,1793.92
9410,2029,171444,1,1714.44
9411,2029,171473,1,1714.73
9412,2029,171642,1,1716.42
9413,2029,383920,1,3839.2
9414,2029,473258,1,4732.58
9415,2029,357307,1,3573.07
9416,2029,345472,1,3454.72
9417,2029,171109,1,1711.09
9418,2029,170912,1,1709.12
9419,2029,171502,1,1715.02
9420,2029,328594,1,3285.94
9421,2029,207941,1,2079.41
9422,2029,207836,1,2078.36
9423,2029,207836,1,2078.36
9424,2029,497694,2,4976.94
9425,2029,261830,1,2618.3
9426,2029,920004,1,9200.04
9427,2029,335425,1,3354.25
9428,2029,365536,1,3655.36
9429,2029,305114,1,3051.14
9430,2029,243646,1,2436.46
9431,2029,203397,1,2033.97
9432,2029,203299,1,2032.99
9433,2029,171192,1,1711.92
9434,2029,356769,1,3567.69
9435,2029,709039,1,7090.39
9436,2029,170715,1,1707.15
9437,2029,170629,1,1706.29
9438,2029,207783,1,2077.83
9439,2029,172153,1,1721.53
9440,2029,308664,1,3086.64
9441,2029,304730,1,3047.3
9442,2029,211051,1,2110.51
9443,2029,185300,1,1853.0
9444,2029,185212,1,1852.12
9445,2029,185590,1,1855.9
9447,2029,185212,1,1852.12
9448,2029,185089,1,1850.89
9449,2029,185212,1,1852.12
9451,2029,185134,1,1851.34
9452,2029,185256,1,1852.56
9454,2029,179353,1,1793.53
9455,2029,179604,1,1796.04
9456,2029,171444,1,1714.44
9457,2029,383531,1,3835.31
9458,2029,211371,1,2113.71
9460,2029,185256,1,1852.56
9462,2029,185256,1,1852.56
9463,2029,178797,1,1787.97
9464,2029,92991,1,929.91
9465,2029,108978,1,1089.78
9466,2029,95697,1,956.97
9467,2029,171473,1,1714.73
9468,2029,171276,1,1712.76
9469,2029,383426,1,3834.26
9470,2029,357090,1,3570.9
9471,2029,708633,1,7086.33
9472,2029,171023,1,1710.23
9473,2029,171391,1,1713.91
9474,2029,328378,1,3283.78
9475,2029,208099,1,2080.99
9476,2029,497305,2,4973.05
9477,2029,262256,1,2622.56
9478,2029,335533,1,3355.33
9479,2029,305046,1,3050.46
9480,2029,211262,1,2112.62
9481,2029,454241,1,4542.41
9482,2029,185300,1,1853.0
9483,2029,185300,1,1853.0
9484,2029,185300,1,1853.0
9485,2029,370113,1,3701.13
9486,2029,185256,1,1852.56
9487,2029,185556,1,1855.56
9488,2029,178758,1,1787.58
9489,2029,97156,1,971.56
9490,2029,101755,1,1017.55
9491,2029,89795,1,897.95
9492,2029,91262,1,912.62
9493,2029,170912,1,1709.12
9494,2029,207994,1,2079.94
9495,2029,342573,1,3425.73
9496,2029,262098,1,2620.98
9497,2029,335697,1,3356.97
9498,2029,305046,1,3050.46
9499,2029,185467,1,1854.67
9501,2029,394488,1,3944.88
9502,2029,196849,1,1968.49
9504,2029,197115,1,1971.15
9505,2029,196698,1,1966.98
9506,2029,197172,1,1971.72
9507,2029,171557,1,1715.57
9508,2029,383644,1,3836.44
9509,2029,356815,1,3568.15
9510,2029,345201,1,3452.01
9511,2029,170912,1,1709.12
9512,2029,328649,1,3286.49
9513,2029,261885,1,2618.85
9514,2029,175361,1,1753.61
9515,2029,210887,1,2108.87
9516,2029,196698,1,1966.98
9517,2029,487422,1,4874.22
9518,2029,171207,1,1712.07
9519,2029,276930,1,2769.3
9520,2029,584787,2,5847.87
9521,2029,171444,1,1714.44
9522,2029,171305,1,1713.05
9523,2029,397765,1,3977.65
9524,2029,207731,1,2077.31
9525,2029,207573,1,2075.73
9526,2029,261775,1,2617.75
9527,2029,335697,1,3356.97
9528,2029,304996,1,3049.96
9529,2029,174841,1,1748.41
9530,2029,175152,1,1751.52
9531,2029,211523,1,2115.23
9532,2029,197058,1,1970.58
9533,2029,196698,1,1966.98
9534,2029,196583,1,1965.83
9535,2029,170948,1,1709.48
9536,2029,171157,1,1711.57
9537,2029,328378,1,3283.78
9538,2029,103390,1,1033.9
9539,2029,196656,2,1966.56
9540,2029,139106,1,1391.06
9541,2029,68599,1,685.99
9542,2029,145350,1,1453.5
9543,2029,335660,3,3356.6
9544,2029,69534,1,695.34
9545,2029,106181,1,1061.81
9546,2029,142473,1,1424.73
9547,2029,357149,2,3571.49
9548,2029,89468,1,894.68
9549,2029,103464,1,1034.64
9550,2029,383920,1,3839.2
9551,2029,557562,1,5575.62
9552,2029,274165,1,2741.65
9553,2029,356712,1,3567.12
9554,2029,345255,1,3452.55
9555,2029,345744,1,3457.44
9557,2029,170826,1,1708.26
9558,2029,328703,1,3287.03
9559,2029,417118,1,4171.18
9560,2029,304780,1,3047.8
9561,2029,175259,1,1752.59
9562,2029,197323,1,1973.23
9563,2029,225887,1,2258.87
9564,2029,197115,1,1971.15
9565,2029,196583,1,1965.83
9566,2029,171060,1,1710.6
9567,2029,817753,3,8177.53
9568,2029,89268,1,892.68
9569,2029,172193,1,1721.93
9570,2029,172298,1,1722.98
9571,2029,470959,2,4709.59
9572,2029,383701,1,3837.01
9573,2029,274005,1,2740.05
9574,2029,274005,1,2740.05
9575,2029,274218,1,2742.18
9576,2029,732867,1,7328.67
9577,2029,345363,1,3453.63
9578,2029,171305,1,1713.05
9579,2029,171305,1,1713.05
9581,2029,207941,1,2079.41
9582,2029,530854,1,5308.54
9583,2029,319829,1,3198.29
9584,2029,385863,1,3858.63
9585,2029,305312,1,3053.12
9586,2029,305213,1,3052.13
9587,2029,684015,2,6840.15
9588,2029,174786,1,1747.86
9589,2029,197172,1,1971.72
9590,2029,225175,1,2251.75
9591,2029,226031,1,2260.31
9592,2029,170948,1,1709.48
9593,2029,170948,1,1709.48
9594,2029,2868766,1,28687.66
9595,2029,376151,3,3761.51
9596,2029,180607,1,1806.07
9597,2029,106884,1,1068.84
9598,2029,273993,1,2739.93
9599,2029,114582,1,1145.82
9601,2029,171895,1,1718.95
9602,2029,315937,1,3159.37
9603,2029,384139,1,3841.39
9604,2029,328378,1,3283.78
9605,2029,328162,1,3281.62
9606,2029,356541,1,3565.41
9607,2029,708865,1,7088.65
9608,2029,238787,1,2387.87
9609,2029,261349,1,2613.49
9610,2029,261830,1,2618.3
9611,2029,320099,1,3200.99
9612,2029,304780,1,3047.8
9613,2029,175361,1,1753.61
9614,2029,196755,1,1967.55
9615,2029,197323,1,1973.23
9616,2029,196792,1,1967.92
9617,2029,196640,1,1966.4
9618,2029,171207,1,1712.07
9619,2029,171157,1,1711.57
9620,2029,171207,1,1712.07
9621,2029,48698,1,486.98
9622,2029,374533,3,3745.33
9624,2029,283933,1,2839.33
9625,2029,48250,1,482.5
9626,2029,91114,1,911.14
9627,2029,96780,1,967.8
9628,2029,116551,1,1165.51
9630,2029,315621,1,3156.21
9631,2029,187232,1,1872.32
9632,2029,187067,1,1870.67
9633,2029,383750,1,3837.5
9634,2029,328703,1,3287.03
9636,2029,302104,2,3021.04
9637,2029,108888,1,1088.88
9640,2029,152623,1,1526.23
9641,2029,213678,2,2136.78
9642,2029,108922,1,1089.22
9643,2029,51264,1,512.64
9644,2029,120348,1,1203.48
9645,2029,93691,1,936.91
9646,2029,120428,1,1204.28
9647,2029,234591,1,2345.91
9648,2029,235362,1,2353.62
9649,2029,234957,1,2349.57
9650,2029,287807,1,2878.07
9651,2029,288049,1,2880.49
9652,2029,328703,1,3287.03
9653,2029,223501,1,2235.01
9654,2029,503929,2,5039.29
9655,2029,252592,1,2525.92
9656,2029,196963,1,1969.63
9657,2029,171367,1,1713.67
9658,2029,171527,1,1715.27
9659,2029,216831,2,2168.31
9660,2029,49914,1,499.14
9661,2029,162726,1,1627.26
9662,2029,583224,3,5832.24
9663,2029,152473,1,1524.73
9664,2029,277807,2,2778.07
9665,2029,262820,3,2628.2
9667,2029,166256,1,1662.56
9668,2029,130386,1,1303.86
9670,2029,356598,1,3565.98
9671,2029,530912,1,5309.12
9672,2029,622778,1,6227.78
9673,2029,105996,1,1059.96
9674,2029,158455,1,1584.55
9675,2029,158455,1,1584.55
9676,2029,158101,1,1581.01
9677,2029,305723,2,3057.23
9678,2029,165259,1,1652.59
9680,2029,110135,1,1101.35
9681,2029,38834,1,388.34
9682,2029,111257,1,1112.57
9683,2029,144777,1,1447.77
9684,2029,50848,1,508.48
9685,2029,125030,1,1250.3
9686,2029,141836,1,1418.36
9687,2029,138415,1,1384.15
9688,2029,137695,1,1376.95
9689,2029,252968,2,2529.68
9690,2029,171999,1,1719.99
9691,2029,315643,1,3156.43
9692,2029,328053,1,3280.53
9693,2029,252818,1,2528.18
9694,2029,193703,1,1937.03
9695,2029,247959,1,2479.59
9696,2029,178864,1,1788.64
9697,2029,106394,1,1063.94
9698,2029,204146,2,2041.46
9699,2029,183139,1,1831.39
9700,2029,213009,2,2130.09
9701,2029,112008,1,1120.08
9702,2029,151180,1,1511.8
9703,2029,171908,1,1719.08
9704,2029,470897,2,4708.97
9705,2029,357412,1,3574.12
9706,2029,790344,1,7903.44
9707,2029,328435,1,3284.35
9708,2029,328649,1,3286.49
9709,2029,376342,1,3763.42
9710,2029,183702,1,1837.02
9711,2029,198565,1,1985.65
9712,2029,198565,1,1985.65
9713,2029,197172,1,1971.72
9714,2029,196963,1,1969.63
9715,2029,193507,1,1935.07
9716,2029,394116,1,3941.16
9717,2029,452970,1,4529.7
9718,2029,1293977,1,12939.77
9720,2029,328703,1,3287.03
9721,2029,184229,1,1842.29
9722,2029,304996,1,3049.96
9723,2029,198629,1,1986.29
9724,2029,197058,1,1970.58
9725,2029,171318,1,1713.18
9726,2029,243909,2,2439.09
9727,2029,103611,1,1036.11
9728,2029,316163,1,3161.63
9729,2029,282071,1,2820.71
9730,2029,282360,1,2823.6
9731,2029,328705,1,3287.05
9732,2029,175310,1,1753.1
9733,2029,196849,1,1968.49
9734,2029,170642,1,1706.42
9735,2029,102160,1,1021.6
9736,2029,417770,4,4177.7
9737,2029,150972,1,1509.72
9738,2029,383701,1,3837.01
9739,2029,328703,1,3287.03
9740,2029,754402,1,7544.02
9741,2029,89496,1,894.96
9742,2029,107039,1,1070.39
9743,2029,91162,1,911.62
9744,2029,160838,1,1608.38
9745,2029,103740,1,1037.4
9746,2029,166544,1,1665.44
9747,2029,143256,1,1432.56
9748,2029,111650,1,1116.5
9749,2029,103336,1,1033.36
9750,2029,109706,1,1097.06
9751,2029,73995,1,739.95
9753,2029,51245,1,512.45
9754,2029,124907,1,1249.07
9755,2029,41883,1,418.83
9756,2029,124540,1,1245.4
9757,2029,120681,1,1206.81
9758,2029,519150,1,5191.5
9759,2029,216115,1,2161.15
9760,2029,300333,1,3003.33
9761,2029,328757,1,3287.57
9762,2029,183666,1,1836.66
9763,2029,218823,1,2188.23
9765,2029,219636,2,2196.36
9766,2029,118122,1,1181.22
9768,2029,650753,4,6507.53
9769,2029,462129,2,4621.29
9770,2029,176450,1,1764.5
9771,2029,201908,1,2019.08
9772,2029,230256,1,2302.56
9773,2029,225110,1,2251.1
9774,2029,315846,1,3158.46
9775,2029,366015,1,3660.15
9776,2029,328001,1,3280.01
9777,2029,139991,1,1399.91
9778,2029,208401,1,2084.01
9780,2029,624362,2,6243.62
9781,2029,209975,1,2099.75
9782,2029,168255,1,1682.55
9783,2029,105508,1,1055.08
9784,2029,144116,1,1441.16
9785,2029,425614,2,4256.14
9786,2029,425320,3,4253.2
9787,2029,166853,1,1668.53
9788,2029,299853,1,2998.53
9789,2029,65704,1,657.04
9790,2029,57353,1,573.53
9791,2029,154209,1,1542.09
9792,2029,96233,1,962.33
9793,2029,48909,1,489.09
9794,2029,131172,1,1311.72
9795,2029,104926,1,1049.26
9796,2029,294160,2,2941.6
9797,2029,101022,1,1010.22
9798,2029,117504,1,1175.04
9799,2029,224908,1,2249.08
9800,2029,187866,1,1878.66
9801,2029,328269,1,3282.69
9803,2029,329436,1,3294.36
9804,2029,208401,1,2084.01
9805,2029,45268,1,452.68
9806,2029,115497,1,1154.97
9807,2029,186812,1,1868.12
9808,2029,154771,1,1547.71
9809,2029,210758,1,2107.58
9810,2029,114703,1,1147.03
9811,2029,130536,1,1305.36
9812,2029,158851,1,1588.51
9813,2029,258120,2,2581.2
9814,2029,97538,1,975.38
9815,2029,200757,1,2007.57
9816,2029,453586,1,4535.86
9817,2029,589593,3,5895.93
9818,2029,328271,1,3282.71
9819,2029,195282,1,1952.82
9820,2029,381792,2,3817.92
9821,2029,249430,1,2494.3
9822,2029,140056,1,1400.56
9823,2029,225360,1,2253.6
9825,2029,163944,2,1639.44
9826,2029,74130,1,741.3
9827,2029,117693,1,1176.93
9828,2029,115436,1,1154.36
9829,2029,118445,1,1184.45
9830,2029,117417,1,1174.17
9833,2029,208438,1,2084.38
9834,2029,35942,1,359.42
9835,2029,145992,1,1459.92
9836,2029,95418,1,954.18
9837,2029,639398,3,6393.98
9838,2029,313543,1,3135.43
9839,2029,118348,1,1183.48
9840,2029,171755,1,1717.55
9841,2029,38163,1,381.63
9842,2029,115724,1,1157.24
9843,2029,40303,1,403.03
9844,2029,366560,1,3665.6
9845,2029,328432,1,3284.32
9846,2029,222914,1,2229.14
9848,2029,117205,1,1172.05
9849,2029,115641,1,1156.41
9850,2029,112963,1,1129.63
9851,2029,136173,1,1361.73
9852,2029,117832,1,1178.32
9853,2029,304104,2,3041.04
9854,2029,283242,3,2832.42
9855,2029,38802,1,388.02
9856,2029,119866,1,1198.66
9857,2029,125106,2,1251.06
9858,2029,256882,1,2568.82
9859,2029,224417,1,2244.17
9860,2029,319361,1,3193.61
9861,2029,151720,1,1517.2
9862,2029,189434,1,1894.34
9863,2029,321939,2,3219.39
9864,2029,120006,1,1200.06
9865,2029,119725,1,1197.25
9867,2029,232882,2,2328.82
9869,2029,149912,1,1499.12
9870,2029,441634,2,4416.34
9871,2029,519006,1,5190.06
9872,2029,255606,1,2556.06
9873,2029,222621,1,2226.21
9874,2029,267671,1,2676.71
9875,2029,248950,1,2489.5
9876,2029,226218,1,2262.18
9877,2029,262423,1,2624.23
9878,2029,1056672,1,10566.72
9879,2029,238210,1,2382.1
9880,2029,428822,1,4288.22
9881,2029,236622,1,2366.22
9882,2029,1726924,1,17269.24
9883,2029,396713,1,3967.13
9884,2029,59049,1,590.49
9885,2029,144811,1,1448.11
9886,2029,673668,1,6736.68
9887,2029,269179,1,2691.79
9888,2029,2511855,1,25118.55
9889,2029,821890,1,8218.9
9890,2029,154927,1,1549.27
9891,2029,200586,1,2005.86
9892,2029,1619912,2,16199.12
9893,2029,264821,1,2648.21
9894,2029,221020,1,2210.2
9895,2029,428131,1,4281.31
9896,2029,317956,3,3179.56
9897,2029,88490,1,884.9
9898,2029,199788,1,1997.88
9899,2029,540522,3,5405.22
9900,2029,125018,1,1250.18
9901,2029,94950,1,949.5
9902,2029,1706651,7,17066.51
9903,2029,121267,1,1212.67
9904,2029,83088,1,830.88
9906,2029,207688,1,2076.88
9907,2029,123975,1,1239.75
9908,2029,191930,1,1919.3
9909,2029,124008,1,1240.08
9910,2029,349008,1,3490.08
9911,2029,247852,1,2478.52
9912,2029,184744,1,1847.44
9913,2029,184994,1,1849.94
9914,2029,185136,1,1851.36
9915,2029,403236,1,4032.36
9916,2029,582977,2,5829.77
9917,2029,426378,1,4263.78
9918,2029,207272,1,2072.72
9919,2029,145569,1,1455.69
9920,2029,115242,1,1152.42
9921,2029,151287,1,1512.87
9922,2029,203632,2,2036.32
9923,2029,105289,1,1052.89
9924,2029,40840,1,408.4
9925,2029,111541,1,1115.41
9926,2029,40879,1,408.79
9928,2029,107607,1,1076.07
9929,2029,47452,1,474.52
9930,2029,161128,2,1611.28
9931,2029,112150,1,1121.5
9932,2029,738214,2,7382.14
9933,2029,372670,1,3726.7
9934,2029,185384,1,1853.84
9935,2029,185046,1,1850.46
9936,2029,817446,1,8174.46
9937,2029,574540,1,5745.4
9938,2029,242244,1,2422.44
9939,2029,207166,1,2071.66
9940,2029,206747,1,2067.47
9941,2029,466112,2,4661.12
9942,2029,185900,1,1859.0
9943,2029,68014,1,680.14
9944,2029,335302,2,3353.02
9945,2029,112189,1,1121.89
9946,2029,96774,1,967.74
9947,2029,205024,1,2050.24
9948,2029,122107,1,1221.07
9949,2029,279074,1,2790.74
9950,2029,231196,1,2311.96
9951,2029,241919,1,2419.19
9952,2029,384568,2,3845.68
9953,2029,348705,1,3487.05
9954,2029,304948,1,3049.48
9955,2029,185082,1,1850.82
9956,2029,185082,1,1850.82
9957,2029,817810,1,8178.1
9958,2029,818764,1,8187.64
9959,2029,242135,1,2421.35
9960,2029,241847,1,2418.47
9961,2029,241505,1,2415.05
9962,2029,242024,1,2420.24
9963,2029,343415,1,3434.15
9965,2029,354389,1,3543.89
9966,2029,207166,1,2071.66
9967,2029,314416,1,3144.16
9968,2029,314329,1,3143.29
9969,2029,197077,1,1970.77
9970,2029,1857404,4,18574.04
9971,2029,369141,1,3691.41
9972,2029,275290,1,2752.9
9973,2029,95827,1,958.27
9974,2029,223424,1,2234.24
9975,2029,398091,1,3980.91
9976,2029,304948,1,3049.48
9977,2029,304980,1,3049.8
9978,2029,305300,1,3053.0
9979,2029,817371,1,8173.71
9980,2029,818727,1,8187.27
9981,2029,349647,1,3496.47
9982,2029,241964,1,2419.64
9983,2029,241794,1,2417.94
9984,2029,342973,1,3429.73
9985,2029,467398,1,4673.98
9986,2029,257467,1,2574.67
9987,2029,209362,1,2093.62
9988,2029,314913,1,3149.13
9989,2029,314329,1,3143.29
9990,2029,314503,1,3145.03
9992,2029,98544,1,985.44
9993,2029,95216,1,952.16
9994,2029,151265,1,1512.65
9995,2029,95758,1,957.58
9996,2029,179850,2,1798.5
9997,2029,305076,1,3050.76
9998,2029,304725,1,3047.25
9999,2029,305269,1,3052.69
10000,2029,433720,1,4337.2
10001,2029,215692,1,2156.92
10002,2029,745111,2,7451.11
10003,2029,247820,1,2478.2
10004,2029,247532,1,2475.32
10005,2029,782579,2,7825.79
10006,2029,350053,1,3500.53
10007,2029,350024,1,3500.24
10008,2029,350024,1,3500.24
10009,2029,503077,1,5030.77
10010,2029,1211477,1,12114.77
10011,2029,503272,1,5032.72
10012,2029,209153,1,2091.53
10013,2029,256745,1,2567.45
10014,2029,256602,1,2566.02
10015,2029,256597,1,2565.97
10016,2029,209259,1,2092.59
10017,2029,315205,1,3152.05
10018,2029,314913,1,3149.13
10019,2029,53671,1,536.71
10020,2029,119720,1,1197.2
10021,2029,170956,2,1709.56
10022,2029,114177,1,1141.77
10026,2029,292577,1,2925.77
10028,2029,215163,1,2151.63
10029,2029,249399,1,2493.99
10030,2029,249063,1,2490.63
10031,2029,215592,1,2155.92
10032,2029,215217,1,2152.17
10033,2029,215692,1,2156.92
10034,2029,543082,1,5430.82
10035,2029,215217,1,2152.17
10037,2029,2034202,3,20342.02
10038,2029,818213,1,8182.13
10039,2029,819166,1,8191.66
10040,2029,804542,1,8045.42
10042,2029,257320,1,2573.2
10043,2029,209053,1,2090.53
10044,2029,430826,1,4308.26
10045,2029,257035,1,2570.35
10046,2029,421701,1,4217.01
10047,2029,348678,1,3486.78
10048,2029,348789,1,3487.89
10049,2029,292288,1,2922.88
10050,2029,280060,1,2800.6
10052,2029,279688,1,2796.88
10053,2029,202891,1,2028.91
10054,2029,246443,1,2464.43
10055,2029,203200,1,2032.0
10056,2029,350024,1,3500.24
10057,2029,503077,1,5030.77
10058,2029,209362,1,2093.62
10059,2029,208946,1,2089.46
10060,2029,208843,1,2088.43
10061,2029,147438,1,1474.38
10062,2029,118402,1,1184.02
10063,2029,292492,1,2924.92
10064,2029,348740,1,3487.4
10065,2029,292492,1,2924.92
10066,2029,1061301,1,10613.01
10067,2029,872136,1,8721.36
10068,2029,168767,1,1687.67
10070,2029,248249,1,2482.49
10071,2029,775624,2,7756.24
10072,2029,349677,1,3496.77
10073,2029,349677,1,3496.77
10074,2029,817446,1,8174.46
10075,2029,349329,1,3493.29
10076,2029,349995,1,3499.95
10077,2029,502432,1,5024.32
10078,2029,502901,1,5029.01
10079,2029,502901,1,5029.01
10080,2029,209049,1,2090.49
10081,2029,208526,1,2085.26
10082,2029,257177,1,2571.77
10083,2029,209362,1,2093.62
10084,2029,256745,1,2567.45
10085,2029,257610,1,2576.1
10086,2029,117939,1,1179.39
10087,2029,516065,4,5160.65
10088,2029,105378,1,1053.78
10089,2029,110672,1,1106.72
10090,2029,433516,1,4335.16
10091,2029,215699,1,2156.99
10092,2029,215437,1,2154.37
10093,2029,215126,1,2151.26
10094,2029,215599,1,2155.99
10095,2029,215972,1,2159.72
10096,2029,215126,1,2151.26
10097,2029,215860,1,2158.6
10098,2029,248678,1,2486.78
10099,2029,414572,3,4145.72
10100,2029,191334,1,1913.34
10101,2029,47601,1,476.01
10102,2029,64174,1,641.74
10103,2029,48509,1,485.09
10104,2029,150754,2,1507.54
10106,2029,66862,1,668.62
10107,2029,105735,1,1057.35
10108,2029,205434,2,2054.34
10109,2029,215648,1,2156.48
10110,2029,433294,1,4332.94
10111,2029,174019,1,1740.19
10112,2029,174682,1,1746.82
10113,2029,503448,1,5034.48
10114,2029,257177,1,2571.77
10115,2029,227867,2,2278.67
10116,2029,116085,1,1160.85
10117,2029,111124,1,1111.24
10118,2029,116290,1,1162.9
10119,2029,88161,1,881.61
10120,2029,257046,2,2570.46
10121,2029,168967,1,1689.67
10122,2029,216072,1,2160.72
10123,2029,215810,1,2158.1
10124,2029,216901,1,2169.01
10125,2029,435922,1,4359.22
10126,2029,216480,1,2164.8
10127,2029,347336,1,3473.36
10128,2029,174682,1,1746.82
10129,2029,781663,2,7816.63
10130,2029,349647,1,3496.47
10131,2029,502803,1,5028.03
10132,2029,256022,1,2560.22
10133,2029,66610,1,666.1
10134,2029,114419,1,1144.19
10135,2029,110144,1,1101.44
10136,2029,121907,1,1219.07
10137,2029,110434,1,1104.34
10138,2029,212113,2,2121.13
10139,2029,166536,1,1665.36
10140,2029,156486,1,1564.86
10141,2029,185190,1,1851.9
10142,2029,140342,1,1403.42
10143,2029,500245,1,5002.45
10144,2029,403289,1,4032.89
10145,2029,282451,1,2824.51
10146,2029,326578,1,3265.78
10147,2029,436143,1,4361.43
10148,2029,435366,1,4353.66
10149,2029,216583,1,2165.83
10150,2029,174793,1,1747.93
10151,2029,174460,1,1744.6
10152,2029,174793,1,1747.93
10154,2029,1210701,1,12107.01
10155,2029,349677,1,3496.77
10156,2029,502432,1,5024.32
10157,2029,256165,1,2561.65
10158,2029,128499,1,1284.99
10159,2029,128417,1,1284.17
10160,2029,128304,1,1283.04
10161,2029,214470,2,2144.7
10162,2029,99368,1,993.68
10163,2029,767593,2,7675.93
10164,2029,155398,1,1553.98
10165,2029,222516,1,2225.16
10166,2029,259388,1,2593.88
10167,2029,164566,1,1645.66
10168,2029,107077,1,1070.77
10169,2029,1103425,2,11034.25
10170,2029,311568,1,3115.68
10171,2029,306868,1,3068.68
10172,2029,499785,1,4997.85
10173,2029,282760,1,2827.6
10174,2029,282533,1,2825.33
10175,2029,668380,1,6683.8
10176,2029,436143,1,4361.43
10177,2029,216426,1,2164.26
10178,2029,216269,1,2162.69
10179,2029,197732,1,1977.32
10180,2029,188493,1,1884.93
10181,2029,314098,1,3140.98
10182,2029,977905,1,9779.05
10183,2029,245696,1,2456.96
10184,2029,242809,1,2428.09
10185,2029,241805,1,2418.05
10186,2029,434008,1,4340.08
10187,2029,81544,1,815.44
10188,2029,275984,1,2759.84
10189,2029,276626,1,2766.26
10190,2029,575316,1,5753.16
10191,2029,38244,1,382.44
10192,2029,435644,1,4356.44
10193,2029,155495,1,1554.95
10194,2029,155071,1,1550.71
10196,2029,246963,1,2469.63
10197,2029,313872,1,3138.72
10198,2029,314284,1,3142.84
10199,2029,314098,1,3140.98
10200,2029,257035,1,2570.35
10201,2029,256740,1,2567.4
10202,2029,245111,1,2451.11
10203,2029,242226,1,2422.26
10204,2029,143553,1,1435.53
10205,2029,328130,1,3281.3
10206,2029,276573,1,2765.73
10208,2029,282533,1,2825.33
10209,2029,217004,1,2170.04
10210,2029,216583,1,2165.83
10211,2029,247326,1,2473.26
10212,2029,247284,1,2472.84
10213,2029,198129,1,1981.29
10214,2029,174910,1,1749.1
10215,2029,307079,1,3070.79
10216,2029,194192,1,1941.92
10217,2029,662672,1,6626.72
10218,2029,209366,1,2093.66
10219,2029,209576,1,2095.76
10220,2029,245533,1,2455.33
10222,2029,242356,1,2423.56
10223,2029,242096,1,2420.96
10224,2029,100022,1,1000.22
10225,2029,91493,1,914.93
10226,2029,126480,1,1264.8
10227,2029,276091,1,2760.91
10228,2029,500235,1,5002.35
10229,2029,765839,1,7658.39
10230,2029,314417,1,3144.17
10231,2029,245404,1,2454.04
10232,2029,190693,1,1906.93
10233,2029,284144,1,2841.44
10234,2029,393262,1,3932.62
10235,2029,134751,2,1347.51
10236,2029,60243,1,602.43
10237,2029,376059,1,3760.59
10238,2029,345108,3,3451.08
10239,2029,321458,2,3214.58
10240,2029,155311,1,1553.11
10241,2029,113985,1,1139.85
10242,2029,103408,1,1034.08
10243,2029,244139,1,2441.39
10244,2030,158611,1,1586.11
10245,2030,151996,1,1519.96
10247,2030,125982,1,1259.82
10248,2030,158138,1,1581.38
10249,2030,276145,1,2761.45
10250,2030,216480,1,2164.8
10251,2030,175983,1,1759.83
10252,2030,313058,1,3130.58
10253,2030,307300,1,3073.0
10254,2030,155466,1,1554.66
10255,2030,563277,1,5632.77
10256,2030,273924,1,2739.24
10257,2030,202437,1,2024.37
10258,2030,115206,1,1152.06
10259,2030,290155,1,2901.55
10260,2030,153187,1,1531.87
10261,2030,158816,1,1588.16
10262,2030,252873,1,2528.73
10263,2030,176047,1,1760.47
10264,2030,175640,1,1756.4
10265,2030,436200,1,4362.0
10266,2030,175720,1,1757.2
10267,2030,175517,1,1755.17
10268,2030,300626,1,3006.26
10269,2030,247855,1,2478.55
10270,2030,226271,1,2262.71
10271,2030,225951,1,2259.51
10272,2030,713646,1,7136.46
10273,2030,235183,1,2351.83
10274,2030,234907,1,2349.07
10275,2030,294173,1,2941.73
10276,2030,200649,2,2006.49
10277,2030,111266,1,1112.66
10278,2030,447442,2,4474.42
10279,2030,181803,2,1818.03
10280,2030,95500,1,955.0
10281,2030,51154,1,511.54
10282,2030,92887,1,928.87
10283,2030,91618,1,916.18
10284,2030,91564,1,915.64
10285,2030,117521,1,1175.21
10286,2030,95765,1,957.65
10287,2030,216636,1,2166.36
10288,2030,714072,1,7140.72
10289,2030,300762,1,3007.62
10290,2030,307549,1,3075.49
10291,2030,225531,1,2255.31
10293,2030,159707,1,1597.07
10294,2030,134583,1,1345.83
10295,2030,219235,2,2192.35
10296,2030,53119,1,531.19
10297,2030,114582,1,1145.82
10298,2030,406693,3,4066.93
10299,2030,126353,1,1263.53
10300,2030,429819,3,4298.19
10301,2030,84453,1,844.53
10303,2030,118953,1,1189.53
10304,2030,107297,1,1072.97
10305,2030,791325,2,7913.25
10307,2030,51401,1,514.01
10308,2030,118665,1,1186.65
10309,2030,344121,1,3441.21
10310,2030,216745,1,2167.45
10311,2030,208535,1,2085.35
10312,2030,208535,1,2085.35
10313,2030,208636,1,2086.36
10314,2030,300343,1,3003.43
10315,2030,226375,1,2263.75
10316,2030,253871,2,2538.71
10317,2030,137807,1,1378.07
10318,2030,152223,1,1522.23
10319,2030,70744,1,707.44
10320,2030,141027,1,1410.27
10321,2030,112805,1,1128.05
10322,2030,344286,1,3442.86
10323,2030,343850,1,3438.5
10324,2030,344121,1,3441.21
10325,2030,216318,1,2163.18
10326,2030,219666,1,2196.66
10327,2030,219707,1,2197.07
10328,2030,160431,1,1604.31
10329,2030,160587,1,1605.87
10330,2030,470441,1,4704.41
10331,2030,223161,1,2231.61
10332,2030,223120,1,2231.2
10333,2030,223037,1,2230.37
10334,2030,155015,1,1550.15
10335,2030,665017,1,6650.17
10336,2030,627718,1,6277.18
10337,2030,317195,1,3171.95
10338,2030,104275,1,1042.75
10339,2030,114748,1,1147.48
10340,2030,271512,1,2715.12
10341,2030,219025,1,2190.25
10342,2030,467875,1,4678.75
10343,2030,713079,1,7130.79
10344,2030,53225,1,532.25
10345,2030,106887,1,1068.87
10346,2030,72446,1,724.46
10347,2030,327120,2,3271.2
10348,2030,104695,1,1046.95
10349,2030,271138,1,2711.38
10350,2030,344009,1,3440.09
10351,2030,344174,1,3441.74
10352,2030,216426,1,2164.26
10354,2030,307961,1,3079.61
10355,2030,416384,1,4163.84
10356,2030,263124,1,2631.24
10357,2030,216690,1,2166.9
10358,2030,160733,1,1607.33
10359,2030,136012,1,1360.12
10360,2030,279667,1,2796.67
10361,2030,288975,1,2889.75
10362,2030,211143,1,2111.43
10363,2030,130890,1,1308.9
10364,2030,134613,1,1346.13
10365,2030,447269,1,4472.69
10366,2030,263073,1,2630.73
10367,2030,263287,1,2632.87
10368,2030,263338,1,2633.38
10369,2030,263501,1,2635.01
10370,2030,271427,1,2714.27
10371,2030,271630,1,2716.3
10372,2030,436143,1,4361.43
10373,2030,201766,1,2017.66
10374,2030,160753,1,1607.53
10375,2030,160450,1,1604.5
10376,2030,136437,1,1364.37
10377,2030,136204,1,1362.04
10378,2030,135779,1,1357.79
10379,2030,240707,1,2407.07
10380,2030,240655,1,2406.55
10381,2030,155283,1,1552.83
10382,2030,155255,1,1552.55
10384,2030,211239,1,2112.39
10385,2030,316787,1,3167.87
10386,2030,317107,1,3171.07
10387,2030,263073,1,2630.73
10388,2030,136416,1,1364.16
10389,2030,155255,1,1552.55
10391,2030,211433,1,2114.33
10392,2030,400657,3,4006.57
10393,2030,81517,1,815.17
10394,2030,259249,1,2592.49
10395,2030,262910,1,2629.1
10396,2030,270732,1,2707.32
10397,2030,250598,1,2505.98
10398,2030,160284,1,1602.84
10399,2030,161045,1,1610.45
10400,2030,135790,1,1357.9
10401,2030,241080,1,2410.8
10402,2030,147801,1,1478.01
10403,2030,451822,2,4518.22
10404,2030,395827,2,3958.27
10405,2030,92084,1,920.84
10407,2030,456230,2,4562.3
10408,2030,263552,1,2635.52
10409,2030,355096,1,3550.96
10410,2030,311335,1,3113.35
10411,2030,271138,1,2711.38
10412,2030,271341,1,2713.41
10413,2030,316906,1,3169.06
10414,2030,318352,1,3183.52
10415,2030,136214,1,1362.14
10416,2030,136194,1,1361.94
10417,2030,261045,1,2610.45
10418,2030,260781,1,2607.81
10419,2030,316902,1,3169.02
10420,2030,123992,1,1239.92
10421,2030,177878,1,1778.78
10422,2030,178016,1,1780.16
10423,2030,108493,1,1084.93
10424,2030,151943,1,1519.43
10425,2030,276158,1,2761.58
10426,2030,151807,1,1518.07
10427,2030,101256,1,1012.56
10428,2030,179178,1,1791.78
10429,2030,91627,1,916.27
10430,2030,137807,1,1378.07
10431,2030,200813,2,2008.13
10432,2030,104723,1,1047.23
10433,2030,263073,1,2630.73
10434,2030,354738,1,3547.38
10435,2030,195965,1,1959.65
10436,2030,316493,1,3164.93
10437,2030,160733,1,1607.33
10438,2030,268237,1,2682.37
10439,2030,136638,1,1366.38
10440,2030,176591,1,1765.91
10441,2030,307865,1,3078.65
10442,2030,316875,1,3168.75
10443,2030,55114,1,551.14
10444,2030,56017,1,560.17
10445,2030,104634,1,1046.34
10446,2030,142738,1,1427.38
10447,2030,377371,3,3773.71
10448,2030,132572,1,1325.72
10449,2030,145116,1,1451.16
10450,2030,54698,1,546.98
10451,2030,124588,1,1245.88
10452,2030,262961,1,2629.61
10453,2030,196165,1,1961.65
10454,2030,358224,1,3582.24
10455,2030,354208,1,3542.08
10456,2030,318504,1,3185.04
10457,2030,1044725,1,10447.25
10459,2030,316814,1,3168.14
10460,2030,121418,1,1214.18
10461,2030,272925,2,2729.25
10462,2030,142401,1,1424.01
10463,2030,96230,1,962.3
10464,2030,377567,3,3775.67
10465,2030,84158,1,841.58
10466,2030,71824,1,718.24
10467,2030,263501,1,2635.01
10468,2030,263603,1,2636.03
10469,2030,195845,1,1958.45
10470,2030,392222,1,3922.22
10471,2030,195845,1,1958.45
10472,2030,357911,1,3579.11
10473,2030,357726,1,3577.26
10474,2030,504756,1,5047.56
10475,2030,439054,2,4390.54
10476,2030,160889,1,1608.89
10477,2030,160440,1,1604.4
10478,2030,136638,1,1366.38
10479,2030,135779,1,1357.79
10480,2030,136225,1,1362.25
10481,2030,564522,1,5645.22
10482,2030,237422,1,2374.22
10483,2030,237473,1,2374.73
10484,2030,253598,1,2535.98
10485,2030,317195,1,3171.95
10486,2030,247953,1,2479.53
10487,2030,148922,1,1489.22
10488,2030,66778,1,667.78
10489,2030,381260,3,3812.6
10490,2030,32107,1,321.07
10491,2030,183488,2,1834.88
10492,2030,182345,1,1823.45
10493,2030,123968,1,1239.68
10494,2030,91059,1,910.59
10495,2030,285908,2,2859.08
10496,2030,101177,1,1011.77
10497,2030,251489,1,2514.89
10499,2030,317430,1,3174.3
10500,2030,239877,1,2398.77
10501,2030,239610,1,2396.1
10502,2030,239511,1,2395.11
10503,2030,224417,1,2244.17
10504,2030,358038,1,3580.38
10505,2030,357971,1,3579.71
10506,2030,504580,1,5045.8
10507,2030,174745,1,1747.45
10508,2030,237100,1,2371.0
10509,2030,425294,1,4252.94
10510,2030,253705,1,2537.05
10511,2030,294817,1,2948.17
10512,2030,294768,1,2947.68
10513,2030,294823,1,2948.23
10514,2030,474784,2,4747.84
10515,2030,349946,1,3499.46
10516,2030,544842,1,5448.42
10517,2030,268393,1,2683.93
10518,2030,268179,1,2681.79
10519,2030,418901,1,4189.01
10520,2030,403322,1,4033.22
10521,2030,180599,1,1805.99
10522,2030,264457,1,2644.57
10523,2030,137715,1,1377.15
10525,2030,179178,1,1791.78
10526,2030,283644,2,2836.44
10527,2030,103301,1,1033.01
10528,2030,136632,1,1366.32
10529,2030,48918,1,489.18
10530,2030,189413,1,1894.13
10531,2030,53275,1,532.75
10532,2030,103219,1,1032.19
10533,2030,485177,1,4851.77
10535,2030,124065,1,1240.65
10536,2030,544616,1,5446.16
10537,2030,545068,1,5450.68
10538,2030,545013,1,5450.13
10539,2030,412202,1,4122.02
10540,2030,412403,1,4124.03
10541,2030,1014450,1,10144.5
10542,2030,357785,1,3577.85
10543,2030,278984,1,2789.84
10544,2030,283969,1,2839.69
10545,2030,180484,1,1804.84
10546,2030,294228,1,2942.28
10547,2030,294657,1,2946.57
10548,2030,294283,1,2942.83
10549,2030,155441,1,1554.41
10550,2030,513767,1,5137.67
10551,2030,109330,1,1093.3
10552,2030,148334,1,1483.34
10553,2030,122618,1,1226.18
10554,2030,230162,2,2301.62
10555,2030,133567,1,1335.67
10556,2030,377403,1,3774.03
10557,2030,633809,1,6338.09
10558,2030,289129,1,2891.29
10559,2030,289129,1,2891.29
10560,2030,222876,1,2228.76
10561,2030,223117,1,2231.17
10562,2030,521935,1,5219.35
10563,2030,236680,1,2366.8
10564,2030,293625,1,2936.25
10565,2030,279097,1,2790.97
10566,2030,285162,1,2851.62
10567,2030,180318,1,1803.18
10568,2030,49102,1,491.02
10569,2030,147176,1,1471.76
10570,2030,47544,1,475.44
10571,2030,135240,1,1352.4
10572,2030,64373,1,643.73
10573,2030,216690,2,2166.9
10574,2030,124474,1,1244.74
10575,2030,418957,2,4189.57
10576,2030,147336,1,1473.36
10577,2030,122969,1,1229.69
10578,2030,206806,1,2068.06
10579,2030,601223,2,6012.23
10580,2030,208434,2,2084.34
10581,2030,249860,1,2498.6
10583,2030,208192,1,2081.92
10584,2030,214531,1,2145.31
10585,2030,284254,1,2842.54
10586,2030,246432,2,2464.32
10588,2030,161735,1,1617.35
10589,2030,145051,1,1450.51
10590,2030,29693,1,296.93
10591,2030,32768,1,327.68
10592,2030,490650,1,4906.5
10593,2030,69036,1,690.36
10594,2030,339632,2,3396.32
10595,2030,326857,2,3268.57
10596,2030,165441,1,1654.41
10597,2030,48084,1,480.84
10598,2030,541262,3,5412.62
10599,2030,436150,1,4361.5
10600,2030,128387,1,1283.87
10601,2030,135158,1,1351.58
10602,2030,176498,2,1764.98
10603,2030,167857,2,1678.57
10604,2030,265699,1,2656.99
10605,2030,377079,1,3770.79
10606,2030,377027,1,3770.27
10609,2030,208473,1,2084.73
10610,2030,302346,1,3023.46
10611,2030,286429,1,2864.29
10612,2030,236008,1,2360.08
10613,2030,180286,1,1802.86
10614,2030,348399,2,3483.99
10615,2030,122011,1,1220.11
10616,2030,158450,1,1584.5
10617,2030,125294,1,1252.94
10618,2030,239185,2,2391.85
10619,2030,196048,1,1960.48
10620,2030,156074,1,1560.74
10621,2030,346659,3,3466.59
10622,2030,125294,1,1252.94
10623,2030,490404,1,4904.04
10624,2030,222828,1,2228.28
10625,2030,223309,1,2233.09
10626,2030,208393,1,2083.93
10627,2030,321305,1,3213.05
10628,2030,1582595,9,15825.95
10629,2030,321305,1,3213.05
10630,2030,321788,1,3217.88
10631,2030,321988,1,3219.88
10632,2030,321707,1,3217.07
10633,2030,170280,1,1702.8
10634,2030,380368,1,3803.68
10635,2030,202032,1,2020.32
10636,2030,180715,1,1807.15
10637,2030,97528,1,975.28
10638,2030,355907,2,3559.07
10639,2030,184774,1,1847.74
10640,2030,107345,1,1073.45
10641,2030,46360,1,463.6
10643,2030,44620,1,446.2
10644,2030,97992,1,979.92
10645,2030,53142,1,531.42
10646,2030,149787,1,1497.87
10647,2030,775978,1,7759.78
10648,2030,223093,1,2230.93
10649,2030,278432,1,2784.32
10650,2030,277752,1,2777.52
10651,2030,277229,1,2772.29
10652,2030,236811,1,2368.11
10653,2030,260375,1,2603.75
10654,2030,877986,2,8779.86
10655,2030,180798,1,1807.98
10656,2030,126091,1,1260.91
10657,2030,138742,1,1387.42
10658,2030,126386,1,1263.86
10659,2030,147395,1,1473.95
10660,2030,288323,1,2883.23
10661,2030,274032,1,2740.32
10662,2030,190986,1,1909.86
10663,2030,145198,1,1451.98
10664,2030,99242,1,992.42
10665,2030,408158,2,4081.58
10666,2030,352628,3,3526.28
10667,2030,188797,1,1887.97
10668,2030,192785,2,1927.85
10669,2030,99294,1,992.94
10670,2030,106103,1,1061.03
10671,2030,94421,1,944.21
10672,2030,179929,2,1799.29
10673,2030,281119,2,2811.19
10674,2030,146992,1,1469.92
10675,2030,308267,1,3082.67
10676,2030,223093,1,2230.93
10677,2030,222685,1,2226.85
10678,2030,336125,1,3361.25
10679,2030,293643,1,2936.43
10680,2030,293439,1,2934.39
10681,2030,113926,1,1139.26
10682,2030,252504,2,2525.04
10683,2030,102984,1,1029.84
10684,2030,543799,1,5437.99
10685,2030,80776,1,807.76
10686,2030,334605,2,3346.05
10687,2030,108365,1,1083.65
10688,2030,462128,3,4621.28
10689,2030,203904,1,2039.04
10690,2030,115738,1,1157.38
10691,2030,161624,1,1616.24
10692,2030,238731,3,2387.31
10693,2030,87648,1,876.48
10694,2030,46566,1,465.66
10695,2030,95637,1,956.37
10696,2030,57385,1,573.85
10697,2030,48038,1,480.38
10698,2030,87535,1,875.35
10699,2030,171077,2,1710.77
10700,2030,167246,1,1672.46
10701,2030,230282,1,2302.82
10702,2030,222876,1,2228.76
10703,2030,191004,1,1910.04
10704,2030,236213,1,2362.13
10705,2030,335889,1,3358.89
10706,2030,225846,1,2258.46
10707,2030,259931,1,2599.31
10708,2030,223225,1,2232.25
10709,2030,293703,1,2937.03
10710,2030,32690,1,326.9
10711,2030,189404,3,1894.04
10712,2030,145589,1,1455.89
10713,2030,146245,1,1462.45
10714,2030,331785,1,3317.85
10715,2030,490238,1,4902.38
10716,2030,223117,1,2231.17
10717,2030,213460,1,2134.6
10718,2030,190676,1,1906.76
10719,2030,543791,2,5437.91
10720,2030,246576,1,2465.76
10721,2030,170602,1,1706.02
10722,2030,235804,1,2358.04
10724,2030,225726,1,2257.26
10725,2030,225404,1,2254.04
10726,2030,313488,1,3134.88
10728,2030,56775,1,567.75
10729,2030,56019,1,560.19
10730,2030,108367,1,1083.67
10731,2030,97218,1,972.18
10732,2030,672337,1,6723.37
10733,2030,335983,1,3359.83
10734,2030,223225,1,2232.25
10735,2030,56681,1,566.81
10736,2030,56687,1,566.87
10737,2030,1666519,6,16665.19
10738,2030,3294719,1,32947.19
10739,2030,162842,1,1628.42
10740,2030,106677,1,1066.77
10741,2030,33061,1,330.61
10742,2030,134762,1,1347.62
10743,2030,332284,1,3322.84
10744,2030,287456,1,2874.56
10745,2030,490650,1,4906.5
10746,2030,363296,1,3632.96
10747,2030,454893,4,4548.93
10748,2030,246576,1,2465.76
10749,2030,236344,1,2363.44
10750,2030,269901,1,2699.01
10753,2030,309913,1,3099.13
10754,2030,2453536,7,24535.36
10755,2030,225930,1,2259.3
10756,2030,225201,1,2252.01
10759,2030,292057,1,2920.57
10760,2030,56490,1,564.9
10761,2030,56587,1,565.87
10762,2030,56495,1,564.95
10763,2030,787100,4,7871.0
10764,2030,424749,5,4247.49
10765,2030,600095,1,6000.95
10766,2030,269073,1,2690.73
10767,2030,154612,1,1546.12
10768,2030,43026,1,430.26
10769,2030,132754,1,1327.54
10770,2030,146002,2,1460.02
10771,2030,155582,2,1555.82
10772,2030,42922,1,429.22
10773,2030,118440,1,1184.4
10774,2030,331755,1,3317.55
10775,2030,287863,1,2878.63
10776,2030,519415,1,5194.15
10777,2030,223359,1,2233.59
10778,2030,77024,1,770.24
10779,2030,77239,1,772.39
10780,2030,77456,1,774.56
10781,2030,209837,1,2098.37
10782,2030,236549,1,2365.49
10783,2030,235804,1,2358.04
10784,2030,335724,1,3357.24
10785,2030,310081,1,3100.81
10786,2030,310032,1,3100.32
10787,2030,313707,1,3137.07
10788,2030,795745,2,7957.45
10789,2030,292001,1,2920.01
10790,2030,497204,1,4972.04
10791,2030,244704,1,2447.04
10792,2030,286132,1,2861.32
10793,2030,804702,2,8047.02
10794,2030,2174617,11,21746.17
10795,2030,287456,1,2874.56
10796,2030,490485,1,4904.85
10797,2030,449380,1,4493.8
10798,2030,266152,1,2661.52
10799,2030,629813,4,6298.13
10800,2030,234529,1,2345.29
10801,2030,563629,1,5636.29
10802,2030,236788,1,2367.88
10803,2030,244813,1,2448.13
10804,2030,370068,1,3700.68
10805,2030,121405,1,1214.05
10806,2030,163017,1,1630.17
10807,2030,56436,1,564.36
10808,2030,162614,1,1626.14
10809,2030,345867,2,3458.67
10810,2030,263093,2,2630.93
10811,2030,148925,1,1489.25
10812,2030,122736,1,1227.36
10813,2030,68066,1,680.66
10814,2030,230123,1,2301.23
10815,2030,199748,2,1997.48
10816,2030,261763,1,2617.63
10817,2030,223334,1,2233.34
10818,2030,266154,1,2661.54
10819,2030,266046,1,2660.46
10820,2030,236475,1,2364.75
10821,2030,315850,1,3158.5
10823,2030,237018,1,2370.18
10824,2030,384281,2,3842.81
10825,2030,244602,1,2446.02
10826,2030,2367372,11,23673.72
10827,2030,269309,1,2693.09
10828,2030,269518,1,2695.18
10829,2030,240578,2,2405.78
10830,2030,123045,1,1230.45
10831,2030,133528,1,1335.28
10832,2030,198530,1,1985.3
10833,2030,94181,1,941.81
10834,2030,327865,3,3278.65
10835,2030,124684,1,1246.84
10836,2030,287166,1,2871.66
10837,2030,222876,1,2228.76
10838,2030,242215,1,2422.15
10839,2030,236475,1,2364.75
10840,2030,270822,1,2708.22
10841,2030,285724,1,2857.24
10842,2030,269309,1,2693.09
10843,2030,115136,1,1151.36
10844,2030,361526,1,3615.26
10845,2030,159141,1,1591.41
10847,2030,108048,1,1080.48
10848,2030,285339,2,2853.39
10849,2030,121405,1,1214.05
10850,2030,346327,2,3463.27
10851,2030,111998,1,1119.98
10852,2030,322643,3,3226.43
10853,2030,89983,1,899.83
10854,2030,193083,1,1930.83
10855,2030,491309,1,4913.09
10856,2030,223359,1,2233.59
10857,2030,222265,1,2222.65
10858,2030,221317,1,2213.17
10859,2030,221633,1,2216.33
10860,2030,221317,1,2213.17
10861,2030,226443,1,2264.43
10862,2030,236475,1,2364.75
10863,2030,151713,1,1517.13
10864,2030,112614,1,1126.14
10865,2030,142205,1,1422.05
10866,2030,215323,2,2153.23
10867,2030,109155,1,1091.55
10868,2030,114277,1,1142.77
10869,2030,446410,3,4464.1
10870,2030,175175,1,1751.75
10871,2030,235289,1,2352.89
10872,2030,221633,1,2216.33
10873,2030,221636,1,2216.36
10874,2030,221843,1,2218.43
10876,2030,1214448,4,12144.48
10877,2030,233759,1,2337.59
10878,2030,549204,2,5492.04
10879,2030,2980938,1,29809.38
10880,2030,540779,2,5407.79
10881,2030,111601,1,1116.01
10882,2030,161775,1,1617.75
10883,2030,56322,1,563.22
10884,2030,174937,1,1749.37
10885,2030,112566,1,1125.66
10886,2030,212501,1,2125.01
10887,2030,750894,4,7508.94
10888,2030,610209,2,6102.09
10889,2030,287863,1,2878.63
10890,2030,223309,1,2233.09
10891,2030,234872,1,2348.72
10892,2030,236213,1,2362.13
10893,2030,392750,1,3927.5
10894,2030,960807,1,9608.07
10895,2030,960272,1,9602.72
10896,2030,393154,1,3931.54
10897,2030,215212,1,2152.12
10900,2030,219564,1,2195.64
10901,2030,233759,1,2337.59
10902,2030,754192,2,7541.92
10903,2030,372694,2,3726.94
10904,2030,131700,1,1317.0
10905,2030,127820,1,1278.2
10906,2030,135430,1,1354.3
10907,2030,135097,1,1350.97
10908,2030,134963,1,1349.63
10909,2030,5063328,4,50633.28
10910,2030,109886,1,1098.86
10911,2030,110168,1,1101.68
10912,2030,79595,1,795.95
10913,2030,187838,2,1878.38
10914,2030,157136,1,1571.36
10915,2030,127249,1,1272.49
10916,2030,105128,1,1051.28
10917,2030,620229,1,6202.29
10918,2030,203433,1,2034.33
10919,2030,287456,1,2874.56
10921,2030,222901,1,2229.01
10922,2030,235605,1,2356.05
10923,2030,281793,1,2817.93
10924,2030,205672,1,2056.72
10925,2030,544546,1,5445.46
10926,2030,382654,1,3826.54
10927,2030,281082,1,2810.82
10928,2030,383088,1,3830.88
10929,2030,219207,1,2192.07
10930,2030,286393,1,2863.93
10931,2030,439365,1,4393.65
10932,2030,269400,1,2694.0
10934,2030,51494,1,514.94
10935,2030,170155,2,1701.55
10936,2030,112318,1,1123.18
10937,2030,48670,1,486.7
10938,2030,101869,1,1018.69
10939,2030,780117,2,7801.17
10940,2030,88803,1,888.03
10941,2030,296694,2,2966.94
10942,2030,263719,1,2637.19
10943,2030,137014,1,1370.14
10944,2030,219640,1,2196.4
10945,2030,124734,1,1247.34
10946,2030,203433,1,2034.33
10947,2030,574063,1,5740.63
10948,2030,222901,1,2229.01
10949,2030,546210,1,5462.1
10950,2030,1491154,1,14911.54
10951,2030,356936,1,3569.36
10953,2030,544369,1,5443.69
10954,2030,383344,1,3833.44
10955,2030,219733,1,2197.33
10956,2030,269610,1,2696.1
10957,2030,121459,1,1214.59
10958,2030,102190,1,1021.9
10959,2030,111529,1,1115.29
10960,2030,145685,1,1456.85
10961,2030,620229,1,6202.29
10962,2030,203544,1,2035.44
10963,2030,590672,2,5906.72
10964,2030,287660,1,2876.6
10965,2030,730456,1,7304.56
10966,2030,304400,1,3044.0
10967,2030,223142,1,2231.42
10968,2030,203671,1,2036.71
10969,2030,203788,1,2037.88
10970,2030,356936,1,3569.36
10971,2030,356988,1,3569.88
10972,2030,240137,1,2401.37
10973,2030,248439,1,2484.39
10974,2030,248439,1,2484.39
10975,2030,215653,1,2156.53
10976,2030,215419,1,2154.19
10977,2030,268432,1,2684.32
10978,2030,382564,1,3825.64
10979,2030,382654,1,3826.54
10980,2030,3256926,8,32569.26
10981,2030,213162,1,2131.62
10982,2030,212759,1,2127.59
10983,2030,953575,3,9535.75
10984,2030,269518,1,2695.18
10985,2030,277682,2,2776.82
10986,2030,404486,1,4044.86
10988,2030,128192,1,1281.92
10989,2030,192207,2,1922.07
10990,2030,98697,1,986.97
10991,2030,98573,1,985.73
10992,2030,105451,1,1054.51
10993,2030,271213,1,2712.13
10994,2030,203631,1,2036.31
10995,2030,223808,1,2238.08
10996,2030,574515,1,5745.15
10997,2030,304785,1,3047.85
10998,2030,304789,1,3047.89
10999,2030,223068,1,2230.68
11000,2030,545874,1,5458.74
11001,2030,223331,1,2233.31
11002,2030,204214,1,2042.14
11003,2030,357040,1,3570.4
11004,2030,240179,1,2401.79
11005,2030,248885,1,2488.85
11006,2030,205718,1,2057.18
11007,2030,265653,1,2656.53
11008,2030,266482,1,2664.82
11009,2030,901736,1,9017.36
11010,2030,382130,1,3821.3
11011,2030,493459,1,4934.59
11012,2030,286117,1,2861.17
11013,2030,213068,1,2130.68
11014,2030,116962,1,1169.62
11015,2030,73301,1,733.01
11016,2030,127947,1,1279.47
11017,2030,88651,1,886.51
11018,2030,230100,2,2301.0
11019,2030,119217,1,1192.17
11020,2030,240158,1,2401.58
11021,2030,92962,1,929.62
11022,2030,55358,1,553.58
11023,2030,121518,1,1215.18
11024,2030,71156,1,711.56
11025,2030,122798,1,1227.98
11026,2030,50384,1,503.84
11027,2030,153482,1,1534.82
11028,2030,136301,2,1363.01
11029,2030,169364,1,1693.64
11030,2030,304405,1,3044.05
11031,2030,218869,1,2188.69
11032,2030,450022,3,4500.22
11033,2030,399751,1,3997.51
11034,2030,117108,1,1171.08
11035,2030,892325,1,8923.25
11036,2030,242401,2,2424.01
11037,2030,269378,1,2693.78
11038,2030,128341,1,1283.41
11039,2030,128573,1,1285.73
11040,2030,104917,1,1049.17
11041,2030,112100,1,1121.0
11042,2030,112432,1,1124.32
11043,2030,271046,1,2710.46
11044,2030,203743,1,2037.43
11045,2030,305178,1,3051.78
11046,2030,203480,1,2034.8
11047,2030,239818,1,2398.18
11048,2030,205672,1,2056.72
11049,2030,382219,1,3822.19
11050,2030,2857504,10,28575.04
11051,2030,185009,1,1850.09
11052,2030,2568746,8,25687.46
11053,2030,181436,1,1814.36
11054,2030,257520,1,2575.2
11055,2030,146192,1,1461.92
11056,2030,443270,2,4432.7
11057,2030,152554,1,1525.54
11058,2030,51697,1,516.97
11059,2030,104858,1,1048.58
11060,2030,113978,1,1139.78
11061,2030,203830,1,2038.3
11062,2030,303066,1,3030.66
11063,2030,385090,1,3850.9
11064,2030,304786,1,3047.86
11065,2030,735122,2,7351.22
11066,2030,223220,1,2232.2
11067,2030,248522,1,2485.22
11068,2030,288274,1,2882.74
11069,2030,628846,1,6288.46
11070,2030,382053,1,3820.53
11071,2030,219445,1,2194.45
11072,2030,738241,1,7382.41
11073,2030,181241,1,1812.41
11074,2030,224668,1,2246.68
11075,2030,226537,1,2265.37
11076,2030,137356,1,1373.56
11077,2030,112775,1,1127.75
11078,2030,590827,2,5908.27
11079,2030,1030411,1,10304.11
11080,2030,98254,1,982.54
11081,2030,205718,1,2057.18
11083,2030,112330,1,1123.3
11084,2030,112671,1,1126.71
11085,2030,105106,1,1051.06
11086,2030,223109,1,2231.09
11087,2030,240137,1,2401.37
11088,2030,184677,1,1846.77
11089,2030,214353,1,2143.53
11090,2030,508506,2,5085.06
11091,2030,126939,1,1269.39
11092,2030,196899,2,1968.99
11093,2030,264880,2,2648.8
11094,2030,58633,1,586.33
11096,2030,56575,1,565.75
11097,2030,109891,1,1098.91
11098,2030,241595,2,2415.95
11099,2030,302082,1,3020.82
11100,2030,209134,1,2091.34
11101,2030,203346,1,2033.46
11102,2030,770343,2,7703.43
11103,2030,385030,1,3850.3
11104,2030,304789,1,3047.89
11105,2030,288462,1,2884.62
11106,2030,181749,1,1817.49
11108,2030,94294,1,942.94
11109,2030,295622,2,2956.22
11110,2030,90117,1,901.17
11111,2030,380852,1,3808.52
11112,2030,142323,1,1423.23
11113,2030,105926,1,1059.26
11114,2030,128244,1,1282.44
11115,2030,134592,1,1345.92
11116,2030,125972,1,1259.72
11117,2030,254682,1,2546.82
11118,2030,304788,1,3047.88
11119,2030,295597,1,2955.97
11120,2030,240519,1,2405.19
11121,2030,288744,1,2887.44
11122,2030,266343,1,2663.43
11123,2030,445837,1,4458.37
11124,2030,480963,1,4809.63
11125,2030,481058,1,4810.58
11126,2030,181502,1,1815.02
11127,2030,141974,1,1419.74
11128,2030,64457,1,644.57
11129,2030,187454,2,1874.54
11132,2030,172024,1,1720.24
11133,2030,170523,1,1705.23
11134,2030,989772,2,9897.72
11135,2030,58061,1,580.61
11136,2030,513987,2,5139.87
11137,2030,725631,2,7256.31
11138,2030,64261,1,642.61
11139,2030,329445,2,3294.45
11140,2030,384496,1,3844.96
11141,2030,248662,1,2486.62
11143,2030,211365,1,2113.65
11145,2030,90858,1,908.58
11146,2030,295086,1,2950.86
11147,2030,247789,1,2477.89
11148,2030,446197,1,4461.97
11149,2030,480230,1,4802.3
11151,2030,181060,1,1810.6
11154,2030,141537,1,1415.37
11155,2030,211217,2,2112.17
11156,2030,81370,1,813.7
11157,2030,89705,1,897.05
11158,2030,88963,1,889.63
11159,2030,88887,1,888.87
11160,2030,64549,1,645.49
11161,2030,254806,1,2548.06
11162,2030,265908,1,2659.08
11163,2030,304786,1,3047.86
11164,2030,240498,1,2404.98
11165,2030,265514,1,2655.14
11166,2030,619806,1,6198.06
11167,2030,480596,1,4805.96
11168,2030,4886118,18,48861.18
11169,2030,104424,1,1044.24
11170,2030,174488,1,1744.88
11171,2030,170119,1,1701.19
11172,2030,154445,1,1544.45
11173,2030,646846,1,6468.46
11174,2030,102054,1,1020.54
11175,2030,798824,4,7988.24
11176,2030,143272,1,1432.72
11177,2030,167977,2,1679.77
11178,2030,88954,1,889.54
11180,2030,305176,1,3051.76
11181,2030,330545,1,3305.45
11183,2030,239840,1,2398.4
11184,2030,154151,1,1541.51
11185,2030,184472,1,1844.72
11186,2030,247063,1,2470.63
11187,2030,287247,1,2872.47
11188,2030,480868,1,4808.68
11189,2030,181306,1,1813.06
11190,2030,129668,1,1296.68
11191,2030,61463,1,614.63
11192,2030,373570,2,3735.7
11193,2030,100932,1,1009.32
11194,2030,304785,1,3047.85
11195,2030,508684,1,5086.84
11196,2030,515348,1,5153.48
11197,2030,154264,1,1542.64
11198,2030,154333,1,1543.33
11199,2030,274559,1,2745.59
11200,2030,416193,2,4161.93
11201,2030,210987,1,2109.87
11202,2030,210943,1,2109.43
11203,2030,265998,1,2659.98
11204,2030,340264,1,3402.64
11205,2030,181371,1,1813.71
11206,2030,213131,2,2131.31
11207,2030,93172,1,931.72
11208,2030,104449,1,1044.49
11209,2030,102884,1,1028.84
11210,2030,113380,1,1133.8
11211,2030,127589,1,1275.89
11212,2030,358249,2,3582.49
11213,2030,121516,1,1215.16
11214,2030,304399,1,3043.99
11215,2030,225510,1,2255.1
11216,2030,239796,1,2397.96
11217,2030,154627,1,1546.27
11218,2030,1025659,4,10256.59
11219,2030,177120,1,1771.2
11220,2030,647367,2,6473.67
11221,2030,286980,1,2869.8
11222,2030,453176,2,4531.76
11223,2030,566363,2,5663.63
11224,2030,47550,1,475.5
11225,2030,113679,1,1136.79
11226,2030,120087,1,1200.87
11227,2030,325680,3,3256.8
11228,2030,123206,1,1232.06
11229,2030,124547,1,1245.47
11230,2030,185551,2,1855.51
11231,2030,99976,1,999.76
11232,2030,453625,3,4536.25
11233,2030,101917,1,1019.17
11234,2030,194984,1,1949.84
11235,2030,198596,1,1985.96
11236,2030,304403,1,3044.03
11237,2030,547550,3,5475.5
11238,2030,154377,1,1543.77
11239,2030,211454,1,2114.54
11240,2030,210784,1,2107.84
11241,2030,287143,1,2871.43
11242,2030,620380,1,6203.8
11243,2030,1154474,1,11544.74
11244,2030,425053,1,4250.53
11245,2030,255211,1,2552.11
11246,2030,102118,1,1021.18
11247,2030,428232,2,4282.32
11248,2030,46210,1,462.1
11249,2030,146948,1,1469.48
11250,2030,123413,1,1234.13
11251,2030,151111,1,1511.11
11252,2030,102463,1,1024.63
11253,2030,99899,1,998.99
11254,2030,119571,2,1195.71
11255,2030,207882,1,2078.82
11256,2030,192985,1,1929.85
11257,2030,225386,1,2253.86
11258,2030,154671,1,1546.71
11259,2030,184324,1,1843.24
11260,2030,274529,1,2745.29
11261,2030,696754,2,6967.54
11262,2030,234350,1,2343.5
11263,2030,719608,3,7196.08
11265,2030,479209,3,4792.09
11266,2030,157197,1,1571.97
11267,2030,182116,1,1821.16
11268,2030,190213,2,1902.13
11269,2030,149706,1,1497.06
11270,2030,49050,1,490.5
11271,2030,126285,1,1262.85
11272,2030,179973,1,1799.73
11273,2030,277824,1,2778.24
11274,2030,304401,1,3044.01
11275,2030,508684,1,5086.84
11276,2030,513957,1,5139.57
11277,2030,563534,1,5635.34
11278,2030,184543,1,1845.43
11279,2030,200316,1,2003.16
11280,2030,274303,1,2743.03
11281,2030,201564,1,2015.64
11282,2030,212509,1,2125.09
11283,2030,304110,1,3041.1
11284,2030,299528,1,2995.28
11285,2030,1154581,1,11545.81
11286,2030,50353,1,503.53
11288,2030,156774,1,1567.74
11289,2030,163802,1,1638.02
11290,2030,150758,1,1507.58
11291,2030,210703,2,2107.03
11292,2030,157197,1,1571.97
11293,2030,1434933,1,14349.33
11294,2030,106623,1,1066.23
11295,2030,107772,1,1077.72
11296,2030,539846,4,5398.46
11297,2030,54088,1,540.88
11298,2030,263169,2,2631.69
11299,2030,207556,1,2075.56
11301,2030,699793,2,6997.93
11302,2030,225928,1,2259.28
11304,2030,184105,1,1841.05
11305,2030,203005,1,2030.05
11307,2030,296013,1,2960.13
11308,2030,270838,1,2708.38
11309,2030,424734,1,4247.34
11310,2030,111471,1,1114.71
11311,2030,58260,1,582.6
11312,2030,298512,2,2985.12
11313,2030,155010,1,1550.1
11314,2030,115835,1,1158.35
11315,2030,533649,3,5336.49
11316,2030,307889,4,3078.89
11317,2030,28756,1,287.56
11318,2030,169449,1,1694.49
11319,2030,241437,1,2414.37
11320,2030,107396,1,1073.96
11321,2030,210171,1,2101.71
11322,2030,209736,1,2097.36
11323,2030,508684,1,5086.84
11324,2030,225844,1,2258.44
11325,2030,240137,1,2401.37
11327,2030,192437,1,1924.37
11328,2030,47521,1,475.21
11329,2030,47970,1,479.7
11330,2030,47822,1,478.22
11331,2030,47970,1,479.7
11332,2030,306410,1,3064.1
11333,2030,245487,1,2454.87
11334,2030,1154351,1,11543.51
11335,2030,425095,1,4250.95
11336,2030,454447,2,4544.47
11337,2030,198436,3,1984.36
11338,2030,28901,1,289.01
11339,2030,123181,1,1231.81
11341,2030,115982,1,1159.82
11342,2030,136223,1,1362.23
11343,2030,120927,1,1209.27
11346,2030,126786,1,1267.86
11347,2030,889164,5,8891.64
11348,2030,210170,1,2101.7
11349,2030,330272,1,3302.72
11351,2030,173790,1,1737.9
11352,2030,240519,1,2405.19
11353,2030,47968,1,479.68
11354,2030,47968,1,479.68
11355,2030,47498,1,474.98
11356,2030,638117,1,6381.17
11357,2030,306410,1,3064.1
11358,2030,330033,4,3300.33
11359,2030,220747,1,2207.47
11360,2030,480868,1,4808.68
11361,2030,386810,4,3868.1
11362,2030,975603,2,9756.03
11363,2030,561882,3,5618.82
11364,2030,1687637,3,16876.37
11366,2030,106833,1,1068.33
11367,2030,105050,1,1050.5
11368,2030,101645,1,1016.45
11369,2030,175424,1,1754.24
11370,2030,105066,1,1050.66
11371,2030,106006,1,1060.06
11372,2030,109256,1,1092.56
11373,2030,248863,1,2488.63
11374,2030,209737,1,2097.37
11375,2030,204022,1,2040.22
11378,2030,603732,1,6037.32
11379,2030,210397,1,2103.97
11380,2030,109628,1,1096.28
11381,2030,149838,1,1498.38
11382,2030,143922,1,1439.22
11383,2030,392222,1,3922.22
11384,2030,192512,1,1925.12
11386,2030,212049,1,2120.49
11387,2030,192976,1,1929.76
11388,2030,602592,1,6025.92
11389,2030,1526891,1,15268.91
11390,2030,603841,1,6038.41
11391,2030,355014,1,3550.14
11392,2030,503357,1,5033.57
11393,2030,503446,1,5034.46
11394,2030,502918,1,5029.18
11395,2030,481330,1,4813.3
11396,2030,294650,1,2946.5
11397,2030,214198,1,2141.98
11398,2030,46576,1,465.76
11399,2030,111434,1,1114.34
11400,2030,209735,1,2097.35
11401,2030,346577,1,3465.77
11402,2030,536354,4,5363.54
11403,2030,2355502,13,23555.02
11405,2030,179900,1,1799.0
11406,2030,397970,1,3979.7
11407,2030,87896,1,878.96
11408,2030,135144,1,1351.44
11409,2030,487754,1,4877.54
11410,2030,126843,1,1268.43
11411,2030,359374,1,3593.74
11412,2030,211911,1,2119.11
11413,2030,200102,1,2001.02
11414,2030,85280,1,852.8
11415,2030,602920,1,6029.2
11416,2030,235698,1,2356.98
11417,2030,503097,1,5030.97
11418,2030,502569,1,5025.69
11419,2030,398205,1,3982.05
11420,2030,180094,1,1800.94
11421,2030,180311,1,1803.11
11422,2030,180094,1,1800.94
11423,2030,179868,1,1798.68
11424,2030,180094,1,1800.94
11425,2030,1009989,1,10099.89
11426,2030,193194,1,1931.94
11427,2030,413737,1,4137.37
11428,2030,193060,1,1930.6
11429,2030,284256,1,2842.56
11430,2030,295744,1,2957.44
11431,2030,84979,1,849.79
11432,2030,503885,1,5038.85
11433,2030,158736,1,1587.36
11434,2030,216625,1,2166.25
11435,2030,253231,1,2532.31
11436,2030,1410721,6,14107.21
11437,2030,52507,1,525.07
11438,2030,102072,1,1020.72
11439,2030,273964,1,2739.64
11440,2030,59886,1,598.86
11441,2030,129470,1,1294.7
11443,2030,381709,1,3817.09
11446,2030,209735,1,2097.35
11447,2030,272160,1,2721.6
11448,2030,113342,1,1133.42
11449,2030,1596203,2,15962.03
11450,2030,279998,1,2799.98
11451,2030,469463,3,4694.63
11452,2030,85280,1,852.8
11453,2030,85280,1,852.8
11454,2030,84979,1,849.79
11455,2030,85226,1,852.26
11456,2030,359207,1,3592.07
11458,2030,358527,1,3585.27
11459,2030,210185,1,2101.85
11460,2030,1154197,4,11541.97
11461,2030,1043833,6,10438.33
11462,2030,434968,3,4349.68
11463,2030,46754,1,467.54
11464,2030,272623,3,2726.23
11465,2030,119770,1,1197.7
11467,2030,140634,2,1406.34
11468,2030,144379,1,1443.79
11469,2030,149593,1,1495.93
11470,2030,705486,2,7054.86
11471,2030,51740,1,517.4
11472,2030,284688,2,2846.88
11473,2030,192914,1,1929.14
11474,2030,251889,1,2518.89
11475,2030,252367,1,2523.67
11476,2030,272162,1,2721.62
11477,2030,206327,1,2063.27
11478,2030,336120,1,3361.2
11479,2030,193542,1,1935.42
11480,2030,248106,1,2481.06
11481,2030,236405,1,2364.05
11482,2030,358424,1,3584.24
11483,2030,358424,1,3584.24
11484,2030,425095,1,4250.95
11485,2030,39107,1,391.07
11486,2030,56838,1,568.38
11487,2030,44272,1,442.72
11489,2030,100047,1,1000.47
11490,2030,513957,1,5139.57
11491,2030,308520,1,3085.2
11492,2030,377743,1,3777.43
11493,2030,260027,1,2600.27
11494,2030,122068,1,1220.68
11495,2030,60499,1,604.99
11496,2030,62097,1,620.97
11497,2030,122066,1,1220.66
11498,2030,109049,1,1090.49
11499,2030,190754,2,1907.54
11500,2030,135387,1,1353.87
11503,2030,57522,1,575.22
11504,2030,119076,1,1190.76
11505,2030,64739,1,647.39
11508,2030,209952,1,2099.52
11509,2030,1296171,4,12961.71
11510,2030,206069,1,2060.69
11511,2030,424479,1,4244.79
11512,2030,218490,1,2184.9
11513,2030,218237,1,2182.37
11514,2030,495194,1,4951.94
11515,2030,871513,1,8715.13
11516,2030,209968,1,2099.68
11517,2030,103798,1,1037.98
11518,2030,51762,1,517.62
11519,2030,100833,1,1008.33
11520,2030,97718,1,977.18
11521,2030,95378,1,953.78
11522,2030,916766,2,9167.66
11523,2030,236334,1,2363.34
11524,2030,359310,1,3593.1
11525,2030,265627,2,2656.27
11526,2030,135588,1,1355.88
11527,2030,128532,1,1285.32
11528,2030,95378,1,953.78
11529,2030,186451,2,1864.51
11530,2030,187867,1,1878.67
11531,2030,210169,1,2101.69
11532,2030,206116,1,2061.16
11533,2030,243974,1,2439.74
11534,2030,336397,1,3363.97
11535,2030,529523,1,5295.23
11537,2030,1275445,2,12754.45
11538,2030,914712,2,9147.12
11539,2030,307635,1,3076.35
11540,2030,476606,1,4766.06
11541,2030,730760,3,7307.6
11542,2030,358136,1,3581.36
11543,2030,358136,1,3581.36
11544,2030,378357,1,3783.57
11545,2030,295649,1,2956.49
11546,2030,220747,1,2207.47
11547,2030,424734,1,4247.34
11548,2030,886254,3,8862.54
11549,2030,138419,1,1384.19
11550,2030,187713,1,1877.13
11551,2030,356534,1,3565.34
11552,2030,774238,1,7742.38
11553,2030,236758,1,2367.58
11554,2030,1300307,3,13003.07
11555,2030,899402,6,8994.02
11556,2030,97419,1,974.19
11557,2030,412182,3,4121.82
11558,2030,188023,1,1880.23
11559,2030,210172,1,2101.72
11560,2030,294482,1,2944.82
11561,2030,514817,1,5148.17
11562,2030,206399,1,2063.99
11563,2030,336273,1,3362.73
11564,2030,529464,1,5294.64
11565,2030,309749,1,3097.49
11566,2030,308249,1,3082.49
11567,2030,251905,1,2519.05
11568,2030,236758,1,2367.58
11569,2030,358033,1,3580.33
11570,2030,358816,1,3588.16
11571,2030,210616,1,2106.16
11572,2030,48086,1,480.86
11573,2030,60179,1,601.79
11574,2030,207290,2,2072.9
11575,2030,45621,1,456.21
11576,2030,170017,1,1700.17
11577,2030,164471,1,1644.71
11578,2030,61633,1,616.33
11579,2030,165265,1,1652.65
11580,2030,48823,1,488.23
11581,2030,96882,1,968.82
11582,2030,108635,1,1086.35
11583,2030,90347,1,903.47
11584,2030,271839,1,2718.39
11585,2030,327301,1,3273.01
11586,2030,209736,1,2097.36
11587,2030,337902,1,3379.02
11588,2030,251905,1,2519.05
11589,2030,357930,1,3579.3
11590,2030,239766,1,2397.66
11591,2030,377210,1,3772.1
11592,2030,316504,1,3165.04
11593,2030,294963,1,2949.63
11594,2030,2289584,6,22895.84
11595,2030,108354,1,1083.54
11596,2030,752150,1,7521.5
11597,2030,1269551,3,12695.51
11598,2030,106713,1,1067.13
11599,2030,131121,1,1311.21
11600,2030,253061,2,2530.61
11601,2030,478995,1,4789.95
11602,2030,97049,1,970.49
11603,2030,173583,1,1735.83
11604,2030,187104,1,1871.04
11605,2030,209952,1,2099.52
11606,2030,329999,1,3299.99
11607,2030,436038,1,4360.38
11608,2030,514741,1,5147.41
11609,2030,206116,1,2061.16
11610,2030,755307,1,7553.07
11611,2030,236264,1,2362.64
11612,2030,239388,1,2393.88
11613,2030,239655,1,2396.55
11614,2030,1010986,1,10109.86
11615,2030,278537,1,2785.37
11616,2030,51226,1,512.26
11617,2030,131323,1,1313.23
11618,2030,52859,1,528.59
11619,2030,108140,1,1081.4
11620,2030,51852,1,518.52
11621,2030,90807,1,908.07
11622,2030,110410,1,1104.1
11624,2030,272208,1,2722.08
11625,2030,238431,1,2384.31
11626,2030,252140,1,2521.4
11627,2030,357930,1,3579.3
11628,2030,240479,1,2404.79
11629,2030,278407,1,2784.07
11630,2030,147047,1,1470.47
11631,2030,151404,1,1514.04
11632,2030,151931,1,1519.31
11633,2030,137551,1,1375.51
11634,2030,50710,1,507.1
11635,2030,275727,2,2757.27
11636,2030,468485,2,4684.85
11637,2030,352267,1,3522.67
11638,2030,272330,1,2723.3
11639,2030,216172,1,2161.72
11640,2030,271503,1,2715.03
11641,2030,1315043,3,13150.43
11642,2030,514943,1,5149.43
11644,2030,238431,1,2384.31
11645,2030,251938,1,2519.38
11646,2030,393320,1,3933.2
11647,2030,206687,1,2066.87
11648,2030,552779,1,5527.79
11649,2030,235981,1,2359.81
11650,2030,239443,1,2394.43
11651,2030,239287,1,2392.87
11652,2030,254833,1,2548.33
11653,2030,240479,1,2404.79
11654,2030,425053,1,4250.53
11655,2030,278330,1,2783.3
11656,2030,468107,1,4681.07
11657,2030,328818,1,3288.18
11658,2030,248587,1,2485.87
11659,2030,289048,1,2890.48
11660,2030,500299,1,5002.99
11661,2030,271481,1,2714.81
11662,2030,277709,1,2777.09
11663,2030,3264151,3,32641.51
11664,2030,732740,1,7327.4
11665,2030,251670,1,2516.7
11666,2030,392553,1,3925.53
11667,2030,206208,1,2062.08
11668,2030,206316,1,2063.16
11669,2030,206578,1,2065.78
11670,2030,236334,1,2363.34
11671,2030,239922,1,2399.22
11672,2030,239655,1,2396.55
11673,2030,239287,1,2392.87
11674,2030,241778,1,2417.78
11675,2030,239879,1,2398.79
11676,2030,245192,1,2451.92
11677,2030,258765,1,2587.65
11678,2030,425414,1,4254.14
11679,2030,824546,2,8245.46
11680,2030,367068,1,3670.68
11681,2030,271700,1,2717.0
11682,2030,514363,1,5143.63
11683,2030,206476,1,2064.76
11685,2030,241616,1,2416.16
11686,2030,359346,1,3593.46
11687,2030,239933,1,2399.33
11688,2030,329946,1,3299.46
11689,2030,449139,1,4491.39
11690,2030,154965,1,1549.65
11691,2030,323001,1,3230.01
11692,2030,510989,1,5109.89
11693,2030,105370,1,1053.7
11694,2030,696224,2,6962.24
11696,2030,140363,1,1403.63
11697,2030,137974,1,1379.74
11698,2030,489145,1,4891.45
11699,2030,315685,1,3156.85
11700,2030,252376,1,2523.76
11701,2030,437809,2,4378.09
11702,2030,206265,1,2062.65
11703,2030,243806,1,2438.06
11704,2030,235981,1,2359.81
11705,2030,239231,1,2392.31
11706,2030,429307,2,4293.07
11707,2030,240042,1,2400.42
11708,2030,426264,1,4262.64
11709,2030,245055,1,2450.55
11710,2030,425095,1,4250.95
11711,2030,397750,3,3977.5
11712,2030,42925,1,429.25
11713,2030,529629,2,5296.29
11714,2030,109891,1,1098.91
11715,2030,173885,1,1738.85
11716,2030,311419,2,3114.19
11717,2030,73190,1,731.9
11718,2030,671583,1,6715.83
11719,2030,81200,1,812.0
11720,2030,76082,1,760.82
11721,2030,236405,1,2364.05
11722,2030,239554,1,2395.54
11723,2030,239766,1,2397.66
11724,2030,441224,1,4412.24
11725,2030,905293,6,9052.93
11726,2030,239933,1,2399.33
11727,2030,245192,1,2451.92
11728,2030,312359,1,3123.59
11729,2030,273128,1,2731.28
11730,2030,315247,1,3152.47
11731,2030,180458,1,1804.58
11732,2030,699144,1,6991.44
11733,2030,402436,3,4024.36
11734,2030,44341,1,443.41
11735,2030,420006,1,4200.06
11736,2030,70030,1,700.3
11737,2030,171755,1,1717.55
11738,2030,514412,1,5144.12
11739,2030,252342,1,2523.42
11740,2030,81052,1,810.52
11741,2030,236688,1,2366.88
11742,2030,239655,1,2396.55
11743,2030,254962,1,2549.62
11744,2030,391282,1,3912.82
11745,2030,128564,1,1285.64
11746,2030,112636,1,1126.36
11747,2030,160732,1,1607.32
11748,2030,373096,2,3730.96
11749,2030,124685,1,1246.85
11750,2030,140047,1,1400.47
11751,2030,403311,2,4033.11
11752,2030,536569,1,5365.69
11753,2030,172280,1,1722.8
11754,2030,277089,1,2770.89
11755,2030,235557,1,2355.57
11756,2030,239766,1,2397.66
11757,2030,193336,1,1933.36
11758,2030,425925,1,4259.25
11759,2030,241991,1,2419.91
11760,2030,359615,1,3596.15
11761,2030,240315,1,2403.15
11762,2030,426264,1,4262.64
11763,2030,329972,1,3299.72
11764,2030,312196,1,3121.96
11765,2030,272777,1,2727.77
11766,2030,314694,1,3146.94
11767,2030,614372,2,6143.72
11769,2030,207099,1,2070.99
11770,2030,247684,1,2476.84
11771,2030,906033,2,9060.33
11772,2030,108982,1,1089.82
11773,2030,108751,1,1087.51
11774,2030,299302,2,2993.02
11775,2030,166122,1,1661.22
11776,2030,289295,1,2892.95
11777,2030,171684,1,1716.84
11778,2030,508684,1,5086.84
11779,2030,514614,1,5146.14
11780,2030,824347,1,8243.47
11781,2030,506013,2,5060.13
11782,2030,348547,1,3485.47
11783,2030,242509,1,2425.09
11784,2030,1048844,2,10488.44
11785,2030,570474,1,5704.74
11786,2030,242947,1,2429.47
11787,2030,242947,1,2429.47
11788,2030,277292,1,2772.92
11789,2030,239343,1,2393.43
11790,2030,193262,1,1932.62
11791,2030,240370,1,2403.7
11792,2030,391613,1,3916.13
11793,2030,556819,1,5568.19
11794,2030,273045,1,2730.45
11795,2030,483203,1,4832.03
11796,2030,616487,2,6164.87
11797,2030,274494,1,2744.94
11798,2030,226636,2,2266.36
11799,2030,156237,1,1562.37
11800,2030,283164,1,2831.64
11801,2030,262256,2,2622.56
11802,2030,372583,1,3725.83
11803,2030,980571,2,9805.71
11804,2030,341061,1,3410.61
11805,2030,824470,1,8244.7
11806,2030,341250,1,3412.5
11807,2030,844256,1,8442.56
11808,2030,348751,1,3487.51
11809,2030,347970,1,3479.7
11810,2030,347580,1,3475.8
11811,2030,569913,1,5699.13
11812,2030,570926,1,5709.26
11813,2030,570474,1,5704.74
11814,2030,971865,1,9718.65
11815,2030,243300,1,2433.0
11816,2030,242071,1,2420.71
11817,2030,243215,1,2432.15
11818,2030,193154,1,1931.54
11819,2030,300049,1,3000.49
11820,2030,329717,1,3297.17
11821,2030,407874,2,4078.74
11822,2030,206762,1,2067.62
11823,2030,108253,1,1082.53
11824,2030,385116,2,3851.16
11825,2030,957569,3,9575.69
11826,2030,63085,1,630.85
11827,2030,802395,1,8023.95
11828,2030,396258,1,3962.58
11830,2030,230440,2,2304.4
11831,2030,150136,1,1501.36
11832,2030,152774,1,1527.74
11833,2030,62484,1,624.84
11834,2030,103871,1,1038.71
11835,2030,235054,1,2350.54
11836,2030,428182,2,4281.82
11837,2030,340381,1,3403.81
11838,2030,340381,1,3403.81
11839,2030,326496,1,3264.96
11840,2030,1179585,2,11795.85
11841,2030,242862,1,2428.62
11842,2030,242777,1,2427.77
11843,2030,193480,1,1934.8
11844,2030,498891,1,4988.91
11845,2030,208574,1,2085.74
11846,2030,207486,1,2074.86
11847,2030,135300,1,1353.0
11848,2030,268582,1,2685.82
11849,2030,542831,1,5428.31
11850,2030,82609,1,826.09
11851,2030,108084,1,1080.84
11852,2030,135109,1,1351.09
11853,2030,158888,1,1588.88
11854,2030,143570,1,1435.7
11855,2030,721751,2,7217.51
11856,2030,242509,1,2425.09
11857,2030,569913,1,5699.13
11858,2030,243300,1,2433.0
11859,2030,213392,1,2133.92
11860,2030,193807,1,1938.07
11861,2030,239825,1,2398.25
11862,2030,245837,1,2458.37
11864,2030,273045,1,2730.45
11865,2030,223340,1,2233.4
11866,2030,987237,3,9872.37
11867,2030,210778,1,2107.78
11868,2030,500455,2,5004.55
11869,2030,456241,2,4562.41
11870,2030,81754,1,817.54
11871,2030,254251,1,2542.51
11872,2030,792448,4,7924.48
11873,2030,101264,1,1012.64
11874,2030,508809,1,5088.09
11875,2030,824223,1,8242.23
11876,2030,329921,1,3299.21
11877,2030,391582,1,3915.82
11878,2030,209179,1,2091.79
11879,2030,206943,1,2069.43
11880,2030,114202,1,1142.02
11881,2030,98701,1,987.01
11882,2030,151813,1,1518.13
11883,2030,257334,1,2573.34
11884,2030,229242,2,2292.42
11885,2030,148103,1,1481.03
11886,2030,135509,1,1355.09
11887,2030,134579,1,1345.79
11888,2030,211316,2,2113.16
11889,2030,102752,1,1027.52
11890,2030,160915,1,1609.15
11891,2030,143366,1,1433.66
11892,2030,333254,1,3332.54
11893,2030,536667,1,5366.67
11894,2030,172198,1,1721.98
11895,2030,514160,1,5141.6
11896,2030,606146,1,6061.46
11897,2030,193154,1,1931.54
11898,2030,240310,1,2403.1
11899,2030,300049,1,3000.49
11900,2030,244997,1,2449.97
11901,2030,312403,1,3124.03
11902,2030,223400,1,2234.0
11903,2030,456625,2,4566.25
11904,2030,283015,1,2830.15
11905,2030,400609,3,4006.09
11906,2030,199350,2,1993.5
11908,2030,615831,1,6158.31
11909,2030,516775,2,5167.75
11910,2030,63180,1,631.8
11911,2030,488515,1,4885.15
11913,2030,197115,1,1971.15
11914,2030,213563,1,2135.63
11915,2030,233650,1,2336.5
11916,2030,208574,1,2085.74
11917,2030,210795,1,2107.95
11918,2030,264431,2,2644.31
11919,2030,95299,1,952.99
11920,2030,59314,1,593.14
11921,2030,129548,1,1295.48
11922,2030,63578,1,635.78
11924,2030,109939,1,1099.39
11926,2030,154921,2,1549.21
11927,2030,469769,1,4697.69
11928,2030,112109,1,1121.09
11929,2030,106145,1,1061.45
11931,2030,301401,1,3014.01
11932,2030,232935,1,2329.35
11933,2030,171801,1,1718.01
11934,2030,223340,1,2233.4
11935,2030,613686,2,6136.86
11936,2030,282335,1,2823.35
11937,2030,116089,1,1160.89
11938,2030,163868,1,1638.68
11940,2030,301592,1,3015.92
11941,2030,537045,1,5370.45
11942,2030,232445,1,2324.45
11943,2030,185470,1,1854.7
11944,2030,417137,2,4171.37
11945,2030,315088,1,3150.88
11946,2030,208334,1,2083.34
11947,2030,210310,1,2103.1
11948,2030,218402,1,2184.02
11949,2030,161697,1,1616.97
11950,2030,3237954,22,32379.54
11951,2030,1007754,1,10077.54
11952,2030,846503,1,8465.03
11953,2030,2308487,1,23084.87
11954,2030,195395,1,1953.95
11955,2030,106748,1,1067.48
11956,2030,1007754,1,10077.54
11957,2030,436919,1,4369.19
11958,2030,180766,1,1807.66
11959,2030,107589,1,1075.89
11960,2030,224061,1,2240.61
11961,2030,483368,1,4833.68
11962,2030,296608,1,2966.08
11963,2030,97123,1,971.23
11964,2030,161232,1,1612.32
11965,2030,158131,1,1581.31
11966,2030,138604,1,1386.04
11967,2030,157859,1,1578.59
11968,2030,138821,1,1388.21
11969,2030,139303,1,1393.03
11970,2030,316586,1,3165.86
11971,2030,198258,1,1982.58
11972,2030,198364,1,1983.64
11973,2030,198737,1,1987.37
11974,2030,198435,1,1984.35
11975,2030,373738,1,3737.38
11976,2030,87660,1,876.6
11977,2030,554637,3,5546.37
11978,2030,139654,1,1396.54
11979,2030,102381,1,1023.81
11980,2030,139135,1,1391.35
11981,2030,87366,1,873.66
11982,2030,152334,1,1523.34
11983,2030,133117,1,1331.17
11984,2030,137060,1,1370.6
11985,2030,152589,1,1525.89
11986,2030,302212,1,3022.12
11987,2030,306224,1,3062.24
11988,2030,306332,1,3063.32
11990,2030,316586,1,3165.86
11991,2030,275430,1,2754.3
11992,2030,198382,1,1983.82
11993,2030,373788,1,3737.88
11994,2030,187241,1,1872.41
11995,2030,281918,1,2819.18
11996,2030,334116,1,3341.16
11997,2030,167779,1,1677.79
11998,2030,292708,2,2927.08
11999,2030,41883,1,418.83
12000,2030,34568,1,345.68
12001,2030,34908,1,349.08
12002,2030,109856,1,1098.56
12003,2030,142729,2,1427.29
12004,2030,119512,1,1195.12
12006,2030,306547,1,3065.47
12007,2030,187241,1,1872.41
12008,2030,281945,1,2819.45
12009,2030,281918,1,2819.18
12010,2030,181113,1,1811.13
12011,2030,156173,1,1561.73
12012,2030,214522,2,2145.22
12013,2030,109440,1,1094.4
12014,2030,240099,2,2400.99
12015,2030,275056,1,2750.56
12016,2030,282164,1,2821.64
12017,2030,511276,1,5112.76
12019,2030,384983,1,3849.83
12020,2030,321883,1,3218.83
12021,2030,131974,1,1319.74
12022,2030,110529,1,1105.29
12023,2030,218138,2,2181.38
12024,2030,218771,1,2187.71
12025,2030,168080,1,1680.8
12027,2030,334417,1,3344.17
12028,2030,334633,1,3346.33
12029,2030,198052,1,1980.52
12030,2030,197748,1,1977.48
12031,2030,275260,1,2752.6
12032,2030,373670,1,3736.7
12033,2030,1012426,1,10124.26
12034,2030,277941,1,2779.41
12035,2030,335430,1,3354.3
12036,2030,335465,1,3354.65
12037,2030,310107,1,3101.07
12038,2030,252209,1,2522.09
12039,2030,180997,1,1809.97
12040,2030,254107,1,2541.07
12041,2030,143000,1,1430.0
12042,2030,296500,1,2965.0
12043,2030,139492,1,1394.92
12044,2030,995769,3,9957.69
12045,2030,109877,1,1098.77
12046,2030,237627,2,2376.27
12047,2030,185873,1,1858.73
12048,2030,185873,1,1858.73
12049,2030,157908,1,1579.08
12050,2030,142084,1,1420.84
12051,2030,81758,1,817.58
12052,2030,401435,2,4014.35
12053,2030,278147,2,2781.47
12054,2030,105288,1,1052.88
12055,2030,121687,1,1216.87
12056,2030,179798,1,1797.98
12057,2030,108352,1,1083.52
12058,2030,290369,1,2903.69
12059,2030,108431,1,1084.31
12060,2030,334417,1,3344.17
12061,2030,186149,1,1861.49
12062,2030,186885,1,1868.85
12063,2030,363775,1,3637.75
12064,2030,309621,1,3096.21
12065,2030,312828,1,3128.28
12066,2030,237484,1,2374.84
12067,2030,155137,1,1551.37
12068,2030,93466,1,934.66
12069,2030,915337,2,9153.37
12070,2030,237668,1,2376.68
12071,2030,485637,1,4856.37
12072,2030,254361,1,2543.61
12073,2030,322663,1,3226.63
12074,2030,349607,1,3496.07
12076,2030,347323,1,3473.23
12077,2030,167698,1,1676.98
12078,2030,975275,5,9752.75
12079,2030,250197,1,2501.97
12080,2030,324578,1,3245.78
12081,2030,312072,1,3120.72
12082,2030,311800,1,3118.0
12083,2030,308598,1,3085.98
12084,2030,186933,1,1869.33
12085,2030,747042,1,7470.42
12086,2030,733285,2,7332.85
12087,2030,816487,2,8164.87
12089,2030,310053,1,3100.53
12090,2030,306871,1,3068.71
12091,2030,306604,1,3066.04
12092,2030,174764,1,1747.64
12093,2030,175138,1,1751.38
12094,2030,479490,1,4794.9
12095,2030,428162,2,4281.62
12096,2030,121482,1,1214.82
12097,2030,304388,1,3043.88
12098,2030,3670174,5,36701.74
12099,2030,238158,1,2381.58
12100,2030,339498,1,3394.98
12101,2030,324250,1,3242.5
12102,2030,324578,1,3245.78
12103,2030,312015,1,3120.15
12105,2030,308543,1,3085.43
12106,2030,308920,1,3089.2
12107,2030,400381,1,4003.81
12108,2030,186464,1,1864.64
12109,2030,557134,1,5571.34
12111,2030,306925,1,3069.25
12112,2030,306710,1,3067.1
12113,2030,174978,1,1749.78
12115,2030,182775,1,1827.75
12116,2030,350042,1,3500.42
12117,2030,350260,1,3502.6
12118,2030,350260,1,3502.6
12119,2030,350260,1,3502.6
12120,2030,349987,1,3499.87
12121,2030,350096,1,3500.96
12122,2030,349878,1,3498.78
12123,2030,333917,1,3339.17
12125,2030,253535,1,2535.35
12126,2030,310646,1,3106.46
12127,2030,260882,1,2608.82
12129,2030,271867,1,2718.67
12130,2030,308813,1,3088.13
12131,2030,576143,2,5761.43
12132,2030,747042,1,7470.42
12133,2030,306764,1,3067.64
12134,2030,174791,1,1747.91
12135,2030,174551,1,1745.51
12136,2030,203156,1,2031.56
12137,2030,300906,2,3009.06
12138,2030,97277,1,972.77
12139,2030,143893,1,1438.93
12140,2030,119568,1,1195.68
12141,2030,93818,1,938.18
12142,2030,115597,1,1155.97
12143,2030,97061,1,970.61
12145,2030,271494,1,2714.94
12146,2030,272135,1,2721.35
12147,2030,395522,1,3955.22
12148,2030,197417,1,1974.17
12149,2030,312230,1,3122.3
12151,2030,195170,1,1951.7
12152,2030,598324,1,5983.24
12153,2030,597861,1,5978.61
12154,2030,309891,1,3098.91
12155,2030,307035,1,3070.35
12156,2030,203218,1,2032.18
12158,2030,322154,1,3221.54
12159,2030,180999,1,1809.99
12160,2030,181099,1,1810.99
12161,2030,205390,1,2053.9
12163,2030,772167,2,7721.67
12164,2030,463191,2,4631.91
12165,2030,217110,1,2171.1
12166,2030,479965,2,4799.65
12167,2030,218245,1,2182.45
12168,2030,181958,1,1819.58
12169,2030,182041,1,1820.41
12170,2030,182438,1,1824.38
12171,2030,251951,1,2519.51
12172,2030,251748,1,2517.48
12173,2030,194996,1,1949.96
12174,2030,1011235,1,10112.35
12175,2030,254480,1,2544.8
12176,2030,254276,1,2542.76
12177,2030,326118,1,3261.18
12179,2030,203094,1,2030.94
12180,2030,216783,1,2167.83
12181,2030,488029,2,4880.29
12182,2030,216097,1,2160.97
12183,2030,152778,1,1527.78
12184,2030,120131,1,1201.31
12185,2030,116496,1,1164.96
12186,2030,116704,1,1167.04
12187,2030,112227,1,1122.27
12188,2030,197462,1,1974.62
12189,2030,180341,1,1803.41
12190,2030,251991,1,2519.91
12191,2030,195449,1,1954.49
12192,2030,254722,1,2547.22
12193,2030,274420,1,2744.2
12194,2030,293219,1,2932.19
12195,2030,547796,1,5477.96
12196,2030,581286,1,5812.86
12197,2030,119825,1,1198.25
12198,2030,454785,1,4547.85
12199,2030,197742,1,1977.42
12201,2030,598417,1,5984.17
12202,2030,178779,1,1787.79
12203,2030,272348,1,2723.48
12204,2030,519659,1,5196.59
12205,2030,163291,1,1632.91
12206,2030,163837,1,1638.37
12207,2030,391855,1,3918.55
12208,2030,106466,1,1064.66
12209,2030,302676,1,3026.76
12210,2030,686100,1,6861.0
12211,2030,207785,1,2077.85
12213,2030,186357,1,1863.57
12214,2030,186313,1,1863.13
12215,2030,237589,1,2375.89
12216,2030,203218,1,2032.18
12217,2030,180708,1,1807.08
12218,2030,1849987,1,18499.87
12219,2030,104582,1,1045.82
12220,2030,116433,1,1164.33
12221,2030,160652,1,1606.52
12222,2030,149610,1,1496.1
12223,2030,143874,1,1438.74
12224,2030,3751984,4,37519.84
12225,2030,208679,1,2086.79
12227,2030,237188,1,2371.88
12228,2030,206172,1,2061.72
12229,2030,303282,1,3032.82
12230,2030,241235,1,2412.35
12231,2030,197384,1,1973.84
12232,2030,207942,1,2079.42
12233,2030,186933,1,1869.33
12234,2030,363339,1,3633.39
12235,2030,186614,1,1866.14
12236,2030,202442,1,2024.42
12237,2030,271921,1,2719.21
12238,2030,631062,2,6310.62
12239,2030,158263,1,1582.63
12240,2030,90311,1,903.11
12241,2030,132897,1,1328.97
12242,2030,104694,1,1046.94
12243,2030,132031,1,1320.31
12244,2030,107316,1,1073.16
12245,2030,791844,1,7918.44
12248,2030,191072,1,1910.72
12249,2030,106887,1,1068.87
12250,2030,157902,1,1579.02
12252,2030,208253,1,2082.53
12253,2030,208213,1,2082.13
12256,2030,303209,1,3032.09
12257,2030,207104,1,2071.04
12258,2030,207268,1,2072.68
12259,2030,241437,1,2414.37
12260,2030,241437,1,2414.37
12261,2030,226141,1,2261.41
12262,2030,207942,1,2079.42
12263,2030,400381,1,4003.81
12264,2030,186614,1,1866.14
12265,2030,186228,1,1862.28
12266,2030,237129,1,2371.29
12267,2030,272135,1,2721.35
12268,2030,131070,1,1310.7
12269,2030,95550,1,955.5
12270,2030,222967,1,2229.67
12273,2030,27458,1,274.58
12274,2030,1051495,4,10514.95
12275,2030,231667,2,2316.67
12276,2030,55865,1,558.65
12277,2030,769335,5,7693.35
12278,2030,64159,1,641.59
12279,2030,667367,1,6673.67
12280,2030,273461,1,2734.61
12281,2030,180138,1,1801.38
12282,2030,152778,1,1527.78
12283,2030,136314,1,1363.14
12284,2030,294368,1,2943.68
12285,2030,237875,1,2378.75
12286,2030,206845,1,2068.45
12288,2030,195118,1,1951.18
12289,2030,129211,1,1292.11
12290,2030,103311,1,1033.11
12291,2030,102847,1,1028.47
12292,2030,237705,1,2377.05
12293,2030,261088,1,2610.88
12294,2030,290614,1,2906.14
12295,2030,734614,1,7346.14
12296,2030,237093,2,2370.93
12297,2030,120088,1,1200.88
12298,2030,2341022,1,23410.22
12299,2030,138662,1,1386.62
12300,2030,237702,1,2377.02
12302,2030,267250,1,2672.5
12303,2030,208420,1,2084.2
12304,2030,365806,1,3658.06
12305,2030,223125,1,2231.25
12307,2030,417452,1,4174.52
12308,2030,746634,1,7466.34
12309,2030,563705,2,5637.05
12310,2030,233584,1,2335.84
12311,2030,427155,1,4271.55
12312,2030,426747,1,4267.47
12314,2030,288680,1,2886.8
12315,2030,237359,1,2373.59
12316,2030,260965,1,2609.65
12317,2030,693788,1,6937.88
12318,2030,2206725,1,22067.25
12319,2030,271762,1,2717.62
12320,2030,138968,1,1389.68
12321,2030,282468,2,2824.68
12322,2030,650090,1,6500.9
12323,2030,151145,1,1511.45
12324,2030,159572,1,1595.72
12325,2030,172840,1,1728.4
12326,2030,237645,1,2376.45
12327,2030,225877,1,2258.77
12328,2030,239993,1,2399.93
12330,2030,223072,1,2230.72
12331,2030,206729,1,2067.29
12332,2030,315514,1,3155.14
12333,2030,314606,1,3146.06
12335,2030,315104,1,3151.04
12337,2030,208048,1,2080.48
12338,2030,400438,1,4004.38
12339,2030,277563,1,2775.63
12340,2030,372281,1,3722.81
12341,2030,308340,1,3083.4
12342,2030,308062,1,3080.62
12343,2030,308909,1,3089.09
12344,2030,427137,1,4271.37
12346,2030,260760,1,2607.6
12347,2030,322088,1,3220.88
12348,2030,132478,1,1324.78
12349,2030,253595,2,2535.95
12350,2030,237817,1,2378.17
12351,2030,225455,1,2254.55
12353,2030,317599,1,3175.99
12354,2030,222863,1,2228.63
12355,2030,355361,1,3553.61
12356,2030,863459,1,8634.59
12357,2030,315104,1,3151.04
12358,2030,314034,1,3140.34
12360,2030,208205,1,2082.05
12361,2030,195396,1,1953.96
12362,2030,1002102,2,10021.02
12363,2030,290094,1,2900.94
12364,2030,157823,1,1578.23
12365,2030,106888,1,1068.88
12366,2030,207057,1,2070.57
12367,2030,1232593,1,12325.93
12368,2030,278044,1,2780.44
12369,2030,291969,1,2919.69
12371,2030,237647,1,2376.47
12372,2030,444129,1,4441.29
12373,2030,114105,1,1141.05
12374,2030,94483,1,944.83
12375,2030,228683,1,2286.83
12376,2030,683631,2,6836.31
12377,2030,237530,1,2375.3
12378,2030,182985,1,1829.85
12379,2030,183108,1,1831.08
12381,2030,261169,1,2611.69
12382,2030,290271,1,2902.71
12383,2030,552923,1,5529.23
12384,2030,2067213,3,20672.13
12385,2030,387093,1,3870.93
12386,2030,145630,1,1456.3
12387,2030,4772733,6,47727.33
12388,2030,126757,1,1267.57
12389,2030,99118,1,991.18
12390,2030,493516,3,4935.16
12391,2030,661670,3,6616.7
12392,2030,127069,1,1270.69
12393,2030,143781,1,1437.81
12394,2030,226116,1,2261.16
12395,2030,513997,1,5139.97
12396,2030,249118,1,2491.18
12397,2030,249018,1,2490.18
12398,2030,249118,1,2491.18
12399,2030,191285,1,1912.85
12400,2030,191208,1,1912.08
12401,2030,317154,1,3171.54
12402,2030,221480,1,2214.8
12403,2030,206845,1,2068.45
12404,2030,730237,1,7302.37
12405,2030,400684,1,4006.84
12406,2030,747042,1,7470.42
12407,2030,278093,1,2780.93
12408,2030,765191,1,7651.91
12409,2030,292678,1,2926.78
12410,2030,289059,1,2890.59
12411,2030,126800,1,1268.0
12412,2030,131891,1,1318.91
12413,2030,1027179,3,10271.79
12414,2030,131278,1,1312.78
12416,2030,31752,1,317.52
12417,2030,260828,3,2608.28
12418,2030,201915,1,2019.15
12419,2030,420243,2,4202.43
12420,2030,395218,3,3952.18
12421,2030,227932,2,2279.32
12423,2030,694485,2,6944.85
12424,2030,47218,1,472.18
12425,2030,203648,1,2036.48
12426,2030,237300,1,2373.0
12427,2030,184768,1,1847.68
12428,2030,377943,1,3779.43
12429,2030,184683,1,1846.83
12430,2030,243292,1,2432.92
12431,2030,191208,1,1912.08
12432,2030,234959,1,2349.59
12433,2030,320031,1,3200.31
12434,2030,388453,1,3884.53
12435,2030,445294,1,4452.94
12436,2030,288300,1,2883.0
12437,2030,261373,1,2613.73
12438,2030,290957,1,2909.57
12440,2030,191174,1,1911.74
12441,2030,159665,1,1596.65
12442,2030,111114,1,1111.14
12443,2030,109002,1,1090.02
12444,2030,106021,1,1060.21
12445,2030,238105,1,2381.05
12446,2030,184898,1,1848.98
12447,2030,185113,1,1851.13
12448,2030,232071,1,2320.71
12449,2030,233970,1,2339.7
12450,2030,382504,1,3825.04
12452,2030,454592,1,4545.92
12453,2030,212549,1,2125.49
12454,2030,389591,1,3895.91
12455,2030,343858,1,3438.58
12456,2030,195170,1,1951.7
12457,2030,698114,1,6981.14
12458,2030,271972,1,2719.72
12459,2030,1310903,3,13109.03
12460,2030,113619,1,1136.19
12462,2030,184554,1,1845.54
12463,2030,320513,1,3205.13
12464,2030,438925,1,4389.25
12465,2030,288678,1,2886.78
12466,2030,260679,1,2606.79
12467,2030,99237,1,992.37
12468,2030,112377,1,1123.77
12469,2030,94573,1,945.73
12470,2030,241098,1,2410.98
12471,2030,267550,1,2675.5
12472,2030,463305,1,4633.05
12473,2030,204981,1,2049.81
12474,2030,130756,1,1307.56
12475,2030,111703,1,1117.03
12476,2030,134947,1,1349.47
12477,2030,101083,1,1010.83
12478,2030,111086,1,1110.86
12479,2030,177888,1,1778.88
12480,2030,45005,1,450.05
12481,2030,45005,1,450.05
12482,2030,1036398,1,10363.98
12483,2030,411048,1,4110.48
12484,2030,243062,1,2430.62
12485,2030,454139,1,4541.39
12486,2030,204780,1,2047.8
12487,2030,388878,1,3888.78
12488,2030,314793,1,3147.93
12489,2030,220655,1,2206.55
12490,2030,272454,1,2724.54
12491,2030,106509,1,1065.09
12492,2030,171321,2,1713.21
12493,2030,112367,1,1123.67
12494,2030,561621,1,5616.21
12495,2030,237130,1,2371.3
12496,2030,234024,1,2340.24
12497,2030,463576,1,4635.76
12498,2030,205181,1,2051.81
12499,2030,320370,1,3203.7
12500,2030,284146,1,2841.46
12501,2030,283950,1,2839.5
12502,2030,337796,1,3377.96
12503,2030,283682,1,2836.82
12504,2030,283974,1,2839.74
12505,2030,300564,1,3005.64
12506,2030,1336930,3,13369.3
12507,2030,300869,1,3008.69
12508,2030,474711,1,4747.11
12509,2030,300221,1,3002.21
12510,2030,219369,2,2193.69
12511,2030,87242,1,872.42
12512,2030,241847,1,2418.47
12513,2030,300221,1,3002.21
12514,2030,620037,2,6200.37
12515,2030,168815,1,1688.15
12516,2030,725432,2,7254.32
12517,2030,417226,2,4172.26
12518,2030,141910,1,1419.1
12519,2030,341493,1,3414.93
12520,2030,267282,1,2672.82
12521,2030,454319,1,4543.19
12522,2030,798477,1,7984.77
12523,2030,315008,1,3150.08
12524,2030,442422,1,4424.22
12525,2030,442283,1,4422.83
12526,2030,177394,1,1773.94
12527,2030,475895,1,4758.95
12528,2030,475340,1,4753.4
12529,2030,289165,1,2891.65
12530,2030,270281,1,2702.81
12531,2030,1198308,1,11983.08
12532,2030,166095,1,1660.95
12533,2030,165906,1,1659.06
12534,2030,166071,1,1660.71
12535,2030,166071,1,1660.71
12536,2030,272508,1,2725.08
12537,2030,135082,1,1350.82
12538,2030,190881,1,1908.81
12539,2030,130809,1,1308.09
12540,2030,155251,1,1552.51
12541,2030,143940,1,1439.4
12542,2030,271269,1,2712.69
12543,2030,461587,1,4615.87
12544,2030,686933,2,6869.33
12545,2030,267747,1,2677.47
12546,2030,267211,1,2672.11
12547,2030,184098,1,1840.98
12548,2030,184498,1,1844.98
12549,2030,296473,1,2964.73
12550,2030,300170,1,3001.7
12551,2030,449956,2,4499.56
12552,2030,474611,1,4746.11
12553,2030,166284,1,1662.84
12554,2030,165930,1,1659.3
12555,2030,337186,2,3371.86
12556,2030,216543,1,2165.43
12557,2030,311887,1,3118.87
12558,2030,237473,1,2374.73
12559,2030,1366276,2,13662.76
12560,2030,205636,1,2056.36
12561,2030,113040,1,1130.4
12562,2030,184338,1,1843.38
12563,2030,267303,1,2673.03
12564,2030,279545,1,2795.45
12565,2030,384249,1,3842.49
12566,2030,166497,1,1664.97
12567,2030,86827,1,868.27
12568,2030,371373,2,3713.73
12569,2030,98573,1,985.73
12570,2030,341238,1,3412.38
12571,2030,825106,3,8251.06
12572,2030,238980,1,2389.8
12573,2030,509112,2,5091.12
12574,2030,278375,1,2783.75
12575,2030,301033,1,3010.33
12576,2030,202557,1,2025.57
12577,2030,272700,1,2727.0
12578,2030,300387,1,3003.87
12579,2030,210942,1,2109.42
12580,2030,210649,1,2106.49
12581,2030,973147,3,9731.47
12582,2030,129209,1,1292.09
12584,2030,366834,1,3668.34
12585,2030,250415,1,2504.15
12586,2030,850272,3,8502.72
12587,2030,1270479,2,12704.79
12588,2030,288420,1,2884.2
12589,2030,422538,1,4225.38
12590,2030,248453,1,2484.53
12592,2030,539171,1,5391.71
12593,2030,315067,1,3150.67
12594,2030,295916,1,2959.16
12595,2030,443613,1,4436.13
12596,2030,508397,2,5083.97
12598,2030,236182,1,2361.82
12599,2030,254185,1,2541.85
12600,2030,253824,1,2538.24
12601,2030,253746,1,2537.46
12602,2030,272080,1,2720.8
12603,2030,146932,1,1469.32
12604,2030,68835,1,688.35
12605,2030,511277,2,5112.77
12606,2030,220379,1,2203.79
12607,2030,115548,1,1155.48
12608,2030,184062,1,1840.62
12609,2030,204094,1,2040.94
12610,2030,237590,1,2375.9
12611,2030,288470,1,2884.7
12612,2030,192473,1,1924.73
12613,2030,460367,1,4603.67
12614,2030,202601,1,2026.01
12615,2030,575140,1,5751.4
12616,2030,342635,1,3426.35
12617,2030,341714,1,3417.14
12618,2030,442376,1,4423.76
12619,2030,313377,1,3133.77
12620,2030,513814,1,5138.14
12622,2030,292110,1,2921.1
12623,2030,314174,1,3141.74
12624,2030,314050,1,3140.5
12625,2030,253824,1,2538.24
12626,2030,253696,1,2536.96
12627,2030,366880,2,3668.8
12628,2030,485200,1,4852.0
12629,2030,124143,1,1241.43
12630,2030,650615,1,6506.15
12631,2030,120632,1,1206.32
12632,2030,191160,1,1911.6
12633,2030,251315,1,2513.15
12634,2030,384996,1,3849.96
12635,2030,350212,1,3502.12
12636,2030,202601,1,2026.01
12638,2030,296310,1,2963.1
12639,2030,589540,1,5895.4
12640,2030,319542,1,3195.42
12641,2030,253412,1,2534.12
12642,2030,383867,1,3838.67
12643,2030,254234,1,2542.34
12644,2030,1621030,1,16210.3
12645,2030,90088,1,900.88
12647,2030,34558,1,345.58
12648,2030,250913,1,2509.13
12650,2030,461084,1,4610.84
12651,2030,442803,1,4428.03
12652,2030,256560,1,2565.6
12653,2030,240611,1,2406.11
12654,2030,253412,1,2534.12
12655,2030,849608,1,8496.08
12656,2030,253541,1,2535.41
12657,2030,203997,1,2039.97
12658,2030,258938,1,2589.38
12659,2030,369442,2,3694.42
12660,2030,187464,1,1874.64
12662,2030,295137,1,2951.37
12663,2030,164608,1,1646.08
12664,2030,183591,3,1835.91
12665,2030,126001,1,1260.01
12666,2030,62663,1,626.63
12667,2030,250531,1,2505.31
12668,2030,250913,1,2509.13
12669,2030,174993,1,1749.93
12670,2030,339558,1,3395.58
12671,2030,393505,1,3935.05
12672,2030,462819,1,4628.19
12673,2030,234459,1,2344.59
12674,2030,342952,1,3429.52
12675,2030,233614,1,2336.14
12676,2030,296451,1,2964.51
12677,2030,320173,1,3201.73
12678,2030,221324,1,2213.24
12679,2030,300755,1,3007.55
12680,2030,461436,4,4614.36
12681,2030,240517,1,2405.17
12682,2030,290364,1,2903.64
12683,2030,253953,1,2539.53
12684,2030,292253,1,2922.53
12685,2030,314463,1,3144.63
12687,2030,124292,1,1242.92
12689,2030,144220,1,1442.2
12690,2030,257923,1,2579.23
12691,2030,62547,1,625.47
12692,2030,250913,1,2509.13
12693,2030,244456,1,2444.56
12694,2030,210693,1,2106.93
12695,2030,644123,1,6441.23
12696,2030,1094603,1,10946.03
12697,2030,221566,1,2215.66
12698,2030,589616,1,5896.16
12699,2030,319191,1,3191.91
12700,2030,263985,1,2639.85
12702,2030,416077,2,4160.77
12704,2030,62307,1,623.07
12705,2030,460835,1,4608.35
12706,2030,343870,1,3438.7
12707,2030,798549,1,7985.49
12708,2030,296380,1,2963.8
12709,2030,320109,1,3201.09
12710,2030,325330,1,3253.3
12711,2030,501654,1,5016.54
12712,2030,253342,1,2533.42
12713,2030,264035,1,2640.35
12714,2030,69282,1,692.82
12715,2030,333656,2,3336.56
12716,2030,62547,1,625.47
12717,2030,250931,1,2509.31
12718,2030,287664,1,2876.64
12719,2030,659023,1,6590.23
12720,2030,818034,1,8180.34
12721,2030,245182,1,2451.82
12722,2030,205998,1,2059.98
12723,2030,614510,1,6145.1
12724,2030,314079,1,3140.79
12725,2030,239987,1,2399.87
12726,2030,243316,1,2433.16
12727,2030,264063,1,2640.63
12728,2030,292607,1,2926.07
12729,2030,263596,1,2635.96
12730,2030,333477,2,3334.77
12731,2030,62307,1,623.07
12732,2030,342737,1,3427.37
12733,2030,326015,1,3260.15
12734,2030,169145,1,1691.45
12735,2030,205701,1,2057.01
12736,2030,35098,1,350.98
12737,2030,215488,2,2154.88
12738,2030,257923,1,2579.23
12739,2030,250565,1,2505.65
12740,2030,284617,1,2846.17
12741,2030,206403,1,2064.03
12742,2030,296078,1,2960.78
12743,2030,319962,1,3199.62
12744,2030,263701,1,2637.01
12745,2030,290768,1,2907.68
12746,2030,171829,1,1718.29
12747,2030,100264,1,1002.64
12748,2030,1337325,4,13373.25
12749,2030,69365,1,693.65
12750,2030,290353,2,2903.53
12751,2030,188688,1,1886.88
12753,2030,287793,1,2877.93
12754,2030,393247,1,3932.47
12755,2030,392791,1,3927.91
12756,2030,172574,1,1725.74
12757,2030,306574,1,3065.74
12758,2030,307151,1,3071.51
12759,2030,325720,1,3257.2
12760,2030,826815,5,8268.15
12761,2030,927441,2,9274.41
12762,2030,313377,1,3133.77
12763,2030,292465,1,2924.65
12764,2030,186432,1,1864.32
12765,2030,105951,1,1059.51
12766,2030,221276,1,2212.76
12767,2030,500696,2,5006.96
12768,2030,159825,1,1598.25
12769,2030,100691,1,1006.91
12770,2030,290996,2,2909.96
12771,2030,257714,1,2577.14
12772,2030,201268,1,2012.68
12773,2030,179030,1,1790.3
12774,2030,201831,1,2018.31
12775,2030,288016,1,2880.16
12776,2030,696711,1,6967.11
12777,2030,660476,1,6604.76
12778,2030,244456,1,2444.56
12779,2030,306902,1,3069.02
12780,2030,306823,1,3068.23
12781,2030,306574,1,3065.74
12782,2030,307230,1,3072.3
12783,2030,306902,1,3069.02
12784,2030,710062,1,7100.62
12785,2030,306574,1,3065.74
12786,2030,206123,1,2061.23
12787,2030,295845,1,2958.45
12788,2030,320099,1,3200.99
12789,2030,325967,1,3259.67
12790,2030,499124,1,4991.24
12791,2030,243365,1,2433.65
12792,2030,72363,1,723.63
12793,2030,377574,2,3775.74
12794,2030,473548,3,4735.48
12795,2030,287262,1,2872.62
12796,2030,117933,1,1179.33
12797,2030,333256,2,3332.56
12798,2030,201349,1,2013.49
12799,2030,178805,1,1788.05
12800,2030,287699,1,2876.99
12801,2030,348301,1,3483.01
12802,2030,349111,1,3491.11
12803,2030,284617,1,2846.17
12804,2030,245237,1,2452.37
12805,2030,267548,1,2675.48
12806,2030,306495,1,3064.95
12807,2030,306574,1,3065.74
12808,2030,296289,1,2962.89
12809,2030,239236,1,2392.36
12810,2030,341077,1,3410.77
12811,2030,325920,1,3259.2
12812,2030,318588,1,3185.88
12813,2030,313026,1,3130.26
12814,2030,290583,1,2905.83
12815,2030,1512479,2,15124.79
12816,2030,793664,1,7936.64
12817,2030,201188,1,2011.88
12818,2030,201349,1,2013.49
12819,2030,203132,1,2031.32
12820,2030,203410,1,2034.1
12821,2030,288110,1,2881.1
12823,2030,321902,1,3219.02
12824,2030,393353,1,3933.53
12825,2030,358818,1,3588.18
12826,2030,269887,1,2698.87
12827,2030,285346,1,2853.46
12828,2030,266520,1,2665.2
12829,2030,300108,1,3001.08
12830,2030,266762,1,2667.62
12831,2030,306167,1,3061.67
12832,2030,306981,1,3069.81
12833,2030,340844,1,3408.44
12834,2030,325281,1,3252.81
12835,2030,1673018,5,16730.18
12836,2030,319430,1,3194.3
12837,2030,240205,1,2402.05
12838,2030,243365,1,2433.65
12839,2030,688608,1,6886.08
12840,2030,172526,1,1725.26
12841,2030,497351,2,4973.51
12842,2030,120723,1,1207.23
12844,2030,200866,1,2008.66
12845,2030,179020,1,1790.2
12846,2030,201831,1,2018.31
12847,2030,393780,1,3937.8
12848,2030,348987,1,3489.87
12849,2030,284617,1,2846.17
12850,2030,244902,1,2449.02
12851,2030,299555,1,2995.55
12852,2030,295845,1,2958.45
12853,2030,239387,1,2393.87
12854,2030,325233,1,3252.33
12855,2030,313364,1,3133.64
12856,2030,1198638,1,11986.38
12857,2030,372789,1,3727.89
12858,2030,356451,1,3564.51
12860,2030,202153,1,2021.53
12861,2030,288240,1,2882.4
12862,2030,269942,1,2699.42
12863,2030,299270,1,2992.7
12864,2030,316963,1,3169.63
12865,2030,113340,1,1133.4
12866,2030,424479,2,4244.79
12867,2030,447990,2,4479.9
12868,2030,256765,2,2567.65
12869,2030,140503,1,1405.03
12870,2030,201349,1,2013.49
12871,2030,179030,1,1790.3
12872,2030,854179,2,8541.79
12873,2030,304302,1,3043.02
12874,2030,271581,1,2715.81
12875,2030,340844,1,3408.44
12876,2030,325281,1,3252.81
12877,2030,318714,1,3187.14
12878,2030,243534,1,2435.34
12879,2030,290802,1,2908.02
12880,2030,518909,1,5189.09
12881,2030,163422,1,1634.22
12882,2030,261281,1,2612.81
12883,2030,143010,1,1430.1
12884,2030,123753,1,1237.53
12885,2030,140987,1,1409.87
12886,2030,124063,1,1240.63
12887,2030,201067,1,2010.67
12888,2030,179255,1,1792.55
12889,2030,202032,1,2020.32
12890,2030,247615,1,2476.15
12891,2030,247945,1,2479.45
12892,2030,247817,1,2478.17
12893,2030,287793,1,2877.93
12894,2030,175204,1,1752.04
12895,2030,272012,1,2720.12
12896,2030,271891,1,2718.91
12897,2030,393311,1,3933.11
12898,2030,322802,1,3228.02
12899,2030,269681,1,2696.81
12900,2030,284672,1,2846.72
12901,2030,390406,1,3904.06
12902,2030,271498,1,2714.98
12903,2030,873830,1,8738.3
12904,2030,296543,1,2965.43
12905,2030,341240,1,3412.4
12907,2030,433414,1,4334.14
12908,2030,110572,1,1105.72
12909,2030,201831,1,2018.31
12910,2030,175287,1,1752.87
12911,2030,271827,1,2718.27
12912,2030,353446,1,3534.46
12914,2030,598629,3,5986.29
12915,2030,137643,1,1376.43
12916,2030,94012,1,940.12
12917,2030,396508,1,3965.08
12918,2030,84354,1,843.54
12919,2030,542776,2,5427.76
12920,2030,142913,1,1429.13
12921,2030,101563,1,1015.63
12922,2030,93118,1,931.18
12923,2030,121723,1,1217.23
12924,2030,225122,1,2251.22
12925,2030,225171,1,2251.71
12926,2030,349791,1,3497.91
12927,2030,175287,1,1752.87
12928,2030,161927,1,1619.27
12929,2030,161825,1,1618.25
12930,2030,161788,1,1617.88
12931,2030,360467,1,3604.67
12932,2030,180060,1,1800.6
12933,2030,817209,1,8172.09
12934,2030,418773,1,4187.73
12935,2030,390907,1,3909.07
12937,2030,295754,1,2957.54
12938,2030,318420,1,3184.2
12939,2030,292110,1,2921.1
12940,2030,623293,1,6232.93
12941,2030,161861,1,1618.61
12942,2030,178439,1,1784.39
12943,2030,137358,1,1373.58
12944,2030,84559,1,845.59
12945,2030,93856,1,938.56
12946,2030,547580,3,5475.8
12947,2030,822941,2,8229.41
12948,2030,494689,2,4946.89
12949,2030,224288,1,2242.88
12951,2030,224060,1,2240.6
12952,2030,225272,1,2252.72
12953,2030,249150,1,2491.5
12954,2030,1241940,1,12419.4
12955,2030,369723,1,3697.23
12956,2030,1043167,1,10431.67
12957,2030,331262,1,3312.62
12958,2030,780550,1,7805.5
12959,2030,340844,1,3408.44
12960,2030,325233,1,3252.33
12961,2030,492036,1,4920.36
12962,2030,290515,1,2905.15
12963,2030,162573,1,1625.73
12964,2030,75969,1,759.69
12965,2030,32535,1,325.35
12967,2030,145976,1,1459.76
12968,2030,664085,1,6640.85
12969,2030,250445,1,2504.45
12970,2030,131304,1,1313.04
12971,2030,247354,1,2473.54
12972,2030,274347,1,2743.47
12973,2030,390003,1,3900.03
12974,2030,319360,1,3193.6
12975,2030,137075,1,1370.75
12976,2030,132478,1,1324.78
12977,2030,236414,2,2364.14
12978,2030,136434,1,1364.34
12979,2030,200699,1,2006.99
12981,2030,687553,2,6875.53
12982,2030,199466,1,1994.66
12983,2030,199466,1,1994.66
12984,2030,179364,1,1793.64
12985,2030,258196,1,2581.96
12987,2030,557890,1,5578.9
12988,2030,623482,1,6234.82
12989,2030,339023,1,3390.23
12990,2030,419040,1,4190.4
12991,2030,369172,1,3691.72
12992,2030,390406,1,3904.06
12993,2030,322028,1,3220.28
12995,2030,295986,1,2959.86
12996,2030,358079,1,3580.79
12997,2030,340296,1,3402.96
12999,2030,365789,1,3657.89
13000,2030,52326,1,523.26
13001,2030,727512,1,7275.12
13002,2030,142466,1,1424.66
13003,2030,188129,1,1881.29
13004,2030,146113,1,1461.13
13005,2030,174456,1,1744.56
13006,2030,703276,1,7032.76
13007,2030,509509,2,5095.09
13008,2030,247354,1,2473.54
13009,2030,498291,1,4982.91
13010,2030,653823,1,6538.23
13011,2030,290214,1,2902.14
13012,2030,503633,1,5036.33
13013,2030,288366,1,2883.66
13014,2030,325845,1,3258.45
13015,2030,485973,1,4859.73
13016,2030,290462,1,2904.62
13018,2030,390406,1,3904.06
13019,2030,331134,1,3311.34
13020,2030,334715,1,3347.15
13021,2030,296148,1,2961.48
13022,2030,239387,1,2393.87
13023,2030,325624,1,3256.24
13024,2030,318644,1,3186.44
13025,2030,290111,1,2901.11
13026,2030,623293,1,6232.93
13027,2030,295255,1,2952.55
13028,2030,228574,1,2285.74
13029,2030,415314,1,4153.14
13030,2030,414972,1,4149.72
13031,2030,414630,1,4146.3
13032,2030,432035,1,4320.35
13033,2030,181750,1,1817.5
13034,2030,366100,1,3661.0
13035,2030,258042,1,2580.42
13036,2030,247558,1,2475.58
13037,2030,326684,1,3266.84
13038,2030,390809,1,3908.09
13039,2030,1241138,2,12411.38
13040,2030,694727,2,6947.27
13041,2030,181290,1,1812.9
13042,2030,226130,1,2261.3
13043,2030,88401,1,884.01
13044,2030,542772,1,5427.72
13045,2030,177741,1,1777.41
13046,2030,789296,1,7892.96
13047,2030,1431537,3,14315.37
13048,2030,468847,1,4688.47
13049,2030,290084,1,2900.84
13050,2030,344145,1,3441.45
13051,2030,284763,1,2847.63
13052,2030,290194,1,2901.94
13053,2030,286496,1,2864.96
13054,2030,404068,1,4040.68
13055,2030,419307,1,4193.07
13056,2030,1866611,5,18666.11
13057,2030,415161,1,4151.61
13058,2030,415314,1,4153.14
13059,2030,721812,1,7218.12
13060,2030,366363,1,3663.63
13061,2030,318714,1,3187.14
13062,2030,432242,1,4322.42
13063,2030,735360,2,7353.6
13064,2030,181675,1,1816.75
13065,2030,158529,1,1585.29
13066,2030,110013,1,1100.13
13067,2030,249079,2,2490.79
13068,2030,936590,3,9365.9
13069,2030,127149,1,1271.49
13070,2030,369993,2,3699.93
13071,2030,173709,1,1737.09
13072,2030,299982,2,2999.82
13073,2030,258294,1,2582.94
13074,2030,500003,1,5000.03
13075,2030,290496,1,2904.96
13076,2030,294287,1,2942.87
13077,2030,288260,1,2882.6
13078,2030,253441,1,2534.41
13079,2030,404857,1,4048.57
13080,2030,321080,1,3210.8
13081,2030,326162,1,3261.62
13082,2030,390809,1,3908.09
13083,2030,771507,1,7715.07
13085,2030,335164,1,3351.64
13086,2030,413657,1,4136.57
13087,2030,356376,1,3563.76
13088,2030,296148,1,2961.48
13089,2030,239387,1,2393.87
13090,2030,290549,1,2905.49
13091,2030,1868464,1,18684.64
13092,2030,109096,1,1090.96
13093,2030,153138,1,1531.38
13094,2030,498207,1,4982.07
13095,2030,220614,1,2206.14
13096,2030,319191,1,3191.91
13097,2030,293907,2,2939.07
13098,2030,134506,1,1345.06
13099,2030,157940,1,1579.4
13100,2030,522162,1,5221.62
13101,2030,278348,1,2783.48
13102,2030,677615,2,6776.15
13103,2030,242967,1,2429.67
13104,2030,263452,1,2634.52
13105,2030,445296,1,4452.96
13106,2030,488388,1,4883.88
13107,2030,89921,1,899.21
13108,2030,308902,1,3089.02
13109,2030,261494,1,2614.94
13110,2030,178540,1,1785.4
13111,2030,195167,1,1951.67
13112,2030,194193,1,1941.93
13113,2030,320861,1,3208.61
13114,2030,290462,1,2904.62
13115,2030,419247,1,4192.47
13116,2030,528246,1,5282.46
13117,2030,366905,1,3669.05
13118,2030,1865107,1,18651.07
13119,2030,328389,2,3283.89
13120,2030,471327,2,4713.27
13121,2030,172764,1,1727.64
13122,2030,321913,1,3219.13
13123,2030,404857,1,4048.57
13124,2030,221260,1,2212.6
13125,2030,414566,1,4145.66
13126,2030,554239,1,5542.39
13127,2030,4661491,5,46614.91
13128,2030,139219,1,1392.19
13129,2030,100439,1,1004.39
13130,2030,271923,1,2719.23
13132,2030,480747,2,4807.47
13133,2030,130115,1,1301.15
13134,2030,385814,2,3858.14
13135,2030,109863,1,1098.63
13136,2030,179085,1,1790.85
13137,2030,258351,1,2583.51
13138,2030,468773,1,4687.73
13139,2030,288796,1,2887.96
13140,2030,172884,1,1728.84
13141,2030,173030,1,1730.3
13143,2030,333828,1,3338.28
13144,2030,334974,1,3349.74
13145,2030,519858,1,5198.58
13146,2030,239182,1,2391.82
13147,2030,341077,1,3410.77
13148,2030,290768,1,2907.68
13149,2030,167757,1,1677.57
13150,2030,94899,1,948.99
13151,2030,348904,1,3489.04
13152,2030,378535,2,3785.35
13153,2030,91776,1,917.76
13155,2030,148013,1,1480.13
13156,2030,500733,1,5007.33
13157,2030,246502,1,2465.02
13158,2030,230915,1,2309.15
13159,2030,182120,1,1821.2
13160,2030,172911,1,1729.11
13161,2030,173357,1,1733.57
13162,2030,320930,1,3209.3
13163,2030,1619152,1,16191.52
13164,2030,404419,1,4044.19
13165,2030,326355,1,3263.55
13166,2030,414486,1,4144.86
13167,2030,366938,1,3669.38
13168,2030,319135,1,3191.35
13169,2030,1320862,2,13208.62
13170,2030,236972,1,2369.72
13171,2030,125338,1,1253.38
13172,2030,357709,1,3577.09
13173,2030,246611,1,2466.11
13174,2030,172884,1,1728.84
13176,2030,432242,1,4322.42
13177,2030,236230,1,2362.3
13178,2030,185140,1,1851.4
13179,2030,978853,2,9788.53
13180,2030,144563,1,1445.63
13181,2030,90463,1,904.63
13182,2030,268766,1,2687.66
13183,2030,435101,1,4351.01
13184,2030,259590,1,2595.9
13185,2030,230901,1,2309.01
13186,2030,447775,1,4477.75
13187,2030,285750,1,2857.5
13188,2030,173030,1,1730.3
13189,2030,474382,1,4743.82
13190,2030,594313,1,5943.13
13191,2030,974565,2,9745.65
13192,2030,405030,1,4050.3
13193,2030,419247,1,4192.47
13194,2030,326452,1,3264.52
13195,2030,333499,1,3334.99
13196,2030,335035,1,3350.35
13197,2030,527392,1,5273.92
13198,2030,318826,1,3188.26
13199,2030,284865,1,2848.65
13201,2030,688685,2,6886.85
13202,2030,203492,1,2034.92
13203,2030,245482,1,2454.82
13204,2030,523341,1,5233.41
13205,2030,312104,1,3121.04
13206,2030,708377,1,7083.77
13207,2030,285938,1,2859.38
13208,2030,581505,1,5815.05
13209,2030,445258,1,4452.58
13211,2030,269621,1,2696.21
13212,2030,268985,1,2689.85
13214,2030,268985,1,2689.85
13215,2030,269621,1,2696.21
13216,2030,268592,1,2685.92
13217,2030,414566,1,4145.66
13218,2030,869492,1,8694.92
13219,2030,365755,1,3657.55
13220,2030,431661,1,4316.61
13221,2030,1695516,1,16955.16
13222,2030,942374,1,9423.74
13223,2030,556312,1,5563.12
13224,2030,249583,1,2495.83
13225,2030,990057,4,9900.57
13226,2030,869485,2,8694.85
13227,2030,195662,1,1956.62
13228,2030,269272,1,2692.72
13229,2030,468636,1,4686.36
13230,2030,227488,1,2274.88
13231,2030,259590,1,2595.9
13232,2030,231127,1,2311.27
13233,2030,448370,1,4483.7
13234,2030,285445,1,2854.45
13235,2030,286496,1,2864.96
13236,2030,404679,1,4046.79
13237,2030,418979,1,4189.79
13238,2030,269303,1,2693.03
13239,2030,268592,1,2685.92
13241,2030,301616,1,3016.16
13242,2030,695272,1,6952.72
13243,2030,301039,1,3010.39
13244,2030,326781,1,3267.81
13245,2030,379093,1,3790.93
13246,2030,179973,1,1799.73
13247,2030,319065,1,3190.65
13248,2030,591647,1,5916.47
13249,2030,2373974,2,23739.74
13250,2030,116150,1,1161.5
13251,2030,581505,1,5815.05
13252,2030,269228,1,2692.28
13253,2030,334845,1,3348.45
13254,2030,1065426,1,10654.26
13255,2030,109251,1,1092.51
13256,2030,210559,1,2105.59
13257,2030,343548,2,3435.48
13258,2030,430714,1,4307.14
13260,2030,258733,1,2587.33
13261,2030,320879,1,3208.79
13262,2030,268910,1,2689.1
13263,2030,301117,1,3011.17
13264,2030,334090,1,3340.9
13265,2030,180362,1,1803.62
13266,2030,413243,1,4132.43
13267,2030,1400937,1,14009.37
13268,2030,176709,1,1767.09
13269,2030,144494,1,1444.94
13270,2030,404610,1,4046.1
13271,2030,895425,2,8954.25
13272,2030,257715,1,2577.15
13273,2030,295056,1,2950.56
13275,2030,327275,1,3272.75
13276,2030,269397,1,2693.97
13277,2030,301289,1,3012.89
13278,2030,366668,1,3666.68
13279,2030,150913,1,1509.13
13280,2030,310672,1,3106.72
13281,2030,241871,1,2418.71
13282,2030,417532,1,4175.32
13284,2030,191418,1,1914.18
13285,2030,191418,1,1914.18
13286,2030,312490,1,3124.9
13287,2030,295202,1,2952.02
13289,2030,404328,1,4043.28
13290,2030,347253,1,3472.53
13291,2030,379031,1,3790.31
13292,2030,1322452,1,13224.52
13293,2030,190633,1,1906.33
13294,2030,190403,1,1904.03
13295,2030,162768,1,1627.68
13296,2030,462573,1,4625.73
13297,2030,824522,2,8245.22
13298,2030,1352170,4,13521.7
13299,2030,269403,1,2694.03
13300,2030,227939,1,2279.39
13301,2030,402347,1,4023.47
13302,2030,175065,1,1750.65
13303,2030,2979030,5,29790.3
13304,2030,99006,1,990.06
13305,2030,162455,1,1624.55
13306,2030,445905,2,4459.05
13307,2030,159213,1,1592.13
13308,2030,1046650,3,10466.5
13309,2030,446529,2,4465.29
13310,2030,221176,1,2211.76
13311,2030,175297,1,1752.97
13312,2030,563570,2,5635.7
13313,2030,88354,1,883.54
13314,2030,337811,2,3378.11
13315,2030,258199,1,2581.99
13316,2030,365522,1,3655.22
13317,2030,469762,1,4697.62
13318,2030,971386,2,9713.86
13319,2030,321129,1,3211.29
13320,2030,419575,1,4195.75
13321,2030,367603,1,3676.03
13322,2030,413323,1,4133.23
13323,2030,319191,1,3191.91
13324,2030,432450,1,4324.5
13325,2030,433157,1,4331.57
13326,2030,190913,1,1909.13
13327,2030,190683,1,1906.83
13328,2030,190265,1,1902.65
13329,2030,175065,1,1750.65
13330,2030,261516,1,2615.16
13331,2030,535103,2,5351.03
13332,2030,751216,3,7512.16
13333,2030,222623,1,2226.23
13334,2030,476227,2,4762.27
13335,2030,152551,1,1525.51
13336,2030,458118,1,4581.18
13337,2030,104043,1,1040.43
13338,2030,130270,1,1302.7
13339,2030,135359,1,1353.59
13340,2030,174459,1,1744.59
13341,2030,166667,1,1666.67
13342,2030,258294,1,2582.94
13344,2030,327863,1,3278.63
13345,2030,505890,1,5058.9
13346,2030,228098,1,2280.98
13347,2030,260586,1,2605.86
13348,2030,378976,1,3789.76
13349,2030,869492,1,8694.92
13350,2030,366938,1,3669.38
13351,2030,290549,1,2905.49
13352,2030,402799,1,4027.99
13353,2030,327497,1,3274.97
13354,2030,556494,1,5564.94
13355,2030,919835,2,9198.35
13356,2030,130433,1,1304.33
13357,2030,134906,1,1349.06
13358,2030,244215,1,2442.15
13359,2030,417970,1,4179.7
13360,2030,941551,2,9415.51
13361,2030,107922,1,1079.22
13362,2030,157603,1,1576.03
13363,2030,258625,1,2586.25
13364,2030,269143,1,2691.43
13365,2030,312165,1,3121.65
13366,2030,227109,1,2271.09
13367,2030,321379,1,3213.79
13368,2030,362819,1,3628.19
13369,2030,334931,1,3349.31
13370,2030,418979,1,4189.79
13371,2030,188122,1,1881.22
13372,2030,349506,1,3495.06
13373,2030,504580,1,5045.8
13374,2030,346547,1,3465.47
13375,2030,227956,1,2279.56
13376,2030,367834,1,3678.34
13377,2030,432409,1,4324.09
13378,2030,401566,1,4015.66
13379,2030,665057,1,6650.57
13380,2030,276381,1,2763.81
13381,2030,155762,1,1557.62
13382,2030,109793,1,1097.93
13383,2030,315789,1,3157.89
13384,2030,360762,1,3607.62
13385,2030,265543,1,2655.43
13386,2030,269903,1,2699.03
13387,2030,332475,1,3324.75
13388,2030,195241,1,1952.41
13389,2030,1318449,2,13184.49
13390,2030,310620,1,3106.2
13391,2030,346122,2,3461.22
13392,2030,203153,1,2031.53
13394,2030,364347,1,3643.47
13395,2030,273210,1,2732.1
13396,2030,137031,1,1370.31
13397,2030,143080,1,1430.8
13398,2030,114759,1,1147.59
13399,2030,92443,1,924.43
13400,2030,474053,3,4740.53
13401,2030,61240,1,612.4
13402,2030,140429,1,1404.29
13403,2030,463911,3,4639.11
13404,2030,188124,1,1881.24
13405,2030,270078,1,2700.78
13406,2030,579879,2,5798.79
13407,2030,435310,2,4353.1
13408,2030,137640,1,1376.4
13409,2030,115034,1,1150.34
13410,2030,893429,5,8934.29
13411,2030,316530,2,3165.3
13412,2030,258733,1,2587.33
13413,2030,187991,1,1879.91
13415,2030,312202,1,3122.02
13416,2030,366634,1,3666.34
13417,2030,432990,1,4329.9
13418,2030,402998,1,4029.98
13419,2030,281533,1,2815.33
13420,2030,281782,1,2817.82
13421,2030,281198,1,2811.98
13423,2030,98882,1,988.82
13424,2030,119076,1,1190.76
13425,2030,181979,1,1819.79
13426,2030,269396,1,2693.96
13427,2030,389940,1,3899.4
13428,2030,364494,1,3644.94
13429,2030,195038,1,1950.38
13430,2030,346224,1,3462.24
13431,2030,528090,1,5280.9
13432,2030,358219,1,3582.19
13433,2030,290768,1,2907.68
13434,2030,412988,1,4129.88
13435,2030,157102,1,1571.02
13436,2030,274609,1,2746.09
13437,2030,99821,1,998.21
13438,2030,140271,1,1402.71
13439,2030,287682,2,2876.82
13441,2030,186808,1,1868.08
13442,2030,287592,1,2875.92
13443,2030,779882,1,7798.82
13445,2030,505323,1,5053.23
13446,2030,180488,1,1804.88
13447,2030,500121,1,5001.21
13448,2030,179760,1,1797.6
13449,2030,401957,1,4019.57
13450,2030,276177,1,2761.77
13451,2030,196243,1,1962.43
13452,2030,196014,1,1960.14
13453,2030,412767,1,4127.67
13454,2030,196899,1,1968.99
13456,2030,98670,1,986.7
13457,2030,129919,1,1299.19
13458,2030,187910,1,1879.1
13459,2030,1143911,2,11439.11
13460,2030,257927,1,2579.27
13461,2030,214701,1,2147.01
13462,2030,258467,1,2584.67
13463,2030,373631,1,3736.31
13465,2030,332713,1,3327.13
13466,2030,271297,1,2712.97
13468,2030,585916,3,5859.16
13469,2030,822798,2,8227.98
13470,2030,278510,1,2785.1
13471,2030,180069,1,1800.69
13472,2030,218480,1,2184.8
13473,2030,239776,1,2397.76
13475,2030,179848,1,1798.48
13476,2030,366938,1,3669.38
13477,2030,431454,1,4314.54
13478,2030,402534,1,4025.34
13479,2030,392320,1,3923.2
13480,2030,276669,1,2766.69
13481,2030,273501,1,2735.01
13482,2030,312388,1,3123.88
13483,2030,631934,2,6319.34
13484,2030,210859,1,2108.59
13485,2030,312199,1,3121.99
13486,2030,287768,1,2877.68
13487,2030,299109,1,2991.09
13488,2030,269590,1,2695.9
13489,2030,312459,1,3124.59
13490,2030,276381,1,2763.81
13491,2030,339984,1,3399.84
13492,2030,505323,1,5053.23
13493,2030,346674,1,3466.74
13494,2030,358699,1,3586.99
13495,2030,335070,1,3350.7
13497,2030,159399,1,1593.99
13498,2030,254246,1,2542.46
13499,2030,332875,1,3328.75
13500,2030,218655,1,2186.55
13501,2030,251960,1,2519.6
13502,2030,290549,1,2905.49
13503,2030,402107,1,4021.07
13504,2030,324332,1,3243.32
13505,2031,329826,1,3298.26
13507,2031,258733,1,2587.33
13508,2031,194965,1,1949.65
13509,2031,180236,1,1802.36
13510,2031,431661,1,4316.61
13511,2031,1697227,3,16972.27
13512,2031,125047,1,1250.47
13513,2031,244536,1,2445.36
13514,2031,399908,1,3999.08
13515,2031,2308058,6,23080.58
13516,2031,519479,1,5194.79
13517,2031,210764,1,2107.64
13518,2031,258139,1,2581.39
13519,2031,312672,1,3126.72
13520,2031,254246,1,2542.46
13522,2031,270918,1,2709.18
13524,2031,288029,1,2880.29
13526,2031,418444,1,4184.44
13528,2031,349092,1,3490.92
13529,2031,506164,1,5061.64
13530,2031,367744,1,3677.44
13531,2031,218655,1,2186.55
13532,2031,233017,1,2330.17
13533,2031,1320286,2,13202.86
13534,2031,401717,1,4017.17
13535,2031,273673,1,2736.73
13536,2031,95338,1,953.38
13537,2031,277433,1,2774.33
13538,2031,367151,1,3671.51
13539,2031,170412,1,1704.12
13540,2031,214221,1,2142.21
13541,2031,269019,1,2690.19
13542,2031,189158,1,1891.58
13543,2031,188986,1,1889.86
13544,2031,334931,1,3349.31
13545,2031,195168,1,1951.68
13546,2031,213143,1,2131.43
13547,2031,239978,1,2399.78
13548,2031,312017,1,3120.17
13549,2031,876761,1,8767.61
13550,2031,322233,1,3222.33
13551,2031,322067,1,3220.67
13552,2031,322454,1,3224.54
13553,2031,519356,1,5193.56
13554,2031,180061,1,1800.61
13555,2031,507897,2,5078.97
13556,2031,480831,2,4808.31
13557,2031,176757,1,1767.57
13558,2031,439156,1,4391.56
13560,2031,284779,1,2847.79
13561,2031,125286,1,1252.86
13562,2031,196803,1,1968.03
13563,2031,124657,1,1246.57
13564,2031,174565,1,1745.65
13565,2031,1120375,2,11203.75
13566,2031,117968,1,1179.68
13567,2031,95117,1,951.17
13569,2031,258467,1,2584.67
13570,2031,329562,1,3295.62
13571,2031,363327,1,3633.27
13572,2031,188852,1,1888.52
13573,2031,302643,1,3026.43
13575,2031,333207,1,3332.07
13576,2031,188340,1,1883.4
13577,2031,346420,1,3464.2
13578,2031,180375,1,1803.75
13579,2031,322482,1,3224.82
13580,2031,677633,1,6776.33
13581,2031,676088,1,6760.88
13582,2031,1321301,1,13213.01
13583,2031,432076,1,4320.76
13584,2031,335397,1,3353.97
13585,2031,479559,2,4795.59
13586,2031,109220,1,1092.2
13587,2031,111464,1,1114.64
13588,2031,100271,1,1002.71
13589,2031,448904,3,4489.04
13590,2031,270660,1,2706.6
13591,2031,118029,1,1180.29
13592,2031,210473,1,2104.73
13593,2031,257870,1,2578.7
13594,2031,223634,1,2236.34
13596,2031,223868,1,2238.68
13597,2031,358268,1,3582.68
13599,2031,271043,1,2710.43
13600,2031,218369,1,2183.69
13601,2031,211577,1,2115.77
13602,2031,343404,1,3434.04
13603,2031,678332,1,6783.32
13604,2031,200608,1,2006.08
13605,2031,200608,1,2006.08
13606,2031,200049,1,2000.49
13607,2031,200386,1,2003.86
13608,2031,200493,1,2004.93
13609,2031,200164,1,2001.64
13610,2031,1903162,1,19031.62
13611,2031,141970,1,1419.7
13613,2031,331079,1,3310.79
13614,2031,401764,1,4017.64
13615,2031,1007246,1,10072.46
13616,2031,104608,1,1046.08
13617,2031,501820,1,5018.2
13618,2031,318899,1,3188.99
13619,2031,185133,1,1851.33
13620,2031,339994,1,3399.94
13621,2031,1574081,1,15740.81
13622,2031,788812,1,7888.12
13624,2031,664429,2,6644.29
13625,2031,187175,1,1871.75
13626,2031,180683,1,1806.83
13627,2031,325985,2,3259.85
13628,2031,457977,2,4579.77
13629,2031,116874,1,1168.74
13630,2031,113367,1,1133.67
13631,2031,203259,1,2032.59
13632,2031,246001,1,2460.01
13633,2031,246079,1,2460.79
13634,2031,246040,1,2460.4
13635,2031,822624,2,8226.24
13636,2031,668123,1,6681.23
13637,2031,324794,1,3247.94
13638,2031,428899,1,4288.99
13639,2031,1520859,5,15208.59
13640,2031,374009,1,3740.09
13641,2031,374666,1,3746.66
13642,2031,374275,1,3742.75
13643,2031,500036,2,5000.36
13644,2031,374369,1,3743.69
13645,2031,373979,1,3739.79
13646,2031,671540,4,6715.4
13647,2031,73146,1,731.46
13648,2031,232526,1,2325.26
13649,2031,519448,1,5194.48
13650,2031,1018705,3,10187.05
13651,2031,400572,1,4005.72
13652,2031,73753,1,737.53
13654,2031,85812,1,858.12
13655,2031,315503,1,3155.03
13656,2031,223099,1,2230.99
13658,2031,214884,1,2148.84
13659,2031,534495,1,5344.95
13661,2031,197646,1,1976.46
13662,2031,43142,1,431.42
13665,2031,112737,1,1127.37
13667,2031,200093,1,2000.93
13668,2031,77681,1,776.81
13669,2031,215809,1,2158.09
13670,2031,253721,1,2537.21
13671,2031,325015,1,3250.15
13672,2031,374399,1,3743.99
13673,2031,374542,1,3745.42
13674,2031,1888169,9,18881.69
13675,2031,375012,1,3750.12
13676,2031,624599,2,6245.99
13677,2031,650889,1,6508.89
13679,2031,167100,1,1671.0
13681,2031,46319,1,463.19
13682,2031,152406,1,1524.06
13683,2031,168214,1,1682.14
13684,2031,272384,2,2723.84
13685,2031,152429,1,1524.29
13686,2031,176684,1,1766.84
13687,2031,562840,1,5628.4
13690,2031,154355,1,1543.55
13691,2031,380057,1,3800.57
13692,2031,335250,1,3352.5
13693,2031,372843,1,3728.43
13694,2031,429673,1,4296.73
13695,2031,429252,1,4292.52
13696,2031,368912,1,3689.12
13698,2031,1164110,2,11641.1
13699,2031,561591,2,5615.91
13701,2031,913386,1,9133.86
13702,2031,374633,1,3746.33
13703,2031,374496,1,3744.96
13704,2031,374106,1,3741.06
13705,2031,183973,1,1839.73
13706,2031,673283,2,6732.83
13709,2031,429673,1,4296.73
13710,2031,403511,1,4035.11
13711,2031,403807,1,4038.07
13712,2031,374275,1,3742.75
13713,2031,182691,1,1826.91
13714,2031,1572874,3,15728.74
13715,2031,228416,1,2284.16
13716,2031,104319,1,1043.19
13717,2031,634754,1,6347.54
13718,2031,585812,1,5858.12
13719,2031,818887,1,8188.87
13720,2031,131016,1,1310.16
13721,2031,287903,1,2879.03
13723,2031,429388,1,4293.88
13724,2031,429810,1,4298.1
13725,2031,225339,1,2253.39
13726,2031,225842,1,2258.42
13727,2031,225562,1,2255.62
13729,2031,402703,1,4027.03
13731,2031,367372,1,3673.72
13732,2031,912123,1,9121.23
13733,2031,686773,1,6867.73
13735,2031,911856,1,9118.56
13736,2031,3579949,4,35799.49
13737,2031,160099,1,1600.99
13738,2031,187845,1,1878.45
13739,2031,104954,1,1049.54
13740,2031,126666,1,1266.66
13741,2031,155277,1,1552.77
13742,2031,385073,1,3850.73
13743,2031,347626,1,3476.26
13744,2031,526211,1,5262.11
13746,2031,225562,1,2255.62
13747,2031,260688,1,2606.88
13748,2031,260342,1,2603.42
13749,2031,260819,1,2608.19
13750,2031,260212,1,2602.12
13754,2031,417691,1,4176.91
13755,2031,374399,1,3743.99
13756,2031,374399,1,3743.99
13758,2031,1136876,2,11368.76
13759,2031,78601,1,786.01
13760,2031,182691,1,1826.91
13761,2031,266809,2,2668.09
13762,2031,183994,1,1839.94
13763,2031,134329,1,1343.29
13764,2031,600004,1,6000.04
13765,2031,611526,2,6115.26
13766,2031,162186,1,1621.86
13767,2031,458305,1,4583.05
13768,2031,145578,1,1455.78
13769,2031,106070,1,1060.7
13770,2031,356550,1,3565.5
13771,2031,652873,1,6528.73
13773,2031,279660,1,2796.6
13774,2031,261382,1,2613.82
13775,2031,408153,1,4081.53
13776,2031,360911,1,3609.11
13777,2031,403591,1,4035.91
13778,2031,330077,1,3300.77
13779,2031,331163,1,3311.63
13780,2031,373979,1,3739.79
13781,2031,211119,1,2111.19
13782,2031,163603,1,1636.03
13783,2031,118378,1,1183.78
13784,2031,136109,1,1361.09
13785,2031,303299,1,3032.99
13786,2031,916748,2,9167.48
13787,2031,405870,1,4058.7
13788,2031,213576,1,2135.76
13789,2031,110289,1,1102.89
13790,2031,369715,1,3697.15
13791,2031,143422,1,1434.22
13792,2031,119383,1,1193.83
13793,2031,246640,1,2466.4
13794,2031,1888877,5,18888.77
13795,2031,250102,1,2501.02
13796,2031,314272,1,3142.72
13797,2031,260212,1,2602.12
13798,2031,305705,1,3057.05
13800,2031,305515,1,3055.15
13801,2031,268391,1,2683.91
13802,2031,403294,1,4032.94
13803,2031,370641,1,3706.41
13804,2031,330956,1,3309.56
13805,2031,330835,1,3308.35
13806,2031,1551022,3,15510.22
13807,2031,1218485,3,12184.85
13808,2031,152511,1,1525.11
13809,2031,67159,1,671.59
13810,2031,252849,2,2528.49
13811,2031,210980,2,2109.8
13812,2031,182741,1,1827.41
13813,2031,338377,1,3383.77
13814,2031,271400,1,2714.0
13815,2031,1774917,3,17749.17
13816,2031,121403,1,1214.03
13817,2031,199078,1,1990.78
13818,2031,544217,1,5442.17
13820,2031,423436,2,4234.36
13821,2031,258916,1,2589.16
13822,2031,271381,1,2713.81
13824,2031,279514,1,2795.14
13825,2031,232165,1,2321.65
13826,2031,233039,1,2330.39
13828,2031,512666,1,5126.66
13829,2031,402998,1,4029.98
13830,2031,374542,1,3745.42
13831,2031,923361,1,9233.61
13832,2031,120228,1,1202.28
13833,2031,120834,1,1208.34
13835,2031,508343,1,5083.43
13837,2031,286846,1,2868.46
13838,2031,664664,1,6646.64
13839,2031,643829,1,6438.29
13841,2031,642691,1,6426.91
13842,2031,403807,1,4038.07
13843,2031,291832,1,2918.32
13844,2031,347320,1,3473.2
13845,2031,398856,1,3988.56
13846,2031,265458,1,2654.58
13847,2031,211899,1,2118.99
13848,2031,262192,1,2621.92
13849,2031,619362,1,6193.62
13850,2031,291714,1,2917.14
13851,2031,474257,1,4742.57
13852,2031,285960,1,2859.6
13853,2031,48671,1,486.71
13854,2031,164099,1,1640.99
13855,2031,1048193,4,10481.93
13856,2031,132505,1,1325.05
13857,2031,190065,1,1900.65
13858,2031,271381,1,2713.81
13860,2031,284441,1,2844.41
13862,2031,258679,1,2586.79
13864,2031,291521,1,2915.21
13865,2031,374790,1,3747.9
13866,2031,303540,1,3035.4
13867,2031,238455,1,2384.55
13868,2031,734444,2,7344.44
13869,2031,205500,1,2055.0
13870,2031,61233,1,612.33
13871,2031,71152,1,711.52
13872,2031,340473,2,3404.73
13873,2031,132778,1,1327.78
13874,2031,241613,1,2416.13
13875,2031,476288,1,4762.88
13876,2031,354776,1,3547.76
13877,2031,959999,3,9599.99
13878,2031,281851,1,2818.51
13880,2031,856220,3,8562.2
13881,2031,122994,1,1229.94
13882,2031,151662,1,1516.62
13883,2031,408964,1,4089.64
13884,2031,279358,1,2793.58
13885,2031,229154,1,2291.54
13886,2031,159676,1,1596.76
13887,2031,247011,1,2470.11
13888,2031,619860,1,6198.6
13889,2031,620062,1,6200.62
13890,2031,643141,1,6431.41
13891,2031,642109,1,6421.09
13892,2031,3823751,4,38237.51
13893,2031,126850,1,1268.5
13894,2031,125844,1,1258.44
13895,2031,126820,1,1268.2
13896,2031,235608,1,2356.08
13897,2031,127648,1,1276.48
13898,2031,118968,1,1189.68
13899,2031,127352,1,1273.52
13900,2031,126026,1,1260.26
13901,2031,256682,1,2566.82
13902,2031,290095,1,2900.95
13903,2031,193664,1,1936.64
13905,2031,514409,1,5144.09
13906,2031,355452,1,3554.52
13907,2031,272757,1,2727.57
13908,2031,348136,1,3481.36
13909,2031,268540,1,2685.4
13910,2031,373761,1,3737.61
13911,2031,256158,1,2561.58
13912,2031,303663,1,3036.63
13913,2031,265750,1,2657.5
13914,2031,238985,1,2389.85
13915,2031,221999,2,2219.99
13916,2031,126088,1,1260.88
13917,2031,108708,1,1087.08
13918,2031,141652,1,1416.52
13919,2031,252106,1,2521.06
13920,2031,127021,1,1270.21
13921,2031,101484,1,1014.84
13922,2031,287118,1,2871.18
13923,2031,193449,1,1934.49
13924,2031,236790,1,2367.9
13925,2031,208783,1,2087.83
13926,2031,514409,1,5144.09
13927,2031,643272,1,6432.72
13928,2031,272261,1,2722.61
13929,2031,330301,1,3303.01
13930,2031,578527,3,5785.27
13931,2031,172764,1,1727.64
13932,2031,1090371,1,10903.71
13933,2031,453964,1,4539.64
13934,2031,286750,1,2867.5
13935,2031,441363,2,4413.63
13936,2031,396171,1,3961.71
13937,2031,237450,1,2374.5
13938,2031,208756,1,2087.56
13939,2031,292855,1,2928.55
13940,2031,643829,1,6438.29
13941,2031,402998,1,4029.98
13942,2031,272377,1,2723.77
13943,2031,304928,1,3049.28
13944,2031,395696,1,3956.96
13945,2031,346981,1,3469.81
13946,2031,1745719,6,17457.19
13947,2031,255852,1,2558.52
13948,2031,238985,1,2389.85
13949,2031,271297,1,2712.97
13950,2031,271256,1,2712.56
13951,2031,950767,1,9507.67
13952,2031,195584,1,1955.84
13953,2031,100281,1,1002.81
13954,2031,126301,1,1263.01
13956,2031,443817,2,4438.17
13957,2031,710684,2,7106.84
13958,2031,236790,1,2367.9
13959,2031,435177,1,4351.77
13960,2031,208435,1,2084.35
13961,2031,196075,1,1960.75
13962,2031,233629,1,2336.29
13963,2031,291359,1,2913.59
13964,2031,311415,1,3114.15
13965,2031,403294,1,4032.94
13966,2031,497709,1,4977.09
13967,2031,624384,1,6243.84
13968,2031,346981,1,3469.81
13969,2031,330508,1,3305.08
13970,2031,373716,1,3737.16
13971,2031,1157991,4,11579.91
13972,2031,280707,1,2807.07
13973,2031,297159,1,2971.59
13974,2031,94387,1,943.87
13975,2031,452073,1,4520.73
13977,2031,237742,1,2377.42
13978,2031,237780,1,2377.8
13979,2031,195958,1,1959.58
13980,2031,357621,1,3576.21
13981,2031,250573,1,2505.73
13982,2031,250913,1,2509.13
13983,2031,251119,1,2511.19
13984,2031,214073,1,2140.73
13985,2031,311553,1,3115.53
13986,2031,497811,1,4978.11
13987,2031,498477,1,4984.77
13988,2031,305278,1,3052.78
13989,2031,373885,1,3738.85
13990,2031,304061,1,3040.61
13991,2031,404004,1,4040.04
13992,2031,204229,1,2042.29
13993,2031,483326,1,4833.26
13995,2031,287310,1,2873.1
13996,2031,308376,1,3083.76
13998,2031,233648,1,2336.48
13999,2031,509207,1,5092.07
14001,2031,397161,1,3971.61
14003,2031,317537,1,3175.37
14004,2031,272684,1,2726.84
14005,2031,305561,1,3055.61
14006,2031,215480,1,2154.8
14007,2031,346720,1,3467.2
14008,2031,1293947,3,12939.47
14009,2031,238985,1,2389.85
14010,2031,120571,1,1205.71
14011,2031,233107,2,2331.07
14012,2031,395067,1,3950.67
14013,2031,360458,1,3604.58
14014,2031,474240,1,4742.4
14016,2031,304390,1,3043.9
14017,2031,56954,1,569.54
14018,2031,297407,2,2974.07
14020,2031,1038699,2,10386.99
14021,2031,146741,1,1467.41
14022,2031,221386,1,2213.86
14023,2031,171771,1,1717.71
14024,2031,191928,1,1919.28
14025,2031,126932,1,1269.32
14026,2031,192062,1,1920.62
14027,2031,226149,1,2261.49
14028,2031,535095,3,5350.95
14029,2031,757011,2,7570.11
14030,2031,472010,1,4720.1
14031,2031,397161,1,3971.61
14032,2031,292855,1,2928.55
14033,2031,360518,1,3605.18
14034,2031,396771,1,3967.71
14035,2031,474373,1,4743.73
14036,2031,212030,1,2120.3
14037,2031,317918,1,3179.18
14038,2031,272801,1,2728.01
14039,2031,195181,1,1951.81
14040,2031,393249,1,3932.49
14041,2031,374243,1,3742.43
14042,2031,378263,2,3782.63
14043,2031,513374,4,5133.74
14044,2031,340337,1,3403.37
14045,2031,1861604,3,18616.04
14046,2031,109679,1,1096.79
14047,2031,229772,1,2297.72
14048,2031,66378,1,663.78
14049,2031,185788,1,1857.88
14050,2031,413439,1,4134.39
14051,2031,599361,2,5993.61
14052,2031,240858,1,2408.58
14053,2031,361324,1,3613.24
14054,2031,195314,1,1953.14
14056,2031,1701951,10,17019.51
14057,2031,265729,2,2657.29
14058,2031,229508,1,2295.08
14059,2031,195780,1,1957.8
14061,2031,154917,1,1549.17
14062,2031,225546,1,2255.46
14063,2031,293164,1,2931.64
14065,2031,238678,1,2386.78
14066,2031,152010,1,1520.1
14067,2031,141263,1,1412.63
14068,2031,90015,1,900.15
14069,2031,2920385,10,29203.85
14070,2031,281897,1,2818.97
14071,2031,1177553,4,11775.53
14072,2031,179954,1,1799.54
14073,2031,118802,1,1188.02
14074,2031,93832,1,938.32
14075,2031,216270,1,2162.7
14076,2031,214990,1,2149.9
14077,2031,338052,1,3380.52
14078,2031,271048,1,2710.48
14079,2031,271364,1,2713.64
14080,2031,471485,1,4714.85
14081,2031,973162,1,9731.62
14082,2031,224070,1,2240.7
14083,2031,360676,1,3606.76
14084,2031,678579,1,6785.79
14085,2031,211812,1,2118.12
14086,2031,553840,1,5538.4
14087,2031,412290,1,4122.9
14088,2031,229569,1,2295.69
14089,2031,215001,1,2150.01
14090,2031,346763,1,3467.63
14091,2031,239375,1,2393.75
14092,2031,104628,1,1046.28
14093,2031,4486466,7,44864.66
14094,2031,541830,1,5418.3
14095,2031,2951069,5,29510.69
14096,2031,145926,1,1459.26
14097,2031,198049,1,1980.49
14098,2031,216034,1,2160.34
14099,2031,553361,2,5533.61
14100,2031,215295,1,2152.95
14101,2031,186501,1,1865.01
14102,2031,186501,1,1865.01
14103,2031,235517,1,2355.17
14104,2031,305719,1,3057.19
14105,2031,298925,1,2989.25
14106,2031,292855,1,2928.55
14108,2031,212211,1,2122.11
14109,2031,474240,1,4742.4
14111,2031,228697,1,2286.97
14112,2031,215472,1,2154.72
14113,2031,214694,1,2146.94
14114,2031,218929,1,2189.29
14115,2031,255930,1,2559.3
14116,2031,565406,1,5654.06
14117,2031,116845,1,1168.45
14118,2031,337922,1,3379.22
14119,2031,411351,1,4113.51
14121,2031,626175,2,6261.75
14122,2031,324908,1,3249.08
14123,2031,215943,1,2159.43
14124,2031,646556,1,6465.56
14125,2031,440878,1,4408.78
14126,2031,290596,1,2905.96
14127,2031,291054,1,2910.54
14129,2031,306549,1,3065.49
14130,2031,228697,1,2286.97
14131,2031,1929398,6,19293.98
14133,2031,214990,1,2149.9
14134,2031,474107,1,4741.07
14135,2031,553930,1,5539.3
14136,2031,137906,1,1379.06
14137,2031,271004,2,2710.04
14138,2031,348732,1,3487.32
14139,2031,197676,1,1976.76
14140,2031,118802,1,1188.02
14142,2031,600466,1,6004.66
14143,2031,304840,1,3048.4
14144,2031,448973,1,4489.73
14145,2031,218929,1,2189.29
14146,2031,256158,1,2561.58
14147,2031,290346,1,2903.46
14148,2031,411470,1,4114.7
14149,2031,290865,1,2908.65
14150,2031,358171,1,3581.71
14151,2031,211342,1,2113.42
14152,2031,228867,1,2288.67
14153,2031,1254033,5,12540.33
14154,2031,104938,1,1049.38
14156,2031,292245,1,2922.45
14157,2031,685083,2,6850.83
14158,2031,290780,1,2907.8
14159,2031,612668,2,6126.68
14160,2031,2107170,7,21071.7
14161,2031,214504,1,2145.04
14162,2031,338052,1,3380.52
14163,2031,186284,1,1862.84
14164,2031,184524,1,1845.24
14165,2031,184251,1,1842.51
14166,2031,334686,1,3346.86
14167,2031,357241,1,3572.41
14168,2031,383013,1,3830.13
14169,2031,291054,1,2910.54
14170,2031,228818,1,2288.18
14172,2031,219490,1,2194.9
14174,2031,118653,1,1186.53
14175,2031,115829,1,1158.29
14176,2031,201055,1,2010.55
14177,2031,124527,1,1245.27
14178,2031,117167,1,1171.67
14179,2031,215262,1,2152.62
14180,2031,810298,3,8102.98
14181,2031,630563,2,6305.63
14182,2031,138194,1,1381.94
14183,2031,186501,1,1865.01
14184,2031,198072,1,1980.72
14185,2031,412179,1,4121.79
14186,2031,674836,1,6748.36
14187,2031,376405,1,3764.05
14188,2031,278944,1,2789.44
14189,2031,1668472,1,16684.72
14190,2031,356073,1,3560.73
14191,2031,205716,1,2057.16
14192,2031,102762,1,1027.62
14193,2031,232906,2,2329.06
14194,2031,861149,5,8611.49
14195,2031,178347,1,1783.47
14196,2031,141259,1,1412.59
14197,2031,156305,1,1563.05
14198,2031,114314,1,1143.14
14199,2031,128012,1,1280.12
14200,2031,571079,2,5710.79
14201,2031,116372,1,1163.72
14202,2031,98729,1,987.29
14204,2031,164064,1,1640.64
14205,2031,484941,1,4849.41
14206,2031,223236,2,2232.36
14207,2031,119686,1,1196.86
14208,2031,214799,1,2147.99
14209,2031,186747,1,1867.47
14210,2031,184032,1,1840.32
14211,2031,290433,1,2904.33
14212,2031,354624,1,3546.24
14213,2031,338439,1,3384.39
14214,2031,253229,1,2532.29
14215,2031,278623,1,2786.23
14216,2031,228987,1,2289.87
14217,2031,367941,2,3679.41
14218,2031,356294,1,3562.94
14220,2031,469478,1,4694.78
14221,2031,108962,1,1089.62
14222,2031,281195,2,2811.95
14223,2031,131644,1,1316.44
14224,2031,248570,2,2485.7
14225,2031,114264,1,1142.64
14226,2031,180234,1,1802.34
14227,2031,842187,2,8421.87
14228,2031,207167,1,2071.67
14229,2031,214504,1,2145.04
14230,2031,186284,1,1862.84
14231,2031,196417,1,1964.17
14232,2031,305532,1,3055.32
14233,2031,412099,1,4120.99
14234,2031,674154,1,6741.54
14235,2031,334949,1,3349.49
14236,2031,341246,1,3412.46
14237,2031,196926,1,1969.26
14239,2031,278869,1,2788.69
14240,2031,228939,1,2289.39
14241,2031,380377,2,3803.77
14242,2031,247712,1,2477.12
14243,2031,392455,1,3924.55
14245,2031,353297,1,3532.97
14247,2031,73823,1,738.23
14248,2031,464529,2,4645.29
14249,2031,109018,1,1090.18
14250,2031,184513,1,1845.13
14251,2031,162267,1,1622.67
14252,2031,193813,1,1938.13
14253,2031,98561,1,985.61
14254,2031,425671,2,4256.71
14255,2031,42894,1,428.94
14256,2031,125501,2,1255.01
14257,2031,466417,1,4664.17
14258,2031,134815,1,1348.15
14259,2031,278794,1,2787.94
14260,2031,247565,1,2475.65
14261,2031,1234257,2,12342.57
14262,2031,881724,3,8817.24
14263,2031,264355,1,2643.55
14264,2031,177812,1,1778.12
14266,2031,143295,1,1432.95
14267,2031,482761,1,4827.61
14268,2031,217370,2,2173.7
14269,2031,196462,1,1964.62
14270,2031,288827,1,2888.27
14271,2031,411744,1,4117.44
14272,2031,196101,1,1961.01
14273,2031,197732,1,1977.32
14274,2031,276570,1,2765.7
14275,2031,348038,1,3480.38
14276,2031,196787,1,1967.87
14277,2031,412029,1,4120.29
14278,2031,398035,1,3980.35
14279,2031,344483,1,3444.83
14280,2031,548424,2,5484.24
14281,2031,126021,1,1260.21
14282,2031,1847378,8,18473.78
14283,2031,467963,1,4679.63
14284,2031,375870,1,3758.7
14285,2031,278698,1,2786.98
14286,2031,1467135,6,14671.35
14287,2031,311523,2,3115.23
14288,2031,139882,1,1398.82
14289,2031,113340,1,1133.4
14290,2031,174140,1,1741.4
14291,2031,197019,1,1970.19
14292,2031,674593,1,6745.93
14293,2031,180019,1,1800.19
14294,2031,401097,2,4010.97
14295,2031,230173,1,2301.73
14296,2031,196417,1,1964.17
14298,2031,312403,2,3124.03
14299,2031,106047,1,1060.47
14300,2031,150328,1,1503.28
14301,2031,106603,1,1066.03
14302,2031,192200,2,1922.0
14303,2031,223309,1,2233.09
14304,2031,285246,1,2852.46
14305,2031,196332,1,1963.32
14306,2031,197912,1,1979.12
14307,2031,279019,1,2790.19
14308,2031,411899,1,4118.99
14309,2031,255943,1,2559.43
14310,2031,540380,2,5403.8
14311,2031,202269,1,2022.69
14312,2031,198226,1,1982.26
14314,2031,375870,1,3758.7
14315,2031,633991,1,6339.91
14316,2031,287323,1,2873.23
14317,2031,298982,1,2989.82
14318,2031,49795,1,497.95
14319,2031,186501,1,1865.01
14320,2031,227466,1,2274.66
14321,2031,339766,1,3397.66
14322,2031,792908,1,7929.08
14323,2031,340413,1,3404.13
14324,2031,661789,1,6617.89
14325,2031,156171,1,1561.71
14326,2031,253990,1,2539.9
14327,2031,240295,1,2402.95
14328,2031,166079,1,1660.79
14329,2031,253696,1,2536.96
14330,2031,197679,1,1976.79
14331,2031,334542,1,3345.42
14332,2031,251731,1,2517.31
14333,2031,222880,1,2228.8
14334,2031,413970,2,4139.7
14336,2031,99115,1,991.15
14337,2031,124049,1,1240.49
14338,2031,185726,1,1857.26
14339,2031,349030,1,3490.3
14340,2031,209603,1,2096.03
14341,2031,248921,1,2489.21
14342,2031,124049,1,1240.49
14343,2031,132924,1,1329.24
14344,2031,198616,1,1986.16
14345,2031,344080,1,3440.8
14346,2031,240615,1,2406.15
14347,2031,253902,1,2539.02
14348,2031,283326,1,2833.26
14349,2031,1158882,1,11588.82
14350,2031,195965,1,1959.65
14351,2031,278944,1,2789.44
14352,2031,256178,1,2561.78
14353,2031,381452,2,3814.52
14354,2031,287249,1,2872.49
14355,2031,323001,1,3230.01
14356,2031,323088,1,3230.88
14357,2031,236725,1,2367.25
14358,2031,508546,2,5085.46
14359,2031,124510,1,1245.1
14360,2031,306137,1,3061.37
14361,2031,112381,1,1123.81
14362,2031,154398,1,1543.98
14363,2031,627996,3,6279.96
14364,2031,196839,1,1968.39
14365,2031,338425,2,3384.25
14366,2031,99886,1,998.86
14367,2031,1229033,4,12290.33
14368,2031,198289,1,1982.89
14370,2031,514199,1,5141.99
14371,2031,195443,1,1954.43
14373,2031,223472,1,2234.72
14374,2031,287176,1,2871.76
14375,2031,2962976,9,29629.76
14376,2031,102173,1,1021.73
14377,2031,807250,2,8072.5
14378,2031,240108,1,2401.08
14379,2031,541519,2,5415.19
14380,2031,192243,1,1922.43
14381,2031,615768,1,6157.68
14382,2031,284505,1,2845.05
14383,2031,198643,1,1986.43
14384,2031,271234,1,2712.34
14385,2031,219172,1,2191.72
14386,2031,270732,1,2707.32
14387,2031,385451,1,3854.51
14389,2031,195860,1,1958.6
14390,2031,345134,1,3451.34
14391,2031,278794,1,2787.94
14392,2031,555196,1,5551.96
14393,2031,223077,1,2230.77
14394,2031,304929,1,3049.29
14395,2031,336713,1,3367.13
14396,2031,332392,1,3323.92
14397,2031,238882,1,2388.82
14398,2031,731424,2,7314.24
14399,2031,304011,1,3040.11
14400,2031,283671,2,2836.71
14401,2031,192414,1,1924.14
14402,2031,218861,1,2188.61
14403,2031,941575,1,9415.75
14405,2031,278473,1,2784.73
14406,2031,352483,1,3524.83
14407,2031,255819,1,2558.19
14408,2031,285882,1,2858.82
14409,2031,223367,1,2233.67
14410,2031,496816,2,4968.16
14411,2031,202743,1,2027.43
14412,2031,875412,4,8754.12
14413,2031,199092,1,1990.92
14414,2031,385249,1,3852.49
14415,2031,342535,2,3425.35
14416,2031,285047,1,2850.47
14418,2031,218845,1,2188.45
14419,2031,196092,1,1960.92
14420,2031,555196,1,5551.96
14421,2031,477182,1,4771.82
14422,2031,304798,1,3047.98
14423,2031,338221,1,3382.21
14424,2031,100054,1,1000.54
14425,2031,182323,1,1823.23
14427,2031,284308,1,2843.08
14428,2031,271680,1,2716.8
14429,2031,270925,1,2709.25
14430,2031,385930,1,3859.3
14431,2031,334877,1,3348.77
14432,2031,285567,1,2855.67
14433,2031,222927,1,2229.27
14434,2031,336899,1,3368.99
14435,2031,239006,1,2390.06
14436,2031,199638,1,1996.38
14437,2031,287536,1,2875.36
14438,2031,269057,1,2690.57
14439,2031,90972,1,909.72
14440,2031,402806,1,4028.06
14441,2031,279265,1,2792.65
14442,2031,555285,1,5552.85
14443,2031,252843,1,2528.43
14444,2031,158776,1,1587.76
14445,2031,141520,1,1415.2
14446,2031,154930,1,1549.3
14447,2031,170342,1,1703.42
14448,2031,291329,1,2913.29
14449,2031,139486,1,1394.86
14450,2031,179697,1,1796.97
14451,2031,193704,1,1937.04
14452,2031,721322,3,7213.22
14453,2031,116280,1,1162.8
14454,2031,365368,2,3653.68
14455,2031,199476,1,1994.76
14456,2031,233781,1,2337.81
14457,2031,226060,1,2260.6
14458,2031,226249,1,2262.49
14459,2031,198735,1,1987.35
14460,2031,492537,1,4925.37
14461,2031,270925,1,2709.25
14464,2031,331133,1,3311.33
14465,2031,223564,1,2235.64
14466,2031,212840,1,2128.4
14467,2031,238983,1,2389.83
14468,2031,973360,4,9733.6
14469,2031,156456,1,1564.56
14470,2031,133278,1,1332.78
14471,2031,243920,1,2439.2
14472,2031,116028,1,1160.28
14473,2031,284559,1,2845.59
14474,2031,284308,1,2843.08
14475,2031,270918,1,2709.18
14476,2031,385837,1,3858.37
14477,2031,284315,1,2843.15
14478,2031,276515,1,2765.15
14479,2031,311085,1,3110.85
14480,2031,138792,1,1387.92
14481,2031,932537,3,9325.37
14482,2031,96121,1,961.21
14483,2031,329692,1,3296.92
14484,2031,216298,1,2162.98
14485,2031,199031,1,1990.31
14486,2031,219172,1,2191.72
14487,2031,375312,1,3753.12
14489,2031,246010,1,2460.1
14490,2031,196059,1,1960.59
14491,2031,235145,1,2351.45
14492,2031,172051,1,1720.51
14493,2031,678587,3,6785.87
14494,2031,549863,2,5498.63
14495,2031,261945,1,2619.45
14496,2031,282501,1,2825.01
14497,2031,826212,2,8262.12
14498,2031,158166,1,1581.66
14499,2031,300938,2,3009.38
14500,2031,114450,1,1144.5
14501,2031,328841,1,3288.41
14502,2031,199139,1,1991.39
14503,2031,241437,1,2414.37
14504,2031,284902,1,2849.02
14505,2031,233776,1,2337.76
14506,2031,271106,1,2711.06
14507,2031,218852,1,2188.52
14508,2031,270540,1,2705.4
14509,2031,391337,1,3913.37
14510,2031,391681,1,3916.81
14512,2031,284459,1,2844.59
14513,2031,278378,1,2783.78
14514,2031,211392,1,2113.92
14515,2031,332357,1,3323.57
14516,2031,213141,1,2131.41
14517,2031,341832,1,3418.32
14518,2031,345738,1,3457.38
14519,2031,238758,1,2387.58
14520,2031,419407,1,4194.07
14523,2031,756354,1,7563.54
14524,2031,277471,1,2774.71
14525,2031,99950,1,999.5
14526,2031,346520,1,3465.2
14528,2031,288029,1,2880.29
14529,2031,362917,1,3629.17
14530,2031,374964,1,3749.64
14531,2031,278944,1,2789.44
14532,2031,411331,1,4113.31
14533,2031,231656,1,2316.56
14534,2031,332428,1,3324.28
14535,2031,995749,1,9957.49
14537,2031,345719,1,3457.19
14538,2031,383026,1,3830.26
14539,2031,199218,1,1992.18
14541,2031,115113,1,1151.13
14543,2031,251830,1,2518.3
14544,2031,961053,2,9610.53
14545,2031,565079,3,5650.79
14546,2031,139039,1,1390.39
14547,2031,239633,1,2396.33
14549,2031,1629453,1,16294.53
14550,2031,375174,1,3751.74
14551,2031,284215,1,2842.15
14553,2031,213066,1,2130.66
14555,2031,199378,1,1993.78
14556,2031,164783,1,1647.83
14557,2031,98370,1,983.7
14558,2031,335385,2,3353.85
14559,2031,105874,1,1058.74
14560,2031,493042,3,4930.42
14561,2031,143818,1,1438.18
14563,2031,266103,1,2661.03
14564,2031,284406,1,2844.06
14565,2031,269585,1,2695.85
14567,2031,374964,1,3749.64
14568,2031,278944,1,2789.44
14569,2031,239026,1,2390.26
14570,2031,332909,1,3329.09
14571,2031,346432,1,3464.32
14572,2031,152944,1,1529.44
14573,2031,133414,1,1334.14
14574,2031,135904,1,1359.04
14575,2031,121944,1,1219.44
14576,2031,68488,1,684.88
14577,2031,140348,1,1403.48
14578,2031,48096,1,480.96
14579,2031,294815,2,2948.15
14580,2031,295502,1,2955.02
14581,2031,298725,1,2987.25
14582,2031,533012,2,5330.12
14583,2031,237723,1,2377.23
14584,2031,227580,2,2275.8
14585,2031,288928,2,2889.28
14586,2031,139774,1,1397.74
14587,2031,211420,1,2114.2
14588,2031,220670,1,2206.7
14589,2031,492527,1,4925.27
14591,2031,278548,1,2785.48
14592,2031,212540,1,2125.4
14594,2031,458998,2,4589.98
14595,2031,199251,1,1992.51
14596,2031,120335,1,1203.35
14597,2031,216333,2,2163.33
14598,2031,146732,1,1467.32
14599,2031,421175,2,4211.75
14601,2031,284703,1,2847.03
14602,2031,301297,1,3012.97
14603,2031,247126,1,2471.26
14604,2031,276491,1,2764.91
14605,2031,273262,1,2732.62
14606,2031,212391,1,2123.91
14607,2031,172109,1,1721.09
14608,2031,104239,1,1042.39
14609,2031,134991,1,1349.91
14610,2031,99777,1,997.77
14611,2031,164953,1,1649.53
14612,2031,250966,2,2509.66
14613,2031,165494,1,1654.94
14614,2031,309858,1,3098.58
14615,2031,278496,1,2784.96
14616,2031,642677,1,6426.77
14617,2031,494816,2,4948.16
14618,2031,330085,1,3300.85
14619,2031,344437,1,3444.37
14620,2031,192621,1,1926.21
14621,2031,374895,1,3748.95
14622,2031,254741,1,2547.41
14623,2031,268013,1,2680.13
14624,2031,212765,1,2127.65
14627,2031,497101,2,4971.01
14628,2031,95117,1,951.17
14629,2031,167121,1,1671.21
14630,2031,1217540,3,12175.4
14631,2031,236724,1,2367.24
14633,2031,172652,1,1726.52
14634,2031,296583,1,2965.83
14635,2031,589099,2,5890.99
14636,2031,494609,2,4946.09
14637,2031,192159,1,1921.59
14638,2031,392525,2,3925.25
14639,2031,131598,1,1315.98
14640,2031,717687,1,7176.87
14641,2031,1486831,5,14868.31
14642,2031,327169,1,3271.69
14643,2031,349327,1,3493.27
14644,2031,955072,1,9550.72
14645,2031,374826,1,3748.26
14646,2031,364639,1,3646.39
14647,2031,276352,1,2763.52
14648,2031,272822,1,2728.22
14649,2031,254741,1,2547.41
14650,2031,268463,1,2684.63
14651,2031,1700642,1,17006.42
14652,2031,212915,1,2129.15
14653,2031,346473,1,3464.73
14655,2031,580972,2,5809.72
14656,2031,122506,1,1225.06
14657,2031,469074,3,4690.74
14658,2031,158166,1,1581.66
14659,2031,158039,1,1580.39
14660,2031,277733,1,2777.33
14661,2031,565076,1,5650.76
14662,2031,37480,1,374.8
14663,2031,191792,1,1917.92
14664,2031,347579,1,3475.79
14665,2031,375243,1,3752.43
14666,2031,276076,1,2760.76
14667,2031,273042,1,2730.42
14668,2031,255315,1,2553.15
14669,2031,268740,1,2687.4
14670,2031,212991,1,2129.91
14672,2031,189129,1,1891.29
14673,2031,199251,1,1992.51
14674,2031,158220,1,1582.2
14675,2031,222231,1,2222.31
14676,2031,523239,2,5232.39
14677,2031,390315,2,3903.15
14678,2031,101525,1,1015.25
14679,2031,512007,1,5120.07
14680,2031,328678,2,3286.78
14681,2031,170660,1,1706.6
14682,2031,221171,1,2211.71
14683,2031,327617,1,3276.17
14684,2031,254663,1,2546.63
14685,2031,364671,1,3646.71
14686,2031,254889,1,2548.89
14687,2031,212615,1,2126.15
14688,2031,341563,1,3415.63
14689,2031,346432,1,3464.32
14690,2031,199092,1,1990.92
14691,2031,333473,1,3334.73
14692,2031,333717,1,3337.17
14693,2031,332630,1,3326.3
14694,2031,332386,1,3323.86
14695,2031,374617,1,3746.17
14697,2031,188578,1,1885.78
14698,2031,527718,1,5277.18
14699,2031,132408,1,1324.08
14700,2031,193628,1,1936.28
14701,2031,378217,2,3782.17
14702,2031,37312,1,373.12
14703,2031,377986,2,3779.86
14704,2031,331985,1,3319.85
14705,2031,332719,1,3327.19
14706,2031,332963,1,3329.63
14707,2031,333540,1,3335.4
14708,2031,333473,1,3334.73
14709,2031,157335,1,1573.35
14710,2031,590665,3,5906.65
14711,2031,153108,1,1531.08
14712,2031,157335,1,1573.35
14713,2031,216671,1,2166.71
14714,2031,545914,2,5459.14
14715,2031,525378,2,5253.78
14716,2031,118472,1,1184.72
14717,2031,328697,1,3286.97
14719,2031,377173,1,3771.73
14720,2031,314311,1,3143.11
14721,2031,378299,2,3782.99
14722,2031,255675,1,2556.75
14723,2031,332719,1,3327.19
14724,2031,332630,1,3326.3
14725,2031,332897,1,3328.97
14726,2031,374758,1,3747.58
14727,2031,364608,1,3646.08
14728,2031,255324,1,2553.24
14729,2031,1389242,3,13892.42
14730,2031,418890,1,4188.9
14731,2031,212615,1,2126.15
14732,2031,342994,1,3429.94
14733,2031,342994,1,3429.94
14734,2031,343445,1,3434.45
14735,2031,346452,1,3464.52
14736,2031,188993,1,1889.93
14737,2031,419587,1,4195.87
14738,2031,126641,1,1266.41
14739,2031,133871,1,1338.71
14740,2031,238028,1,2380.28
14741,2031,275239,1,2752.39
14742,2031,274985,1,2749.85
14743,2031,238502,1,2385.02
14744,2031,327666,1,3276.66
14745,2031,254327,1,2543.27
14746,2031,364927,1,3649.27
14747,2031,233247,1,2332.47
14748,2031,255038,1,2550.38
14749,2031,212765,1,2127.65
14751,2031,270861,1,2708.61
14752,2031,270651,1,2706.51
14753,2031,270138,1,2701.38
14754,2031,341870,1,3418.7
14755,2031,188785,1,1887.85
14756,2031,115260,1,1152.6
14757,2031,603442,2,6034.42
14758,2031,318448,1,3184.48
14759,2031,317950,1,3179.5
14761,2031,866837,1,8668.37
14762,2031,319845,1,3198.45
14763,2031,418547,1,4185.47
14764,2031,620072,1,6200.72
14765,2031,286051,1,2860.51
14766,2031,199604,1,1996.04
14767,2031,99733,1,997.33
14768,2031,305611,2,3056.11
14769,2031,132081,1,1320.81
14770,2031,1182231,5,11822.31
14771,2031,238297,1,2382.97
14772,2031,340324,1,3403.24
14774,2031,255602,1,2556.02
14775,2031,268360,1,2683.6
14776,2031,212390,1,2123.9
14777,2031,270340,1,2703.4
14778,2031,341524,1,3415.24
14779,2031,1041002,2,10410.02
14780,2031,936220,5,9362.2
14781,2031,188856,1,1888.56
14783,2031,126727,1,1267.27
14785,2031,265785,2,2657.85
14786,2031,101849,1,1018.49
14787,2031,125135,1,1251.35
14788,2031,195393,1,1953.93
14789,2031,131335,1,1313.35
14790,2031,345502,1,3455.02
14791,2031,313408,1,3134.08
14793,2031,140271,1,1402.71
14794,2031,119719,1,1197.19
14795,2031,350242,1,3502.42
14796,2031,319513,1,3195.13
14797,2031,374964,1,3749.64
14798,2031,270449,1,2704.49
14799,2031,285728,1,2857.28
14800,2031,188856,1,1888.56
14801,2031,846933,2,8469.33
14803,2031,175016,2,1750.16
14804,2031,99488,1,994.88
14805,2031,90717,1,907.17
14806,2031,121962,1,1219.62
14807,2031,662462,3,6624.62
14809,2031,118477,1,1184.77
14810,2031,275377,1,2753.77
14811,2031,134009,1,1340.09
14812,2031,111096,1,1110.96
14814,2031,108978,1,1089.78
14815,2031,223699,1,2236.99
14816,2031,341486,1,3414.86
14817,2031,210323,1,2103.23
14818,2031,119162,1,1191.62
14820,2031,134009,1,1340.09
14821,2031,341716,1,3417.16
14822,2031,313959,1,3139.59
14823,2031,1303504,1,13035.04
14824,2031,786309,3,7863.09
14825,2031,332969,1,3329.69
14826,2031,152833,1,1528.33
14827,2031,1388981,7,13889.81
14828,2031,431727,1,4317.27
14829,2031,374479,1,3744.79
14830,2031,365341,1,3653.41
14831,2031,239255,1,2392.55
14832,2031,533938,1,5339.38
14833,2031,209606,1,2096.06
14834,2031,207842,1,2078.42
14835,2031,286129,1,2861.29
14838,2031,188993,1,1889.93
14839,2031,243949,1,2439.49
14840,2031,49664,1,496.64
14841,2031,153065,1,1530.65
14842,2031,207159,1,2071.59
14843,2031,123254,1,1232.54
14844,2031,315342,1,3153.42
14845,2031,258632,1,2586.32
14846,2031,228685,1,2286.85
14847,2031,346863,1,3468.63
14848,2031,320465,1,3204.65
14849,2031,506034,2,5060.34
14850,2031,427852,4,4278.52
14851,2031,103533,1,1035.33
14852,2031,758877,1,7588.77
14853,2031,103040,1,1030.4
14854,2031,109578,1,1095.78
14855,2031,723168,1,7231.68
14856,2031,269778,1,2697.78
14857,2031,742349,1,7423.49
14858,2031,375243,1,3752.43
14859,2031,364958,1,3649.58
14860,2031,241354,1,2413.54
14861,2031,533469,1,5334.69
14862,2031,209113,1,2091.13
14863,2031,286774,1,2867.74
14864,2031,347186,1,3471.86
14865,2031,275760,1,2757.6
14866,2031,572862,1,5728.62
14867,2031,188578,1,1885.78
14868,2031,243949,1,2439.49
14869,2031,250242,1,2502.42
14870,2031,149002,1,1490.02
14871,2031,346489,2,3464.89
14872,2031,238486,1,2384.86
14873,2031,375853,1,3758.53
14874,2031,220455,1,2204.55
14875,2031,251868,1,2518.68
14876,2031,338525,1,3385.25
14877,2031,241073,1,2410.73
14878,2031,258725,1,2587.25
14879,2031,532999,1,5329.99
14880,2031,208775,1,2087.75
14881,2031,616560,2,6165.6
14882,2031,516098,1,5160.98
14883,2031,346863,1,3468.63
14884,2031,188993,1,1889.93
14885,2031,334908,1,3349.08
14886,2031,163661,1,1636.61
14887,2031,456495,1,4564.95
14888,2031,704637,1,7046.37
14889,2031,322471,1,3224.71
14890,2031,183218,1,1832.18
14891,2031,109578,1,1095.78
14892,2031,4346469,8,43464.69
14893,2031,2835181,15,28351.81
14894,2031,237934,1,2379.34
14895,2031,373594,1,3735.94
14896,2031,306152,1,3061.52
14897,2031,319922,1,3199.22
14898,2031,241566,1,2415.66
14899,2031,258105,1,2581.05
14900,2031,533271,1,5332.71
14901,2031,533650,1,5336.5
14902,2031,209358,1,2093.58
14903,2031,208420,1,2084.2
14904,2031,228685,1,2286.85
14905,2031,286373,1,2863.73
14906,2031,347638,1,3476.38
14907,2031,347186,1,3471.86
14908,2031,275760,1,2757.6
14909,2031,275194,1,2751.94
14910,2031,341524,1,3415.24
14911,2031,188714,1,1887.14
14912,2031,243949,1,2439.49
14913,2031,250353,1,2503.53
14914,2031,158577,1,1585.77
14915,2031,614525,3,6145.25
14916,2031,229476,2,2294.76
14917,2031,96648,1,966.48
14919,2031,340199,1,3401.99
14920,2031,270560,1,2705.6
14921,2031,345759,1,3457.59
14922,2031,124196,1,1241.96
14923,2031,238123,1,2381.23
14924,2031,258819,1,2588.19
14926,2031,208148,1,2081.48
14927,2031,264432,1,2644.32
14928,2031,341908,1,3419.08
14929,2031,243499,1,2434.99
14930,2031,156875,1,1568.75
14931,2031,275867,1,2758.67
14932,2031,117996,1,1179.96
14933,2031,920424,5,9204.24
14934,2031,383390,1,3833.9
14935,2031,332257,1,3322.57
14936,2031,306566,1,3065.66
14937,2031,319104,1,3191.04
14938,2031,240784,1,2407.84
14939,2031,533848,1,5338.48
14940,2031,208806,1,2088.06
14941,2031,228993,1,2289.93
14942,2031,276852,1,2768.52
14943,2031,275760,1,2757.6
14944,2031,188993,1,1889.93
14945,2031,250353,1,2503.53
14946,2031,192442,1,1924.42
14947,2031,461427,2,4614.27
14948,2031,202855,2,2028.55
14949,2031,96775,1,967.75
14950,2031,270129,1,2701.29
14951,2031,271042,1,2710.42
14952,2031,341624,1,3416.24
14953,2031,589005,4,5890.05
14954,2031,241141,1,2411.41
14955,2031,258199,1,2581.99
14956,2031,533938,1,5339.38
14957,2031,209358,1,2093.58
14958,2031,286451,1,2864.51
14959,2031,277494,1,2774.94
14960,2031,274652,1,2746.52
14962,2031,188649,1,1886.49
14963,2031,335032,1,3350.32
14964,2031,1183610,4,11836.1
14965,2031,1014372,2,10143.72
14968,2031,182952,1,1829.52
14969,2031,270273,1,2702.73
14970,2031,270902,1,2709.02
14971,2031,306745,1,3067.45
14972,2031,341168,1,3411.68
14973,2031,509047,2,5090.47
14974,2031,258539,1,2585.39
14975,2031,533180,1,5331.8
14976,2031,209051,1,2090.51
14977,2031,1749255,5,17492.55
14978,2031,515959,1,5159.59
14979,2031,277887,1,2778.87
14980,2031,275686,1,2756.86
14983,2031,188441,1,1884.41
14984,2031,243949,1,2439.49
14985,2031,214783,1,2147.83
14986,2031,235116,1,2351.16
14987,2031,153575,1,1535.75
14988,2031,149181,1,1491.81
14989,2031,132540,1,1325.4
14992,2031,334807,1,3348.07
14993,2031,779477,1,7794.77
14994,2031,334734,1,3347.34
14995,2031,334164,1,3341.64
14996,2031,334040,1,3340.4
14997,2031,1106817,1,11068.17
14998,2031,189058,1,1890.58
14999,2031,214979,1,2149.79
15000,2031,591399,3,5913.99
15001,2031,158363,1,1583.63
15002,2031,371518,1,3715.18
15003,2031,334898,2,3348.98
15004,2031,164715,1,1647.15
15005,2031,100621,1,1006.21
15006,2031,273318,2,2733.18
15007,2031,145627,1,1456.27
15008,2031,95309,1,953.09
15009,2031,793005,3,7930.05
15010,2031,98038,1,980.38
15011,2031,340457,1,3404.57
15012,2031,269933,1,2699.33
15013,2031,207506,1,2075.06
15014,2031,341486,1,3414.86
15015,2031,870605,4,8706.05
15016,2031,533469,1,5334.69
15017,2031,282834,2,2828.34
15018,2031,209943,1,2099.43
15019,2031,281284,2,2812.84
15020,2031,241460,1,2414.6
15021,2031,277566,1,2775.66
15022,2031,274972,1,2749.72
15024,2031,346473,1,3464.73
15025,2031,243250,1,2432.5
15026,2031,214746,1,2147.46
15027,2031,244464,2,2444.64
15028,2031,119099,1,1190.99
15029,2031,1213423,3,12134.23
15030,2031,152184,1,1521.84
15031,2031,137431,1,1374.31
15032,2031,120573,1,1205.73
15033,2031,229749,1,2297.49
15034,2031,525530,2,5255.3
15035,2031,207304,1,2073.04
15036,2031,201121,1,2011.21
15037,2031,206811,1,2068.11
15038,2031,345651,1,3456.51
15039,2031,222886,1,2228.86
15040,2031,277317,1,2773.17
15041,2031,275612,1,2756.12
15042,2031,947986,6,9479.86
15043,2031,285496,2,2854.96
15044,2031,742761,4,7427.61
15045,2031,205417,1,2054.17
15046,2031,341306,1,3413.06
15047,2031,533271,1,5332.71
15048,2031,209696,1,2096.96
15049,2031,208183,1,2081.83
15051,2031,214881,1,2148.81
15052,2031,158512,1,1585.12
15053,2031,182357,1,1823.57
15054,2031,181281,1,1812.81
15055,2031,164403,1,1644.03
15056,2031,589912,3,5899.12
15057,2031,206811,1,2068.11
15058,2031,242563,1,2425.63
15059,2031,342235,1,3422.35
15061,2031,105624,1,1056.24
15062,2031,1006548,3,10065.48
15063,2031,100055,1,1000.55
15064,2031,258462,2,2584.62
15065,2031,191858,1,1918.58
15066,2031,187712,1,1877.12
15067,2031,191562,1,1915.62
15068,2031,151035,1,1510.35
15069,2031,122941,1,1229.41
15070,2031,253392,2,2533.92
15071,2031,128201,1,1282.01
15072,2031,103758,1,1037.58
15073,2031,412978,2,4129.78
15074,2031,400140,1,4001.4
15075,2031,207506,1,2075.06
15076,2031,201121,1,2011.21
15077,2031,557341,1,5573.41
15078,2031,533938,1,5339.38
15079,2031,284626,2,2846.26
15080,2031,132997,1,1329.97
15081,2031,242509,1,2425.09
15082,2031,1429810,1,14298.1
15083,2031,286617,1,2866.17
15084,2031,276996,1,2769.96
15085,2031,277887,1,2778.87
15086,2031,214479,1,2144.79
15087,2031,471077,3,4710.77
15088,2031,531062,2,5310.62
15089,2031,818985,3,8189.85
15090,2031,201046,1,2010.46
15091,2031,206609,1,2066.09
15092,2031,208918,1,2089.18
15093,2031,377945,1,3779.45
15094,2031,631552,1,6315.52
15095,2031,341178,1,3411.78
15096,2031,345759,1,3457.59
15097,2031,170609,1,1706.09
15098,2031,183476,1,1834.76
15100,2031,187955,1,1879.55
15101,2031,197578,1,1975.78
15102,2031,114831,1,1148.31
15103,2031,100299,1,1002.99
15106,2031,195091,1,1950.91
15107,2031,127759,1,1277.59
15108,2031,181704,1,1817.04
15109,2031,191237,1,1912.37
15110,2031,259075,1,2590.75
15111,2031,304276,1,3042.76
15112,2031,247990,1,2479.9
15113,2031,533938,1,5339.38
15115,2031,343160,2,3431.6
15118,2031,362800,1,3628.0
15120,2031,286695,1,2866.95
15121,2031,286451,1,2864.51
15122,2031,277245,1,2772.45
15123,2031,214183,1,2141.83
15124,2031,288721,1,2887.21
15125,2031,319882,1,3198.82
15126,2031,1034749,5,10347.49
15127,2031,281332,1,2813.32
15128,2031,367287,1,3672.87
15129,2031,248230,1,2482.3
15130,2031,363482,1,3634.82
15131,2031,378311,1,3783.11
15132,2031,277638,1,2776.38
15134,2031,346126,1,3461.26
15135,2031,214415,1,2144.15
15136,2031,1865923,7,18659.23
15137,2031,288721,1,2887.21
15138,2031,355928,1,3559.28
15140,2031,189389,1,1893.89
15141,2031,208744,1,2087.44
15142,2031,207877,1,2078.77
15143,2031,363228,1,3632.28
15144,2031,631857,1,6318.57
15145,2031,95238,1,952.38
15146,2031,990212,6,9902.12
15147,2031,114294,1,1142.94
15148,2031,187620,1,1876.2
15149,2031,533180,1,5331.8
15150,2031,442047,1,4420.47
15151,2031,363482,1,3634.82
15152,2031,586062,1,5860.62
15153,2031,286530,1,2865.3
15154,2031,277068,1,2770.68
15155,2031,341870,1,3418.7
15156,2031,346473,1,3464.73
15157,2031,156378,1,1563.78
15159,2031,113980,1,1139.8
15161,2031,248996,1,2489.96
15162,2031,533559,1,5335.59
15163,2031,209635,1,2096.35
15164,2031,2256926,8,22569.26
15165,2031,363823,1,3638.23
15166,2031,284105,1,2841.05
15167,2031,378335,1,3783.35
15168,2031,186314,1,1863.14
15169,2031,286774,1,2867.74
15170,2031,278209,1,2782.09
15171,2031,276006,1,2760.06
15173,2031,288232,1,2882.32
15174,2031,304757,1,3047.57
15175,2031,1410397,5,14103.97
15176,2031,442960,1,4429.6
15177,2031,197636,1,1976.36
15178,2031,123559,1,1235.59
15179,2031,111588,1,1115.88
15180,2031,300952,1,3009.52
15181,2031,263009,1,2630.09
15182,2031,209635,1,2096.35
15183,2031,441343,1,4413.43
15184,2031,362627,1,3626.27
15185,2031,283862,1,2838.62
15186,2031,341505,1,3415.05
15187,2031,346105,1,3461.05
15188,2031,214746,1,2147.46
15189,2031,1250849,6,12508.49
15190,2031,397020,2,3970.2
15191,2031,783051,3,7830.51
15192,2031,111601,1,1116.01
15193,2031,662402,1,6624.02
15195,2031,1087647,2,10876.47
15196,2031,95074,1,950.74
15197,2031,187392,1,1873.92
15198,2031,262887,1,2628.87
15199,2031,533938,1,5339.38
15200,2031,209635,1,2096.35
15201,2031,363823,1,3638.23
15202,2031,186216,1,1862.16
15203,2031,311889,1,3118.89
15204,2031,722989,1,7229.89
15205,2031,312017,1,3120.17
15206,2031,352387,1,3523.87
15207,2031,352387,1,3523.87
15208,2031,276996,1,2769.96
15209,2031,274726,1,2747.26
15210,2031,267008,1,2670.08
15211,2031,611559,1,6115.59
15212,2031,267063,1,2670.63
15213,2031,309956,1,3099.56
15214,2031,309043,1,3090.43
15215,2031,303461,1,3034.61
15216,2031,866142,2,8661.42
15217,2031,411576,2,4115.76
15218,2031,170632,1,1706.32
15219,2031,440660,1,4406.6
15220,2031,262464,1,2624.64
15221,2031,208714,1,2087.14
15222,2031,620746,2,6207.46
15223,2031,441580,1,4415.8
15225,2031,363482,1,3634.82
15226,2031,1072540,3,10725.4
15227,2031,186542,1,1865.42
15228,2031,357223,1,3572.23
15229,2031,278209,1,2782.09
15230,2031,267063,1,2670.63
15231,2031,342235,1,3422.35
15234,2031,192022,1,1920.22
15235,2031,450758,2,4507.58
15236,2031,442607,1,4426.07
15237,2031,673815,3,6738.15
15238,2031,123407,1,1234.07
15239,2031,167528,1,1675.28
15240,2031,107156,1,1071.56
15241,2031,121433,1,1214.33
15242,2031,107260,1,1072.6
15243,2031,310254,1,3102.54
15245,2031,340834,1,3408.34
15246,2031,341729,1,3417.29
15247,2031,215311,1,2153.11
15248,2031,224116,1,2241.16
15249,2031,100715,1,1007.15
15250,2031,316246,2,3162.46
15251,2031,440896,1,4408.96
15252,2031,245809,1,2458.09
15253,2031,209021,1,2090.21
15254,2031,207571,1,2075.71
15255,2031,441343,1,4413.43
15256,2031,446518,1,4465.18
15257,2031,852962,1,8529.62
15258,2031,228032,1,2280.32
15259,2031,309927,1,3099.27
15260,2031,276852,1,2768.52
15261,2031,341604,1,3416.04
15262,2031,341281,1,3412.81
15263,2031,341505,1,3415.05
15264,2031,346105,1,3461.05
15265,2031,214613,1,2146.13
15266,2031,399550,2,3995.5
15268,2031,301503,1,3015.03
15269,2031,278156,1,2781.56
15270,2031,145595,1,1455.95
15271,2031,652760,3,6527.6
15272,2031,440847,1,4408.47
15273,2031,387051,1,3870.51
15274,2031,208685,1,2086.85
15275,2031,209389,1,2093.89
15276,2031,207536,1,2075.36
15277,2031,441580,1,4415.8
15278,2031,866250,1,8662.5
15279,2031,363823,1,3638.23
15280,2031,363736,1,3637.36
15281,2031,224436,1,2244.36
15282,2031,198082,1,1980.82
15283,2031,197949,1,1979.49
15284,2031,310011,1,3100.11
15285,2031,277815,1,2778.15
15287,2031,341156,1,3411.56
15288,2031,341928,1,3419.28
15289,2031,340958,1,3409.58
15290,2031,778718,1,7787.18
15291,2031,342197,1,3421.97
15292,2031,1040324,2,10403.24
15293,2031,214514,1,2145.14
15294,2031,609166,3,6091.66
15295,2031,489897,2,4898.97
15296,2031,224116,1,2241.16
15297,2031,224116,1,2241.16
15298,2031,3655209,12,36552.09
15299,2031,1909521,7,19095.21
15301,2031,209389,1,2093.89
15302,2031,207196,1,2071.96
15303,2031,1353004,2,13530.04
15304,2031,865975,1,8659.75
15305,2031,363054,1,3630.54
15306,2031,669392,1,6693.92
15307,2031,198277,1,1982.77
15308,2031,218852,1,2188.52
15309,2031,218852,1,2188.52
15310,2031,333191,1,3331.91
15311,2031,341870,1,3418.7
15312,2031,214746,1,2147.46
15313,2031,806015,3,8060.15
15314,2031,209665,1,2096.65
15316,2031,218562,1,2185.62
15317,2031,329856,1,3298.56
15318,2031,325733,1,3257.33
15319,2031,310531,1,3105.31
15320,2031,224576,1,2245.76
15322,2031,1060967,2,10609.67
15323,2031,198220,1,1982.2
15324,2031,376236,1,3762.36
15325,2031,616629,2,6166.29
15326,2031,440876,1,4408.76
15327,2031,368087,1,3680.87
15328,2031,197851,1,1978.51
15329,2031,218562,1,2185.62
15331,2031,218966,1,2189.66
15332,2031,333944,1,3339.44
15334,2031,304998,1,3049.98
15335,2031,224576,1,2245.76
15338,2031,331028,1,3310.28
15339,2031,150637,1,1506.37
15340,2031,96627,1,966.27
15341,2031,117106,1,1171.06
15342,2031,438612,3,4386.12
15343,2031,167835,1,1678.35
15344,2031,209419,1,2094.19
15345,2031,208744,1,2087.44
15346,2031,208183,1,2081.83
15347,2031,423469,1,4234.69
15348,2031,415978,1,4159.78
15349,2031,236828,1,2368.28
15351,2031,330270,1,3302.7
15352,2031,325733,1,3257.33
15353,2031,325975,1,3259.75
15354,2031,334191,1,3341.91
15355,2031,346473,1,3464.73
15356,2031,481678,3,4816.78
15357,2031,136691,1,1366.91
15358,2031,726983,1,7269.83
15360,2031,236700,1,2367.0
15361,2031,236451,1,2364.51
15362,2031,500499,1,5004.99
15363,2031,455948,1,4559.48
15364,2031,342562,1,3425.62
15366,2031,668777,4,6687.77
15367,2031,131170,1,1311.7
15368,2031,241011,2,2410.11
15369,2031,111924,1,1119.24
15371,2031,463094,1,4630.94
15372,2031,112663,1,1126.63
15373,2031,199998,1,1999.98
15374,2031,208714,1,2087.14
15375,2031,209051,1,2090.51
15376,2031,615970,2,6159.7
15377,2031,187008,1,1870.08
15378,2031,187861,1,1878.61
15379,2031,281196,2,2811.96
15380,2031,198082,1,1980.82
15381,2031,236700,1,2367.0
15382,2031,237196,1,2371.96
15383,2031,236451,1,2364.51
15384,2031,236451,1,2364.51
15385,2031,1780031,1,17800.31
15386,2031,367478,1,3674.78
15387,2031,366781,1,3667.81
15388,2031,499752,1,4997.52
15390,2031,326676,1,3266.76
15391,2031,325314,1,3253.14
15393,2031,342235,1,3422.35
15394,2031,346126,1,3461.26
15395,2031,166797,1,1667.97
15396,2031,1239565,3,12395.65
15397,2031,356241,2,3562.41
15398,2031,102218,1,1022.18
15399,2031,298745,1,2987.45
15400,2031,212382,1,2123.82
15401,2031,212114,1,2121.14
15402,2031,618550,2,6185.5
15403,2031,238963,1,2389.63
15404,2031,187228,1,1872.28
15405,2031,188415,1,1884.15
15406,2031,204160,1,2041.6
15407,2031,200617,1,2006.17
15408,2031,500125,1,5001.25
15409,2031,758410,1,7584.1
15410,2031,1911519,1,19115.19
15411,2031,325314,1,3253.14
15413,2031,297544,1,2975.44
15414,2031,267606,1,2676.06
15415,2031,193773,1,1937.73
15416,2031,126509,1,1265.09
15417,2031,121760,1,1217.6
15418,2031,458596,2,4585.96
15420,2031,113270,1,1132.7
15421,2031,137232,1,1372.32
15422,2031,207571,1,2075.71
15423,2031,187556,1,1875.56
15424,2031,188077,1,1880.77
15425,2031,203805,1,2038.05
15426,2031,310415,1,3104.15
15427,2031,269464,1,2694.64
15428,2031,352751,1,3527.51
15429,2031,500295,1,5002.95
15430,2031,326064,1,3260.64
15431,2031,341889,1,3418.89
15432,2031,346452,1,3464.52
15433,2031,297718,1,2977.18
15435,2031,481637,2,4816.37
15436,2031,295723,1,2957.23
15437,2031,298347,1,2983.47
15438,2031,209299,1,2092.99
15439,2031,481725,1,4817.25
15440,2031,186788,1,1867.88
15441,2031,223862,1,2238.62
15442,2031,188320,1,1883.2
15443,2031,352297,1,3522.97
15444,2031,326512,1,3265.12
15445,2031,333944,1,3339.44
15446,2031,342581,1,3425.81
15447,2031,346473,1,3464.73
15448,2031,411411,2,4114.11
15449,2031,142037,1,1420.37
15450,2031,100197,1,1001.97
15451,2031,156760,1,1567.6
15452,2031,295924,1,2959.24
15453,2031,299085,1,2990.85
15454,2031,341168,1,3411.68
15455,2031,187222,1,1872.22
15456,2031,248031,1,2480.31
15457,2031,187956,1,1879.56
15458,2031,203982,1,2039.82
15459,2031,269884,1,2698.84
15460,2031,270077,1,2700.77
15461,2031,187109,1,1871.09
15462,2031,187109,1,1871.09
15463,2031,352621,1,3526.21
15464,2031,352297,1,3522.97
15465,2031,500414,1,5004.14
15466,2031,326012,1,3260.12
15467,2031,326152,1,3261.52
15468,2031,334698,1,3346.98
15469,2031,342216,1,3422.16
15470,2031,297317,1,2973.17
15472,2031,267974,1,2679.74
15473,2031,282190,1,2821.9
15474,2031,242623,1,2426.23
15475,2031,3445664,1,34456.64
15476,2031,142252,1,1422.52
15477,2031,1046598,1,10465.98
15478,2031,220239,1,2202.39
15479,2031,250993,2,2509.93
15480,2031,280495,1,2804.95
15481,2031,237575,1,2375.75
15482,2031,194146,1,1941.46
15483,2031,299123,1,2991.23
15484,2031,417080,2,4170.8
15485,2031,183117,1,1831.17
15486,2031,242225,2,2422.25
15488,2031,40264,1,402.64
15489,2031,170768,1,1707.68
15490,2031,147125,1,1471.25
15491,2031,172973,1,1729.73
15492,2031,135968,1,1359.68
15493,2031,425911,2,4259.11
15494,2031,106747,1,1067.47
15495,2031,97632,1,976.32
15496,2031,148824,1,1488.24
15497,2031,207417,1,2074.17
15498,2031,116319,1,1163.19
15499,2031,125117,1,1251.17
15500,2031,85335,1,853.35
15501,2031,408385,1,4083.85
15502,2031,262398,1,2623.98
15503,2031,118060,1,1180.6
15504,2031,117701,1,1177.01
15505,2031,856880,3,8568.8
15506,2031,496435,2,4964.35
15507,2031,268098,1,2680.98
15508,2031,212105,1,2121.05
15509,2031,245424,1,2454.24
15512,2031,479953,2,4799.53
15513,2031,124078,1,1240.78
15514,2031,156752,1,1567.52
15515,2031,185856,1,1858.56
15517,2031,117911,1,1179.11
15518,2031,668264,2,6682.64
15519,2031,244862,1,2448.62
15520,2031,212331,1,2123.31
15523,2031,292495,1,2924.95
15524,2031,219231,1,2192.31
15525,2031,385740,1,3857.4
15526,2031,135634,1,1356.34
15527,2031,245751,1,2457.51
15528,2031,125745,1,1257.45
15529,2031,154870,1,1548.7
15530,2031,584791,2,5847.91
15531,2031,173464,1,1734.64
15532,2031,97773,1,977.73
15533,2031,113416,1,1134.16
15534,2031,97238,1,972.38
15535,2031,136510,1,1365.1
15536,2031,187800,1,1878.0
15538,2031,393039,1,3930.39
15539,2031,367251,1,3672.51
15542,2031,152797,1,1527.97
15543,2031,248004,1,2480.04
15544,2031,143400,1,1434.0
15546,2031,143523,1,1435.23
15548,2031,1303698,3,13036.98
15550,2031,375655,1,3756.55
15551,2031,402784,1,4027.84
15552,2031,393358,1,3933.58
15553,2031,248919,1,2489.19
15555,2031,454297,1,4542.97
15556,2031,246358,1,2463.58
15557,2031,246069,1,2460.69
15558,2031,213067,1,2130.67
15559,2031,222937,1,2229.37
15560,2031,223322,1,2233.22
15561,2031,302513,1,3025.13
15562,2031,22849,1,228.49
15563,2031,211760,2,2117.6
15564,2031,119666,1,1196.66
15565,2031,226386,1,2263.86
15566,2031,326912,3,3269.12
15567,2031,104563,1,1045.63
15568,2031,198991,2,1989.91
15569,2031,755515,4,7555.15
15570,2031,81296,1,812.96
15572,2031,475426,5,4754.26
15573,2031,105150,1,1051.5
15574,2031,584654,8,5846.54
15575,2031,46629,1,466.29
15577,2031,402784,1,4027.84
15578,2031,502305,3,5023.05
15579,2031,90309,1,903.09
15584,2031,392647,2,3926.47
15585,2031,118733,1,1187.33
15586,2031,118944,1,1189.44
15587,2031,157160,1,1571.6
15588,2031,157160,1,1571.6
15589,2031,26514,1,265.14
15590,2031,167364,5,1673.64
15591,2031,157756,1,1577.56
15592,2031,158298,4,1582.98
15593,2031,26979,1,269.79
15596,2031,402784,1,4027.84
15597,2031,358941,1,3589.41
15598,2031,42893,1,428.93
15599,2031,42765,1,427.65
15600,2031,363110,1,3631.1
15601,2031,647554,5,6475.54
15604,2031,177259,1,1772.59
15605,2031,91718,1,917.18
15607,2031,301628,3,3016.28
15608,2031,96915,1,969.15
15609,2031,121141,1,1211.41
15610,2031,1085585,3,10855.85
15611,2031,87315,1,873.15
15612,2031,152427,1,1524.27
15615,2031,375207,1,3752.07
15616,2031,279307,1,2793.07
15617,2031,279403,1,2794.03
15618,2031,171837,1,1718.37
15619,2031,349119,1,3491.19
15620,2031,353082,1,3530.82
15623,2031,140924,1,1409.24
15624,2031,157503,1,1575.03
15625,2031,121055,1,1210.55
15627,2031,140823,1,1408.23
15628,2031,175034,1,1750.34
15629,2031,375264,1,3752.64
15631,2031,279355,1,2793.55
15632,2031,685733,1,6857.33
15633,2031,415316,1,4153.16
15634,2031,278149,1,2781.49
15635,2031,375860,1,3758.6
15637,2031,236421,1,2364.21
15638,2031,420750,1,4207.5
15641,2031,302226,1,3022.26
15643,2031,1650375,2,16503.75
15645,2031,157804,1,1578.04
15646,2031,136273,1,1362.73
15647,2031,141743,1,1417.43
15650,2031,375459,1,3754.59
15652,2031,261799,1,2617.99
15653,2031,266391,1,2663.91
15656,2031,223111,1,2231.11
15657,2031,223204,1,2232.04
15658,2031,227162,1,2271.62
15659,2031,435260,1,4352.6
15661,2031,342395,1,3423.95
15662,2031,164832,1,1648.32
15663,2031,140145,1,1401.45
15664,2031,114705,1,1147.05
15665,2031,93114,1,931.14
15667,2031,218444,1,2184.44
15669,2031,260320,1,2603.2
15672,2031,548578,1,5485.78
15673,2031,262091,1,2620.91
15676,2031,266572,1,2665.72
15677,2031,299432,1,2994.32
15678,2031,227855,1,2278.55
15679,2031,298393,1,2983.93
15680,2031,299224,1,2992.24
15683,2031,156447,1,1564.47
15685,2031,89692,1,896.92
15687,2031,306349,1,3063.49
15689,2031,260791,1,2607.91
15691,2031,261583,1,2615.83
15692,2031,228078,1,2280.78
15694,2031,209490,1,2094.9
15695,2031,1853748,5,18537.48
15696,2031,158911,1,1589.11
15698,2031,351546,1,3515.46
15700,2031,260396,1,2603.96
15701,2031,179011,1,1790.11
15702,2031,261583,1,2615.83
15705,2031,230634,1,2306.34
15706,2031,308641,1,3086.41
15707,2031,39267,1,392.67
15708,2031,646884,3,6468.84
15709,2031,187915,2,1879.15
15710,2031,152157,1,1521.57
15713,2031,300598,1,3005.98
15714,2031,217982,1,2179.82
15715,2031,316333,1,3163.33
15716,2031,292574,1,2925.74
15717,2031,179128,1,1791.28
15721,2031,323781,1,3237.81
15722,2031,253934,1,2539.34
15723,2031,228051,1,2280.51
15724,2031,227731,1,2277.31
15725,2031,314613,1,3146.13
15727,2031,274902,1,2749.02
15730,2031,199411,1,1994.11
15734,2031,159174,1,1591.74
15735,2031,545461,3,5454.61
15738,2031,427212,2,4272.12
15742,2031,323992,1,3239.92
15743,2031,936622,1,9366.22
15744,2031,291707,2,2917.07
15746,2031,107616,1,1076.16
15747,2031,122524,1,1225.24
15748,2031,166171,1,1661.71
15749,2031,123439,1,1234.39
15750,2031,89069,1,890.69
15753,2031,194498,1,1944.98
15754,2031,108310,1,1083.1
15755,2031,134954,1,1349.54
15757,2031,122136,1,1221.36
15758,2031,130585,1,1305.85
15760,2031,136641,1,1366.41
15761,2031,112107,1,1121.07
15762,2031,274684,1,2746.84
15763,2031,100849,1,1008.49
15765,2031,171323,1,1713.23
15766,2031,352812,2,3528.12
15767,2031,165384,1,1653.84
15770,2031,179011,1,1790.11
15771,2031,249800,1,2498.0
15772,2031,449158,3,4491.58
15773,2031,41591,1,415.91
15774,2031,563458,3,5634.58
15775,2031,303270,2,3032.7
15776,2031,65076,1,650.76
15777,2031,193463,2,1934.63
15779,2031,276537,1,2765.37
15780,2031,265641,1,2656.41
15781,2031,256612,1,2566.12
15782,2031,179011,1,1790.11
15784,2031,555268,1,5552.68
15785,2031,194740,1,1947.4
15787,2031,274932,1,2749.32
15788,2031,531346,1,5313.46
15789,2031,36964,1,369.64
15790,2031,52083,1,520.83
15791,2031,52029,1,520.29
15792,2031,121271,1,1212.71
15793,2031,121271,1,1212.71
15794,2031,340669,1,3406.69
15796,2031,277699,1,2776.99
15797,2031,257214,1,2572.14
15798,2031,179309,1,1793.09
15799,2031,269983,1,2699.83
15801,2031,248671,1,2486.71
15802,2031,390345,1,3903.45
15803,2031,791031,5,7910.31
15804,2031,275400,1,2754.0
15806,2031,199616,1,1996.16
15807,2031,489058,2,4890.58
15808,2031,42227,1,422.27
15809,2031,57710,1,577.1
15810,2031,121480,1,1214.8
15812,2031,216545,1,2165.45
15814,2031,265422,1,2654.22
15816,2031,277119,1,2771.19
15817,2031,257022,1,2570.22
15818,2031,179425,1,1794.25
15819,2031,179011,1,1790.11
15820,2031,249297,1,2492.97
15822,2031,359159,1,3591.59
15823,2031,249800,1,2498.0
15824,2031,307333,1,3073.33
15825,2031,199218,1,1992.18
15826,2031,188904,1,1889.04
15827,2031,161088,1,1610.88
15829,2031,42894,1,428.94
15831,2031,167193,2,1671.93
15832,2031,216108,1,2161.08
15834,2031,1270382,4,12703.82
15835,2031,323978,1,3239.78
15841,2031,485638,2,4856.38
15842,2031,476758,2,4767.58
15843,2031,37885,1,378.85
15845,2031,126683,1,1266.83
15846,2031,292003,2,2920.03
15848,2031,561573,1,5615.73
15849,2031,277518,1,2775.18
15850,2031,323952,3,3239.52
15852,2031,212420,1,2124.2
15853,2031,285494,1,2854.94
15854,2031,359404,1,3594.04
15855,2031,249550,1,2495.5
15857,2031,49805,1,498.05
15858,2031,106346,1,1063.46
15859,2031,267297,2,2672.97
15860,2031,110165,1,1101.65
15861,2031,79963,1,799.63
15862,2031,109398,1,1093.98
15863,2031,193665,2,1936.65
15864,2031,39692,1,396.92
15866,2031,240380,2,2403.8
15867,2031,120941,1,1209.41
15868,2031,237421,2,2374.21
15869,2031,216799,1,2167.99
15872,2031,236942,1,2369.42
15873,2031,277046,1,2770.46
15875,2031,323612,1,3236.12
15876,2031,323204,1,3232.04
15878,2031,213471,1,2134.71
15879,2031,285528,1,2855.28
15880,2031,285183,1,2851.83
15881,2031,152094,1,1520.94
15882,2031,358977,1,3589.77
15884,2031,307199,1,3071.99
15885,2031,853288,2,8532.88
15886,2031,144726,1,1447.26
15887,2031,69965,1,699.65
15888,2031,156967,1,1569.67
15890,2031,285324,1,2853.24
15893,2031,223664,1,2236.64
15895,2031,134787,1,1347.87
15898,2031,319760,1,3197.6
15899,2031,439573,1,4395.73
15900,2031,281012,1,2810.12
15901,2031,151870,1,1518.7
15902,2031,151912,1,1519.12
15905,2031,168271,1,1682.71
15907,2031,93899,1,938.99
15908,2031,139964,1,1399.64
15909,2031,146091,1,1460.91
15911,2031,350444,1,3504.44
15912,2031,51764,1,517.64
15914,2031,99158,1,991.58
15915,2031,153905,2,1539.05
15917,2031,409221,2,4092.21
15919,2031,181195,1,1811.95
15920,2031,275666,1,2756.66
15921,2031,300570,1,3005.7
15923,2031,152318,1,1523.18
15924,2031,180004,1,1800.04
15925,2031,231000,1,2310.0
15927,2031,60678,1,606.78
15929,2031,102472,1,1024.72
15930,2031,94176,1,941.76
15934,2031,151180,1,1511.8
15935,2031,99403,1,994.03
15936,2031,102838,1,1028.38
15937,2031,42461,1,424.61
15938,2031,102271,1,1022.71
15939,2031,97739,1,977.39
15941,2031,151482,2,1514.82
15942,2031,393049,2,3930.49
15943,2031,192043,1,1920.43
15945,2031,319689,1,3196.89
15946,2031,457044,1,4570.44
15948,2031,152275,1,1522.75
15949,2031,179789,1,1797.89
15952,2031,148041,1,1480.41
15953,2031,133292,1,1332.92
15955,2031,113925,1,1139.25
15956,2031,115061,1,1150.61
15957,2031,146091,1,1460.91
15958,2031,423910,2,4239.1
15959,2031,52996,1,529.96
15962,2031,49698,1,496.98
15963,2031,52346,1,523.46
15967,2031,151800,1,1518.0
15968,2031,180004,1,1800.04
15969,2031,299272,1,2992.72
15970,2031,538687,2,5386.87
15972,2031,79538,1,795.38
15973,2031,161035,2,1610.35
15974,2031,125309,1,1253.09
15975,2031,1185871,4,11858.71
15977,2031,109968,1,1099.68
15979,2031,176569,1,1765.69
15980,2031,270175,1,2701.75
15981,2031,270448,1,2704.48
15982,2031,439498,1,4394.98
15983,2031,151800,1,1518.0
15984,2031,245099,1,2450.99
15985,2031,231700,1,2317.0
15989,2031,764462,1,7644.62
15991,2031,371335,1,3713.35
15992,2031,427813,1,4278.13
15993,2031,298513,1,2985.13
15994,2031,274714,1,2747.14
15995,2031,262843,1,2628.43
15996,2031,262192,1,2621.92
15998,2031,688141,2,6881.41
16000,2031,265339,1,2653.39
16002,2031,427704,1,4277.04
16003,2031,262149,1,2621.49
16004,2031,216067,1,2160.67
16005,2031,555165,3,5551.65
16007,2031,114856,1,1148.56
16009,2031,194451,1,1944.51
16011,2031,134783,1,1347.83
16013,2031,307402,1,3074.02
16016,2031,292935,1,2929.35
16018,2031,253612,1,2536.12
16020,2031,389294,1,3892.94
16021,2031,231441,1,2314.41
16022,2031,947405,1,9474.05
16023,2031,428036,1,4280.36
16025,2031,298875,1,2988.75
16026,2031,804512,2,8045.12
16027,2031,274744,1,2747.44
16029,2031,262149,1,2621.49
16031,2031,53548,1,535.48
16033,2031,595429,2,5954.29
16035,2031,161803,1,1618.03
16036,2031,54160,1,541.6
16037,2031,234787,2,2347.87
16038,2031,155868,1,1558.68
16039,2031,165061,1,1650.61
16040,2031,302774,2,3027.74
16041,2031,132975,1,1329.75
16042,2031,156396,1,1563.96
16043,2031,128840,1,1288.4
16044,2031,139088,1,1390.88
16045,2031,1000866,2,10008.66
16046,2031,269983,1,2699.83
16047,2031,270229,1,2702.29
16049,2031,253979,1,2539.79
16057,2031,262192,1,2621.92
16058,2031,298406,2,2984.06
16059,2031,139409,1,1394.09
16060,2031,672129,4,6721.29
16061,2031,139409,1,1394.09
16062,2031,123578,1,1235.78
16063,2031,165030,1,1650.3
16064,2031,206131,2,2061.31
16065,2031,40323,1,403.23
16067,2031,158801,1,1588.01
16069,2031,134375,1,1343.75
16070,2031,252878,2,2528.78
16073,2031,275588,1,2755.88
16076,2031,134302,1,1343.02
16077,2031,134572,1,1345.72
16078,2031,208124,2,2081.24
16079,2031,111664,1,1116.64
16080,2031,593694,2,5936.94
16081,2031,139629,1,1396.29
16083,2031,129878,1,1298.78
16084,2031,139856,1,1398.56
16085,2031,139928,1,1399.28
16087,2031,1091895,2,10918.95
16091,2031,264352,1,2643.52
16092,2031,264816,1,2648.16
16095,2031,241247,1,2412.47
16098,2031,264191,1,2641.91
16099,2031,191521,1,1915.21
16100,2031,382659,1,3826.59
16104,2031,260402,1,2604.02
16109,2031,264813,1,2648.13
16110,2031,262743,1,2627.43
16114,2031,263735,1,2637.35
16115,2031,264113,1,2641.13
16116,2031,264396,1,2643.96
16117,2031,130212,1,1302.12
16118,2031,434297,2,4342.97
16119,2031,162117,1,1621.17
16120,2031,224363,1,2243.63
16121,2031,224493,1,2244.93
16122,2031,264698,1,2646.98
16125,2031,208237,1,2082.37
16126,2031,263288,1,2632.88
16128,2031,255893,1,2558.93
16129,2031,219423,1,2194.23
16131,2031,270011,1,2700.11
16132,2031,270175,1,2701.75
16133,2031,335704,1,3357.04
16135,2031,335806,1,3358.06
16138,2031,338700,1,3387.0
16140,2031,304799,1,3047.99
16142,2031,224199,1,2241.99
16143,2031,224286,1,2242.86
16146,2031,249411,1,2494.11
16147,2031,208520,1,2085.2
16148,2031,239450,1,2394.5
16149,2031,208484,1,2084.84
16152,2031,264269,1,2642.69
16154,2031,163480,1,1634.8
16155,2031,162075,1,1620.75
16156,2031,219179,1,2191.79
16159,2031,338582,1,3385.82
16160,2031,224242,1,2242.42
16164,2031,677934,1,6779.34
16165,2031,218178,1,2181.78
16166,2031,69443,1,694.43
16168,2031,308006,1,3080.06
16169,2031,273067,1,2730.67
16170,2031,133615,1,1336.15
16172,2031,275370,1,2753.7
16173,2031,224155,1,2241.55
16176,2031,263985,1,2639.85
16178,2031,442219,1,4422.19
16179,2031,328108,1,3281.08
16184,2031,274932,1,2749.32
16187,2031,223654,1,2236.54
16194,2031,102902,1,1029.02
16195,2031,97750,1,977.5
16197,2031,111434,1,1114.34
16198,2031,203243,1,2032.43
16199,2031,95497,1,954.97
16202,2031,382881,1,3828.81
16203,2031,327838,1,3278.38
16204,2031,270639,1,2706.39
16205,2031,586129,1,5861.29
16206,2031,272738,1,2727.38
16207,2031,277810,1,2778.1
16208,2031,277810,1,2778.1
16210,2031,543906,1,5439.06
16212,2031,267921,1,2679.21
16214,2031,559516,1,5595.16
16217,2031,611970,1,6119.7
16220,2031,327948,1,3279.48
16222,2031,269983,1,2699.83
16223,2031,273162,1,2731.62
16225,2031,1149446,1,11494.46
16227,2031,625250,1,6252.5
16229,2031,187316,1,1873.16
16230,2031,612887,1,6128.87
16231,2031,264191,1,2641.91
16232,2031,210542,1,2105.42
16233,2031,207997,1,2079.97
16234,2031,136031,1,1360.31
16235,2031,191308,1,1913.08
16239,2031,277231,1,2772.31
16240,2031,267838,1,2678.38
16241,2031,275121,1,2751.21
16242,2031,367413,2,3674.13
16243,2031,626328,1,6263.28
16245,2031,612488,1,6124.88
16246,2031,611571,1,6115.71
16247,2031,264680,1,2646.8
16249,2031,63594,1,635.94
16250,2031,69475,1,694.75
16252,2031,137484,1,1374.84
16254,2031,110658,1,1106.58
16256,2031,180834,1,1808.34
16257,2031,84606,1,846.06
16259,2031,134681,1,1346.81
16260,2031,496385,1,4963.85
16262,2031,139630,1,1396.3
16263,2031,166355,1,1663.55
16264,2031,222958,1,2229.58
16265,2031,471379,1,4713.79
16266,2031,612887,1,6128.87
16267,2031,264396,1,2643.96
16268,2031,90473,1,904.73
16269,2031,105130,1,1051.3
16270,2031,222886,2,2228.86
16271,2031,116031,1,1160.31
16272,2031,288276,2,2882.76
16274,2031,438993,1,4389.93
16275,2031,134100,1,1341.0
16276,2031,292879,2,2928.79
16277,2031,95196,1,951.96
16278,2031,455315,2,4553.15
16279,2031,250181,2,2501.81
16280,2031,130643,1,1306.43
16281,2031,110137,1,1101.37
16282,2031,206274,1,2062.74
16283,2031,88153,1,881.53
16284,2031,271616,2,2716.16
16286,2031,1056063,3,10560.63
16287,2031,223183,1,2231.83
16289,2031,467127,1,4671.27
16290,2031,210043,1,2100.43
16291,2031,209915,1,2099.15
16292,2031,154043,1,1540.43
16293,2031,153937,1,1539.37
16294,2031,173974,1,1739.74
16295,2031,173673,1,1736.73
16296,2031,233363,1,2333.63
16297,2031,233601,1,2336.01
16298,2031,210587,1,2105.87
16299,2031,188949,1,1889.49
16300,2031,612628,1,6126.28
16301,2031,263985,1,2639.85
16303,2031,159203,1,1592.03
16304,2031,258947,1,2589.47
16305,2031,238639,1,2386.39
16306,2031,77921,1,779.21
16307,2031,183199,2,1831.99
16310,2031,137142,1,1371.42
16311,2031,74738,1,747.38
16313,2031,588549,1,5885.49
16316,2031,471880,1,4718.8
16318,2031,189314,1,1893.14
16319,2031,173844,1,1738.44
16321,2031,273671,1,2736.71
16322,2031,210137,1,2101.37
16323,2031,464920,2,4649.2
16324,2031,76584,1,765.84
16325,2031,347835,1,3478.35
16326,2031,278298,1,2782.98
16327,2031,612349,1,6123.49
16328,2031,139915,1,1399.15
16329,2031,417295,1,4172.95
16332,2031,273760,2,2737.6
16336,2031,313077,1,3130.77
16339,2031,292358,1,2923.58
16340,2031,220913,1,2209.13
16341,2031,189615,1,1896.15
16342,2031,189267,1,1892.67
16347,2031,311779,1,3117.79
16349,2031,254229,1,2542.29
16350,2031,255049,1,2550.49
16351,2031,646414,1,6464.14
16352,2031,223409,1,2234.09
16353,2031,298496,1,2984.96
16354,2031,373738,1,3737.38
16355,2031,233509,1,2335.09
16356,2031,278744,1,2787.44
16357,2031,254568,1,2545.68
16358,2031,330816,1,3308.16
16359,2031,899856,3,8998.56
16361,2031,459592,1,4595.92
16362,2031,255049,1,2550.49
16363,2031,255049,1,2550.49
16364,2031,111803,1,1118.03
16368,2031,225078,1,2250.78
16369,2031,184909,1,1849.09
16370,2031,189361,1,1893.61
16372,2031,278786,1,2787.86
16373,2031,311297,1,3112.97
16374,2031,255388,1,2553.88
16375,2031,236541,1,2365.41
16377,2031,70538,1,705.38
16378,2031,60289,1,602.89
16379,2031,110973,1,1109.73
16382,2031,109822,1,1098.22
16383,2031,609889,1,6098.89
16384,2031,298223,1,2982.23
16386,2031,292882,1,2928.82
16387,2031,233601,1,2336.01
16388,2031,195310,1,1953.1
16389,2031,279424,1,2794.24
16391,2031,311671,1,3116.71
16392,2031,362236,1,3622.36
16393,2031,181643,1,1816.43
16395,2031,537430,2,5374.3
16397,2031,129043,1,1290.43
16399,2031,197294,1,1972.94
16400,2031,298400,1,2984.0
16403,2031,357440,1,3574.4
16404,2031,249430,1,2494.3
16406,2031,206559,1,2065.59
16407,2031,86707,1,867.07
16408,2031,127005,1,1270.05
16409,2031,166323,1,1663.23
16412,2031,520129,1,5201.29
16414,2031,353395,1,3533.95
16417,2031,344350,1,3443.5
16418,2031,1332298,1,13322.98
16421,2031,311564,1,3115.64
16422,2031,206766,1,2067.66
16423,2031,995508,1,9955.08
16424,2031,342798,1,3427.98
16426,2031,156554,1,1565.54
16427,2031,92913,1,929.13
16428,2031,290195,1,2901.95
16429,2031,285809,1,2858.09
16432,2031,123207,1,1232.07
16433,2031,404580,1,4045.8
16434,2031,101355,1,1013.55
16435,2031,207051,2,2070.51
16436,2031,143567,1,1435.67
16438,2031,467300,2,4673.0
16439,2031,133490,1,1334.9
16441,2031,286595,1,2865.95
16443,2031,470666,1,4706.66
16445,2031,189504,1,1895.04
16448,2031,227723,1,2277.23
16453,2031,277926,1,2779.26
16454,2031,356518,1,3565.18
16455,2031,169401,1,1694.01
16458,2031,213552,1,2135.52
16459,2031,1268036,1,12680.36
16461,2031,6022035,5,60220.35
16462,2031,943894,1,9438.94
16464,2031,287018,1,2870.18
16466,2031,1982495,1,19824.95
16469,2031,54522,1,545.22
16470,2031,268316,1,2683.16
16471,2031,3107962,1,31079.62
16472,2031,3197224,2,31972.24
16473,2031,1225247,1,12252.47
16475,2031,4135636,1,41356.36
16478,2031,2649467,1,26494.67
16479,2031,1211707,1,12117.07
16480,2031,2648702,1,26487.02
16481,2031,3090358,1,30903.58
16483,2031,1113454,1,11134.54
16484,2031,1113454,1,11134.54
16485,2031,1296337,1,12963.37
16486,2031,1296377,1,12963.77
16487,2031,1170277,1,11702.77
16491,2031,3108759,1,31087.59
16492,2031,2375912,1,23759.12
16493,2031,2767271,1,27672.71
16494,2031,1768817,1,17688.17
16495,2031,1258846,1,12588.46
16496,2031,6068396,3,60683.96
16497,2031,1539975,1,15399.75
16498,2031,3039181,1,30391.81
16499,2031,2025318,1,20253.18
16500,2031,2375799,1,23757.99
16502,2031,1768990,1,17689.9
16503,2031,1258900,1,12589.0
16504,2031,2311632,1,23116.32
16505,2031,1964226,1,19642.26
16507,2031,1308305,1,13083.05
16508,2031,2839729,1,28397.29
16509,2031,2255726,3,22557.26
16510,2031,2070994,1,20709.94
16511,2031,2528639,2,25286.39
16512,2031,3218293,2,32182.93
16513,2031,2387828,1,23878.28
16514,2031,3482015,1,34820.15
16515,2031,2025414,1,20254.14
16516,2031,2040178,1,20401.78
16517,2031,2039996,1,20399.96
16518,2031,2641989,1,26419.89
16520,2031,2724491,1,27244.91
16521,2031,2495991,1,24959.91
16522,2031,2454517,1,24545.17
16523,2031,3131514,1,31315.14
16524,2031,2311315,1,23113.15
16525,2031,2210919,1,22109.19
16526,2031,2449902,1,24499.02
16527,2031,2136022,1,21360.22
16528,2031,1664919,1,16649.19
16529,2031,2135002,1,21350.02
16530,2031,2451324,1,24513.24
16532,2031,1233013,1,12330.13
16533,2031,2048858,1,20488.58
16534,2031,1761089,1,17610.89
16535,2031,2440975,1,24409.75
16536,2031,2439961,1,24399.61
16537,2031,2054212,1,20542.12
16538,2031,2299929,1,22999.29
16540,2031,2044187,1,20441.87
16541,2031,3481550,1,34815.5
16543,2031,1743444,1,17434.44
16545,2031,2904855,1,29048.55
16546,2031,2724491,1,27244.91
16547,2031,4515420,2,45154.2
16548,2032,6052952,2,60529.52
16549,2032,2454517,1,24545.17
16550,2032,3130556,1,31305.56
16551,2032,3740476,1,37404.76
16555,2032,939123,2,9391.23
16556,2032,1241276,1,12412.76
16557,2032,2451324,1,24513.24
16558,2032,2381283,1,23812.83
16559,2032,1232843,1,12328.43
16563,2032,2048858,1,20488.58
16564,2032,2399434,1,23994.34
16565,2032,2729836,1,27298.36
16566,2032,2299198,1,22991.98
16567,2032,2730346,1,27303.46
16568,2032,2290033,1,22900.33
16569,2032,4122663,2,41226.63
16570,2032,2361237,1,23612.37
16571,2032,2357793,1,23577.93
16572,2032,2903725,1,29037.25
16573,2032,3906593,1,39065.93
16576,2032,1300532,1,13005.32
16577,2032,5847927,3,58479.27
16579,2032,4756113,1,47561.13
16580,2032,1867962,1,18679.62
16581,2032,1741449,1,17414.49
16582,2032,1761089,1,17610.89
16583,2032,1903954,1,19039.54
16584,2032,3001888,2,30018.88
16585,2032,5224322,3,52243.22
16586,2032,1743444,1,17434.44
16587,2032,3892323,1,38923.23
16588,2032,4701826,2,47018.26
16589,2032,2163010,1,21630.1
16590,2032,2975316,1,29753.16
16591,2032,2700324,1,27003.24
16592,2032,3377592,2,33775.92
16593,2032,3183013,2,31830.13
16594,2032,2381399,1,23813.99
16595,2032,2044884,1,20448.84
16596,2032,2399678,1,23996.78
16597,2032,1741625,1,17416.25
16598,2032,2453156,1,24531.56
16599,2032,1827212,1,18272.12
16600,2032,4561449,3,45614.49
16601,2032,1203398,1,12033.98
16602,2032,2491934,1,24919.34
16603,2032,3778190,2,37781.9
16604,2032,2190937,1,21909.37
16605,2032,4084250,1,40842.5
16606,2032,1755951,1,17559.51
16607,2032,2479286,1,24792.86
16608,2032,3483147,2,34831.47
16609,2032,2700975,1,27009.75
16611,2032,1903624,1,19036.24
16612,2032,2453597,1,24535.97
16613,2032,1826581,1,18265.81
16614,2032,2044030,1,20440.3
16615,2032,2922069,1,29220.69
16616,2032,1203207,1,12032.07
16617,2032,3012171,2,30121.71
16621,2032,2681104,1,26811.04
16622,2032,2190709,1,21907.09
16623,2032,2426808,1,24268.08
16624,2032,1839212,1,18392.12
16625,2032,2478732,1,24787.32
16626,2032,1300375,1,13003.75
16627,2032,2466190,1,24661.9
16628,2032,2416008,1,24160.08
16629,2032,2781968,1,27819.68
16630,2032,2507065,1,25070.65
16631,2032,2337643,1,23376.43
16632,2032,2337643,1,23376.43
16633,2032,4581888,2,45818.88
16634,2032,2221502,1,22215.02
16635,2032,2338875,1,23388.75
16636,2032,2405894,1,24058.94
16638,2032,2303728,1,23037.28
16639,2032,2584942,1,25849.42
16640,2032,2426694,1,24266.94
16641,2032,3014504,1,30145.04
16642,2032,3153177,1,31531.77
16643,2032,1953087,1,19530.87
16644,2032,1889134,1,18891.34
16645,2032,3058342,1,30583.42
16646,2032,1148232,1,11482.32
16648,2032,2287029,1,22870.29
16651,2032,2339280,1,23392.8
16653,2032,2275756,1,22757.56
16654,2032,3154357,1,31543.57
16655,2032,1147891,1,11478.91
16656,2032,2220700,1,22207.0
16657,2032,1196029,1,11960.29
16660,2032,2584942,1,25849.42
16661,2032,3014504,1,30145.04
16662,2032,1662720,1,16627.2
16663,2032,1889134,1,18891.34
16667,2032,2519925,1,25199.25
16668,2032,2301132,1,23011.32
16669,2032,6023269,3,60232.69
16671,2032,3641745,1,36417.45
16672,2032,2577112,1,25771.12
16673,2032,2733188,1,27331.88
16674,2032,3975688,1,39756.88
16675,2032,1707685,1,17076.85
16676,2032,2258758,1,22587.58
16677,2032,1824089,1,18240.89
16678,2032,2657970,1,26579.7
16679,2032,2276231,1,22762.31
16680,2032,2304549,1,23045.49
16681,2032,3020447,1,30204.47
16682,2032,1662720,1,16627.2
16683,2032,1144722,1,11447.22
16684,2032,2286191,1,22861.91
16685,2032,3623487,1,36234.87
16686,2032,3642983,1,36429.83
16688,2032,2487727,1,24877.27
16689,2032,1977550,1,19775.5
16691,2032,2258019,1,22580.19
16692,2032,1196281,1,11962.81
16693,2032,1098437,1,10984.37
16694,2032,2429773,1,24297.73
16695,2032,2238956,1,22389.56
16697,2032,3514021,2,35140.21
16698,2032,1259599,1,12595.99
16699,2032,1148005,1,11480.05
16700,2032,1177041,1,11770.41
16701,2032,1445664,1,14456.64
16702,2032,2520273,1,25202.73
16703,2032,2530375,1,25303.75
16704,2032,2476799,1,24767.99
16705,2032,2302096,1,23020.96
16706,2032,2772686,1,27726.86
16707,2032,1970866,1,19708.66
16709,2032,2733188,1,27331.88
16710,2032,2476799,1,24767.99
16711,2032,2732900,1,27329.0
16712,2032,2732193,1,27321.93
16714,2032,1861954,1,18619.54
16715,2032,1905633,1,19056.33
16716,2032,2658754,1,26587.54
16717,2032,1069356,1,10693.56
16718,2032,2064401,1,20644.01
16721,2032,2429683,1,24296.83
16722,2032,2772686,1,27726.86
16725,2032,1259599,1,12595.99
16726,2032,1175090,1,11750.9
16727,2032,891350,1,8913.5
16728,2032,2315096,1,23150.96
16729,2032,2558210,1,25582.1
16730,2032,2235955,1,22359.55
16731,2032,2530984,1,25309.84
16734,2032,1868778,1,18687.78
16735,2032,1565680,1,15656.8
16738,2032,2181205,1,21812.05
16739,2032,2601193,1,26011.93
16741,2032,1862525,1,18625.25
16742,2032,4035502,2,40355.02
16743,2032,1027829,1,10278.29
16744,2032,1069607,1,10696.07
16745,2032,2064412,1,20644.12
16746,2032,2386881,1,23868.81
16747,2032,2264299,1,22642.99
16748,2032,2324972,1,23249.72
16750,2032,2449937,1,24499.37
16751,2032,3159190,2,31591.9
16752,2032,2552187,1,25521.87
16753,2032,1175090,1,11750.9
16754,2032,1094047,1,10940.47
16755,2032,1093806,1,10938.06
16756,2032,2557470,1,25574.7
16758,2032,2818623,1,28186.23
16759,2032,2650014,1,26500.14
16761,2032,2760945,1,27609.45
16762,2032,3005518,1,30055.18
16763,2032,2907356,1,29073.56
16764,2032,1868119,1,18681.19
16765,2032,1957320,1,19573.2
16766,2032,1970761,1,19707.61
16768,2032,1871164,1,18711.64
16769,2032,1870707,1,18707.07
16770,2032,1490299,1,14902.99
16771,2032,2324972,1,23249.72
16772,2032,2256879,1,22568.79
16773,2032,1721776,1,17217.76
16774,2032,2331896,1,23318.96
16775,2032,2699521,2,26995.21
16776,2032,2315096,1,23150.96
16777,2032,3024880,1,30248.8
16778,2032,2817623,1,28176.23
16779,2032,2761393,1,27613.93
16780,2032,3572616,2,35726.16
16782,2032,1944028,1,19440.28
16783,2032,1943474,1,19434.74
16786,2032,2150470,1,21504.7
16788,2032,1698248,1,16982.48
16789,2032,3087494,2,30874.94
16791,2032,2364144,1,23641.44
16793,2032,2295414,1,22954.14
16794,2032,1490170,1,14901.7
16796,2032,2981292,1,29812.92
16797,2032,2389101,1,23891.01
16798,2032,2256879,1,22568.79
16799,2032,4725224,2,47252.24
16800,2032,2906810,1,29068.1
16801,2032,2241071,1,22410.71
16803,2032,2312886,1,23128.86
16804,2032,2150482,1,21504.82
16805,2032,2364750,1,23647.5
16806,2032,2115874,1,21158.74
16807,2032,1324809,1,13248.09
16808,2032,2285560,1,22855.6
16809,2032,2389655,1,23896.55
16810,2032,2169754,1,21697.54
16811,2032,2812695,2,28126.95
16813,2032,2540459,1,25404.59
16814,2032,1971954,1,19719.54
16816,2032,2498983,1,24989.83
16818,2032,5080815,3,50808.15
16820,2032,1273525,1,12735.25
16821,2032,2982109,1,29821.09
16822,2032,2079479,1,20794.79
16824,2032,1946617,1,19466.17
16825,2032,2240485,1,22404.85
16826,2032,1698248,1,16982.48
16827,2032,1061050,1,10610.5
16828,2032,1219854,1,12198.54
16830,2032,2500753,1,25007.53
16832,2032,2954045,2,29540.45
16833,2032,2305171,1,23051.71
16834,2032,2233135,1,22331.35
16836,2032,2954076,3,29540.76
16837,2032,2581571,1,25815.71
16838,2032,2582192,1,25821.92
16839,2032,2633095,1,26330.95
16840,2032,2288474,1,22884.74
16841,2032,2288211,1,22882.11
16842,2032,1238948,1,12389.48
16843,2032,2540689,1,25406.89
16844,2032,2541292,1,25412.92
16845,2032,1971795,1,19717.95
16846,2032,3024880,1,30248.8
16847,2032,3865544,1,38655.44
16849,2032,2935507,1,29355.07
16850,2032,1947190,1,19471.9
16851,2032,2498734,1,24987.34
16852,2032,1948327,1,19483.27
16853,2032,1114908,1,11149.08
16855,2032,2384973,1,23849.73
16856,2032,2441066,1,24410.66
16857,2032,1076245,1,10762.45
16858,2032,1219750,1,12197.5
16859,2032,1442021,1,14420.21
16861,2032,1868856,1,18688.56
16863,2032,1568695,1,15686.95
16864,2032,2501384,1,25013.84
16865,2032,2233135,1,22331.35
16866,2032,2305336,1,23053.36
16867,2032,2336447,1,23364.47
16868,2032,2412775,1,24127.75
16869,2032,2287011,1,22870.11
16870,2032,2272339,1,22723.39
16871,2032,2272626,1,22726.26
16872,2032,2822679,1,28226.79
16873,2032,2633131,1,26331.31
16874,2032,2079916,1,20799.16
16875,2032,2540271,1,25402.71
16876,2032,1422025,1,14220.25
16877,2032,2312323,1,23123.23
16878,2032,1309523,1,13095.23
16879,2032,2117738,1,21177.38
16881,2032,2247768,1,22477.68
16882,2032,1075954,1,10759.54
16884,2032,1214590,1,12145.9
16886,2032,1868289,1,18682.89
16888,2032,2442160,1,24421.6
16889,2032,2336974,1,23369.74
16890,2032,2636881,1,26368.81
16891,2032,2287011,1,22870.11
16893,2032,2418771,1,24187.71
16894,2032,2231269,1,22312.69
16895,2032,1313991,1,13139.91
16896,2032,3864833,1,38648.33
16897,2032,2407208,1,24072.08
16898,2032,2257510,1,22575.1
16899,2032,2936292,1,29362.92
16900,2032,2557696,1,25576.96
16901,2032,2311993,1,23119.93
16902,2032,2117269,1,21172.69
16904,2032,1503479,1,15034.79
16910,2032,1265041,1,12650.41
16912,2032,1214259,1,12142.59
16913,2032,1441983,1,14419.83
16914,2032,2033881,1,20338.81
16915,2032,1272837,1,12728.37
16916,2032,4325585,3,43255.85
16917,2032,2913619,1,29136.19
16918,2032,2568979,1,25689.79
16919,2032,1309523,1,13095.23
16920,2032,2134764,1,21347.64
16921,2032,2135183,1,21351.83
16922,2032,1594068,1,15940.68
16924,2032,2083857,1,20838.57
16925,2032,2231269,1,22312.69
16926,2032,3176200,2,31762.0
16927,2032,2026804,2,20268.04
16928,2032,3602786,2,36027.86
16929,2032,2382518,1,23825.18
16930,2032,1146877,1,11468.77
16931,2032,1588527,2,15885.27
16933,2032,2679440,1,26794.4
16935,2032,2248366,1,22483.66
16938,2032,2496041,1,24960.41
16939,2032,1475861,1,14758.61
16942,2032,1793269,1,17932.69
16943,2032,2636637,1,26366.37
16944,2032,2418771,1,24187.71
16945,2032,2600004,1,26000.04
16946,2032,2599302,1,25993.02
16947,2032,1251861,1,12518.61
16948,2032,2064093,1,20640.93
16949,2032,3257491,1,32574.91
16952,2032,2696326,1,26963.26
16953,2032,1462018,1,14620.18
16954,2032,2002889,1,20028.89
16955,2032,2557696,1,25576.96
16956,2032,1061897,1,10618.97
16958,2032,2179044,1,21790.44
16959,2032,2178490,1,21784.9
16960,2032,2241138,1,22411.38
16961,2032,2240673,1,22406.73
16962,2032,2355235,1,23552.35
16964,2032,2236073,1,22360.73
16965,2032,1839224,1,18392.24
16966,2032,1305420,1,13054.2
16967,2032,2507177,1,25071.77
16968,2032,1272837,1,12728.37
16969,2032,2699979,1,26999.79
16970,2032,998588,1,9985.88
16973,2032,2251448,1,22514.48
16974,2032,2002889,1,20028.89
16975,2032,1061656,1,10616.56
16976,2032,1422025,1,14220.25
16977,2032,2679494,1,26794.94
16979,2032,2338450,1,23384.5
16980,2032,2195379,1,21953.79
16982,2032,2030323,1,20303.23
16983,2032,998588,1,9985.88
16984,2032,2353084,1,23530.84
16985,2032,2079688,1,20796.88
16986,2032,2295371,1,22953.71
16987,2032,2914547,1,29145.47
16988,2032,1252029,1,12520.29
16990,2032,2064093,1,20640.93
16992,2032,1262960,1,12629.6
16995,2032,1604402,1,16044.02
16996,2032,2433392,1,24333.92
16997,2032,2406800,1,24068.0
16999,2032,2338450,1,23384.5
17000,2032,2236453,1,22364.53
17002,2032,1839654,1,18396.54
17004,2032,2700217,1,27002.17
17005,2032,2372955,1,23729.55
17006,2032,1723450,1,17234.5
17007,2032,1722796,1,17227.96
17008,2032,2280956,1,22809.56
17009,2032,1263014,1,12630.14
17010,2032,2251023,1,22510.23
17011,2032,2696750,1,26967.5
17012,2032,1462276,1,14622.76
17013,2032,1314457,1,13144.57
17014,2032,1572646,1,15726.46
17015,2032,2195379,1,21953.79
17016,2032,2294958,1,22949.58
17017,2032,2387118,1,23871.18
17019,2032,2058704,1,20587.04
17022,2032,2388321,1,23883.21
17023,2032,1536097,1,15360.97
17024,2032,1422025,1,14220.25
17025,2032,2407208,1,24072.08
17026,2032,1964113,1,19641.13
17028,2032,1670688,2,16706.88
17029,2032,1850599,1,18505.99
17032,2032,2388909,1,23889.09
17033,2032,2111547,1,21115.47
17034,2032,1827995,1,18279.95
17035,2032,1444118,1,14441.18
17037,2032,1088577,1,10885.77
17038,2032,2353084,1,23530.84
17039,2032,2281051,1,22810.51
17040,2032,3018330,1,30183.3
17041,2032,2696903,1,26969.03
17042,2032,2704488,1,27044.88
17044,2032,1976665,1,19766.65
17045,2032,2346288,1,23462.88
17046,2032,1964878,1,19648.78
17047,2032,1976610,1,19766.1
17051,2032,1827995,1,18279.95
17052,2032,2058155,1,20581.55
17053,2032,1444206,1,14442.06
17054,2032,1088223,1,10882.23
17055,2032,3417020,1,34170.2
17056,2032,2571286,1,25712.86
17057,2032,2336416,1,23364.16
17059,2032,2030102,1,20301.02
17060,2032,2366618,1,23666.18
17061,2032,1139280,1,11392.8
17062,2032,1139532,1,11395.32
17063,2032,2366060,1,23660.6
17064,2032,1787694,1,17876.94
17067,2032,2980465,2,29804.65
17068,2032,2418571,1,24185.71
17069,2032,2837773,1,28377.73
17070,2032,1968790,1,19687.9
17071,2032,2582670,1,25826.7
17072,2032,2033653,1,20336.53
17073,2032,2175910,1,21759.1
17074,2032,2180598,1,21805.98
17078,2032,2266101,1,22661.01
17080,2032,1787694,1,17876.94
17081,2032,1445454,1,14454.54
17083,2032,2033653,1,20336.53
17084,2032,1542362,1,15423.62
17085,2032,2180477,1,21804.77
17086,2032,2039910,1,20399.1
17087,2032,1767164,1,17671.64
17088,2032,2346908,1,23469.08
17089,2032,924155,2,9241.55
17090,2032,2452470,1,24524.7
17091,2032,2624801,1,26248.01
17092,2032,4157895,2,41578.95
17093,2032,3194895,1,31948.95
17094,2032,3598777,1,35987.77
17095,2032,3416702,1,34167.02
17096,2032,2336568,1,23365.68
17097,2032,2023801,1,20238.01
17098,2032,2203048,1,22030.48
17099,2032,2089888,1,20898.88
17101,2032,2418258,1,24182.58
17102,2032,2117352,1,21173.52
17103,2033,2358297,1,23582.97
17104,2033,2838382,1,28383.82
17105,2033,2582719,1,25827.19
17106,2033,1542362,1,15423.62
17107,2033,4140875,2,41408.75
17108,2033,2664720,1,26647.2
17109,2033,3704576,2,37045.76
17110,2033,2600594,1,26005.94
17111,2033,2664720,1,26647.2
17112,2033,2040419,1,20404.19
17113,2033,4559274,5,45592.74
17115,2033,6116425,2,61164.25
17116,2033,2385782,1,23857.82
17117,2033,2384415,1,23844.15
17118,2033,2244589,1,22445.89
17120,2033,2337898,3,23378.98
17122,2033,2600781,1,26007.81
17124,2033,2302275,1,23022.75
17125,2033,2583793,2,25837.93
17126,2033,3503643,3,35036.43
17127,2033,2936102,3,29361.02
17128,2033,2624801,1,26248.01
17129,2033,2162050,1,21620.5
17130,2033,2126584,2,21265.84
17131,2033,2202632,1,22026.32
17132,2033,2245138,1,22451.38
17133,2033,2657517,1,26575.17
17134,2033,3366619,3,33666.19
17135,2033,1985087,1,19850.87
17137,2033,5744141,3,57441.41
17138,2033,2529001,1,25290.01
17139,2033,2318937,1,23189.37
17140,2033,2302814,1,23028.14
17141,2033,2318937,1,23189.37
17142,2033,2452224,1,24522.24
17144,2033,2384117,1,23841.17
17145,2033,3598777,1,35987.77
17147,2033,1787994,1,17879.94
17149,2033,2045525,1,20455.25
17150,2033,2045525,1,20455.25
17151,2033,1745021,1,17450.21
17153,2033,2671835,1,26718.35
17155,2033,1985087,1,19850.87
17156,2033,2850497,1,28504.97
17157,2033,2965814,1,29658.14
17158,2033,2940603,1,29406.03
17160,2033,2358284,1,23582.84
17161,2033,2048863,1,20488.63
17162,2033,2378969,1,23789.69
17163,2033,2320208,1,23202.08
17168,2033,2554586,1,25545.86
17169,2033,4184627,1,41846.27
17170,2033,2237876,1,22378.76
17172,2033,2183950,2,21839.5
17175,2033,2997842,1,29978.42
17176,2033,1943957,1,19439.57
17177,2033,2693496,1,26934.96
17178,2033,1940337,1,19403.37
17179,2033,1787994,1,17879.94
17181,2033,1114159,1,11141.59
17182,2033,5459995,11,54599.95
17183,2033,5118189,5,51181.89
17184,2033,1729138,2,17291.38
17185,2033,2178089,1,21780.89
17186,2033,2528368,1,25283.68
17188,2033,2356821,1,23568.21
17189,2033,3073189,2,30731.89
17190,2033,2358776,1,23587.76
17192,2033,2353354,1,23533.54
17193,2033,2319879,1,23198.79
17194,2033,2798559,4,27985.59
17197,2033,2805824,1,28058.24
17198,2033,3981929,2,39819.29
17199,2033,2238412,1,22384.12
17200,2033,1402195,1,14021.95
17201,2033,1944212,1,19442.12
17202,2033,3751370,8,37513.7
17203,2033,4928160,16,49281.6
17204,2033,4210355,5,42103.55
17205,2033,2872272,1,28722.72
17206,2033,2438384,6,24383.84
17207,2033,3706259,7,37062.59
17208,2033,2428584,1,24285.84
17209,2033,2213510,1,22135.1
17210,2033,2851126,1,28511.26
17211,2033,2966135,1,29661.35
17212,2033,2941273,1,29412.73
17213,2033,1650164,4,16501.64
17214,2033,2835922,1,28359.22
17215,2033,2071967,1,20719.67
17216,2033,2072535,1,20725.35
17218,2033,2354218,1,23542.18
17219,2033,1743099,1,17430.99
17220,2033,1934465,1,19344.65
17221,2033,4257186,2,42571.86
17224,2033,4560751,1,45607.51
17225,2033,2454807,1,24548.07
17226,2033,2554775,1,25547.75
17227,2033,2036553,1,20365.53
17228,2033,2854929,1,28549.29
17229,2033,1810060,1,18100.6
17230,2033,4985318,1,49853.18
17232,2033,1739599,1,17395.99
17233,2033,2428129,1,24281.29
17234,2033,2175149,1,21751.49
17235,2033,2174563,1,21745.63
17236,2033,2191545,1,21915.45
17237,2033,2529748,4,25297.48
17238,2033,1896080,1,18960.8
17240,2033,2805824,1,28058.24
17241,2033,1704348,1,17043.48
17242,2033,2725063,1,27250.63
17243,2033,3756533,1,37565.33
17244,2033,3632032,6,36320.32
17245,2033,2693733,6,26937.33
17246,2033,2984806,1,29848.06
17247,2033,4089942,9,40899.42
17249,2033,2693496,1,26934.96
17250,2033,3608005,5,36080.05
17251,2033,5910286,2,59102.86
17252,2033,1512591,1,15125.91
17253,2033,2795319,1,27953.19
17254,2033,2178391,1,21783.91
17255,2033,3995168,7,39951.68
17256,2033,1246724,3,12467.24
17257,2033,2840612,1,28406.12
17259,2033,3114824,1,31148.24
17260,2033,1934279,1,19342.79
17261,2033,2015563,1,20155.63
17262,2033,3533888,6,35338.88
17263,2033,5551402,8,55514.02
17264,2033,2705835,3,27058.35
17265,2033,2503404,5,25034.04
17267,2033,2804582,2,28045.82
17268,2033,2854096,1,28540.96
17269,2033,2037131,1,20371.31
17270,2033,2388746,1,23887.46
17271,2033,4817664,1,48176.64
17272,2033,5783002,18,57830.02
17273,2033,4011195,1,40111.95
17274,2033,1516432,2,15164.32
17275,2033,2749213,3,27492.13
17278,2033,2636718,1,26367.18
17279,2033,2360180,1,23601.8
17280,2033,3000500,3,30005.0
17281,2033,2835785,1,28357.85
17282,2033,2370394,1,23703.94
17283,2033,2808552,1,28085.52
17284,2033,4741641,1,47416.41
17285,2033,3114915,1,31149.15
17287,2033,2260436,1,22604.36
17288,2033,4245598,1,42455.98
17289,2033,2369806,1,23698.06
17291,2033,2612005,4,26120.05
17292,2033,5459956,2,54599.56
17293,2033,2068308,1,20683.08
17294,2033,1650166,1,16501.66
17296,2033,3676352,2,36763.52
17297,2033,2499184,1,24991.84
17298,2033,2725679,1,27256.79
17299,2033,2175751,1,21757.51
17300,2033,1869284,1,18692.84
17302,2033,2326085,1,23260.85
17303,2033,3517987,2,35179.87
17304,2033,1370689,1,13706.89
17305,2033,2699824,1,26998.24
17307,2033,2472395,1,24723.95
17308,2033,2472599,1,24725.99
17309,2033,10148614,15,101486.14
17310,2033,2955159,1,29551.59
17311,2033,2794934,1,27949.34
17312,2033,2219194,1,22191.94
17314,2033,2899979,2,28999.79
17316,2033,2648288,1,26482.88
17317,2033,2498590,1,24985.9
17319,2033,1057075,1,10570.75
17322,2033,3373201,3,33732.01
17323,2033,1364572,1,13645.72
17324,2033,4648345,1,46483.45
17325,2033,4164982,1,41649.82
17326,2033,2068684,1,20686.84
17327,2033,3222841,1,32228.41
17328,2033,2389517,1,23895.17
17329,2033,2128593,1,21285.93
17330,2033,3006527,6,30065.27
17331,2033,3128145,1,31281.45
17333,2033,2649076,1,26490.76
17334,2033,1162766,1,11627.66
17335,2033,2741396,7,27413.96
17337,2033,2218973,1,22189.73
17339,2033,2059742,1,20597.42
17340,2033,1817354,1,18173.54
17341,2033,2537463,2,25374.63
17342,2033,2586771,1,25867.71
17344,2033,3455021,2,34550.21
17345,2033,4781610,3,47816.1
17347,2033,2372071,1,23720.71
17348,2033,3483803,2,34838.03
17351,2033,2556766,1,25567.66
17353,2033,4198837,4,41988.37
17354,2033,4824682,8,48246.82
17355,2033,4471815,5,44718.15
17356,2033,1686172,1,16861.72
17357,2033,1202878,1,12028.78
17358,2033,4238572,16,42385.72
17359,2033,2372665,1,23726.65
17360,2033,2454567,1,24545.67
17361,2033,2716978,1,27169.78
17362,2033,2213915,1,22139.15
17363,2033,2213308,1,22133.08
17365,2033,1817543,1,18175.43
17366,2033,1887770,1,18877.7
17367,2033,2587287,1,25872.87
17368,2033,2317059,1,23170.59
17370,2033,3269455,3,32694.55
17372,2033,4011899,1,40118.99
17373,2033,1972225,1,19722.25
17374,2033,7783970,5,77839.7
17375,2033,2059444,1,20594.44
17376,2033,3246643,2,32466.43
17377,2033,2512025,1,25120.25
17380,2033,1983796,1,19837.96
17381,2033,2251797,2,22517.97
17383,2033,3120412,3,31204.12
17384,2033,5052415,3,50524.15
17385,2033,3619574,1,36195.74
17387,2033,2491527,1,24915.27
17388,2033,2214166,1,22141.66
17389,2033,1889388,1,18893.88
17391,2033,2172379,1,21723.79
17392,2033,2844250,1,28442.5
17393,2033,1056794,1,10567.94
17394,2033,1036956,2,10369.56
17396,2033,2544441,1,25444.41
17397,2033,1956985,1,19569.85
17398,2033,1998745,1,19987.45
17399,2033,2968419,2,29684.19
17400,2033,2882655,1,28826.55
17401,2033,2703021,1,27030.21
17402,2033,4361285,4,43612.85
17403,2033,1170686,1,11706.86
17404,2033,2701345,1,27013.45
17405,2033,2583373,1,25833.73
17406,2033,1787070,1,17870.7
17407,2033,2239054,1,22390.54
17408,2033,2060037,1,20600.37
17409,2033,5481752,3,54817.52
17411,2033,2524500,1,25245.0
17412,2033,2347167,1,23471.67
17414,2033,3917804,6,39178.04
17415,2033,3287056,1,32870.56
17416,2033,5386078,7,53860.78
17419,2033,2703136,1,27031.36
17420,2033,539328,2,5393.28
17421,2033,1753649,3,17536.49
17423,2033,2502522,5,25025.22
17425,2033,2454063,1,24540.63
17426,2033,2716565,1,27165.65
17428,2033,2805171,1,28051.71
17429,2033,138291,1,1382.91
17430,2033,1953507,1,19535.07
17433,2033,2753637,1,27536.37
17434,2033,2233974,1,22339.74
17435,2033,1195594,1,11955.94
17436,2033,5684392,6,56843.92
17437,2033,5324601,20,53246.01
17438,2033,2357633,1,23576.33
17440,2033,2639200,1,26392.0
17442,2033,2556727,1,25567.27
17443,2033,2264075,1,22640.75
17444,2033,1998954,1,19989.54
17445,2033,1974562,1,19745.62
17446,2033,3883037,2,38830.37
17447,2033,2133347,1,21333.47
17448,2033,2209880,2,22098.8
17449,2033,1143650,1,11436.5
17450,2033,1057075,1,10570.75
17451,2033,1889586,1,18895.86
17452,2033,2737169,5,27371.69
17453,2033,2968266,1,29682.66
17454,2033,1768708,1,17687.08
17455,2033,2448209,1,24482.09
17456,2033,2203311,1,22033.11
17457,2033,2629919,2,26299.19
17458,2033,2263493,1,22634.93
17459,2033,2206493,2,22064.93
17460,2033,1832414,1,18324.14
17461,2033,2132883,1,21328.83
17463,2033,4113030,22,41130.3
17464,2033,4794368,2,47943.68
17465,2033,2160355,1,21603.55
17466,2033,1787677,1,17876.77
17469,2033,2978381,2,29783.81
17470,2033,2805171,1,28051.71
17471,2033,3185572,1,31855.72
17475,2033,1924721,1,19247.21
17476,2033,2653811,1,26538.11
17477,2033,3414337,1,34143.37
17478,2033,2986403,2,29864.03
17480,2033,1486939,1,14869.39
17481,2033,2654442,1,26544.42
17482,2033,3100878,2,31008.78
17484,2033,2700744,1,27007.44
17485,2033,2485579,4,24855.79
17486,2033,2583373,1,25833.73
17487,2033,1513592,1,15135.92
17489,2033,2968266,1,29682.66
17490,2033,2477291,1,24772.91
17493,2033,2591850,2,25918.5
17494,2033,2417278,1,24172.78
17495,2033,2204336,1,22043.36
17498,2033,4011195,1,40111.95
17499,2033,1370200,1,13702.0
17500,2033,2256307,1,22563.07
17501,2033,2762922,2,27629.22
17502,2033,2855493,1,28554.93
17503,2033,1373062,6,13730.62
17506,2033,2528304,1,25283.04
17508,2033,2861280,1,28612.8
17509,2033,3115479,1,31154.79
17510,2033,2037171,1,20371.71
17511,2033,2357176,1,23571.76
17512,2033,2492581,1,24925.81
17513,2033,2600473,1,26004.73
17515,2033,2203744,1,22037.44
17516,2033,2949132,1,29491.32
17517,2033,2948258,1,29482.58
17520,2033,2540798,1,25407.98
17523,2033,1369085,2,13690.85
17525,2033,2053693,1,20536.93
17527,2033,2365763,1,23657.63
17528,2033,2104935,1,21049.35
17529,2033,3638167,2,36381.67
17530,2033,2464057,1,24640.57
17531,2033,2553642,2,25536.42
17532,2033,1442899,4,14428.99
17533,2033,1224219,1,12242.19
17535,2033,2099650,1,20996.5
17536,2033,2244084,1,22440.84
17537,2033,3115479,1,31154.79
17538,2033,2881260,1,28812.6
17539,2033,1995175,1,19951.75
17540,2033,3184743,1,31847.43
17542,2033,3031261,1,30312.61
17543,2033,2760048,4,27600.48
17545,2033,2389530,1,23895.3
17548,2033,2358220,1,23582.2
17549,2033,873198,1,8731.98
17550,2033,3537966,1,35379.66
17551,2033,5218165,2,52181.65
17552,2033,3856953,1,38569.53
17553,2033,2256607,1,22566.07
17556,2033,2685687,14,26856.87
17557,2033,4710530,2,47105.3
17558,2033,4242532,1,42425.32
17559,2033,2549943,1,25499.43
17561,2033,2861580,1,28615.8
17565,2033,2416841,1,24168.41
17567,2033,1054620,6,10546.2
17568,2033,3630693,2,36306.93
17569,2033,1646435,1,16464.35
17570,2033,3835258,5,38352.58
17571,2033,1344959,2,13449.59
17573,2033,1152140,1,11521.4
17574,2033,4215388,5,42153.88
17575,2033,1564974,1,15649.74
17576,2033,2528847,1,25288.47
17577,2033,1077926,1,10779.26
17578,2033,683390,1,6833.9
17579,2034,2366806,1,23668.06
17580,2034,2443922,1,24439.22
17582,2034,1565459,1,15654.59
17585,2034,2107030,1,21070.3
17586,2034,2104935,1,21049.35
17587,2034,2358376,1,23583.76
17588,2034,1220503,1,12205.03
17590,2034,1152140,1,11521.4
17592,2034,1822971,2,18229.71
17593,2034,2646749,1,26467.49
17595,2034,1523048,3,15230.48
17598,2034,879120,3,8791.2
17599,2034,2573880,1,25738.8
17600,2034,2762145,1,27621.45
17601,2034,863066,1,8630.66
17602,2034,2297195,1,22971.95
17603,2034,4698793,2,46987.93
17604,2034,2880911,1,28809.11
17605,2034,3596119,2,35961.19
17606,2034,2497455,1,24974.55
17607,2034,2378396,1,23783.96
17609,2034,2307278,1,23072.78
17610,2034,2731137,3,27311.37
17611,2034,5218182,2,52181.82
17613,2034,2464258,1,24642.58
17614,2034,3272257,2,32722.57
17615,2034,2491877,1,24918.77
17618,2034,2732600,1,27326.0
17619,2034,3031823,1,30318.23
17620,2034,2840178,3,28401.78
17621,2034,3354185,4,33541.85
17622,2034,364346,1,3643.46
17623,2034,1709691,3,17096.91
17624,2034,3765507,1,37655.07
17625,2034,3855688,1,38556.88
17627,2034,3329988,2,33299.88
17629,2034,2574517,1,25745.17
17633,2034,6275166,4,62751.66
17634,2034,2540798,1,25407.98
17638,2034,2219641,1,22196.41
17640,2034,2723388,1,27233.88
17641,2034,2413718,1,24137.18
17642,2034,1222405,1,12224.05
17643,2034,1567998,1,15679.98
17644,2034,2348250,1,23482.5
17645,2034,2344871,1,23448.71
17646,2034,2234084,1,22340.84
17647,2034,3561835,1,35618.35
17648,2034,2918608,1,29186.08
17649,2034,2549943,1,25499.43
17650,2034,2277029,1,22770.29
17651,2034,2286635,1,22866.35
17652,2034,2113400,1,21134.0
17653,2034,2575082,1,25750.82
17654,2034,1971067,1,19710.67
17655,2034,1890979,2,18909.79
17657,2034,2414222,1,24142.22
17658,2034,1952608,1,19526.08
17659,2034,2272651,1,22726.51
17660,2034,1853966,1,18539.66
17661,2034,2142427,1,21424.27
17662,2034,2468556,1,24685.56
17665,2034,2386762,1,23867.62
17670,2034,2062898,1,20628.98
17671,2034,2825049,1,28250.49
17672,2034,3147118,2,31471.18
17673,2034,2245397,1,22453.97
17674,2034,4782318,2,47823.18
17675,2034,1325844,1,13258.44
17676,2034,2562064,1,25620.64
17677,2034,2104793,1,21047.93
17678,2034,2104645,1,21046.45
17679,2034,2219043,1,22190.43
17680,2034,2519399,1,25193.99
17681,2034,2853595,1,28535.95
17682,2034,2379264,1,23792.64
17685,2034,364936,1,3649.36
17686,2034,2768287,1,27682.87
17687,2034,1139455,1,11394.55
17688,2034,4278463,11,42784.63
17689,2034,1617695,3,16176.95
17691,2034,2598284,2,25982.84
17692,2034,3042813,1,30428.13
17693,2034,2286325,1,22863.25
17694,2034,1953221,1,19532.21
17695,2034,2498010,1,24980.1
17696,2034,2307709,1,23077.09
17699,2034,2170025,1,21700.25
17700,2034,3504996,1,35049.96
17701,2034,1841957,1,18419.57
17702,2034,2386750,1,23867.5
17703,2034,3126632,1,31266.32
17704,2034,2596424,1,25964.24
17716,2034,457767,1,4577.67
17718,2034,491495,1,4914.95
17720,2034,159710,1,1597.1
17721,2034,393426,1,3934.26
17724,2034,139812,2,1398.12
17726,2034,545883,3,5458.83
17728,2034,2538678,1,25386.78
17731,2034,147333,1,1473.33
17732,2034,247400,1,2474.0
17733,2034,365961,1,3659.61
17736,2034,386138,1,3861.38
17737,2034,3691991,1,36919.91
17738,2034,255462,2,2554.62
17739,2034,260679,1,2606.79
17743,2034,158294,1,1582.94
17746,2034,496192,3,4961.92
17751,2034,121289,1,1212.89
17752,2034,219999,2,2199.99
17757,2034,291188,1,2911.88
17760,2034,951297,2,9512.97
17768,2034,131213,1,1312.13
17769,2034,257722,2,2577.22
17780,2034,425233,1,4252.33
17786,2034,428099,1,4280.99
17791,2034,186938,1,1869.38
17792,2034,57777,1,577.77
17798,2034,246974,1,2469.74
17806,2034,504686,1,5046.86
17807,2034,177207,1,1772.07
17811,2034,920637,1,9206.37
17814,2034,552983,1,5529.83
17817,2034,438231,1,4382.31
17825,2034,203409,1,2034.09
17827,2034,147457,1,1474.57
17829,2034,148886,1,1488.86
17831,2034,299523,1,2995.23
17832,2034,300258,1,3002.58
17839,2034,438068,1,4380.68
17843,2034,676307,1,6763.07
17845,2034,455244,1,4552.44
17846,2034,314743,1,3147.43
17850,2034,177986,1,1779.86
17851,2034,147457,1,1474.57
17859,2034,454209,1,4542.09
17865,2034,1000492,1,10004.92
17873,2034,303779,1,3037.79
17877,2034,134493,1,1344.93
17878,2034,186121,1,1861.21
17883,2034,288480,1,2884.8
17886,2034,265074,1,2650.74
17890,2034,945742,1,9457.42
17891,2034,400265,1,4002.65
17901,2034,295240,1,2952.4
17911,2034,188106,1,1881.06
17913,2034,188684,1,1886.84
17916,2034,241281,1,2412.81
17918,2034,196668,1,1966.68
17925,2034,548763,1,5487.63
17928,2034,214936,1,2149.36
17932,2034,188587,1,1885.87
17933,2034,188201,1,1882.01
17936,2034,162218,1,1622.18
17937,2034,65649,1,656.49
17938,2034,152794,1,1527.94
17942,2034,69196,1,691.96
17943,2034,116481,1,1164.81
17948,2034,275232,1,2752.32
17956,2034,335198,1,3351.98
17962,2034,275074,1,2750.74
17965,2034,702696,1,7026.96
17968,2034,630005,1,6300.05
17969,2034,630708,1,6307.08
17970,2034,274894,1,2748.94
17972,2034,309640,1,3096.4
17973,2034,275399,1,2753.99
17975,2034,275447,1,2754.47
17980,2034,264195,1,2641.95
17981,2034,263980,1,2639.8
17986,2034,167472,1,1674.72
17987,2034,167107,1,1671.07
17992,2034,178405,1,1784.05
17993,2034,395817,1,3958.17
17995,2034,263911,1,2639.11
17997,2034,304221,1,3042.21
18002,2034,60024,1,600.24
18003,2034,108751,1,1087.51
18005,2034,145214,1,1452.14
18030,2034,226924,1,2269.24
18036,2034,264243,1,2642.43
18039,2034,304264,1,3042.64
18045,2034,150339,1,1503.39
18049,2034,109470,1,1094.7
18051,2034,48553,1,485.53
18054,2034,69654,1,696.54
18070,2034,176986,1,1769.86
18073,2034,252145,1,2521.45
18103,2034,302101,1,3021.01
18115,2034,333836,1,3338.36
18119,2034,239421,1,2394.21
18120,2034,156559,1,1565.59
18121,2034,475486,1,4754.86
18123,2034,150372,1,1503.72
18124,2034,246270,1,2462.7
18132,2034,313251,1,3132.51
18137,2034,110435,1,1104.35
18138,2034,214547,1,2145.47
18141,2034,237308,1,2373.08
18144,2034,354962,1,3549.62
18153,2034,214008,1,2140.08
18159,2034,237020,1,2370.2
18167,2034,529922,1,5299.22
18170,2034,233876,1,2338.76
18174,2034,453514,1,4535.14
18175,2034,188540,1,1885.4
18178,2034,1750115,1,17501.15
18180,2034,213444,1,2134.44
18184,2034,236909,1,2369.09
18189,2034,418719,1,4187.19
18194,2034,214136,1,2141.36
18195,2034,213316,1,2133.16
18196,2034,213572,1,2135.72
18201,2034,562655,1,5626.55
18202,2034,437522,1,4375.22
18205,2034,104759,1,1047.59
18209,2034,219596,1,2195.96
18211,2034,213316,1,2133.16
18218,2034,236932,1,2369.32
18221,2034,313388,1,3133.88
18223,2034,121163,1,1211.63
18225,2034,213880,1,2138.8
18228,2034,282934,1,2829.34
18229,2034,217165,1,2171.65
18235,2034,283483,1,2834.83
18238,2034,237308,1,2373.08
18240,2034,203188,1,2031.88
18241,2034,163599,1,1635.99
18248,2034,177345,1,1773.45
18249,2034,282670,1,2826.7
18260,2034,215819,1,2158.19
18261,2034,132133,1,1321.33
18266,2034,504202,1,5042.02
18271,2034,282758,1,2827.58
18272,2034,282439,1,2824.39
18275,2034,163215,1,1632.15
18278,2034,203567,1,2035.67
18299,2034,217166,1,2171.66
18300,2034,649909,1,6499.09
18304,2034,455102,1,4551.02
18305,2034,163333,1,1633.33
18307,2034,354183,1,3541.83
18309,2034,138948,1,1389.48
18310,2034,103900,1,1039.0
18311,2034,107478,1,1074.78
18316,2034,425047,1,4250.47
18317,2034,224955,1,2249.55
18322,2034,225776,1,2257.76
18327,2034,193013,1,1930.13
18334,2034,107266,1,1072.66
18336,2034,391016,1,3910.16
18337,2034,391283,1,3912.83
18338,2034,391202,1,3912.02
18339,2034,391714,1,3917.14
18351,2034,317527,1,3175.27
18354,2034,391796,1,3917.96
18355,2034,290741,1,2907.41
18356,2034,300470,1,3004.7
18361,2034,1203251,1,12032.51
18367,2034,283803,1,2838.03
18371,2034,283483,1,2834.83
18380,2034,145790,1,1457.9
18393,2034,1225853,1,12258.53
18401,2034,153666,1,1536.66
18405,2034,335827,1,3358.27
18408,2034,302905,1,3029.05
18410,2034,313301,1,3133.01
18419,2034,336250,1,3362.5
18420,2034,336340,1,3363.4
18427,2034,120931,1,1209.31
18429,2034,758277,4,7582.77
18432,2034,136346,1,1363.46
18433,2034,117110,1,1171.1
18435,2034,133614,1,1336.14
18436,2034,132367,1,1323.67
18442,2034,313865,1,3138.65
18444,2034,178314,1,1783.14
18448,2034,487370,1,4873.7
18449,2034,216794,1,2167.94
18450,2034,216794,1,2167.94
18451,2034,726578,1,7265.78
18461,2034,249313,1,2493.13
18463,2034,249313,1,2493.13
18465,2034,488003,1,4880.03
18467,2034,313211,1,3132.11
18469,2034,648047,1,6480.47
18476,2034,155299,1,1552.99
18486,2034,270232,1,2702.32
18487,2034,270533,1,2705.33
18490,2034,249748,1,2497.48
18491,2034,249313,1,2493.13
18493,2034,239586,1,2395.86
18495,2034,1257462,1,12574.62
18504,2034,302194,1,3021.94
18507,2034,316319,1,3163.19
18509,2034,286205,1,2862.05
18515,2034,271007,1,2710.07
18522,2034,363698,1,3636.98
18526,2034,220291,1,2202.91
18530,2034,120392,1,1203.92
18544,2034,235488,1,2354.88
18553,2034,240512,1,2405.12
18557,2034,171602,1,1716.02
18562,2034,171185,1,1711.85
18563,2034,170936,1,1709.36
18567,2034,171380,1,1713.8
18570,2034,235167,1,2351.67
18577,2034,175446,1,1754.46
18584,2034,140955,1,1409.55
18589,2034,159500,1,1595.0
18601,2034,91007,1,910.07
18610,2034,252632,1,2526.32
18611,2034,110650,1,1106.5
18612,2034,120508,1,1205.08
18613,2034,330342,1,3303.42
18618,2034,303274,1,3032.74
18620,2034,260631,1,2606.31
18624,2034,250823,1,2508.23
18628,2034,176135,1,1761.35
18637,2034,123209,1,1232.09
18638,2034,222955,2,2229.55
18641,2034,123663,1,1236.63
18646,2034,303166,1,3031.66
18661,2034,129668,1,1296.68
18663,2034,195106,1,1951.06
18670,2034,457481,1,4574.81
18674,2034,283279,1,2832.79
18681,2034,215520,1,2155.2
18686,2034,307442,1,3074.42
18695,2034,131951,1,1319.51
18709,2034,1160027,2,11600.27
18710,2034,106345,1,1063.45
18711,2034,106222,1,1062.22
18714,2034,215323,1,2153.23
18720,2034,132671,1,1326.71
18722,2034,110731,1,1107.31
18731,2034,325018,1,3250.18
18732,2034,215707,1,2157.07
18738,2034,150500,1,1505.0
18744,2034,195664,1,1956.64
18745,2034,351221,1,3512.21
18746,2034,351221,1,3512.21
18747,2034,308842,1,3088.42
18751,2034,160734,1,1607.34
18752,2034,168764,1,1687.64
18754,2034,169486,1,1694.86
18755,2034,169182,1,1691.82
18756,2034,121575,1,1215.75
18757,2034,166111,1,1661.11
18761,2034,55439,1,554.39
18770,2034,218503,1,2185.03
18771,2034,306862,1,3068.62
18779,2034,92601,1,926.01
18783,2034,218413,1,2184.13
18785,2034,237484,1,2374.84
18786,2034,195816,1,1958.16
18787,2034,371217,1,3712.17
18789,2034,309045,1,3090.45
18791,2034,169049,1,1690.49
18794,2034,286032,1,2860.32
18795,2034,285904,1,2859.04
18798,2034,306719,1,3067.19
18800,2034,237695,1,2376.95
18802,2034,198501,1,1985.01
18803,2034,136320,1,1363.2
18809,2034,195970,1,1959.7
18810,2034,308639,1,3086.39
18815,2034,132635,1,1326.35
18817,2034,436498,1,4364.98
18819,2034,274032,1,2740.32
18820,2034,375096,1,3750.96
18821,2034,439921,1,4399.21
18824,2034,195642,1,1956.42
18826,2034,274908,1,2749.08
18829,2034,237751,1,2377.51
18836,2034,144170,1,1441.7
18839,2034,375153,1,3751.53
18845,2034,307283,1,3072.83
18848,2034,237962,1,2379.62
18850,2034,195978,1,1959.78
18854,2034,283121,1,2831.21
18858,2034,178153,1,1781.53
18863,2034,208521,1,2085.21
18868,2034,113604,1,1136.04
18869,2034,125218,1,1252.18
18872,2034,64950,1,649.5
18881,2034,65368,1,653.68
18886,2034,161958,1,1619.58
18898,2034,106172,1,1061.72
18900,2034,114525,1,1145.25
18903,2034,313332,1,3133.32
18910,2034,283274,1,2832.74
18911,2034,186118,1,1861.18
18912,2034,324478,1,3244.78
18918,2034,103926,1,1039.26
18919,2034,163220,1,1632.2
18920,2034,130337,1,1303.37
18921,2034,125847,1,1258.47
18925,2034,144750,1,1447.5
18928,2034,417029,1,4170.29
18931,2034,275081,1,2750.81
18937,2034,377810,1,3778.1
18940,2034,185804,1,1858.04
18942,2034,201584,1,2015.84
18947,2034,329013,1,3290.13
18967,2034,328188,1,3281.88
18970,2034,125217,1,1252.17
18971,2034,137571,1,1375.71
18973,2034,313926,1,3139.26
18978,2034,167696,1,1676.96
18981,2034,162262,1,1622.62
18985,2034,120591,1,1205.91
18996,2034,373793,1,3737.93
18997,2034,373507,1,3735.07
18998,2034,307068,1,3070.68
18999,2034,237540,1,2375.4
19002,2034,255339,1,2553.39
19007,2034,548244,2,5482.44
19010,2034,330364,2,3303.64
19011,2034,136874,1,1368.74
19013,2034,289878,1,2898.78
19015,2034,125510,1,1255.1
19017,2034,130272,1,1302.72
19020,2034,333282,1,3332.82
19023,2034,129955,1,1299.55
19035,2034,99643,1,996.43
19037,2034,56691,1,566.91
19051,2034,162771,1,1627.71
19052,2034,271722,1,2717.22
19054,2034,168075,1,1680.75
19055,2034,401006,1,4010.06
19057,2034,192953,1,1929.53
19067,2034,317172,1,3171.72
19072,2034,304004,1,3040.04
19074,2034,304808,1,3048.08
19076,2034,168075,1,1680.75
19083,2034,232443,1,2324.43
19085,2034,334323,1,3343.23
19090,2034,257389,1,2573.89
19095,2034,1117466,1,11174.66
19100,2034,285251,1,2852.51
19105,2034,144361,1,1443.61
19106,2034,99932,1,999.32
19112,2034,198469,1,1984.69
19115,2034,573802,1,5738.02
19116,2034,188848,1,1888.48
19117,2034,188703,1,1887.03
19121,2034,489348,1,4893.48
19124,2034,98129,1,981.29
19126,2034,56300,1,563.0
19129,2034,115500,1,1155.0
19131,2034,56823,1,568.23
19134,2034,53776,1,537.76
19136,2034,162537,1,1625.37
19140,2034,168287,1,1682.87
19142,2034,244900,1,2449.0
19143,2034,200011,1,2000.11
19150,2034,316653,1,3166.53
19158,2034,179771,2,1797.71
19159,2034,93324,1,933.24
19160,2034,58622,1,586.22
19163,2034,386706,1,3867.06
19169,2034,272242,1,2722.42
19177,2034,98860,1,988.6
19180,2034,147728,1,1477.28
19181,2034,196389,1,1963.89
19184,2034,391745,1,3917.45
19188,2034,497128,1,4971.28
19197,2034,147814,1,1478.14
19199,2034,400996,1,4009.96
19200,2034,216893,1,2168.93
19203,2034,200160,1,2001.6
19205,2034,270386,1,2703.86
19213,2034,401346,1,4013.46
19214,2034,162002,1,1620.02
19218,2034,402433,1,4024.33
19220,2034,342138,1,3421.38
19223,2034,1252531,3,12525.31
19224,2034,103733,1,1037.33
19230,2034,199846,1,1998.46
19233,2034,609486,1,6094.86
19240,2034,392567,1,3925.67
19241,2034,253763,1,2537.63
19246,2034,159924,1,1599.24
19247,2034,148455,1,1484.55
19252,2034,512160,1,5121.6
19256,2034,425383,1,4253.83
19263,2034,235614,1,2356.14
19270,2034,117235,1,1172.35
19274,2034,511986,1,5119.86
19284,2034,342138,1,3421.38
19287,2034,178279,1,1782.79
19289,2034,392844,1,3928.44
19293,2034,154687,1,1546.87
19296,2034,289767,1,2897.67
19297,2034,103981,1,1039.81
19307,2034,145775,1,1457.75
19313,2034,319599,1,3195.99
19314,2034,356458,1,3564.58
19320,2034,301396,1,3013.96
19323,2034,184480,1,1844.8
19325,2034,186822,1,1868.22
19326,2034,92672,1,926.72
19328,2034,1666689,3,16666.89
19330,2034,190391,1,1903.91
19332,2034,211544,1,2115.44
19340,2034,466945,1,4669.45
19345,2034,184684,1,1846.84
19347,2034,209531,1,2095.31
19348,2034,436455,1,4364.55
19350,2034,211457,1,2114.57
19354,2034,774864,2,7748.64
19361,2034,133806,1,1338.06
19362,2034,279043,1,2790.43
19364,2034,190530,1,1905.3
19365,2034,209792,1,2097.92
19375,2034,231114,1,2311.14
19377,2034,207123,1,2071.23
19385,2034,211657,1,2116.57
19387,2034,145529,1,1455.29
19392,2034,379017,1,3790.17
19395,2034,175201,1,1752.01
19396,2034,490520,2,4905.2
19399,2034,122335,1,1223.35
19405,2034,341761,1,3417.61
19408,2034,231564,1,2315.64
19411,2034,208698,1,2086.98
19416,2034,254376,1,2543.76
19430,2034,287537,1,2875.37
19439,2034,856048,1,8560.48
19441,2034,113537,1,1135.37
19442,2034,1689461,2,16894.61
19452,2034,436455,1,4364.55
19458,2034,201171,1,2011.71
19461,2034,1975450,1,19754.5
19465,2034,110448,1,1104.48
19466,2034,131447,1,1314.47
19470,2034,171836,1,1718.36
19474,2034,297797,1,2977.97
19475,2034,1578529,2,15785.29
19485,2034,239900,1,2399.0
19489,2034,161016,1,1610.16
19495,2034,210994,1,2109.94
19499,2034,172116,1,1721.16
19503,2034,297469,1,2974.69
19507,2034,331172,1,3311.72
19509,2034,2466990,4,24669.9
19513,2034,145704,1,1457.04
19518,2034,297668,1,2976.68
19520,2034,318952,1,3189.52
19521,2034,223826,1,2238.26
19523,2034,151648,1,1516.48
19529,2034,638606,1,6386.06
19534,2034,620155,1,6201.55
19537,2034,236011,1,2360.11
19552,2034,166143,1,1661.43
19556,2034,411398,1,4113.98
19560,2034,297469,1,2974.69
19563,2034,383779,1,3837.79
19571,2034,266388,2,2663.88
19575,2034,411306,1,4113.06
19576,2034,320956,1,3209.56
19579,2034,387554,1,3875.54
19588,2034,808111,1,8081.11
19589,2034,215082,1,2150.82
19591,2034,110041,2,1100.41
19597,2034,44929,1,449.29
19598,2034,104071,1,1040.71
19601,2034,22946,1,229.46
19609,2034,279043,1,2790.43
19612,2034,620527,1,6205.27
19613,2034,262974,1,2629.74
19615,2034,226194,1,2261.94
19620,2034,423663,2,4236.63
19621,2034,297733,1,2977.33
19623,2034,23438,1,234.38
19633,2034,160749,1,1607.49
19634,2034,27261,1,272.61
19638,2034,102438,1,1024.38
19639,2034,86147,1,861.47
19640,2034,122235,1,1222.35
19641,2034,288404,2,2884.04
19643,2034,411306,1,4113.06
19645,2034,375976,1,3759.76
19648,2034,46451,1,464.51
19652,2034,292600,1,2926.0
19653,2034,214783,1,2147.83
19655,2034,51173,1,511.73
19656,2034,136296,1,1362.96
19657,2034,258741,3,2587.41
19659,2034,532491,3,5324.91
19667,2034,164716,1,1647.16
19669,2034,259134,1,2591.34
19671,2034,309335,2,3093.35
19672,2034,111951,1,1119.51
19674,2034,139366,1,1393.66
19678,2034,436102,1,4361.02
19685,2034,351849,1,3518.49
19687,2034,513779,3,5137.79
19691,2034,135794,1,1357.94
19692,2034,138981,1,1389.81
19693,2034,218868,1,2188.68
19694,2034,291023,1,2910.23
19697,2034,172704,1,1727.04
19700,2034,215152,1,2151.52
19703,2034,259714,1,2597.14
19706,2034,59945,1,599.45
19708,2034,114487,1,1144.87
19711,2034,53050,1,530.5
19713,2034,1528668,1,15286.68
19716,2034,228004,1,2280.04
19727,2034,261689,1,2616.89
19729,2034,363537,1,3635.37
19736,2034,262943,2,2629.43
19737,2034,614674,1,6146.74
19738,2034,1571974,1,15719.74
19744,2034,225541,1,2255.41
19750,2034,301192,1,3011.92
19751,2034,71325,1,713.25
19752,2034,53103,1,531.03
19754,2034,72161,1,721.61
19755,2034,137222,1,1372.22
19763,2034,236413,1,2364.13
19766,2034,225870,1,2258.7
19771,2034,358454,1,3584.54
19772,2034,261883,1,2618.83
19775,2034,182817,1,1828.17
19784,2034,263566,1,2635.66
19786,2034,288997,1,2889.97
19790,2034,364603,1,3646.03
19792,2034,159174,1,1591.74
19793,2034,351396,1,3513.96
19796,2034,376270,1,3762.7
19799,2034,344072,1,3440.72
19800,2034,326029,1,3260.29
19801,2034,328059,1,3280.59
19806,2034,261620,1,2616.2
19807,2034,255971,1,2559.71
19815,2034,262974,1,2629.74
19828,2034,57699,1,576.99
19830,2034,77516,1,775.16
19834,2034,119454,1,1194.54
19842,2034,1134525,1,11345.25
19843,2034,218714,1,2187.14
19844,2034,378609,1,3786.09
19847,2034,531264,1,5312.64
19852,2034,300900,1,3009.0
19860,2034,101537,1,1015.37
19867,2034,72620,1,726.2
19871,2034,263700,1,2637.0
19877,2034,259532,1,2595.32
19881,2034,200754,1,2007.54
19884,2034,208296,1,2082.96
19895,2034,100500,1,1005.0
19900,2034,558220,1,5582.2
19905,2034,401698,1,4016.98
19908,2034,384530,1,3845.3
19914,2034,200694,1,2006.94
19921,2034,163066,1,1630.66
19924,2034,233983,1,2339.83
19929,2034,392811,1,3928.11
19930,2034,194018,1,1940.18
19938,2034,328376,1,3283.76
19939,2034,274978,2,2749.78
19943,2034,402457,1,4024.57
19955,2034,240544,1,2405.44
19966,2034,324662,1,3246.62
19971,2034,238212,1,2382.12
19975,2034,233559,1,2335.59
19979,2034,617855,4,6178.55
19980,2034,177380,2,1773.8
19981,2034,198336,1,1983.36
19983,2034,121333,1,1213.33
19998,2034,24299,1,242.99
19999,2034,24270,1,242.7
20003,2034,140436,1,1404.36
20007,2034,17020,1,170.2
20009,2034,244087,1,2440.87
20012,2034,120472,3,1204.72
20015,2034,233433,1,2334.33
20016,2034,455127,1,4551.27
20017,2034,51591,1,515.91
20018,2034,240577,1,2405.77
20020,2034,427000,2,4270.0
20025,2034,237667,1,2376.67
20027,2034,171395,1,1713.95
20030,2034,686157,1,6861.57
20031,2034,240394,1,2403.94
20035,2034,182548,1,1825.48
20041,2034,344274,1,3442.74
20062,2034,191308,1,1913.08
20068,2034,90542,1,905.42
20072,2034,103595,1,1035.95
20073,2034,277364,1,2773.64
20074,2034,222655,1,2226.55
20079,2034,1035876,1,10358.76
20085,2034,240360,1,2403.6
20093,2034,245471,1,2454.71
20094,2034,239804,1,2398.04
20098,2034,313616,1,3136.16
20100,2034,328286,1,3282.86
20112,2034,254236,1,2542.36
20114,2034,201151,1,2011.51
20115,2034,276260,1,2762.6
20121,2034,133586,1,1335.86
20125,2034,2247606,1,22476.06
20126,2034,207104,1,2071.04
20128,2034,2412775,1,24127.75
20132,2034,3069786,1,30697.86
20134,2034,246710,1,2467.1
20138,2034,224280,1,2242.8
20152,2034,2116176,1,21161.76
20156,2034,243521,1,2435.21
20159,2034,1681384,5,16813.84
20165,2034,2180089,1,21800.89
20176,2034,1323204,1,13232.04
20181,2034,1490644,1,14906.44
20183,2034,1320399,1,13203.99
20184,2034,1567197,1,15671.97
20185,2034,1896172,1,18961.72
20190,2034,3676665,1,36766.65
20192,2034,3526502,2,35265.02
20202,2034,1393001,1,13930.01
20203,2034,1320648,1,13206.48
20204,2034,1782045,1,17820.45
20205,2034,2010667,1,20106.67
20208,2034,1744470,1,17444.7
20213,2034,2091968,1,20919.68
20215,2034,3039414,2,30394.14
20218,2034,1639135,1,16391.35
20221,2034,952230,1,9522.3
20222,2034,2763753,2,27637.53
20223,2034,140158,1,1401.58
20224,2034,1313597,1,13135.97
20226,2034,4060777,2,40607.77
20228,2034,3691532,3,36915.32
20232,2034,1890424,1,18904.24
20233,2034,2534376,1,25343.76
20234,2034,2443116,1,24431.16
20246,2034,2543434,1,25434.34
20249,2034,2449828,1,24498.28
20254,2034,2632234,1,26322.34
20268,2034,2293515,1,22935.15
20273,2034,2179716,1,21797.16
20275,2034,3542805,2,35428.05
20282,2034,1680215,1,16802.15
20285,2034,1453780,1,14537.8
20286,2034,4552437,3,45524.37
20288,2034,1991330,1,19913.3
20289,2034,1795920,1,17959.2
20291,2034,1547176,1,15471.76
20292,2034,2538736,1,25387.36
20295,2034,2269067,1,22690.67
20298,2034,2828046,1,28280.46
20307,2034,1547176,1,15471.76
20310,2034,2568505,1,25685.05
20316,2034,1796483,1,17964.83
20319,2034,2798976,1,27989.76
20320,2034,2543036,1,25430.36
20323,2034,1083775,1,10837.75
20326,2034,1528173,1,15281.73
20328,2034,1665002,1,16650.02
20330,2034,1608057,1,16080.57
20340,2034,2170240,1,21702.4
20341,2034,264481,2,2644.81
20343,2034,3535324,2,35353.24
20349,2034,2220573,2,22205.73
20351,2034,3139127,3,31391.27
20352,2034,1378630,1,13786.3
20353,2034,1102965,1,11029.65
20359,2034,2016577,1,20165.77
20360,2034,2450385,1,24503.85
20361,2034,2181765,1,21817.65
20362,2034,1499484,1,14994.84
20371,2034,3140986,5,31409.86
20373,2034,1923816,1,19238.16
20374,2034,1178711,1,11787.11
20375,2034,1042223,2,10422.23
20377,2034,1378630,1,13786.3
20378,2034,2388299,2,23882.99
20383,2034,2021471,1,20214.71
20384,2034,1952959,1,19529.59
20385,2034,1782630,1,17826.3
20386,2034,3978066,3,39780.66
20388,2034,2272496,1,22724.96
20390,2034,1630530,1,16305.3
20391,2034,630432,1,6304.32
20392,2034,2016927,1,20169.27
20395,2034,1831372,1,18313.72
20399,2034,1793310,1,17933.1
20406,2034,1952959,1,19529.59
20408,2034,2616510,1,26165.1
20412,2034,2944445,1,29444.45
20413,2034,1917546,1,19175.46
20415,2034,2691488,1,26914.88
20416,2034,1166950,2,11669.5
20417,2034,1473201,1,14732.01
20422,2034,1270587,1,12705.87
20430,2034,1706935,1,17069.35
20431,2034,1774190,3,17741.9
20432,2034,1337160,1,13371.6
20433,2034,1621719,3,16217.19
20434,2034,1799430,1,17994.3
20435,2034,2867114,3,28671.14
20436,2034,4882141,3,48821.41
20438,2034,428674,1,4286.74
20442,2034,2437557,1,24375.57
20444,2034,2375243,1,23752.43
20446,2034,2118375,2,21183.75
20447,2034,2331262,1,23312.62
20450,2034,1340090,1,13400.9
20453,2034,1340157,1,13401.57
20459,2034,2173309,1,21733.09
20461,2034,1385659,1,13856.59
20462,2034,2049051,1,20490.51
20463,2034,1803328,1,18033.28
20464,2034,2741448,2,27414.48
20466,2034,1502522,3,15025.22
20468,2034,1717842,2,17178.42
20469,2034,1917594,1,19175.94
20472,2034,2696543,1,26965.43
20474,2034,2170175,1,21701.75
20483,2034,1357482,1,13574.82
20484,2034,1439096,2,14390.96
20491,2034,1491862,2,14918.62
20494,2034,1127799,1,11277.99
20495,2034,1746321,5,17463.21
20496,2034,2225057,6,22250.57
20498,2034,2333937,1,23339.37
20499,2034,614570,2,6145.7
20500,2034,3285189,1,32851.89
20503,2034,2622157,1,26221.57
20506,2034,2467886,1,24678.86
20508,2034,1925850,1,19258.5
20509,2034,1021896,5,10218.96
20510,2034,1073282,1,10732.82
20512,2034,3187666,3,31876.66
20514,2034,1338203,1,13382.03
20516,2034,2054151,1,20541.51
20519,2034,1944857,1,19448.57
20520,2034,1945199,1,19451.99
20528,2034,1043481,2,10434.81
20529,2034,898537,1,8985.37
20532,2034,3103201,1,31032.01
20533,2034,1868781,1,18687.81
20534,2034,2961928,2,29619.28
20540,2034,2230129,1,22301.29
20549,2034,3059643,1,30596.43
20551,2034,1772416,1,17724.16
20555,2034,2123462,8,21234.62
20556,2034,1217470,3,12174.7
20557,2034,2535521,4,25355.21
20558,2034,1547227,1,15472.27
20560,2034,2418689,1,24186.89
20564,2034,1189936,1,11899.36
20570,2034,1921588,1,19215.88
20576,2034,2207251,1,22072.51
20578,2034,1744299,1,17442.99
20579,2034,4282289,1,42822.89
20581,2034,4751249,2,47512.49
20582,2034,1926354,4,19263.54
20583,2034,2875890,12,28758.9
20584,2034,1245254,3,12452.54
20585,2034,621225,1,6212.25
20589,2034,1679445,1,16794.45
20590,2034,1275306,4,12753.06
20594,2034,3016403,3,30164.03
20597,2034,1513705,1,15137.05
20598,2034,3670575,2,36705.75
20599,2034,1811025,1,18110.25
20600,2034,1932844,6,19328.44
20601,2034,1553675,5,15536.75
20602,2034,1339013,3,13390.13
20604,2034,1959504,1,19595.04
20607,2034,1603712,1,16037.12
20608,2034,1901941,1,19019.41
20611,2034,1792307,1,17923.07
20612,2034,3806755,3,38067.55
20615,2034,2316163,1,23161.63
20618,2034,2837639,2,28376.39
20619,2034,3432661,2,34326.61
20620,2034,4631369,2,46313.69
20621,2034,1714486,5,17144.86
20622,2034,3085918,6,30859.18
20623,2034,2700469,4,27004.69
20625,2034,2134407,2,21344.07
20628,2034,2064510,1,20645.1
20630,2034,1745756,1,17457.56
20631,2034,1100542,3,11005.42
20632,2034,741572,2,7415.72
20634,2034,2766591,1,27665.91
20635,2034,1993700,1,19937.0
20636,2034,2347390,1,23473.9
20637,2034,1880337,1,18803.37
20639,2034,2926278,1,29262.78
20640,2034,4005021,3,40050.21
20641,2034,5770650,4,57706.5
20642,2034,3729638,1,37296.38
20643,2034,2412412,6,24124.12
20644,2034,2043793,5,20437.93
20645,2034,593941,1,5939.41
20648,2034,1808948,1,18089.48
20649,2034,2335502,1,23355.02
20650,2034,3362662,8,33626.62
20651,2034,3591390,2,35913.9
20653,2034,1745756,1,17457.56
20655,2034,3770776,1,37707.76
20656,2034,2481282,1,24812.82
20657,2034,2574913,1,25749.13
20659,2034,2123039,1,21230.39
20660,2034,1930728,1,19307.28
20661,2034,2028326,1,20283.26
20663,2034,2554598,1,25545.98
20665,2034,3151018,2,31510.18
20667,2034,5424552,1,54245.52
20668,2034,4149409,3,41494.09
20669,2034,5021027,11,50210.27
20670,2034,4190244,15,41902.44
20671,2034,3748882,2,37488.82
20672,2034,2038614,7,20386.14
20674,2034,3822133,9,38221.33
20677,2034,1635109,3,16351.09
20679,2034,1703226,2,17032.26
20680,2034,1307034,1,13070.34
20681,2034,1845088,1,18450.88
20684,2034,2122514,1,21225.14
20685,2034,2926278,1,29262.78
20686,2034,3140672,5,31406.72
20687,2034,644228,2,6442.28
20688,2034,1716287,1,17162.87
20690,2034,1782093,1,17820.93
20691,2034,1307704,1,13077.04
20695,2034,1695963,1,16959.63
20700,2034,3391106,3,33911.06
20701,2034,3179121,1,31791.21
20703,2034,2121320,9,21213.2
20704,2034,860100,2,8601.0
20705,2034,1695826,5,16958.26
20706,2034,1553392,7,15533.92
20709,2034,1767706,1,17677.06
20713,2034,1290028,1,12900.28
20714,2034,1521261,1,15212.61
20715,2034,4412754,2,44127.54
20716,2034,2170956,1,21709.56
20717,2034,1643157,1,16431.57
20721,2034,1975936,1,19759.36
20724,2034,4009481,1,40094.81
20729,2034,1248180,5,12481.8
20731,2034,2357763,4,23577.63
20737,2034,2852739,1,28527.39
20738,2034,2877309,1,28773.09
20739,2034,1388313,3,13883.13
20740,2034,1838847,3,18388.47
20744,2034,697386,1,6973.86
20746,2034,2415628,1,24156.28
20747,2034,2429285,1,24292.85
20753,2034,1193343,3,11933.43
20754,2034,2951718,6,29517.18
20756,2034,4642579,9,46425.79
20757,2034,4773769,5,47737.69
20759,2034,2381661,1,23816.61
20760,2034,3650164,2,36501.64
20762,2034,1651415,1,16514.15
20764,2034,4536581,1,45365.81
20765,2034,2132950,1,21329.5
20766,2034,3094560,2,30945.6
20771,2034,4669893,4,46698.93
20774,2034,5759612,28,57596.12
20775,2034,1755251,2,17552.51
20776,2035,2791712,6,27917.12
20781,2035,2847630,1,28476.3
20782,2035,2111295,2,21112.95
20784,2035,2524888,6,25248.88
20785,2035,981125,1,9811.25
20786,2035,389559,1,3895.59
20787,2035,5044458,16,50444.58
20788,2035,1498075,5,14980.75
20789,2035,2719480,2,27194.8
20798,2035,1405983,1,14059.83
20799,2035,4481353,12,44813.53
20801,2035,2180055,1,21800.55
20805,2035,4903761,4,49037.61
20806,2035,3394456,10,33944.56
20809,2035,2959578,5,29595.78
20810,2035,1454735,1,14547.35
20813,2035,2697550,6,26975.5
20819,2035,1965035,6,19650.35
20820,2035,1798627,7,17986.27
20821,2035,2718697,2,27186.97
20822,2035,2910736,2,29107.36
20824,2035,2641438,1,26414.38
20827,2035,2367448,1,23674.48
20830,2035,1017992,2,10179.92
20831,2035,2891536,5,28915.36
20832,2035,3462891,1,34628.91
20834,2035,2168759,1,21687.59
20836,2035,2052701,1,20527.01
20837,2035,3494619,9,34946.19
20839,2035,698454,1,6984.54
20840,2035,2565254,5,25652.54
20841,2035,2820166,1,28201.66
20844,2035,1036802,3,10368.02
20846,2035,2060724,1,20607.24
20848,2035,2965387,2,29653.87
20850,2035,1939184,1,19391.84
20852,2035,2188357,11,21883.57
20854,2035,1455177,1,14551.77
20855,2035,4249418,20,42494.18
20856,2035,2178061,5,21780.61
20857,2035,3193983,4,31939.83
20858,2035,2965610,1,29656.1
20866,2035,2584491,1,25844.91
20867,2035,2277445,1,22774.45
20869,2035,2557559,1,25575.59
20872,2035,2552727,1,25527.27
20873,2035,5801483,25,58014.83
20874,2035,10123512,46,101235.12
20875,2035,1056285,3,10562.85
20881,2035,1928227,1,19282.27
20883,2035,2994371,8,29943.71
20884,2035,1316336,6,13163.36
20885,2035,1212691,1,12126.91
20889,2035,952948,1,9529.48
20892,2035,3760478,2,37604.78
20896,2035,2680272,1,26802.72
20900,2035,2586020,14,25860.2
20904,2035,3023825,1,30238.25
20905,2035,2728597,1,27285.97
20906,2035,2417986,1,24179.86
20909,2035,2618925,1,26189.25
20910,2035,661578,2,6615.78
20911,2035,2164653,1,21646.53
20912,2035,1710322,3,17103.22
20913,2035,1088932,1,10889.32
20917,2035,5988836,24,59888.36
20918,2035,1683332,5,16833.32
20920,2035,2423749,1,24237.49
20921,2035,2537837,7,25378.37
20922,2035,1212305,1,12123.05
20924,2035,4810775,18,48107.75
20925,2035,2419334,5,24193.34
20926,2035,1655008,3,16550.08
20928,2035,2704944,1,27049.44
20934,2035,3026733,12,30267.33
20935,2035,4021826,23,40218.26
20937,2035,2719048,1,27190.48
20938,2035,2769940,1,27699.4
20939,2035,945545,1,9455.45
20940,2035,4903913,1,49039.13
20941,2035,1693744,3,16937.44
20943,2035,1563426,1,15634.26
20947,2035,3047074,1,30470.74
20950,2035,2396805,4,23968.05
20951,2035,1613907,1,16139.07
20953,2035,3512672,12,35126.72
20954,2035,3807748,9,38077.48
20957,2035,2678999,1,26789.99
20959,2035,2782117,4,27821.17
20960,2035,1110692,1,11106.92
20962,2035,1274354,3,12743.54
20966,2035,4950146,15,49501.46
20967,2035,1715526,5,17155.26
20968,2035,2067136,8,20671.36
20969,2035,2483645,5,24836.45
20972,2035,1644684,1,16446.84
20973,2035,1995412,3,19954.12
20974,2035,1316997,4,13169.97
20975,2035,3015008,1,30150.08
20976,2035,1563662,1,15636.62
20978,2035,1110692,1,11106.92
20980,2035,1220754,1,12207.54
20981,2035,5031967,3,50319.67
20983,2035,2982291,1,29822.91
20985,2035,2737573,1,27375.73
20986,2035,1632775,1,16327.75
20987,2035,6914518,31,69145.18
20991,2035,1179111,5,11791.11
20995,2035,4339552,2,43395.52
20996,2035,634523,1,6345.23
20997,2035,1538242,3,15382.42
20998,2035,3464118,15,34641.18
20999,2035,1086205,3,10862.05
21000,2035,2772798,12,27727.98
21001,2035,3437760,2,34377.6
21004,2035,2569982,4,25699.82
21005,2035,3934149,2,39341.49
21006,2035,4636472,2,46364.72
21008,2035,186528,1,1865.28
21010,2035,1907612,5,19076.12
21011,2035,2141162,1,21411.62
21013,2035,1613907,1,16139.07
21014,2035,1578685,1,15786.85
21015,2035,1479626,4,14796.26
21017,2035,3311432,1,33114.32
21021,2035,1801970,1,18019.7
21022,2035,1212611,3,12126.11
21023,2035,4340187,8,43401.87
21024,2035,2611742,2,26117.42
21026,2035,2106798,2,21067.98
21029,2035,3637006,8,36370.06
21030,2035,7251917,27,72519.17
21031,2035,2562430,10,25624.3
21033,2035,2057783,5,20577.83
21034,2035,2473858,1,24738.58
21036,2035,973625,3,9736.25
21048,2035,2487978,3,24879.78
21049,2035,1585606,1,15856.06
21050,2035,3911751,8,39117.51
21051,2035,2322753,5,23227.53
21052,2035,1329890,6,13298.9
21053,2035,2026661,3,20266.61
21054,2035,2235018,1,22350.18
21055,2035,2049761,5,20497.61
21056,2035,345894,1,3458.94
21057,2035,1725288,1,17252.88
21063,2035,2124257,1,21242.57
21065,2035,2746714,1,27467.14
21066,2035,1598661,4,15986.61
21070,2035,2227782,1,22277.82
21071,2035,4081799,14,40817.99
21072,2035,8205916,29,82059.16
21073,2035,4593018,11,45930.18
21074,2035,5086753,2,50867.53
21077,2035,3106239,5,31062.39
21081,2035,1726274,3,17262.74
21082,2035,2243078,1,22430.78
21085,2035,2018445,1,20184.45
21086,2035,1913481,1,19134.81
21089,2035,1674018,1,16740.18
21090,2035,1587179,1,15871.79
21093,2035,922034,1,9220.34
21094,2035,1111751,2,11117.51
21095,2035,3310198,1,33101.98
21096,2035,2443042,1,24430.42
21097,2035,3268788,2,32687.88
21099,2035,4349944,7,43499.44
21100,2035,2257770,3,22577.7
21101,2035,5472190,13,54721.9
21107,2035,2702894,4,27028.94
21108,2035,1275937,8,12759.37
21111,2035,1159177,1,11591.77
21113,2035,2921699,1,29216.99
21114,2035,2706238,1,27062.38
21116,2035,1991515,1,19915.15
21117,2035,1652407,1,16524.07
21119,2035,1913666,1,19136.66
21120,2035,1212305,1,12123.05
21122,2035,895651,2,8956.51
21124,2035,2392785,1,23927.85
21127,2035,214864,1,2148.64
21129,2035,1153220,3,11532.2
21130,2035,1387666,4,13876.66
21132,2035,3642894,1,36428.94
21134,2035,2354814,1,23548.14
21136,2035,4500746,6,45007.46
21137,2035,4544168,13,45441.68
21138,2035,10361563,40,103615.63
21139,2035,2914916,12,29149.16
21140,2035,2714443,6,27144.43
21144,2035,1441644,1,14416.44
21145,2035,2050494,2,20504.94
21146,2035,2296592,8,22965.92
21150,2035,1433685,3,14336.85
21151,2035,856799,1,8567.99
21157,2035,938205,1,9382.05
21163,2035,1293326,4,12933.26
21164,2035,3612358,2,36123.58
21167,2035,9054066,32,90540.66
21168,2035,3549661,3,35496.61
21173,2035,1254810,1,12548.1
21175,2035,3878842,4,38788.42
21177,2035,1466566,2,14665.66
21178,2035,2448539,1,24485.39
21181,2035,757833,1,7578.33
21182,2035,4296004,7,42960.04
21183,2035,3995955,5,39959.55
21184,2035,1097922,3,10979.22
21185,2035,1858428,6,18584.28
21188,2035,2532379,1,25323.79
21189,2035,1254810,1,12548.1
21190,2035,582512,2,5825.12
21195,2035,5067610,9,50676.1
21196,2035,4788221,8,47882.21
21197,2035,5408806,6,54088.06
21198,2035,7930350,8,79303.5
21205,2035,2408545,2,24085.45
21208,2035,1329244,4,13292.44
21210,2035,2184094,1,21840.94
21212,2035,1013200,3,10132.0
21215,2035,764912,1,7649.12
21216,2035,2541488,3,25414.88
21217,2035,1438364,1,14383.64
21218,2035,2236088,3,22360.88
21219,2035,2535872,13,25358.72
21226,2035,1924635,1,19246.35
21229,2035,3117753,4,31177.53
21233,2035,936742,2,9367.42
21234,2035,1359746,2,13597.46
21237,2035,2765758,3,27657.58
21242,2035,1001052,2,10010.52
21243,2035,862667,2,8626.67
21245,2035,1564563,1,15645.63
21246,2035,4584860,5,45848.6
21247,2035,5360684,4,53606.84
21248,2035,2686047,13,26860.47
21249,2035,2093315,7,20933.15
21258,2035,3229815,11,32298.15
21259,2035,6685639,35,66856.39
21260,2035,473683,1,4736.83
21261,2035,3957579,15,39575.79
21266,2035,1699355,3,16993.55
21267,2035,1009558,2,10095.58
21269,2035,5674358,9,56743.58
21270,2035,4166641,1,41666.41
21271,2035,2539198,4,25391.98
21272,2035,2803833,3,28038.33
21273,2035,778456,2,7784.56
21274,2035,3750223,2,37502.23
21275,2035,2901623,1,29016.23
21276,2035,2315967,1,23159.67
21279,2035,2393698,1,23936.98
21280,2035,754597,1,7545.97
21283,2035,2295309,3,22953.09
21284,2035,1095891,1,10958.91
21288,2035,1924524,1,19245.24
21290,2035,2975813,7,29758.13
21293,2035,1535670,3,15356.7
21296,2035,1281947,8,12819.47
21298,2035,1887219,1,18872.19
21300,2035,1626225,1,16262.25
21301,2035,1966595,1,19665.95
21303,2035,4198253,2,41982.53
21304,2035,1397984,1,13979.84
21305,2035,1828411,1,18284.11
21312,2035,1924343,4,19243.43
21314,2035,4322620,13,43226.2
21316,2035,1878747,1,18787.47
21317,2035,1767200,6,17672.0
21319,2035,1269093,2,12690.93
21322,2035,1406093,2,14060.93
21330,2035,455931,1,4559.31
21336,2035,267174,1,2671.74
21345,2035,719101,1,7191.01
21347,2035,150069,2,1500.69
21362,2035,237010,1,2370.1
21363,2035,156601,1,1566.01
21370,2035,249338,1,2493.38
21374,2035,306590,1,3065.9
21375,2035,404594,1,4045.94
21382,2035,168531,1,1685.31
21386,2035,248744,1,2487.44
21390,2035,249338,1,2493.38
21392,2035,287166,1,2871.66
21399,2035,210616,1,2106.16
21406,2035,125269,1,1252.69
21408,2035,108439,1,1084.39
21414,2035,61000,1,610.0
21416,2035,55151,1,551.51
21423,2035,181435,1,1814.35
21424,2035,181086,1,1810.86
21425,2035,100930,1,1009.3
21426,2035,454388,1,4543.88
21427,2035,225472,1,2254.72
21428,2035,210071,1,2100.71
21432,2035,193004,1,1930.04
21435,2035,253833,1,2538.33
21437,2035,221056,1,2210.56
21443,2035,314144,1,3141.44
21446,2035,197710,1,1977.1
21447,2035,392683,1,3926.83
21450,2035,177556,1,1775.56
21456,2035,165511,1,1655.11
21460,2035,165935,1,1659.35
21463,2035,295094,1,2950.94
21466,2035,295439,1,2954.39
21467,2035,295635,1,2956.35
21473,2035,295709,1,2957.09
21476,2035,175471,1,1754.71
21483,2035,166135,1,1661.35
21484,2035,681081,1,6810.81
21505,2035,166470,1,1664.7
21512,2035,294972,1,2949.72
21515,2035,42656,1,426.56
21522,2035,147225,1,1472.25
21534,2035,274152,1,2741.52
21541,2035,295364,1,2953.64
21547,2035,392922,1,3929.22
21550,2035,666348,1,6663.48
21555,2035,247728,1,2477.28
21556,2035,57234,1,572.34
21557,2035,197228,2,1972.28
21559,2035,180925,2,1809.25
21561,2035,134767,1,1347.67
21562,2035,102653,1,1026.53
21575,2035,321550,1,3215.5
21591,2035,290026,1,2900.26
21599,2035,102415,1,1024.15
21613,2035,290967,1,2909.67
21619,2035,247583,1,2475.83
21625,2035,864949,1,8649.49
21628,2035,133953,1,1339.53
21629,2035,195697,1,1956.97
21632,2035,219410,1,2194.1
21638,2035,308178,1,3081.78
21645,2035,308465,1,3084.65
21650,2035,277411,1,2774.11
21652,2035,68193,1,681.93
21658,2035,246561,1,2465.61
21671,2035,605748,1,6057.48
21675,2035,211839,1,2118.39
21676,2035,107514,1,1075.14
21677,2035,465741,1,4657.41
21679,2035,104374,1,1043.74
21684,2035,197750,1,1977.5
21685,2035,46962,1,469.62
21691,2035,441384,1,4413.84
21696,2035,909237,1,9092.37
21697,2035,345669,1,3456.69
21698,2035,966424,1,9664.24
21704,2035,441668,1,4416.68
21706,2035,537248,1,5372.48
21710,2035,197426,1,1974.26
21711,2035,725517,1,7255.17
21713,2035,989046,1,9890.46
21715,2035,415711,1,4157.11
21719,2035,843362,1,8433.62
21730,2035,924923,1,9249.23
21733,2035,289568,1,2895.68
21734,2035,287962,1,2879.62
21740,2035,894892,1,8948.92
21743,2035,124674,1,1246.74
21749,2035,123076,1,1230.76
21751,2035,389964,1,3899.64
21754,2035,665150,1,6651.5
21759,2035,340685,1,3406.85
21763,2035,58263,1,582.63
21772,2035,172544,1,1725.44
21776,2035,553412,1,5534.12
21777,2035,291544,1,2915.44
21785,2035,305227,1,3052.27
21787,2035,242690,1,2426.9
21789,2035,706899,1,7068.99
21790,2035,305602,1,3056.02
21794,2035,185574,1,1855.74
21799,2035,71855,1,718.55
21802,2035,137093,1,1370.93
21809,2035,276454,1,2764.54
21811,2035,276061,1,2760.61
21813,2035,276748,1,2767.48
21815,2035,706037,1,7060.37
21816,2035,305039,1,3050.39
21818,2035,136027,1,1360.27
21824,2035,292934,1,2929.34
21825,2035,419590,1,4195.9
21840,2035,227705,1,2277.05
21846,2035,227464,1,2274.64
21855,2035,227464,1,2274.64
21863,2035,513198,1,5131.98
21865,2035,419448,1,4194.48
21873,2035,416588,1,4165.88
21875,2035,246721,1,2467.21
21882,2035,158559,1,1585.59
21883,2035,108476,1,1084.76
21884,2035,504732,1,5047.32
21886,2035,158879,1,1588.79
21888,2035,187789,1,1877.89
21889,2035,134277,1,1342.77
21894,2035,311325,1,3113.25
21896,2035,416569,1,4165.69
21902,2035,341984,1,3419.84
21903,2035,310225,1,3102.25
21910,2035,279572,1,2795.72
21911,2035,279416,1,2794.16
21919,2035,406041,1,4060.41
21922,2035,351635,1,3516.35
21927,2035,141126,1,1411.26
21928,2035,150267,1,1502.67
21931,2035,132033,1,1320.33
21932,2035,183309,1,1833.09
21933,2035,142776,1,1427.76
21936,2035,579784,1,5797.84
21939,2035,289255,1,2892.55
21954,2035,773700,1,7737.0
21961,2035,144937,1,1449.37
21969,2035,868188,1,8681.88
21976,2035,237187,1,2371.87
21984,2035,654693,1,6546.93
21985,2035,284555,1,2845.55
21987,2035,1231819,1,12318.19
21996,2035,608267,1,6082.67
22013,2035,438050,1,4380.5
22014,2035,438467,1,4384.67
22015,2035,403557,1,4035.57
22021,2035,608107,1,6081.07
22027,2035,709335,1,7093.35
22028,2035,256652,1,2566.52
22030,2035,588755,1,5887.55
22034,2035,584626,1,5846.26
22045,2035,350019,1,3500.19
22049,2035,131378,1,1313.78
22053,2035,302380,1,3023.8
22057,2035,350532,1,3505.32
22062,2035,282134,1,2821.34
22063,2035,225311,1,2253.11
22068,2035,293921,1,2939.21
22073,2035,191761,1,1917.61
22081,2035,136549,1,1365.49
22091,2035,159966,1,1599.66
22092,2035,130304,1,1303.04
22095,2035,256248,1,2562.48
22096,2035,256363,1,2563.63
22097,2035,256104,1,2561.04
22108,2035,431402,1,4314.02
22125,2035,110184,1,1101.84
22136,2035,265487,1,2654.87
22137,2035,266048,1,2660.48
22139,2035,229604,1,2296.04
22140,2035,141066,1,1410.66
22149,2035,112071,1,1120.71
22161,2035,227608,1,2276.08
22166,2035,265768,1,2657.68
22167,2035,134967,1,1349.67
22168,2035,158290,1,1582.9
22169,2035,50678,1,506.78
22173,2035,90450,1,904.5
22174,2035,224484,2,2244.84
22175,2035,364116,1,3641.16
22178,2035,276766,1,2767.66
22180,2035,255199,1,2551.99
22189,2035,196506,1,1965.06
22195,2035,177885,1,1778.85
22196,2035,363656,1,3636.56
22197,2035,452618,1,4526.18
22204,2035,276952,1,2769.52
22206,2035,256538,1,2565.38
22213,2035,184824,1,1848.24
22215,2035,177313,1,1773.13
22218,2035,853975,1,8539.75
22220,2035,273334,1,2733.34
22223,2035,262167,1,2621.67
22225,2035,227608,1,2276.08
22231,2035,385240,1,3852.4
22238,2035,184938,1,1849.38
22239,2035,184614,1,1846.14
22242,2035,363981,1,3639.81
22250,2035,385689,1,3856.89
22257,2035,261905,1,2619.05
22258,2035,102363,1,1023.63
22259,2035,161468,1,1614.68
22260,2035,133652,1,1336.52
22263,2035,559619,1,5596.19
22265,2035,324895,1,3248.95
22267,2035,325589,1,3255.89
22270,2035,262041,1,2620.41
22271,2035,459493,1,4594.93
22272,2035,385660,1,3856.6
22275,2035,319050,1,3190.5
22277,2035,383213,1,3832.13
22279,2035,383561,1,3835.61
22282,2035,227675,1,2276.75
22285,2035,2013339,4,20133.39
22288,2035,174427,1,1744.27
22293,2035,663078,1,6630.78
22294,2035,214081,1,2140.81
22301,2035,677261,1,6772.61
22302,2035,109846,1,1098.46
22306,2035,277686,1,2776.86
22307,2035,277634,1,2776.34
22308,2035,277360,1,2773.6
22311,2035,844503,1,8445.03
22313,2035,387589,1,3875.89
22322,2035,253859,1,2538.59
22323,2035,419444,1,4194.44
22326,2035,355946,1,3559.46
22328,2035,355654,1,3556.54
22331,2035,217052,1,2170.52
22332,2035,217411,1,2174.11
22337,2035,280156,1,2801.56
22339,2035,963286,1,9632.86
22342,2035,213919,1,2139.19
22351,2035,197989,1,1979.89
22353,2035,222556,1,2225.56
22355,2035,119622,1,1196.22
22362,2035,273623,1,2736.23
22366,2035,623247,1,6232.47
22368,2035,240898,1,2408.98
22369,2035,605429,2,6054.29
22370,2035,66836,1,668.36
22373,2035,253526,1,2535.26
22378,2035,246514,1,2465.14
22379,2035,499688,1,4996.88
22385,2035,273247,1,2732.47
22386,2035,626195,1,6261.95
22388,2035,271682,1,2716.82
22389,2035,272329,1,2723.29
22397,2035,222521,1,2225.21
22399,2035,308736,1,3087.36
22401,2035,308353,1,3083.53
22406,2035,254174,1,2541.74
22410,2035,709120,1,7091.2
22427,2035,286071,1,2860.71
22429,2035,254174,1,2541.74
22432,2035,221872,1,2218.72
22446,2035,119715,1,1197.15
22448,2035,208160,1,2081.6
22455,2035,197710,1,1977.1
22456,2035,443862,1,4438.62
22458,2035,302478,1,3024.78
22461,2035,265647,1,2656.47
22470,2035,421904,1,4219.04
22472,2035,422258,1,4222.58
22473,2035,269728,1,2697.28
22474,2035,327012,1,3270.12
22475,2035,281645,1,2816.45
22477,2035,198114,1,1981.14
22479,2035,444356,1,4443.56
22481,2035,468325,1,4683.25
22482,2035,465456,1,4654.56
22488,2035,285809,1,2858.09
22491,2035,629542,1,6295.42
22493,2035,270146,1,2701.46
22495,2035,195454,1,1954.54
22502,2035,141608,1,1416.08
22504,2035,262920,1,2629.2
22505,2035,121663,1,1216.63
22506,2035,307772,2,3077.72
22507,2035,222157,1,2221.57
22512,2035,335313,1,3353.13
22517,2035,112376,1,1123.76
22519,2035,106362,1,1063.62
22520,2035,192958,1,1929.58
22524,2035,222562,1,2225.62
22529,2035,189838,1,1898.38
22531,2035,120571,1,1205.71
22538,2035,166066,1,1660.66
22542,2035,248585,1,2485.85
22547,2035,240300,1,2403.0
22550,2035,280430,2,2804.3
22560,2035,637047,1,6370.47
22572,2035,118154,1,1181.54
22578,2035,127391,1,1273.91
22583,2035,215330,1,2153.3
22584,2035,206072,1,2060.72
22589,2035,223944,1,2239.44
22592,2035,189838,1,1898.38
22595,2035,187142,1,1871.42
22598,2035,169495,1,1694.95
22600,2035,238332,1,2383.32
22609,2035,149098,1,1490.98
22610,2035,198895,2,1988.95
22620,2035,412170,2,4121.7
22621,2035,335393,1,3353.93
22622,2035,276751,1,2767.51
22623,2035,217038,1,2170.38
22627,2035,59881,1,598.81
22631,2035,230819,1,2308.19
22635,2035,106243,1,1062.43
22637,2035,107028,1,1070.28
22638,2035,114354,1,1143.54
22641,2035,170003,1,1700.03
22643,2035,47275,1,472.75
22644,2035,51196,1,511.96
22649,2035,216786,1,2167.86
22650,2035,216037,1,2160.37
22653,2035,528436,1,5284.36
22655,2035,375243,1,3752.43
22656,2035,634979,4,6349.79
22658,2035,349980,1,3499.8
22660,2035,381082,1,3810.82
22663,2035,117718,1,1177.18
22664,2035,115394,1,1153.94
22665,2035,172161,1,1721.61
22666,2035,252312,1,2523.12
22669,2035,318932,1,3189.32
22672,2035,107898,1,1078.98
22674,2035,379289,1,3792.89
22681,2035,223361,1,2233.61
22682,2035,276954,1,2769.54
22690,2035,505693,1,5056.93
22694,2035,255332,1,2553.32
22695,2035,219753,1,2197.53
22700,2035,412617,2,4126.17
22702,2035,104845,1,1048.45
22705,2035,443838,1,4438.38
22709,2035,237449,1,2374.49
22710,2035,223199,1,2231.99
22712,2035,277069,1,2770.69
22713,2035,1372628,1,13726.28
22714,2035,1564202,2,15642.02
22718,2035,200318,1,2003.18
22722,2035,262961,1,2629.61
22725,2035,5294703,18,52947.03
22726,2035,4774216,8,47742.16
22730,2035,358642,1,3586.42
22737,2035,94977,1,949.77
22745,2035,218570,1,2185.7
22751,2035,443928,1,4439.28
22754,2035,214767,1,2147.67
22758,2035,379327,1,3793.27
22761,2035,185755,1,1857.55
22764,2035,478489,1,4784.89
22767,2035,194306,1,1943.06
22769,2035,221814,1,2218.14
22770,2035,257374,1,2573.74
22774,2035,257684,1,2576.84
22775,2035,257907,1,2579.07
22776,2035,453176,1,4531.76
22778,2035,128938,1,1289.38
22780,2035,194502,1,1945.02
22789,2035,257684,1,2576.84
22798,2035,253097,1,2530.97
22800,2035,257597,1,2575.97
22802,2035,410904,1,4109.04
22810,2035,411957,1,4119.57
22818,2035,213698,1,2136.98
22819,2035,213760,1,2137.6
22821,2035,250664,1,2506.64
22838,2035,1667614,1,16676.14
22843,2035,550479,1,5504.79
22844,2035,303165,1,3031.65
22845,2035,153963,1,1539.63
22847,2035,158506,1,1585.06
22850,2035,200176,1,2001.76
22853,2035,305238,1,3052.38
22858,2035,220986,1,2209.86
22859,2035,221667,1,2216.67
22860,2035,221605,1,2216.05
22861,2035,220986,1,2209.86
22869,2035,210845,2,2108.45
22870,2035,193028,1,1930.28
22871,2035,167649,1,1676.49
22872,2035,253984,1,2539.84
22874,2035,455513,1,4555.13
22876,2035,256807,1,2568.07
22880,2035,113765,1,1137.65
22881,2035,151557,1,1515.57
22882,2035,48778,1,487.78
22884,2035,212750,2,2127.5
22885,2035,113451,1,1134.51
22888,2035,1427948,1,14279.48
22890,2035,221502,1,2215.02
22891,2035,221089,1,2210.89
22903,2035,78814,1,788.14
22904,2035,62503,1,625.03
22910,2035,217205,1,2172.05
22916,2035,255931,1,2559.31
22917,2035,255638,1,2556.38
22919,2035,134730,1,1347.3
22920,2035,171944,1,1719.44
22924,2035,171727,1,1717.27
22925,2035,171047,1,1710.47
22928,2035,195259,1,1952.59
22929,2035,286724,1,2867.24
22938,2035,217084,1,2170.84
22939,2035,216995,1,2169.95
22944,2035,177664,1,1776.64
22946,2035,132120,1,1321.2
22953,2035,947060,1,9470.6
22959,2035,462764,1,4627.64
22962,2035,175632,1,1756.32
22974,2035,132321,1,1323.21
22980,2035,462826,1,4628.26
22981,2035,224422,1,2244.22
22983,2035,139414,1,1394.14
22987,2035,99495,1,994.95
22988,2035,793188,1,7931.88
22990,2035,221724,1,2217.24
22992,2035,270514,1,2705.14
23004,2035,201010,1,2010.1
23006,2035,255880,1,2558.8
23014,2035,221320,1,2213.2
23020,2035,269906,1,2699.06
23030,2035,243676,1,2436.76
23034,2035,695449,1,6954.49
23036,2035,175790,1,1757.9
23038,2035,638708,1,6387.08
23046,2035,243996,1,2439.96
23055,2035,388861,1,3888.61
23058,2035,160493,1,1604.93
23062,2035,324190,1,3241.9
23066,2035,126858,1,1268.58
23067,2035,71552,1,715.52
23070,2035,324106,1,3241.06
23074,2035,119830,1,1198.3
23081,2035,245192,1,2451.92
23082,2035,127791,1,1277.91
23083,2035,319277,1,3192.77
23084,2035,465076,2,4650.76
23085,2035,271915,1,2719.15
23089,2035,265747,1,2657.47
23090,2035,244154,1,2441.54
23097,2035,256749,1,2567.49
23109,2035,182099,1,1820.99
23112,2035,268329,1,2683.29
23114,2035,323607,1,3236.07
23123,2035,76840,1,768.4
23124,2035,151065,1,1510.65
23125,2035,71561,1,715.61
23127,2035,182167,1,1821.67
23129,2035,200943,1,2009.43
23137,2035,339054,1,3390.54
23142,2035,34904,1,349.04
23149,2035,2295371,1,22953.71
23151,2035,116016,1,1160.16
23153,2035,936574,2,9365.74
23160,2035,356426,1,3564.26
23161,2035,518318,1,5183.18
23164,2035,221226,1,2212.26
23165,2035,843091,2,8430.91
23167,2035,213288,1,2132.88
23174,2035,728307,1,7283.07
23177,2035,223000,1,2230.0
23182,2035,142675,1,1426.75
23183,2035,143432,1,1434.32
23186,2035,120669,1,1206.69
23188,2035,97144,1,971.44
23193,2035,192454,1,1924.54
23200,2035,1319917,2,13199.17
23205,2035,236607,1,2366.07
23206,2035,205592,1,2055.92
23219,2035,250107,1,2501.07
23221,2035,344992,1,3449.92
23222,2035,217933,1,2179.33
23225,2035,440802,1,4408.02
23226,2035,205601,1,2056.01
23228,2035,368674,1,3686.74
23232,2035,394329,2,3943.29
23240,2035,345027,1,3450.27
23252,2035,493037,1,4930.37
23260,2035,353362,1,3533.62
23262,2035,197041,1,1970.41
23263,2035,222685,1,2226.85
23264,2035,205375,1,2053.75
23270,2035,193480,1,1934.8
23276,2035,476934,1,4769.34
23285,2035,157836,1,1578.36
23286,2035,284566,1,2845.66
23291,2035,201046,1,2010.46
23293,2035,252276,1,2522.76
23299,2035,400737,1,4007.37
23308,2035,283514,1,2835.14
23312,2035,478127,1,4781.27
23322,2035,412422,1,4124.22
23327,2035,225838,1,2258.38
23330,2035,313885,1,3138.85
23335,2035,551120,1,5511.2
23336,2035,536651,1,5366.51
23344,2035,1703390,2,17033.9
23346,2035,441161,1,4411.61
23348,2035,271451,1,2714.51
23363,2035,112695,1,1126.95
23364,2035,225384,1,2253.84
23369,2035,214056,1,2140.56
23370,2035,474118,1,4741.18
23378,2035,277561,1,2775.61
23380,2035,268306,1,2683.06
23383,2035,400981,1,4009.81
23389,2035,129001,1,1290.01
23394,2035,338266,1,3382.66
23396,2035,268349,1,2683.49
23397,2035,303317,1,3033.17
23398,2035,235573,1,2355.73
23399,2035,323859,1,3238.59
23402,2035,486415,1,4864.15
23403,2035,558875,1,5588.75
23410,2035,324353,1,3243.53
23412,2035,196875,1,1968.75
23413,2035,380450,1,3804.5
23414,2035,212377,1,2123.77
23418,2035,292810,1,2928.1
23428,2035,256944,1,2569.44
23437,2035,303413,1,3034.13
23438,2035,347138,1,3471.38
23441,2035,415942,1,4159.42
23448,2035,98925,1,989.25
23451,2035,98645,1,986.45
23452,2035,45196,1,451.96
23455,2035,148070,1,1480.7
23457,2035,213995,1,2139.95
23461,2035,324022,1,3240.22
23464,2035,394423,1,3944.23
23466,2035,624800,1,6248.0
23468,2035,415739,1,4157.39
23471,2035,277365,1,2773.65
23480,2035,218648,1,2186.48
23483,2035,212646,1,2126.46
23487,2035,128340,1,1283.4
23490,2035,448466,1,4484.66
23496,2035,291348,1,2913.48
23499,2035,126110,1,1261.1
23500,2035,125809,1,1258.09
23501,2035,264973,1,2649.73
23502,2035,214168,1,2141.68
23504,2035,338050,1,3380.5
23516,2035,540299,1,5402.99
23518,2035,415942,1,4159.42
23519,2035,316264,1,3162.64
23526,2035,110624,1,1106.24
23528,2035,248847,1,2488.47
23529,2035,225838,1,2258.38
23532,2035,477952,1,4779.52
23541,2035,110774,1,1107.74
23544,2035,1021390,1,10213.9
23547,2035,268127,1,2681.27
23550,2035,242771,1,2427.71
23554,2035,127869,1,1278.69
23558,2035,264840,1,2648.4
23563,2035,367308,1,3673.08
23564,2035,275813,1,2758.13
23567,2035,233338,1,2333.38
23572,2035,125491,1,1254.91
23574,2035,186271,1,1862.71
23580,2035,197792,1,1977.92
23581,2035,212932,1,2129.32
23582,2035,545706,2,5457.06
23590,2035,185157,1,1851.57
23594,2035,186571,1,1865.71
23599,2035,340824,1,3408.24
23603,2035,199068,1,1990.68
23607,2035,257059,1,2570.59
23608,2035,1271716,3,12717.16
23610,2035,586925,1,5869.25
23620,2035,268251,1,2682.51
23625,2035,347122,1,3471.22
23629,2035,360263,1,3602.63
23631,2035,255944,1,2559.44
23634,2035,256370,1,2563.7
23636,2035,235001,1,2350.01
23646,2035,244338,1,2443.38
23652,2035,450720,1,4507.2
23659,2035,231723,1,2317.23
23660,2035,104576,1,1045.76
23661,2035,255503,1,2555.03
23663,2035,256754,1,2567.54
23664,2035,15839,1,158.39
23665,2035,146979,1,1469.79
23667,2035,953554,3,9535.54
23668,2035,294198,2,2941.98
23670,2035,105672,1,1056.72
23671,2035,269829,2,2698.29
23673,2035,174322,1,1743.22
23678,2035,235502,1,2355.02
23681,2035,545032,1,5450.32
23685,2035,252215,1,2522.15
23689,2035,191552,1,1915.52
23696,2035,626571,1,6265.71
23712,2035,191630,1,1916.3
23713,2035,243062,1,2430.62
23715,2035,626879,1,6268.79
23716,2035,1050262,1,10502.62
23722,2035,233115,1,2331.15
23725,2035,1171886,2,11718.86
23728,2035,211959,1,2119.59
23729,2035,122530,1,1225.3
23732,2035,218830,1,2188.3
23733,2035,184790,1,1847.9
23736,2035,212901,1,2129.01
23738,2035,415942,1,4159.42
23740,2035,242833,1,2428.33
23749,2035,223848,1,2238.48
23757,2035,212825,1,2128.25
23759,2035,211969,1,2119.69
23760,2035,232714,1,2327.14
23762,2035,448097,1,4480.97
23764,2035,82169,1,821.69
23771,2035,235069,1,2350.69
23775,2035,234353,1,2343.53
23783,2035,240089,1,2400.89
23785,2035,129711,1,1297.11
23787,2035,242960,1,2429.6
23788,2035,115388,1,1153.88
23789,2035,200248,2,2002.48
23791,2035,530974,1,5309.74
23797,2035,448097,1,4480.97
23799,2035,256529,1,2565.29
23800,2035,49905,1,499.05
23801,2035,76694,1,766.94
23802,2035,48113,1,481.13
23803,2035,89017,1,890.17
23807,2035,104526,1,1045.26
23808,2035,110905,1,1109.05
23809,2035,1085453,1,10854.53
23814,2035,234805,1,2348.05
23822,2035,223042,1,2230.42
23823,2035,287348,1,2873.48
23826,2035,128747,1,1287.47
23833,2035,321089,1,3210.89
23836,2035,243062,1,2430.62
23838,2035,207824,1,2078.24
23841,2035,184785,1,1847.85
23844,2035,223302,1,2233.02
23848,2035,537547,8,5375.47
23849,2035,231557,1,2315.57
23850,2035,101475,1,1014.75
23853,2035,94767,1,947.67
23854,2035,203982,1,2039.82
23855,2035,1556456,1,15564.56
23866,2035,444092,1,4440.92
23869,2035,947260,3,9472.6
23875,2035,119011,1,1190.11
23877,2035,242854,1,2428.54
23878,2035,199049,1,1990.49
23879,2035,54258,1,542.58
23881,2035,202171,1,2021.71
23882,2035,362594,2,3625.94
23884,2035,276710,1,2767.1
23886,2035,228812,1,2288.12
23896,2035,228844,1,2288.44
23904,2035,102865,1,1028.65
23907,2035,440424,1,4404.24
23910,2035,310634,1,3106.34
23914,2035,508701,1,5087.01
23916,2035,229018,1,2290.18
23924,2035,169712,1,1697.12
23926,2035,184025,1,1840.25
23931,2035,1810484,1,18104.84
23936,2035,228543,1,2285.43
23939,2035,265889,1,2658.89
23940,2035,265889,1,2658.89
23941,2035,336699,1,3366.99
23957,2035,961494,1,9614.94
23960,2035,530513,1,5305.13
23961,2035,303412,1,3034.12
23966,2035,1698735,1,16987.35
23971,2035,207735,1,2077.35
23974,2035,133944,1,1339.44
23982,2035,333018,1,3330.18
23992,2035,422745,1,4227.45
23994,2035,213825,1,2138.25
24003,2035,433237,1,4332.37
24006,2035,142089,1,1420.89
24008,2035,142234,1,1422.34
24010,2035,461084,1,4610.84
24014,2035,224497,1,2244.97
24021,2035,1279024,2,12790.24
24028,2035,229256,1,2292.56
24030,2035,433538,1,4335.38
24032,2035,461558,1,4615.58
24034,2035,260904,1,2609.04
24037,2035,224963,1,2249.63
24039,2035,273646,1,2736.46
24041,2035,335425,1,3354.25
24045,2035,235297,1,2352.97
24048,2035,367914,1,3679.14
24049,2035,150277,1,1502.77
24051,2035,111489,1,1114.89
24059,2035,261274,1,2612.74
24060,2035,261151,1,2611.51
24062,2035,225150,1,2251.5
24066,2035,634013,1,6340.13
24068,2035,266843,1,2668.43
24070,2035,848485,1,8484.85
24071,2035,429072,1,4290.72
24075,2035,300916,1,3009.16
24079,2035,1070496,1,10704.96
24085,2035,662333,1,6623.33
24090,2035,224940,1,2249.4
24097,2035,842915,1,8429.15
24104,2035,327219,1,3272.19
24109,2035,378680,1,3786.8
24111,2035,324010,1,3240.1
24112,2035,287787,1,2877.87
24115,2035,224896,1,2248.96
24118,2035,610302,1,6103.02
24119,2035,266281,1,2662.81
24130,2035,192694,1,1926.94
24137,2035,291404,1,2914.04
24140,2035,833994,3,8339.94
24141,2035,175016,1,1750.16
24142,2035,321945,1,3219.45
24144,2035,204065,1,2040.65
24145,2035,631843,1,6318.43
24147,2035,206031,1,2060.31
24150,2035,399848,1,3998.48
24153,2035,175016,1,1750.16
24155,2035,256337,1,2563.37
24158,2035,107493,1,1074.93
24160,2035,133764,1,1337.64
24163,2035,270652,1,2706.52
24167,2035,210075,1,2100.75
24175,2035,236298,1,2362.98
24176,2035,1124326,2,11243.26
24177,2035,809204,4,8092.04
24178,2035,255723,1,2557.23
24179,2035,174821,1,1748.21
24182,2035,564979,2,5649.79
24188,2035,116575,1,1165.75
24199,2035,229157,1,2291.57
24219,2035,166763,1,1667.63
24222,2035,112089,1,1120.89
24223,2035,247109,1,2471.09
24226,2035,378402,2,3784.02
24234,2035,131674,1,1316.74
24235,2035,148023,1,1480.23
24236,2035,115264,1,1152.64
24243,2035,321599,1,3215.99
24246,2035,403307,1,4033.07
24252,2035,379339,1,3793.39
24258,2035,1020319,1,10203.19
24268,2035,654974,1,6549.74
24271,2035,323469,1,3234.69
24274,2035,259778,1,2597.78
24280,2035,307154,1,3071.54
24284,2035,137819,1,1378.19
24287,2035,428997,1,4289.97
24290,2035,255441,1,2554.41
24294,2035,259336,1,2593.36
24299,2035,172095,1,1720.95
24302,2035,620477,1,6204.77
24304,2035,158212,1,1582.12
24306,2035,181256,1,1812.56
24310,2035,244421,1,2444.21
24311,2035,166671,1,1666.71
24314,2035,323970,1,3239.7
24316,2035,173698,1,1736.98
24320,2035,181279,1,1812.79
24325,2035,167222,1,1672.22
24328,2035,298688,1,2986.88
24329,2035,547309,1,5473.09
24333,2035,181030,1,1810.3
24335,2035,307212,1,3072.12
24338,2035,249414,1,2494.14
24348,2035,244701,1,2447.01
24350,2035,342280,1,3422.8
24358,2035,275236,1,2752.36
24359,2035,291474,1,2914.74
24363,2035,366046,1,3660.46
24364,2035,244701,1,2447.01
24368,2035,171891,1,1718.91
24370,2035,306160,1,3061.6
24371,2035,306160,1,3061.6
24373,2035,435216,2,4352.16
24382,2035,535245,1,5352.45
24384,2035,256006,1,2560.06
24385,2035,66370,1,663.7
24387,2035,503503,1,5035.03
24388,2035,127294,1,1272.94
24389,2035,180706,1,1807.06
24393,2035,53459,1,534.59
24396,2035,326811,1,3268.11
24400,2035,302220,1,3022.2
24405,2035,555176,1,5551.76
24415,2035,84529,1,845.29
24423,2035,134440,1,1344.4
24424,2035,93943,1,939.43
24431,2035,244701,1,2447.01
24432,2035,341486,1,3414.86
24433,2035,135042,1,1350.42
24438,2035,57914,1,579.14
24441,2035,132784,1,1327.84
24442,2035,126340,1,1263.4
24443,2035,117383,1,1173.83
24444,2035,54995,1,549.95
24446,2035,62832,1,628.32
24447,2035,64326,1,643.26
24450,2035,117176,1,1171.76
24451,2035,259496,1,2594.96
24453,2035,311136,2,3111.36
24454,2035,228758,1,2287.58
24460,2035,423628,1,4236.28
24463,2035,68194,1,681.94
24464,2035,53195,1,531.95
24465,2035,115675,1,1156.75
24466,2035,53210,1,532.1
24468,2035,119629,1,1196.29
24475,2035,372463,1,3724.63
24478,2035,274914,1,2749.14
24488,2035,112340,1,1123.4
24489,2035,106528,1,1065.28
24493,2035,567203,1,5672.03
24496,2035,244574,1,2445.74
24500,2035,283979,1,2839.79
24502,2035,241616,2,2416.16
24504,2035,259457,1,2594.57
24511,2035,152684,1,1526.84
24515,2035,121940,1,1219.4
24516,2035,131355,1,1313.55
24517,2035,445613,1,4456.13
24520,2035,106764,1,1067.64
24521,2035,120841,1,1208.41
24523,2035,222711,1,2227.11
24527,2035,258894,1,2588.94
24530,2035,302504,1,3025.04
24532,2035,279040,1,2790.4
24536,2035,556403,1,5564.03
24539,2035,214204,1,2142.04
24541,2035,611633,1,6116.33
24549,2035,197170,1,1971.7
24550,2035,174088,2,1740.88
24553,2035,99025,1,990.25
24556,2035,100591,1,1005.91
24560,2035,211205,1,2112.05
24561,2035,559545,1,5595.45
24562,2035,207281,1,2072.81
24565,2035,340188,1,3401.88
24574,2035,677715,2,6777.15
24579,2035,382643,1,3826.43
24580,2035,210720,1,2107.2
24583,2035,308381,1,3083.81
24585,2035,457183,1,4571.83
24586,2035,394408,1,3944.08
24589,2035,181765,1,1817.65
24590,2035,181637,1,1816.37
24599,2035,168502,1,1685.02
24600,2035,341528,1,3415.28
24615,2035,744377,1,7443.77
24620,2035,207682,1,2076.82
24622,2035,340063,1,3400.63
24634,2035,1661444,1,16614.44
24635,2035,192139,1,1921.39
24636,2035,100363,1,1003.63
24640,2035,424076,1,4240.76
24656,2035,486982,2,4869.82
24671,2035,225647,1,2256.47
24677,2035,207399,1,2073.99
24679,2035,194362,1,1943.62
24681,2035,340261,1,3402.61
24685,2035,195001,1,1950.01
24686,2035,282762,1,2827.62
24688,2035,45214,1,452.14
24689,2035,42779,1,427.79
24704,2035,250772,1,2507.72
24706,2035,209062,1,2090.62
24713,2035,215991,1,2159.91
24719,2035,250692,1,2506.92
24721,2035,250488,1,2504.88
24722,2035,464619,1,4646.19
24729,2035,412601,1,4126.01
24732,2035,173146,1,1731.46
24741,2035,384561,1,3845.61
24743,2035,400076,1,4000.76
24747,2035,207682,1,2076.82
24750,2035,294845,1,2948.45
24761,2035,243046,1,2430.46
24768,2035,340709,1,3407.09
24769,2035,294715,1,2947.15
24773,2035,600108,1,6001.08
24779,2035,611024,1,6110.24
24785,2035,40481,1,404.81
24787,2035,42170,1,421.7
24791,2035,85355,1,853.55
24792,2035,85566,1,855.66
24808,2035,282271,1,2822.71
24810,2035,168815,1,1688.15
24812,2035,115923,1,1159.23
24815,2035,209062,1,2090.62
24817,2035,291721,2,2917.21
24818,2035,101031,1,1010.31
24819,2035,346794,1,3467.94
24822,2035,150680,1,1506.8
24824,2035,591666,1,5916.66
24825,2035,339653,1,3396.53
24827,2035,207198,1,2071.98
24835,2035,111821,1,1118.21
24842,2035,339974,1,3399.74
24860,2035,110510,1,1105.1
24862,2035,234996,1,2349.96
24863,2035,157533,1,1575.33
24869,2035,295107,1,2951.07
24872,2035,70553,1,705.53
24874,2035,398119,1,3981.19
24876,2035,407223,1,4072.23
24877,2035,217726,1,2177.26
24882,2035,217992,1,2179.92
24886,2035,304791,1,3047.91
24891,2035,242433,1,2424.33
24894,2035,574686,1,5746.86
24895,2035,85498,1,854.98
24900,2035,214789,1,2147.89
24905,2035,78154,1,781.54
24906,2035,70733,1,707.33
24909,2035,448792,1,4487.92
24919,2035,305273,1,3052.73
24923,2035,639081,1,6390.81
24927,2035,395157,1,3951.57
24935,2035,159490,1,1594.9
24938,2035,116163,1,1161.63
24941,2035,121969,1,1219.69
24942,2035,136584,1,1365.84
24945,2035,268058,1,2680.58
24948,2035,110227,1,1102.27
24951,2035,871944,1,8719.44
24954,2035,208691,1,2086.91
24961,2035,199949,1,1999.49
24962,2035,939944,1,9399.44
24967,2035,284336,1,2843.36
24969,2035,201037,1,2010.37
24970,2035,448003,1,4480.03
24971,2035,448204,1,4482.04
24972,2035,447803,1,4478.03
24973,2035,342235,1,3422.35
24974,2035,156730,1,1567.3
24975,2035,267612,1,2676.12
24976,2035,293354,1,2933.54
24977,2035,292127,1,2921.27
24978,2035,200152,1,2001.52
24984,2035,165367,1,1653.67
24987,2035,428687,5,4286.87
24989,2035,359346,1,3593.46
24990,2035,235069,1,2350.69
25002,2036,408082,1,4080.82
25011,2036,335253,1,3352.53
25012,2036,478430,2,4784.3
25019,2036,200801,1,2008.01
25021,2036,255891,1,2558.91
25023,2036,1488499,3,14884.99
25024,2036,1119284,3,11192.84
25027,2036,455299,1,4552.99
25028,2036,140147,1,1401.47
25030,2036,138540,1,1385.4
25031,2036,534377,1,5343.77
25033,2036,131212,1,1312.12
25034,2036,162101,1,1621.01
25035,2036,312595,1,3125.95
25038,2036,466517,1,4665.17
25055,2036,370645,1,3706.45
25056,2036,280356,1,2803.56
25058,2036,281308,1,2813.08
25061,2036,313690,1,3136.9
25063,2036,206518,1,2065.18
25068,2036,587557,1,5875.57
25071,2036,281136,1,2811.36
25080,2036,500801,1,5008.01
25087,2036,348975,1,3489.75
25096,2036,256374,1,2563.74
25100,2036,207620,1,2076.2
25105,2036,3436700,5,34367.0
25107,2036,346070,1,3460.7
25110,2036,421321,1,4213.21
25112,2036,294643,1,2946.43
25125,2036,1582690,4,15826.9
25126,2036,323444,1,3234.44
25128,2036,206914,1,2069.14
25129,2036,197505,1,1975.05
25140,2036,244961,1,2449.61
25145,2036,281652,1,2816.52
25146,2036,262280,1,2622.8
25157,2036,487709,2,4877.09
25158,2036,165314,1,1653.14
25163,2036,269799,1,2697.99
25164,2036,404249,1,4042.49
25167,2036,213275,1,2132.75
25168,2036,290839,1,2908.39
25173,2036,315237,1,3152.37
25182,2036,212223,1,2122.23
25183,2036,65431,1,654.31
25184,2036,267750,1,2677.5
25191,2036,237494,1,2374.94
25192,2036,1277359,3,12773.59
25197,2036,39047,1,390.47
25199,2036,180934,1,1809.34
25200,2036,116129,1,1161.29
25204,2036,263309,1,2633.09
25206,2036,400192,1,4001.92
25207,2036,191343,1,1913.43
25209,2036,288569,1,2885.69
25217,2036,237263,1,2372.63
25222,2036,211652,1,2116.52
25223,2036,263585,1,2635.85
25227,2036,400374,1,4003.74
25229,2036,148146,1,1481.46
25232,2036,481341,2,4813.41
25234,2036,189869,1,1898.69
25242,2036,258547,1,2585.47
25245,2036,400499,1,4004.99
25246,2036,147988,1,1479.88
25253,2036,449997,1,4499.97
25255,2036,119435,1,1194.35
25256,2036,123375,1,1233.75
25258,2036,538815,1,5388.15
25259,2036,301204,1,3012.04
25261,2036,144325,1,1443.25
25270,2036,417997,1,4179.97
25275,2036,87879,1,878.79
25279,2036,175867,1,1758.67
25280,2036,38090,1,380.9
25285,2036,345391,1,3453.91
25295,2036,55415,1,554.15
25296,2036,542575,1,5425.75
25299,2036,119788,1,1197.88
25309,2036,177853,1,1778.53
25311,2036,148781,1,1487.81
25314,2036,260123,1,2601.23
25318,2036,1552812,6,15528.12
25336,2036,259819,1,2598.19
25339,2036,62571,1,625.71
25340,2036,238201,1,2382.01
25342,2036,290610,1,2906.1
25345,2036,268407,1,2684.07
25348,2036,169725,1,1697.25
25349,2036,355401,2,3554.01
25350,2036,103663,1,1036.63
25353,2036,116084,1,1160.84
25362,2036,194379,1,1943.79
25363,2036,542799,1,5427.99
25364,2036,220503,1,2205.03
25367,2036,215948,1,2159.48
25368,2036,216143,1,2161.43
25369,2036,238361,1,2383.61
25370,2036,342202,1,3422.02
25377,2036,181002,1,1810.02
25382,2036,363747,1,3637.47
25391,2036,542575,1,5425.75
25393,2036,203634,1,2036.34
25396,2036,216375,1,2163.75
25398,2036,342202,1,3422.02
25401,2036,268243,1,2682.43
25402,2036,278267,1,2782.67
25405,2036,243427,1,2434.27
25409,2036,561634,1,5616.34
25418,2036,194877,1,1948.77
25421,2036,289541,1,2895.41
25424,2036,176819,1,1768.19
25427,2036,175336,1,1753.36
25430,2036,254109,1,2541.09
25432,2036,327278,1,3272.78
25438,2036,227571,1,2275.71
25444,2036,222680,1,2226.8
25451,2036,289638,1,2896.38
25454,2036,418696,1,4186.96
25460,2036,176012,1,1760.12
25465,2036,175014,1,1750.14
25469,2036,260616,1,2606.16
25470,2036,248865,1,2488.65
25471,2036,195135,1,1951.35
25475,2036,196480,1,1964.8
25476,2036,983586,3,9835.86
25482,2036,181443,1,1814.43
25488,2036,203756,1,2037.56
25489,2036,238102,1,2381.02
25490,2036,215791,1,2157.91
25496,2036,197077,1,1970.77
25506,2036,236622,1,2366.22
25508,2036,327278,1,3272.78
25511,2036,279890,1,2798.9
25521,2036,259361,1,2593.61
25523,2036,304830,1,3048.3
25528,2036,1273392,2,12733.92
25533,2036,271631,1,2716.31
25534,2036,891625,3,8916.25
25541,2036,176000,1,1760.0
25544,2036,624262,2,6242.62
25545,2036,343792,1,3437.92
25547,2036,603344,2,6033.44
25548,2036,247865,1,2478.65
25555,2036,63057,1,630.57
25556,2036,122267,2,1222.67
25560,2036,257620,1,2576.2
25565,2036,42205,1,422.05
25566,2036,692057,1,6920.57
25568,2036,37921,1,379.21
25569,2036,79711,2,797.11
25570,2036,56388,1,563.88
25571,2036,237992,1,2379.92
25573,2036,216217,1,2162.17
25574,2036,59066,1,590.66
25575,2036,51365,1,513.65
25577,2036,1096500,1,10965.0
25578,2036,361507,1,3615.07
25584,2036,569555,1,5695.55
25586,2036,1775519,1,17755.19
25591,2036,3935479,1,39354.79
25593,2036,53985,1,539.85
25594,2036,65411,1,654.11
25596,2036,70080,1,700.8
25597,2036,98122,1,981.22
25599,2036,124753,1,1247.53
25611,2036,148627,2,1486.27
25612,2036,220498,2,2204.98
25613,2036,53671,1,536.71
25619,2036,548076,1,5480.76
25625,2036,160705,1,1607.05
25629,2036,233705,1,2337.05
25634,2036,204833,1,2048.33
25636,2036,662146,2,6621.46
25638,2036,210764,1,2107.64
25639,2036,180964,1,1809.64
25641,2036,161312,1,1613.12
25642,2036,525677,2,5256.77
25657,2036,266488,1,2664.88
25662,2036,135849,1,1358.49
25665,2036,451733,2,4517.33
25667,2036,130857,1,1308.57
25670,2036,736288,1,7362.88
25672,2036,194308,1,1943.08
25673,2036,171936,1,1719.36
25677,2036,503096,1,5030.96
25683,2036,267581,1,2675.81
25684,2036,471658,2,4716.58
25685,2036,154774,1,1547.74
25700,2036,267409,1,2674.09
25703,2036,195848,1,1958.48
25713,2036,204597,1,2045.97
25714,2036,860951,2,8609.51
25715,2036,267581,1,2675.81
25718,2036,104693,1,1046.93
25720,2036,208922,1,2089.22
25725,2036,209218,1,2092.18
25730,2036,208866,1,2088.66
25732,2036,363437,1,3634.37
25738,2036,104780,1,1047.8
25741,2036,190734,1,1907.34
25747,2036,297370,1,2973.7
25748,2036,378416,1,3784.16
25754,2036,209066,1,2090.66
25759,2036,178525,1,1785.25
25762,2036,181340,1,1813.4
25763,2036,363728,1,3637.28
25768,2036,528785,1,5287.85
25773,2036,339223,1,3392.23
25774,2036,372574,1,3725.74
25781,2036,236809,1,2368.09
25788,2036,229729,1,2297.29
25791,2036,178843,1,1788.43
25800,2036,204515,1,2045.15
25802,2036,187223,1,1872.23
25820,2036,778823,1,7788.23
25828,2036,179820,1,1798.2
25829,2036,179158,1,1791.58
25834,2036,295769,1,2957.69
25839,2036,180602,1,1806.02
25840,2036,229900,1,2299.0
25849,2036,163751,1,1637.51
25853,2036,253321,1,2533.21
25860,2036,270798,1,2707.98
25863,2036,181384,1,1813.84
25869,2036,149823,1,1498.23
25870,2036,92734,1,927.34
25871,2036,119083,1,1190.83
25881,2036,186946,1,1869.46
25882,2036,187283,1,1872.83
25888,2036,288566,1,2885.66
25889,2036,205847,1,2058.47
25898,2036,205696,1,2056.96
25904,2036,786028,1,7860.28
25905,2036,249680,1,2496.8
25918,2036,218772,1,2187.72
25919,2036,203839,1,2038.39
25923,2036,199694,1,1996.94
25924,2036,249815,1,2498.15
25926,2036,349044,1,3490.44
25934,2036,284360,1,2843.6
25941,2036,153069,1,1530.69
25942,2036,105003,1,1050.03
25945,2036,199496,1,1994.96
25965,2036,113855,1,1138.55
25967,2036,207533,1,2075.33
25975,2036,339025,1,3390.25
25981,2036,213133,1,2131.33
25989,2036,108723,1,1087.23
25990,2036,112822,1,1128.22
25991,2036,131992,1,1319.92
25992,2036,160013,1,1600.13
25993,2036,129901,1,1299.01
25995,2036,611438,1,6114.38
25998,2036,108707,1,1087.07
26004,2036,129862,1,1298.62
26005,2036,115275,1,1152.75
26008,2036,459638,1,4596.38
26012,2036,209619,1,2096.19
26013,2036,182323,1,1823.23
26018,2036,338650,1,3386.5
26021,2036,217851,1,2178.51
26022,2036,727886,1,7278.86
26027,2036,404199,1,4041.99
26032,2036,259914,1,2599.14
26041,2036,339628,1,3396.28
26047,2036,217851,1,2178.51
26050,2036,270557,1,2705.57
26054,2036,357468,1,3574.68
26063,2036,621436,1,6214.36
26064,2036,259813,1,2598.13
26065,2036,558336,1,5583.36
26066,2036,270533,1,2705.33
26069,2036,222833,1,2228.33
26070,2036,404322,1,4043.22
26071,2036,277415,1,2774.15
26072,2036,206105,1,2061.05
26078,2036,270636,1,2706.36
26079,2036,270684,1,2706.84
26093,2036,217851,1,2178.51
26095,2036,143179,1,1431.79
26098,2036,270304,1,2703.04
26099,2036,310283,1,3102.83
26100,2036,356634,1,3566.34
26103,2036,243352,1,2433.52
26105,2036,715324,3,7153.24
26106,2036,152398,1,1523.98
26109,2036,483520,1,4835.2
26114,2036,187163,1,1871.63
26119,2036,537215,1,5372.15
26123,2036,356543,1,3565.43
26124,2036,320328,1,3203.28
26128,2036,579512,1,5795.12
26136,2036,347910,1,3479.1
26142,2036,162054,1,1620.54
26143,2036,111579,1,1115.79
26146,2036,147300,1,1473.0
26151,2036,164468,1,1644.68
26153,2036,307089,1,3070.89
26159,2036,266296,1,2662.96
26175,2036,929937,1,9299.37
26177,2036,190499,1,1904.99
26178,2036,134941,1,1349.41
26180,2036,307144,1,3071.44
26182,2036,483051,1,4830.51
26195,2036,165531,1,1655.31
26199,2036,482878,1,4828.78
26209,2036,225025,1,2250.25
26212,2036,223921,1,2239.21
26216,2036,1319095,1,13190.95
26217,2036,526678,1,5266.78
26220,2036,535723,2,5357.23
26221,2036,405060,1,4050.6
26225,2036,307305,1,3073.05
26226,2036,446019,1,4460.19
26228,2036,280475,1,2804.75
26234,2036,395330,1,3953.3
26237,2036,417090,1,4170.9
26246,2036,523127,1,5231.27
26251,2036,290871,1,2908.71
26253,2036,225383,1,2253.83
26256,2036,223882,1,2238.82
26260,2036,230677,1,2306.77
26266,2036,356359,1,3563.59
26268,2036,225579,1,2255.79
26272,2036,676897,1,6768.97
26280,2036,293453,1,2934.53
26284,2036,172334,1,1723.34
26285,2036,225885,1,2258.85
26286,2036,322644,1,3226.44
26287,2036,1613696,1,16136.96
26288,2036,390739,1,3907.39
26293,2036,306980,1,3069.8
26308,2036,367162,1,3671.62
26313,2036,214094,1,2140.94
26324,2036,214525,1,2145.25
26329,2036,169167,1,1691.67
26344,2036,326955,1,3269.55
26345,2036,326955,1,3269.55
26348,2036,327512,1,3275.12
26349,2036,327247,1,3272.47
26350,2036,326955,1,3269.55
26355,2036,347449,1,3474.49
26365,2036,311875,1,3118.75
26368,2036,312193,1,3121.93
26370,2036,349846,1,3498.46
26372,2036,523653,1,5236.53
26379,2036,509912,1,5099.12
26381,2036,380169,1,3801.69
26382,2036,337438,1,3374.38
26385,2036,290583,1,2905.83
26392,2036,245656,1,2456.56
26394,2036,168247,1,1682.47
26398,2036,168048,1,1680.48
26403,2036,167691,1,1676.91
26408,2036,197823,2,1978.23
26409,2036,111005,1,1110.05
26410,2036,87604,1,876.04
26411,2036,744155,1,7441.55
26412,2036,372394,1,3723.94
26417,2036,337269,1,3372.69
26419,2036,215862,1,2158.62
26421,2036,168326,1,1683.26
26422,2036,334688,1,3346.88
26423,2036,167848,1,1678.48
26434,2036,229383,1,2293.83
26435,2036,127904,1,1279.04
26441,2036,215892,1,2158.92
26443,2036,234770,1,2347.7
26450,2036,258733,1,2587.33
26451,2036,218211,1,2182.11
26453,2036,237826,1,2378.26
26456,2036,434240,1,4342.4
26461,2036,258082,1,2580.82
26463,2036,218615,1,2186.15
26466,2036,240708,1,2407.08
26467,2036,283789,1,2837.89
26468,2036,668141,1,6681.41
26469,2036,108022,1,1080.22
26471,2036,144788,1,1447.88
26472,2036,144017,1,1440.17
26474,2036,257870,1,2578.7
26476,2036,218501,1,2185.01
26477,2036,492284,1,4922.84
26489,2036,590514,3,5905.14
26490,2036,187799,1,1877.99
26495,2036,210094,1,2100.94
26496,2036,258506,1,2585.06
26502,2036,814763,1,8147.63
26504,2036,222557,1,2225.57
26508,2036,285940,1,2859.4
26512,2036,333771,1,3337.71
26520,2036,1988296,1,19882.96
26523,2036,374485,1,3744.85
26525,2036,409264,1,4092.64
26527,2036,257927,1,2579.27
26533,2036,221801,1,2218.01
26538,2036,813195,2,8131.95
26542,2036,355003,1,3550.03
26546,2036,408382,1,4083.82
26547,2036,258294,1,2582.94
26554,2036,222151,1,2221.51
26564,2036,432485,1,4324.85
26565,2036,375219,1,3752.19
26568,2036,294652,1,2946.52
26575,2036,355003,1,3550.03
26576,2036,355003,1,3550.03
26577,2036,309502,1,3095.02
26578,2036,335754,1,3357.54
26583,2036,326064,1,3260.64
26586,2036,213694,1,2136.94
26591,2036,258680,1,2586.8
26593,2036,1561930,2,15619.3
26596,2036,343097,1,3430.97
26599,2036,325314,1,3253.14
26612,2036,273631,1,2736.31
26613,2036,325733,1,3257.33
26615,2036,213912,1,2139.12
26620,2036,273424,1,2734.24
26628,2036,594293,1,5942.93
26629,2036,460985,1,4609.85
26631,2036,258466,1,2584.66
26634,2036,248154,1,2481.54
26636,2036,223677,1,2236.77
26637,2036,223803,1,2238.03
26641,2036,223349,1,2233.49
26642,2036,555838,1,5558.38
26648,2036,389318,1,3893.18
26649,2036,711216,1,7112.16
26651,2036,599650,1,5996.5
26660,2036,1083587,1,10835.87
26661,2036,439768,1,4397.68
26666,2036,380115,1,3801.15
26667,2036,379421,1,3794.21
26670,2036,80099,1,800.99
26671,2036,172098,1,1720.98
26673,2036,214070,1,2140.7
26677,2036,410648,1,4106.48
26678,2036,411348,1,4113.48
26681,2036,283486,1,2834.86
26682,2036,326344,1,3263.44
26686,2036,380195,1,3801.95
26688,2036,334763,1,3347.63
26691,2036,357685,1,3576.85
26692,2036,3310412,3,33104.12
26693,2036,143403,1,1434.03
26694,2036,865620,1,8656.2
26701,2036,343151,1,3431.51
26703,2036,293477,1,2934.77
26704,2036,199715,1,1997.15
26706,2036,199863,1,1998.63
26709,2036,266347,1,2663.47
26710,2036,446195,1,4461.95
26711,2036,200012,1,2000.12
26714,2036,446465,1,4464.65
26720,2036,396016,1,3960.16
26723,2036,266347,1,2663.47
26729,2036,2004404,7,20044.04
26730,2036,200011,1,2000.11
26733,2036,1137369,1,11373.69
26743,2036,328733,1,3287.33
26744,2036,327868,1,3278.68
26745,2036,328193,1,3281.93
26746,2036,328408,1,3284.08
26748,2036,935492,1,9354.92
26752,2036,135991,1,1359.91
26753,2036,498048,2,4980.48
26754,2036,328299,1,3282.99
26755,2036,328299,1,3282.99
26756,2036,329168,1,3291.68
26757,2036,328299,1,3282.99
26758,2036,340563,1,3405.63
26762,2036,293477,1,2934.77
26763,2036,283177,1,2831.77
26764,2036,282692,1,2826.92
26765,2036,395928,1,3959.28
26770,2036,332567,1,3325.67
26773,2036,219906,1,2199.06
26776,2036,286287,1,2862.87
26778,2036,582377,1,5823.77
26779,2036,316687,1,3166.87
26782,2036,328190,1,3281.9
26783,2036,307410,1,3074.1
26789,2036,283051,1,2830.51
26791,2036,282871,1,2828.71
26792,2036,283357,1,2833.57
26793,2036,283915,1,2839.15
26794,2036,395756,1,3957.56
26795,2036,350908,1,3509.08
26802,2036,1061618,2,10616.18
26806,2036,307239,1,3072.39
26809,2036,307084,1,3070.84
26810,2036,433342,1,4333.42
26811,2036,393522,1,3935.22
26815,2036,282871,1,2828.71
26816,2036,371110,1,3711.1
26818,2036,935824,1,9358.24
26820,2036,350963,1,3509.63
26822,2036,294544,1,2945.44
26825,2036,659794,1,6597.94
26830,2036,307170,1,3071.7
26833,2036,351286,1,3512.86
26834,2036,295082,1,2950.82
26835,2036,257005,1,2570.05
26837,2036,352277,1,3522.77
26840,2036,402537,1,4025.37
26842,2036,150993,1,1509.93
26843,2036,986340,1,9863.4
26847,2036,525149,1,5251.49
26850,2036,307084,1,3070.84
26851,2036,307565,1,3075.65
26854,2036,370332,1,3703.32
26860,2036,175478,1,1754.78
26865,2036,524719,1,5247.19
26871,2036,433704,1,4337.04
26875,2036,405116,1,4051.16
26884,2036,386254,1,3862.54
26888,2036,222968,1,2229.68
26889,2036,194172,1,1941.72
26890,2036,633994,1,6339.94
26891,2036,125176,1,1251.76
26894,2036,175257,1,1752.57
26895,2036,120559,1,1205.59
26896,2036,421549,1,4215.49
26909,2036,323583,1,3235.83
26911,2036,712367,1,7123.67
26913,2036,256870,1,2568.7
26916,2036,444305,1,4443.05
26917,2036,307909,1,3079.09
26918,2036,267407,1,2674.07
26920,2036,267407,1,2674.07
26925,2036,222269,1,2222.69
26927,2036,130965,1,1309.65
26935,2036,430783,1,4307.83
26936,2036,266602,1,2666.02
26937,2036,405205,1,4052.05
26939,2036,222420,1,2224.2
26942,2036,168882,1,1688.82
26944,2036,100320,1,1003.2
26945,2036,1097420,2,10974.2
26946,2036,606451,2,6064.51
26950,2036,323136,1,3231.36
26953,2036,174634,1,1746.34
26957,2036,405733,1,4057.33
26963,2036,329235,1,3292.35
26969,2036,178229,1,1782.29
26973,2036,189149,1,1891.49
26975,2036,323082,1,3230.82
26979,2036,267330,1,2673.3
26981,2036,476247,1,4762.47
26984,2036,278007,1,2780.07
26985,2036,383963,2,3839.63
26992,2036,49471,1,494.71
26993,2036,318507,1,3185.07
26997,2036,267757,1,2677.57
26998,2036,266130,1,2661.3
27001,2036,106371,1,1063.71
27005,2036,94260,1,942.6
27009,2036,647826,3,6478.26
27010,2036,215207,2,2152.07
27011,2036,145214,1,1452.14
27014,2036,366943,1,3669.43
27016,2036,318610,1,3186.1
27018,2036,184202,1,1842.02
27023,2036,182769,1,1827.69
27029,2036,367279,1,3672.79
27030,2036,367401,1,3674.01
27039,2036,210226,1,2102.26
27042,2036,265815,1,2658.15
27043,2036,380195,1,3801.95
27044,2036,157787,1,1577.87
27045,2036,154840,1,1548.4
27049,2036,366835,1,3668.35
27051,2036,308740,1,3087.4
27052,2036,1218888,2,12188.88
27053,2036,275579,1,2755.79
27056,2036,275891,1,2758.91
27057,2036,209873,1,2098.73
27058,2036,271707,1,2717.07
27059,2036,343588,1,3435.88
27060,2036,350937,1,3509.37
27062,2036,396713,1,3967.13
27070,2036,482744,1,4827.44
27072,2036,271653,1,2716.53
27076,2036,85140,1,851.4
27079,2036,405417,1,4054.17
27082,2036,308266,1,3082.66
27086,2036,481065,1,4810.65
27088,2036,736974,1,7369.74
27089,2036,472793,1,4727.93
27090,2036,228225,1,2282.25
27092,2036,209671,1,2096.71
27093,2036,310511,1,3105.11
27101,2036,243723,1,2437.23
27103,2036,138072,1,1380.72
27107,2036,309062,1,3090.62
27108,2036,236740,1,2367.4
27110,2036,217214,1,2172.14
27112,2036,217334,1,2173.34
27114,2036,210395,1,2103.95
27115,2036,310291,1,3102.91
27116,2036,846582,1,8465.82
27118,2036,260923,1,2609.23
27123,2036,1015045,1,10150.45
27128,2036,703713,1,7037.13
27131,2036,237204,1,2372.04
27138,2036,549364,1,5493.64
27143,2036,344736,1,3447.36
27147,2036,937044,1,9370.44
27150,2036,536991,1,5369.91
27154,2036,481475,1,4814.75
27157,2036,137869,1,1378.69
27159,2036,162016,1,1620.16
27160,2036,161225,1,1612.25
27162,2036,714560,1,7145.6
27164,2036,435850,1,4358.5
27165,2036,297706,1,2977.06
27166,2036,305663,1,3056.63
27168,2036,256402,1,2564.02
27169,2036,266130,1,2661.3
27170,2036,361347,1,3613.47
27171,2036,1035077,2,10350.77
27172,2036,112589,1,1125.89
27174,2036,320633,1,3206.33
27178,2036,227807,1,2278.07
27179,2036,304049,1,3040.49
27180,2036,315343,1,3153.43
27181,2036,1301378,1,13013.78
27184,2036,401417,1,4014.17
27187,2036,897300,2,8973.0
27191,2036,210024,1,2100.24
27192,2036,237164,1,2371.64
27196,2036,300374,1,3003.74
27201,2036,106130,1,1061.3
27202,2036,227366,1,2273.66
27206,2036,481475,1,4814.75
27207,2036,306146,1,3061.46
27209,2036,236962,1,2369.62
27211,2036,237963,1,2379.63
27215,2036,300557,1,3005.57
27218,2036,438170,1,4381.7
27220,2036,198253,1,1982.53
27221,2036,542432,2,5424.32
27222,2036,140050,1,1400.5
27223,2036,289608,1,2896.08
27224,2036,490991,1,4909.91
27225,2036,43550,1,435.5
27226,2036,172710,2,1727.1
27232,2036,315554,1,3155.54
27236,2036,218495,1,2184.95
27237,2036,237164,1,2371.64
27241,2036,475517,1,4755.17
27245,2036,300557,1,3005.57
27246,2036,46271,1,462.71
27248,2036,227282,1,2272.82
27250,2036,211705,1,2117.05
27251,2036,2199537,5,21995.37
27252,2036,241146,1,2411.46
27254,2036,315429,1,3154.29
27257,2036,157212,1,1572.12
27258,2036,186848,1,1868.48
27267,2036,196707,1,1967.07
27270,2036,125180,1,1251.8
27271,2036,365152,1,3651.52
27273,2036,561774,1,5617.74
27275,2036,555173,1,5551.73
27276,2036,305870,1,3058.7
27277,2036,218579,1,2185.79
27278,2036,786327,1,7863.27
27282,2036,179042,1,1790.42
27287,2036,227451,1,2274.51
27293,2036,218882,1,2188.82
27294,2036,415508,1,4155.08
27295,2036,766499,1,7664.99
27296,2036,126082,1,1260.82
27298,2036,367826,1,3678.26
27311,2036,232035,1,2320.35
27315,2036,325887,1,3258.87
27319,2036,400475,1,4004.75
27321,2036,330693,1,3306.93
27323,2036,244655,1,2446.55
27325,2036,269851,1,2698.51
27326,2036,414713,1,4147.13
27328,2036,80586,1,805.86
27329,2036,89631,1,896.31
27330,2036,638252,1,6382.52
27331,2036,376660,2,3766.6
27332,2036,337589,1,3375.89
27333,2036,195287,1,1952.87
27334,2036,195309,1,1953.09
27335,2036,769364,1,7693.64
27346,2036,150298,1,1502.98
27349,2036,224430,1,2244.3
27351,2036,166330,1,1663.3
27353,2036,438354,1,4383.54
27356,2036,195626,1,1956.26
27357,2036,241206,1,2412.06
27361,2036,271887,1,2718.87
27371,2036,112956,1,1129.56
27372,2036,497890,2,4978.9
27374,2036,223408,1,2234.08
27378,2036,432190,1,4321.9
27383,2036,109545,1,1095.45
27386,2036,153739,1,1537.39
27388,2036,95166,1,951.66
27390,2036,337347,1,3373.47
27391,2036,143977,1,1439.77
27393,2036,195309,1,1953.09
27396,2036,356452,1,3564.52
27398,2036,443561,1,4435.61
27400,2036,244977,1,2449.77
27401,2036,356978,1,3569.78
27403,2036,758620,1,7586.2
27404,2036,340326,1,3403.26
27407,2036,164519,1,1645.19
27408,2036,67701,1,677.01
27409,2036,174123,2,1741.23
27412,2036,203106,2,2031.06
27419,2036,195638,1,1956.38
27426,2036,244018,1,2440.18
27427,2036,279730,1,2797.3
27434,2036,98022,1,980.22
27435,2036,147672,1,1476.72
27436,2036,224930,1,2249.3
27438,2036,166286,1,1662.86
27439,2036,143338,1,1433.38
27442,2036,270752,1,2707.52
27447,2036,215156,1,2151.56
27452,2036,246246,1,2462.46
27453,2036,513036,1,5130.36
27458,2036,234449,1,2344.49
27460,2036,273501,1,2735.01
27463,2036,214886,1,2148.86
27465,2036,244338,1,2443.38
27469,2036,166061,1,1660.61
27470,2036,143178,1,1431.78
27477,2036,297078,1,2970.78
27478,2036,372323,1,3723.23
27480,2036,156817,1,1568.17
27483,2036,122950,1,1229.5
27485,2036,605997,1,6059.97
27487,2036,448418,1,4484.18
27488,2036,464709,1,4647.09
27489,2036,165974,1,1659.74
27490,2036,143338,1,1433.38
27491,2036,201828,1,2018.28
27495,2036,214677,1,2146.77
27497,2036,340758,1,3407.58
27498,2036,155153,1,1551.53
27501,2036,240102,1,2401.02
27502,2036,264559,1,2645.59
27503,2036,264951,1,2649.51
27504,2036,265119,1,2651.19
27505,2036,265045,1,2650.45
27506,2036,486384,1,4863.84
27508,2036,331591,1,3315.91
27518,2036,143657,1,1436.57
27525,2036,214973,1,2149.73
27528,2036,331010,1,3310.1
27534,2036,246534,1,2465.34
27535,2036,1473706,1,14737.06
27536,2036,204578,1,2045.78
27537,2036,126901,1,1269.01
27539,2036,265735,2,2657.35
27540,2036,147503,1,1475.03
27541,2036,48744,1,487.44
27542,2036,259573,2,2595.73
27544,2036,214919,1,2149.19
27546,2036,143178,1,1431.78
27547,2036,143018,1,1430.18
27553,2036,331876,1,3318.76
27558,2036,448780,1,4487.8
27559,2036,340308,1,3403.08
27561,2036,348545,1,3485.45
27564,2036,182225,1,1822.25
27565,2036,186415,1,1864.15
27567,2036,724608,1,7246.08
27570,2036,405156,1,4051.56
27571,2036,199125,1,1991.25
27572,2036,2400231,1,24002.31
27573,2036,243409,1,2434.09
27575,2036,165925,1,1659.25
27576,2036,143497,1,1434.97
27578,2036,199606,1,1996.06
27580,2036,215095,1,2150.95
27583,2036,151397,1,1513.97
27584,2036,655143,1,6551.43
27590,2036,350885,1,3508.85
27599,2036,721057,1,7210.57
27605,2036,220269,1,2202.69
27606,2036,978697,1,9786.97
27607,2036,2157572,4,21575.72
27609,2036,895769,2,8957.69
27610,2036,144829,1,1448.29
27614,2036,331792,1,3317.92
27615,2036,331676,1,3316.76
27616,2036,610493,1,6104.93
27617,2036,181140,1,1811.4
27618,2036,180638,1,1806.38
27620,2036,180815,1,1808.15
27622,2036,570167,1,5701.67
27623,2036,237185,1,2371.85
27624,2036,1897504,4,18975.04
27625,2036,1157344,3,11573.44
27626,2036,193366,1,1933.66
27628,2036,536018,3,5360.18
27630,2036,437161,2,4371.61
27631,2036,155263,1,1552.63
27633,2036,190499,1,1904.99
27634,2036,375421,1,3754.21
27637,2036,180667,1,1806.67
27638,2036,180611,1,1806.11
27639,2036,724871,2,7248.71
27642,2036,451078,2,4510.78
27643,2036,503084,2,5030.84
27644,2036,328499,1,3284.99
27647,2036,289459,1,2894.59
27648,2036,324908,1,3249.08
27654,2036,131367,1,1313.67
27656,2036,164766,1,1647.66
27659,2036,496801,1,4968.01
27664,2036,191285,1,1912.85
27665,2036,331495,1,3314.95
27668,2036,453309,1,4533.09
27674,2036,607124,2,6071.24
27678,2036,90523,1,905.23
27679,2036,212099,1,2120.99
27680,2036,212399,1,2123.99
27681,2036,180815,1,1808.15
27682,2036,183178,1,1831.78
27683,2036,368461,1,3684.61
27685,2036,234547,1,2345.47
27686,2036,360267,2,3602.67
27692,2036,158641,1,1586.41
27693,2036,319464,2,3194.64
27697,2036,267356,1,2673.56
27698,2036,1436792,5,14367.92
27701,2036,869661,3,8696.61
27707,2036,148705,1,1487.05
27710,2036,333545,1,3335.45
27712,2036,314002,1,3140.02
27713,2036,255732,1,2557.32
27714,2036,180490,1,1804.9
27718,2036,449133,2,4491.33
27719,2036,277399,1,2773.99
27721,2036,733806,1,7338.06
27724,2036,262870,1,2628.7
27725,2036,192571,1,1925.71
27726,2036,260811,1,2608.11
27727,2036,190290,1,1902.9
27728,2036,95818,1,958.18
27733,2036,155280,1,1552.8
27735,2036,194264,1,1942.64
27736,2036,255429,1,2554.29
27739,2036,181140,1,1811.4
27744,2036,182772,1,1827.72
27747,2036,234744,1,2347.44
27750,2036,59501,1,595.01
27756,2036,256494,1,2564.94
27758,2036,283781,1,2837.81
27760,2036,269298,2,2692.98
27767,2036,341226,1,3412.26
27770,2036,120403,1,1204.03
27774,2036,163345,1,1633.45
27779,2036,256494,1,2564.94
27781,2036,291260,1,2912.6
27782,2036,358653,2,3586.53
27783,2036,284661,1,2846.61
27784,2036,283954,1,2839.54
27787,2036,377170,1,3771.7
27788,2036,341448,1,3414.48
27792,2036,275214,1,2752.14
27796,2036,202190,1,2021.9
27798,2036,314797,1,3147.97
27801,2036,415728,1,4157.28
27804,2036,255244,1,2552.44
27807,2036,254955,1,2549.55
27808,2036,182972,1,1829.72
27810,2036,275214,1,2752.14
27812,2036,93382,1,933.82
27813,2036,1081319,4,10813.19
27817,2036,233290,1,2332.9
27818,2036,261884,4,2618.84
27819,2036,43406,1,434.06
27822,2036,207016,1,2070.16
27823,2036,314731,1,3147.31
27824,2036,31715,1,317.15
27825,2036,58921,1,589.21
27826,2036,33113,1,331.13
27827,2036,32319,1,323.19
27829,2036,209446,3,2094.46
27831,2036,181316,1,1813.16
27838,2036,359731,1,3597.31
27839,2036,350453,1,3504.53
27840,2036,248805,1,2488.05
27841,2036,249251,1,2492.51
27842,2036,252539,1,2525.39
27843,2036,252347,1,2523.47
27847,2036,413895,1,4138.95
27850,2036,262960,1,2629.6
27853,2036,350988,1,3509.88
27855,2036,255081,1,2550.81
27856,2036,265874,1,2658.74
27857,2036,1301208,3,13012.08
27858,2036,327964,1,3279.64
27859,2036,341556,1,3415.56
27860,2036,262870,1,2628.7
27862,2036,234959,1,2349.59
27863,2036,274917,1,2749.17
27865,2036,395810,1,3958.1
27866,2036,63340,1,633.4
27867,2036,188526,2,1885.26
27868,2036,204961,2,2049.61
27869,2036,301432,1,3014.32
27871,2036,275754,1,2757.54
27873,2036,249166,1,2491.66
27875,2036,249335,1,2493.35
27878,2036,242689,1,2426.89
27879,2036,574052,2,5740.52
27880,2036,316262,1,3162.62
27881,2036,255175,1,2551.75
27882,2036,536051,2,5360.51
27886,2036,56758,1,567.58
27887,2036,124919,1,1249.19
27889,2036,435355,1,4353.55
27890,2036,330126,1,3301.26
27894,2036,240501,1,2405.01
27896,2036,262637,1,2626.37
27897,2036,259129,1,2591.29
27898,2036,275280,1,2752.8
27899,2036,137138,1,1371.38
27900,2036,131171,1,1311.71
27901,2036,573905,3,5739.05
27903,2036,627327,1,6273.27
27908,2036,180821,1,1808.21
27909,2036,179966,1,1799.66
27911,2036,54158,1,541.58
27912,2036,55057,1,550.57
27913,2036,179801,1,1798.01
27916,2036,183714,1,1837.14
27920,2036,148237,1,1482.37
27926,2036,265761,1,2657.61
27927,2036,973846,3,9738.46
27928,2036,341334,1,3413.34
27929,2036,275612,1,2756.12
27930,2036,487747,1,4877.47
27932,2036,89298,1,892.98
27933,2036,210327,1,2103.27
27937,2036,212049,1,2120.49
27939,2036,303732,1,3037.32
27940,2036,303543,1,3035.43
27941,2036,416776,1,4167.76
27945,2036,2177217,4,21772.17
27946,2036,239337,1,2393.37
27948,2036,265618,1,2656.18
27950,2036,646721,1,6467.21
27953,2036,259361,1,2593.61
27954,2036,275744,1,2757.44
27956,2036,360770,1,3607.7
27960,2036,275319,1,2753.19
27962,2036,231012,1,2310.12
27966,2036,1041071,2,10410.71
27970,2036,173590,1,1735.9
27973,2036,258992,1,2589.92
27977,2036,576051,1,5760.51
27978,2036,96907,1,969.07
27979,2036,98753,1,987.53
27980,2036,228404,1,2284.04
27981,2036,202481,1,2024.81
27982,2036,1545903,1,15459.03
27984,2036,230802,1,2308.02
27989,2036,388327,1,3883.27
27991,2036,231386,1,2313.86
27995,2036,227540,1,2275.4
27997,2036,204569,1,2045.69
28000,2036,454972,1,4549.72
28002,2036,275315,1,2753.15
28003,2036,275547,1,2755.47
28006,2036,211736,1,2117.36
28008,2036,292819,1,2928.19
28009,2036,292884,1,2928.84
28012,2036,234103,1,2341.03
28016,2036,231719,1,2317.19
28018,2036,207792,1,2077.92
28019,2036,204547,1,2045.47
28021,2036,204314,1,2043.14
28022,2036,234861,1,2348.61
28024,2036,549767,2,5497.67
28025,2036,181086,1,1810.86
28027,2036,174938,1,1749.38
28028,2036,175359,1,1753.59
28031,2036,103846,1,1038.46
28033,2036,187407,1,1874.07
28034,2036,587056,1,5870.56
28038,2036,293481,1,2934.81
28040,2036,189478,1,1894.78
28044,2036,207081,1,2070.81
28045,2036,204770,1,2047.7
28047,2036,211214,1,2112.14
28048,2036,235235,1,2352.35
28049,2036,243291,1,2432.91
28051,2036,440809,1,4408.09
28052,2036,175241,1,1752.41
28056,2036,187380,1,1873.8
28060,2036,136480,1,1364.8
28061,2036,186814,1,1868.14
28062,2036,130541,1,1305.41
28066,2036,383031,1,3830.31
28069,2036,383099,1,3830.99
28071,2036,440379,1,4403.79
28073,2036,26054,1,260.54
28077,2036,243291,1,2432.91
28078,2036,213857,1,2138.57
28081,2036,293248,1,2932.48
28082,2036,231876,1,2318.76
28083,2036,213512,1,2135.12
28084,2036,564710,2,5647.1
28085,2036,116609,1,1166.09
28086,2036,221488,1,2214.88
28087,2036,418694,2,4186.94
28089,2036,367577,1,3675.77
28093,2036,440755,1,4407.55
28094,2036,150073,2,1500.73
28095,2036,334162,1,3341.62
28096,2036,66227,1,662.27
28100,2036,99015,1,990.15
28101,2036,70304,1,703.04
28104,2036,129162,1,1291.62
28107,2036,243125,1,2431.25
28109,2036,39001,1,390.01
28110,2036,143916,1,1439.16
28111,2036,47855,1,478.55
28114,2036,240025,2,2400.25
28115,2036,114544,1,1145.44
28117,2036,294408,1,2944.08
28118,2036,208027,1,2080.27
28121,2036,138751,1,1387.51
28123,2036,100661,1,1006.61
28125,2036,338186,1,3381.86
28126,2036,230802,1,2308.02
28128,2036,284782,1,2847.82
28129,2036,284591,1,2845.91
28130,2036,284440,1,2844.4
28133,2036,113152,1,1131.52
28136,2036,295155,1,2951.55
28137,2036,115029,1,1150.29
28138,2036,160510,1,1605.1
28142,2036,143819,1,1438.19
28146,2036,304571,1,3045.71
28152,2036,227746,1,2277.46
28154,2036,136934,1,1369.34
28155,2036,91842,1,918.42
28156,2036,131230,1,1312.3
28157,2036,646851,3,6468.51
28162,2036,346092,1,3460.92
28165,2036,151996,1,1519.96
28166,2036,456421,2,4564.21
28167,2036,151108,1,1511.08
28168,2036,105341,1,1053.41
28169,2036,87054,1,870.54
28171,2036,293444,2,2934.44
28174,2036,649026,2,6490.26
28176,2036,447121,1,4471.21
28178,2036,103005,1,1030.05
28179,2036,105130,1,1051.3
28180,2036,108722,1,1087.22
28181,2036,103489,1,1034.89
28190,2036,308061,1,3080.61
28194,2036,147045,1,1470.45
28196,2036,51557,1,515.57
28197,2036,46691,1,466.91
28199,2036,63162,1,631.62
28200,2036,158072,1,1580.72
28201,2036,177497,1,1774.97
28202,2036,321569,2,3215.69
28203,2036,178057,1,1780.57
28205,2036,121349,1,1213.49
28207,2036,314296,1,3142.96
28208,2036,164086,1,1640.86
28209,2036,302621,1,3026.21
28210,2036,241637,1,2416.37
28211,2036,241508,1,2415.08
28213,2036,217790,1,2177.9
28219,2036,307871,1,3078.71
28221,2036,183156,1,1831.56
28222,2036,242771,1,2427.71
28225,2036,241309,1,2413.09
28228,2036,218024,1,2180.24
28229,2036,217805,1,2178.05
28242,2036,93696,1,936.96
28243,2036,111784,1,1117.84
28245,2036,112630,1,1126.3
28246,2036,47522,1,475.22
28249,2036,111715,1,1117.15
28251,2036,241836,1,2418.36
28253,2036,217805,1,2178.05
28254,2036,217562,1,2175.62
28256,2036,265639,1,2656.39
28257,2036,265372,1,2653.72
28259,2036,182387,1,1823.87
28262,2036,168093,1,1680.93
28267,2036,167730,1,1677.3
28268,2036,171385,1,1713.85
28271,2036,241438,1,2414.38
28272,2036,241508,1,2415.08
28274,2036,217790,1,2177.9
28276,2036,615677,1,6156.77
28277,2036,175603,1,1756.03
28278,2036,265106,1,2651.06
28280,2036,265173,1,2651.73
28283,2036,182610,1,1826.1
28284,2036,330448,1,3304.48
28291,2036,230471,1,2304.71
28292,2036,230322,1,2303.22
28293,2036,230802,1,2308.02
28294,2036,230681,1,2306.81
28300,2036,182832,1,1828.32
28303,2036,699449,1,6994.49
28306,2036,177013,1,1770.13
28310,2036,770958,1,7709.58
28311,2036,188398,1,1883.98
28312,2036,93866,1,938.66
28313,2036,242437,2,2424.37
28315,2036,250823,1,2508.23
28316,2036,508198,1,5081.98
28317,2036,251072,1,2510.72
28318,2036,501283,1,5012.83
28319,2036,241766,1,2417.66
28323,2036,230532,1,2305.32
28326,2036,341533,1,3415.33
28338,2036,227144,1,2271.44
28339,2036,335040,1,3350.4
28341,2036,336037,1,3360.37
28342,2036,501643,1,5016.43
28343,2036,241309,1,2413.09
28344,2036,241965,1,2419.65
28345,2036,217775,1,2177.75
28346,2036,217797,1,2177.97
28348,2036,231221,1,2312.21
28353,2036,177528,1,1775.28
28361,2036,223525,1,2235.25
28362,2036,241708,1,2417.08
28365,2036,616268,1,6162.68
28373,2036,91239,1,912.39
28376,2036,713819,1,7138.19
28378,2036,251399,1,2513.99
28380,2036,205958,1,2059.58
28382,2036,241438,1,2414.38
28383,2036,501721,1,5017.21
28385,2036,217782,1,2177.82
28386,2036,217775,1,2177.75
28390,2036,822787,1,8227.87
28393,2036,318845,1,3188.45
28397,2036,205896,1,2058.96
28398,2036,260743,1,2607.43
28402,2036,218259,1,2182.59
28405,2036,361397,1,3613.97
28407,2036,251072,1,2510.72
28409,2036,205896,1,2058.96
28410,2036,248158,1,2481.58
28412,2036,260531,1,2605.31
28413,2036,468007,1,4680.07
28414,2036,241438,1,2414.38
28415,2036,266928,1,2669.28
28417,2036,293416,1,2934.16
28420,2036,297789,1,2977.89
28422,2036,206041,1,2060.41
28426,2036,528542,1,5285.42
28427,2036,307517,1,3075.17
28428,2036,189963,1,1899.63
28436,2036,385660,1,3856.6
28440,2036,121161,1,1211.61
28441,2036,140343,1,1403.43
28443,2036,298108,1,2981.08
28445,2036,248314,1,2483.14
28446,2036,290887,1,2908.87
28447,2036,261012,1,2610.12
28449,2036,241637,1,2416.37
28450,2036,218024,1,2180.24
28452,2036,267478,1,2674.78
28453,2036,267512,1,2675.12
28454,2036,215948,1,2159.48
28456,2036,394543,1,3945.43
28461,2036,130459,1,1304.59
28462,2036,132737,1,1327.37
28463,2036,121866,1,1218.66
28464,2036,186459,1,1864.59
28466,2036,145822,1,1458.22
28467,2036,168054,1,1680.54
28468,2036,153821,1,1538.21
28476,2036,823155,1,8231.55
28477,2036,48216,1,482.16
28480,2036,154945,1,1549.45
28481,2036,62912,1,629.12
28484,2036,116262,1,1162.62
28485,2036,138138,2,1381.38
28486,2036,626793,1,6267.93
28488,2036,267240,1,2672.4
28490,2036,394045,1,3940.45
28491,2036,148926,1,1489.26
28492,2036,148541,1,1485.41
28498,2036,245412,1,2454.12
28502,2036,277574,1,2775.74
28505,2036,767629,1,7676.29
28508,2036,215300,1,2153.0
28511,2036,410785,1,4107.85
28514,2036,210592,1,2105.92
28515,2036,181121,1,1811.21
28516,2036,48698,1,486.98
28520,2036,96067,1,960.67
28522,2036,245506,1,2455.06
28524,2036,198656,1,1986.56
28526,2036,288898,1,2888.98
28528,2036,326399,1,3263.99
28531,2036,177283,1,1772.83
28533,2036,39248,1,392.48
28534,2036,102238,1,1022.38
28535,2036,67825,1,678.25
28537,2036,379776,3,3797.76
28540,2036,122725,1,1227.25
28541,2036,95489,1,954.89
28542,2036,101922,1,1019.22
28548,2036,326480,1,3264.8
28549,2036,394543,1,3945.43
28550,2036,180165,1,1801.65
28551,2036,107345,1,1073.45
28554,2036,132393,1,1323.93
28555,2036,131842,1,1318.42
28556,2036,241662,2,2416.62
28557,2036,145893,1,1458.93
28558,2036,126516,1,1265.16
28559,2036,53720,1,537.2
28560,2036,153672,1,1536.72
28562,2036,187727,2,1877.27
28564,2036,132242,1,1322.42
28568,2036,339622,1,3396.22
28573,2036,326399,1,3263.99
28574,2036,325955,1,3259.55
28578,2036,126942,1,1269.42
28580,2036,175719,1,1757.19
28581,2036,245107,2,2451.07
28582,2036,142220,1,1422.2
28583,2036,166631,2,1666.31
28584,2036,78067,1,780.67
28585,2036,85821,1,858.21
28586,2036,117781,1,1177.81
28587,2036,279981,1,2799.81
28588,2036,150223,1,1502.23
28589,2036,165708,1,1657.08
28590,2036,144657,1,1446.57
28592,2036,234562,1,2345.62
28597,2036,166194,1,1661.94
28599,2036,74090,1,740.9
28601,2036,45602,1,456.02
28602,2036,118481,1,1184.81
28603,2036,203254,2,2032.54
28604,2036,132171,1,1321.71
28605,2036,103067,1,1030.67
28606,2036,234531,1,2345.31
28608,2036,368061,1,3680.61
28611,2036,46172,1,461.72
28612,2036,265600,2,2656.0
28614,2036,128124,1,1281.24
28617,2036,136180,1,1361.8
28618,2036,56459,1,564.59
28619,2036,136314,1,1363.14
28622,2036,158341,1,1583.41
28623,2036,105902,1,1059.02
28625,2036,487071,1,4870.71
28626,2036,267478,1,2674.78
28628,2036,126124,1,1261.24
28629,2036,107312,1,1073.12
28630,2036,121234,1,1212.34
28633,2036,204591,1,2045.91
28634,2036,204187,1,2041.87
28635,2036,204591,1,2045.91
28636,2036,204591,1,2045.91
28637,2036,204671,1,2046.71
28638,2036,146717,1,1467.17
28640,2036,105148,1,1051.48
28641,2036,121080,1,1210.8
28642,2036,219074,1,2190.74
28644,2036,204779,1,2047.79
28647,2036,218758,1,2187.58
28648,2036,165111,1,1651.11
28649,2036,314467,2,3144.67
28653,2036,256529,1,2565.29
28655,2036,121204,1,1212.04
28656,2036,123871,1,1238.71
28658,2036,106342,1,1063.42
28659,2036,120464,1,1204.64
28661,2036,204887,1,2048.87
28664,2036,219079,1,2190.79
28665,2036,239133,1,2391.33
28667,2036,156306,1,1563.06
28668,2036,386000,1,3860.0
28669,2036,556318,2,5563.18
28671,2036,114162,1,1141.62
28673,2036,204403,1,2044.03
28674,2036,165384,1,1653.84
28677,2036,866573,1,8665.73
28682,2036,256913,1,2569.13
28683,2036,116574,1,1165.74
28684,2036,113845,1,1138.45
28685,2036,113978,1,1139.78
28689,2036,165345,1,1653.45
28691,2036,181182,1,1811.82
28692,2036,146840,1,1468.4
28693,2036,238649,1,2386.49
28696,2036,230109,1,2301.09
28697,2036,168780,1,1687.8
28700,2036,657707,1,6577.07
28701,2036,216180,1,2161.8
28702,2036,3015718,5,30157.18
28704,2036,256675,1,2566.75
28707,2036,218813,1,2188.13
28708,2036,146840,1,1468.4
28709,2036,252426,1,2524.26
28711,2036,168212,1,1682.12
28712,2036,338002,1,3380.02
28713,2036,385648,1,3856.48
28714,2036,323262,1,3232.62
28716,2036,165045,1,1650.45
28717,2036,165244,1,1652.44
28718,2036,180888,1,1808.88
28720,2036,229672,1,2296.72
28723,2036,216292,1,2162.92
28730,2036,196248,1,1962.48
28731,2036,229740,1,2297.4
28737,2036,219345,1,2193.45
28744,2036,211766,1,2117.66
28747,2036,301409,1,3014.09
28748,2036,123413,1,1234.13
28752,2036,169774,1,1697.74
28753,2036,100685,1,1006.85
28754,2036,67058,1,670.58
28755,2036,1030398,2,10303.98
28760,2036,218758,1,2187.58
28762,2036,209734,1,2097.34
28763,2036,156219,1,1562.19
28767,2036,119238,1,1192.38
28768,2036,288623,1,2886.23
28769,2036,155805,1,1558.05
28772,2036,145083,1,1450.83
28773,2036,119022,1,1190.22
28774,2036,261893,1,2618.93
28776,2036,220472,1,2204.72
28777,2036,357962,1,3579.62
28779,2036,228387,1,2283.87
28780,2036,236846,1,2368.46
28781,2036,230109,1,2301.09
28783,2036,197551,1,1975.51
28786,2036,1031434,3,10314.34
28787,2036,123970,1,1239.7
28789,2036,357209,1,3572.09
28791,2036,777503,3,7775.03
28793,2036,105325,1,1053.25
28795,2036,102439,1,1024.39
28796,2036,284722,1,2847.22
28798,2036,198658,1,1986.58
28800,2036,220684,1,2206.84
28801,2036,440391,1,4403.91
28802,2036,222752,1,2227.52
28805,2036,228658,1,2286.58
28809,2036,229761,1,2297.61
28811,2036,280030,1,2800.3
28813,2036,278370,1,2783.7
28817,2036,216180,1,2161.8
28818,2036,257328,2,2573.28
28820,2036,152248,1,1522.48
28825,2036,164745,1,1647.45
28827,2036,143428,1,1434.28
28830,2036,211498,1,2114.98
28831,2036,218803,1,2188.03
28832,2036,128272,1,1282.72
28834,2036,278673,1,2786.73
28835,2036,388496,1,3884.96
28836,2036,479841,1,4798.41
28837,2036,196727,1,1967.27
28838,2036,388514,1,3885.14
28841,2036,210293,2,2102.93
28842,2036,74992,1,749.92
28843,2036,98966,1,989.66
28844,2036,220799,1,2207.99
28845,2036,280554,1,2805.54
28846,2036,164745,1,1647.45
28847,2036,191392,1,1913.92
28848,2036,191074,1,1910.74
28849,2036,143457,1,1434.57
28853,2036,177220,2,1772.2
28854,2036,94051,1,940.51
28857,2036,150443,1,1504.43
28858,2036,476253,1,4762.53
28859,2036,280171,1,2801.71
28861,2036,292409,1,2924.09
28866,2036,180579,1,1805.79
28867,2036,219124,1,2191.24
28869,2036,85754,1,857.54
28871,2036,161274,1,1612.74
28872,2036,124755,1,1247.55
28873,2036,433784,1,4337.84
28875,2036,191392,1,1913.92
28876,2036,181059,1,1810.59
28877,2036,151313,1,1513.13
28878,2036,235001,1,2350.01
28879,2036,278517,1,2785.17
28880,2036,387999,1,3879.99
28882,2036,196903,1,1969.03
28884,2036,628514,2,6285.14
28887,2036,796270,2,7962.7
28888,2036,359113,1,3591.13
28889,2036,644144,1,6441.44
28890,2036,53388,1,533.88
28892,2036,183808,1,1838.08
28894,2036,57996,1,579.96
28896,2036,280792,1,2807.92
28898,2036,180500,1,1805.0
28901,2036,219124,1,2191.24
28908,2036,215717,1,2157.17
28909,2036,163790,1,1637.9
28915,2036,248611,2,2486.11
28917,2036,334372,2,3343.72
28918,2036,60343,1,603.43
28920,2036,146378,1,1463.78
28921,2036,117811,1,1178.11
28927,2036,403463,1,4034.63
28929,2036,215212,1,2152.12
28930,2036,469574,2,4695.74
28933,2036,125951,1,1259.51
28934,2036,502259,2,5022.59
28935,2036,161038,1,1610.38
28936,2036,135914,1,1359.14
28939,2036,454079,2,4540.79
28940,2036,204778,2,2047.78
28941,2036,109469,1,1094.69
28944,2036,280757,1,2807.57
28948,2036,181672,1,1816.72
28953,2036,388514,1,3885.14
28954,2036,367861,1,3678.61
28956,2036,79617,1,796.17
28957,2036,142495,1,1424.95
28958,2036,295921,2,2959.21
28959,2036,155894,1,1558.94
28961,2036,111081,1,1110.81
28962,2036,261900,1,2619.0
28964,2036,468298,1,4682.98
28965,2036,292010,1,2920.1
28972,2036,56404,1,564.04
28974,2036,277955,2,2779.55
28978,2036,504597,1,5045.97
28985,2036,250767,2,2507.67
28986,2036,142222,1,1422.22
28989,2036,148157,1,1481.57
28990,2036,328674,1,3286.74
28991,2036,246608,1,2466.08
28993,2036,196928,1,1969.28
28994,2036,230364,1,2303.64
28997,2036,106391,1,1063.91
28998,2036,145787,1,1457.87
28999,2036,280518,1,2805.18
29001,2036,220833,1,2208.33
29009,2036,189782,1,1897.82
29010,2036,86434,1,864.34
29011,2036,523965,3,5239.65
29012,2036,79371,1,793.71
29014,2036,1068258,4,10682.58
29015,2036,93510,1,935.1
29017,2036,103412,1,1034.12
29018,2036,148432,1,1484.32
29020,2036,237695,1,2376.95
29021,2036,294450,1,2944.5
29022,2036,261567,1,2615.67
29023,2036,215767,1,2157.67
29027,2036,219371,1,2193.71
29028,2036,221059,1,2210.59
29033,2036,213489,1,2134.89
29036,2036,54025,1,540.25
29037,2036,100118,1,1001.18
29041,2036,263705,1,2637.05
29042,2036,243112,1,2431.12
29043,2036,216254,1,2162.54
29044,2036,102534,1,1025.34
29047,2036,113193,1,1131.93
29048,2036,49693,1,496.93
29049,2036,279256,1,2792.56
29053,2036,215199,1,2151.99
29056,2036,352168,1,3521.68
29060,2036,344186,1,3441.86
29062,2036,103261,1,1032.61
29064,2036,136310,1,1363.1
29065,2036,288855,1,2888.55
29066,2036,100255,1,1002.55
29070,2036,125497,1,1254.97
29071,2036,133552,1,1335.52
29073,2036,223939,1,2239.39
29075,2036,553600,1,5536.0
29077,2036,301883,1,3018.83
29078,2036,284329,2,2843.29
29084,2036,137228,1,1372.28
29085,2036,78102,1,781.02
29086,2036,284267,2,2842.67
29088,2036,223199,1,2231.99
29089,2036,268748,1,2687.48
29090,2036,212658,1,2126.58
29091,2036,339235,1,3392.35
29093,2036,268262,1,2682.62
29094,2036,197277,1,1972.77
29095,2036,226162,1,2261.62
29098,2036,227707,1,2277.07
29099,2036,313772,1,3137.72
29100,2036,1016921,3,10169.21
29104,2036,100779,1,1007.79
29105,2036,311339,1,3113.39
29106,2036,280589,1,2805.89
29107,2036,212627,1,2126.27
29108,2036,215073,1,2150.73
29110,2036,387751,1,3877.51
29111,2036,262027,1,2620.27
29112,2036,346039,1,3460.39
29115,2036,343716,1,3437.16
29116,2036,100549,1,1005.49
29117,2036,294655,1,2946.55
29118,2036,257444,1,2574.44
29119,2036,275673,1,2756.73
29123,2036,340308,1,3403.08
29127,2036,103799,1,1037.99
29128,2036,426236,1,4262.36
29131,2036,294916,1,2949.16
29132,2036,301883,1,3018.83
29133,2036,202560,1,2025.6
29134,2036,212658,1,2126.58
29135,2036,251213,1,2512.13
29141,2036,227798,1,2277.98
29143,2036,280792,1,2807.92
29144,2036,294655,1,2946.55
29147,2036,257870,1,2578.7
29148,2036,215357,1,2153.57
29151,2036,183523,1,1835.23
29152,2036,183523,1,1835.23
29153,2036,195308,1,1953.08
29156,2036,586691,1,5866.91
29157,2036,242190,1,2421.9
29158,2036,680872,1,6808.72
29161,2036,560838,1,5608.38
29163,2036,468124,1,4681.24
29164,2036,200838,1,2008.38
29167,2036,136687,1,1366.87
29168,2036,129275,1,1292.75
29169,2036,114506,1,1145.06
29171,2036,101922,1,1019.22
29174,2036,277432,1,2774.32
29175,2036,109460,1,1094.6
29176,2036,311014,1,3110.14
29180,2036,235753,1,2357.53
29183,2036,250976,1,2509.76
29185,2036,183379,1,1833.79
29186,2036,183156,1,1831.56
29187,2036,183523,1,1835.23
29191,2036,406966,1,4069.66
29192,2036,227399,1,2273.99
29193,2036,302285,1,3022.85
29195,2036,1895059,7,18950.59
29197,2036,212597,1,2125.97
29198,2036,310896,1,3108.96
29199,2036,274942,1,2749.42
29203,2036,201100,1,2011.0
29204,2036,314004,1,3140.04
29206,2036,118326,1,1183.26
29207,2036,516349,1,5163.49
29210,2036,144659,1,1446.59
29211,2036,186485,1,1864.85
29212,2036,191988,1,1919.88
29215,2036,208574,1,2085.74
29216,2036,280687,1,2806.87
29217,2036,295285,1,2952.85
29219,2036,250778,1,2507.78
29220,2036,295246,1,2952.46
29221,2036,183011,1,1830.11
29225,2036,843142,1,8431.42
29226,2036,340739,1,3407.39
29227,2036,275042,1,2750.42
29228,2036,168974,1,1689.74
29230,2036,114322,1,1143.22
29232,2036,312886,1,3128.86
29233,2036,54525,1,545.25
29237,2036,310793,1,3107.93
29238,2036,259648,1,2596.48
29239,2036,297117,1,2971.17
29240,2036,200512,1,2005.12
29242,2036,183086,1,1830.86
29243,2036,279805,1,2798.05
29246,2036,227489,1,2274.89
29249,2036,516453,2,5164.53
29250,2036,290284,1,2902.84
29252,2036,226246,1,2262.46
29253,2036,97164,1,971.64
29255,2036,48816,1,488.16
29258,2036,250996,1,2509.96
29260,2036,226843,1,2268.43
29261,2036,360196,1,3601.96
29263,2036,275259,1,2752.59
29264,2036,340758,1,3407.58
29265,2036,170743,1,1707.43
29268,2036,189678,1,1896.78
29269,2036,208347,1,2083.47
29271,2036,100230,1,1002.3
29273,2036,260918,2,2609.18
29274,2036,161840,1,1618.4
29277,2036,186983,1,1869.83
29278,2036,257795,1,2577.95
29281,2036,318199,1,3181.99
29283,2036,1564565,1,15645.65
29284,2036,226630,1,2266.3
29286,2036,210536,1,2105.36
29289,2036,227489,1,2274.89
29291,2036,182223,1,1822.23
29292,2036,170480,1,1704.8
29293,2036,128615,1,1286.15
29294,2036,412625,1,4126.25
29295,2036,259701,1,2597.01
29296,2036,346151,1,3461.51
29297,2036,346316,1,3463.16
29298,2036,335048,1,3350.48
29299,2036,100688,1,1006.88
29300,2036,55221,1,552.21
29301,2036,131445,1,1314.45
29303,2036,650353,3,6503.53
29305,2036,295100,1,2951.0
29306,2036,306024,1,3060.24
29307,2036,372893,1,3728.93
29308,2036,340084,1,3400.84
29309,2036,158783,1,1587.83
29310,2036,156401,1,1564.01
29311,2036,155151,1,1551.51
29313,2036,283096,1,2830.96
29317,2036,275041,1,2750.41
29318,2036,394331,1,3943.31
29319,2036,463931,2,4639.31
29320,2036,242651,1,2426.51
29322,2036,469270,1,4692.7
29324,2036,284971,1,2849.71
29325,2036,201402,1,2014.02
29326,2036,228016,1,2280.16
29327,2036,574968,1,5749.68
29328,2036,158500,1,1585.0
29329,2036,318876,1,3188.76
29330,2036,311117,1,3111.17
29331,2036,259386,1,2593.86
29333,2036,737364,1,7373.64
29334,2036,198718,1,1987.18
29335,2036,373075,1,3730.75
29338,2036,295216,1,2952.16
29339,2036,135566,1,1355.66
29341,2036,242708,1,2427.08
29342,2036,257444,1,2574.44
29344,2036,305779,1,3057.79
29347,2036,210228,1,2102.28
29352,2036,246860,1,2468.6
29353,2036,576987,1,5769.87
29355,2036,115062,1,1150.62
29356,2036,78187,1,781.87
29357,2036,110156,1,1101.56
29358,2036,1191004,2,11910.04
29359,2036,628479,1,6284.79
29360,2036,280961,1,2809.61
29362,2036,283039,1,2830.39
29363,2036,259687,1,2596.87
29365,2036,250718,1,2507.18
29366,2036,198198,1,1981.98
29367,2036,305779,1,3057.79
29368,2036,205881,1,2058.81
29370,2036,275073,1,2750.73
29372,2036,394294,1,3942.94
29374,2036,227746,1,2277.46
29377,2036,259373,1,2593.73
29379,2036,223713,1,2237.13
29380,2036,292368,1,2923.68
29382,2036,317719,1,3177.19
29385,2036,248022,1,2480.22
29387,2036,346469,1,3464.69
29389,2036,396963,1,3969.63
29390,2036,282598,1,2825.98
29393,2036,277364,1,2773.64
29394,2036,223713,1,2237.13
29395,2036,147952,1,1479.52
29403,2036,226587,1,2265.87
29404,2036,226843,1,2268.43
29405,2036,400610,1,4006.1
29406,2036,283495,1,2834.95
29409,2036,275259,1,2752.59
29411,2036,394618,1,3946.18
29412,2036,201015,1,2010.15
29415,2036,255631,1,2556.31
29417,2036,106651,1,1066.51
29418,2036,107298,1,1072.98
29420,2036,386069,1,3860.69
29421,2036,280996,1,2809.96
29422,2036,282982,1,2829.82
29423,2036,309075,1,3090.75
29425,2036,317498,1,3174.98
29426,2036,256988,1,2569.88
29431,2036,143338,1,1433.38
29432,2036,143338,1,1433.38
29434,2036,215985,1,2159.85
29435,2036,247715,1,2477.15
29436,2036,201054,1,2010.54
29437,2036,227707,1,2277.07
29440,2036,158643,1,1586.43
29441,2036,849841,2,8498.41
29442,2036,155716,1,1557.16
29444,2036,61414,1,614.14
29449,2036,385540,1,3855.4
29454,2036,423868,1,4238.68
29458,2036,143179,1,1431.79
29462,2036,1280170,4,12801.7
29463,2036,146624,1,1466.24
29465,2036,45824,1,458.24
29466,2036,56565,1,565.65
29468,2036,226630,1,2266.3
29469,2036,143179,1,1431.79
29470,2036,71342,1,713.42
29471,2036,243738,2,2437.38
29472,2036,222322,1,2223.22
29473,2036,147463,1,1474.63
29474,2036,107997,1,1079.97
29475,2036,108491,1,1084.91
29476,2036,98598,1,985.98
29478,2036,147708,1,1477.08
29479,2036,147919,1,1479.19
29480,2036,242363,1,2423.63
29482,2036,257201,1,2572.01
29485,2036,198491,1,1984.91
29489,2036,143178,1,1431.78
29490,2036,143018,1,1430.18
29491,2036,274856,1,2748.56
29493,2036,842172,1,8421.72
29495,2036,200931,1,2009.31
29497,2036,228016,1,2280.16
29498,2036,91317,1,913.17
29502,2036,147774,1,1477.74
29506,2036,136809,1,1368.09
29507,2036,136424,1,1364.24
29509,2036,136541,1,1365.41
29510,2036,136383,1,1363.83
29511,2036,226886,1,2268.86
29512,2036,594312,1,5943.12
29513,2036,293323,1,2933.23
29517,2036,142083,1,1420.83
29518,2036,121162,1,1211.62
29519,2036,619549,2,6195.49
29522,2036,91751,1,917.51
29523,2036,71637,1,716.37
29524,2036,95228,1,952.28
29525,2036,799618,2,7996.18
29526,2036,186320,1,1863.2
29527,2036,178496,1,1784.96
29529,2036,504788,1,5047.88
29530,2036,626409,1,6264.09
29533,2036,198507,1,1985.07
29534,2036,273347,1,2733.47
29537,2036,195352,1,1953.52
29541,2036,247968,1,2479.68
29542,2036,201100,1,2011.0
29543,2036,227528,1,2275.28
29544,2036,346046,1,3460.46
29545,2036,554023,1,5540.23
29546,2036,110622,1,1106.22
29548,2036,215237,2,2152.37
29549,2036,57395,1,573.95
29550,2036,293841,2,2938.41
29552,2036,186374,1,1863.74
29553,2036,381713,1,3817.13
29556,2036,226608,1,2266.08
29558,2036,275380,1,2753.8
29559,2036,394867,1,3948.67
29562,2036,215788,2,2157.88
29563,2036,107990,1,1079.9
29564,2036,120971,1,1209.71
29565,2036,36804,1,368.04
29566,2036,121046,1,1210.46
29567,2036,123707,1,1237.07
29569,2036,193372,1,1933.72
29571,2036,186095,1,1860.95
29574,2036,186708,1,1867.08
29576,2036,178114,1,1781.14
29577,2036,179142,1,1791.42
29580,2036,198313,1,1983.13
29581,2036,283403,1,2834.03
29584,2036,143338,1,1433.38
29587,2036,200798,1,2007.98
29589,2036,50076,1,500.76
29596,2036,131521,1,1315.21
29597,2036,107709,1,1077.09
29598,2036,131521,1,1315.21
29599,2036,49598,1,495.98
29601,2036,126115,1,1261.15
29603,2036,216883,2,2168.83
29604,2036,123359,1,1233.59
29605,2036,136229,1,1362.29
29607,2036,132771,1,1327.71
29608,2036,271154,1,2711.54
29609,2036,262959,1,2629.59
29612,2036,300783,1,3007.83
29614,2036,141931,1,1419.31
29615,2036,121231,1,1212.31
29617,2036,296925,1,2969.25
29618,2036,487508,1,4875.08
29620,2036,156880,1,1568.8
29621,2036,121042,1,1210.42
29623,2036,380171,1,3801.71
29624,2036,157018,1,1570.18
29625,2036,315927,1,3159.27
29626,2036,325373,1,3253.73
29627,2036,324590,1,3245.9
29628,2036,322431,1,3224.31
29629,2036,215411,2,2154.11
29630,2036,120452,1,1204.52
29631,2036,247112,1,2471.12
29633,2036,325711,1,3257.11
29634,2036,322431,1,3224.31
29636,2036,567682,3,5676.82
29637,2036,98034,1,980.34
29638,2036,148816,1,1488.16
29639,2036,162175,1,1621.75
29640,2036,117604,1,1176.04
29642,2036,121198,1,1211.98
29644,2036,98587,1,985.87
29646,2036,315848,1,3158.48
29647,2036,354924,1,3549.24
29648,2036,353448,1,3534.48
29650,2036,353276,1,3532.76
29651,2036,445086,1,4450.86
29652,2036,444673,1,4446.73
29653,2036,203871,1,2038.71
29654,2036,203918,1,2039.18
29656,2036,203643,1,2036.43
29658,2036,203210,1,2032.1
29659,2036,217529,1,2175.29
29662,2036,676621,1,6766.21
29665,2036,163974,1,1639.74
29666,2036,179259,1,1792.59
29668,2036,126526,1,1265.26
29669,2036,142426,1,1424.26
29670,2036,774207,2,7742.07
29671,2036,158148,1,1581.48
29672,2036,162106,1,1621.06
29673,2036,142426,1,1424.26
29675,2036,344859,1,3448.59
29679,2036,271181,1,2711.81
29680,2036,271825,1,2718.25
29686,2036,42460,1,424.6
29687,2036,171650,1,1716.5
29688,2036,100631,1,1006.31
29690,2036,152950,1,1529.5
29693,2036,205070,2,2050.7
29694,2036,321972,1,3219.72
29695,2036,322389,1,3223.89
29699,2036,344175,1,3441.75
29700,2036,334017,1,3340.17
29701,2036,333429,1,3334.29
29704,2036,271120,1,2711.2
29705,2036,359840,1,3598.4
29707,2036,210455,1,2104.55
29709,2036,412189,1,4121.89
29713,2036,750637,1,7506.37
29714,2036,322546,1,3225.46
29715,2036,323049,1,3230.49
29716,2036,322475,1,3224.75
29717,2036,562911,1,5629.11
29718,2036,562073,1,5620.73
29719,2036,345144,1,3451.44
29721,2036,271120,1,2711.2
29722,2036,271181,1,2711.81
29723,2036,271641,1,2716.41
29724,2036,630740,1,6307.4
29725,2036,631320,1,6313.2
29728,2036,411776,1,4117.76
29731,2036,322806,1,3228.06
29732,2036,562803,1,5628.03
29733,2036,621588,1,6215.88
29736,2036,223951,1,2239.51
29737,2036,223837,1,2238.37
29740,2036,223586,1,2235.86
29741,2036,503680,1,5036.8
29743,2036,843477,1,8434.77
29745,2036,626209,1,6262.09
29748,2036,89402,1,894.02
29752,2036,323553,1,3235.53
29753,2036,749915,1,7499.15
29755,2036,271503,1,2715.03
29756,2036,271380,1,2713.8
29757,2036,223222,1,2232.22
29758,2036,503680,1,5036.8
29760,2036,359094,1,3590.94
29763,2036,248887,1,2488.87
29766,2036,233733,1,2337.33
29768,2036,305679,1,3056.79
29769,2036,387710,1,3877.1
29770,2036,271059,1,2710.59
29772,2036,359390,1,3593.9
29773,2036,676108,1,6761.08
29781,2036,233979,1,2339.79
29782,2036,322806,1,3228.06
29783,2036,305512,1,3055.12
29784,2036,306534,1,3065.34
29785,2036,232197,1,2321.97
29786,2036,271320,1,2713.2
29787,2036,359094,1,3590.94
29788,2036,411416,1,4114.16
29789,2036,406539,1,4065.39
29790,2036,233979,1,2339.79
29791,2036,322719,1,3227.19
29797,2036,1374081,1,13740.81
29801,2036,306064,1,3060.64
29802,2036,387710,1,3877.1
29807,2036,898979,1,8989.79
29810,2036,171351,1,1713.51
29812,2036,142679,1,1426.79
29813,2036,202560,1,2025.6
29814,2036,173886,1,1738.86
29815,2036,234226,1,2342.26
29816,2036,234226,1,2342.26
29817,2036,306257,1,3062.57
29819,2036,359390,1,3593.9
29822,2036,142109,1,1421.09
29823,2036,118967,1,1189.67
29825,2036,455220,1,4552.2
29827,2036,500191,1,5001.91
29830,2036,173306,1,1733.06
29831,2036,114979,1,1149.79
29834,2036,499759,1,4997.59
29836,2036,365783,2,3657.83
29837,2036,108562,1,1085.62
29838,2036,146978,1,1469.78
29840,2036,199483,1,1994.83
29845,2036,128138,1,1281.38
29846,2036,751782,1,7517.82
29847,2036,54552,1,545.52
29849,2036,234029,1,2340.29
29850,2036,234473,1,2344.73
29852,2036,322475,1,3224.75
29853,2036,610167,1,6101.67
29858,2036,474116,1,4741.16
29859,2036,500464,1,5004.64
29860,2036,500032,1,5000.32
29862,2036,121917,1,1219.17
29863,2036,265504,1,2655.04
29864,2036,274400,1,2744.0
29866,2036,234226,1,2342.26
29867,2036,750112,1,7501.12
29868,2036,327218,1,3272.18
29869,2036,435974,1,4359.74
29871,2036,259514,1,2595.14
29873,2036,473798,1,4737.98
29874,2036,320321,1,3203.21
29875,2036,475798,2,4757.98
29877,2036,122173,1,1221.73
29880,2036,275056,1,2750.56
29881,2036,274715,1,2747.15
29882,2036,275043,1,2750.43
29883,2036,233979,1,2339.79
29886,2036,284584,1,2845.84
29889,2036,201076,1,2010.76
29890,2036,146477,1,1464.77
29896,2036,850318,1,8503.18
29898,2036,274400,1,2744.0
29899,2036,275070,1,2750.7
29902,2036,327070,1,3270.7
29904,2036,2703061,3,27030.61
29905,2036,301219,1,3012.19
29906,2036,391701,1,3917.01
29907,2036,324227,1,3242.27
29908,2036,299314,1,2993.14
29910,2036,316817,1,3168.17
29911,2036,240955,1,2409.55
29912,2036,161113,1,1611.13
29913,2036,439287,1,4392.87
29914,2036,128720,1,1287.2
29915,2036,119001,1,1190.01
29916,2036,159966,1,1599.66
29917,2036,669710,1,6697.1
29918,2036,323136,1,3231.36
29919,2036,322963,1,3229.63
29920,2036,691246,1,6912.46
29922,2036,412882,1,4128.82
29923,2036,352854,1,3528.54
29925,2036,301771,1,3017.71
29926,2036,324501,1,3245.01
29930,2036,146432,1,1464.32
29932,2036,146368,1,1463.68
29933,2036,294153,1,2941.53
29936,2036,121366,1,1213.66
29937,2036,122849,1,1228.49
29938,2036,136625,1,1366.25
29939,2036,282325,1,2823.25
29940,2036,160830,1,1608.3
29941,2036,143395,1,1433.95
29942,2036,118807,1,1188.07
29943,2036,252675,1,2526.75
29944,2036,533932,1,5339.32
29945,2036,327366,1,3273.66
29946,2036,348553,1,3485.53
29947,2036,349251,1,3492.51
29949,2036,547493,1,5474.93
29950,2036,546968,1,5469.68
29951,2036,547319,1,5473.19
29952,2036,306558,1,3065.58
29953,2036,301736,1,3017.36
29955,2036,328609,1,3286.09
29956,2036,690386,1,6903.86
29960,2036,126821,1,1268.21
29961,2036,241527,1,2415.27
29962,2036,147339,1,1473.39
29963,2036,1030177,4,10301.77
29964,2036,239583,2,2395.83
29965,2036,327414,1,3274.14
29968,2036,271280,1,2712.8
29969,2036,328609,1,3286.09
29970,2036,685713,1,6857.13
29972,2036,234519,1,2345.19
29974,2036,750485,1,7504.85
29978,2036,71620,1,716.2
29980,2036,25578,1,255.78
29981,2036,148581,1,1485.81
29982,2036,147911,1,1479.11
29983,2036,966840,3,9668.4
29984,2036,189696,1,1896.96
29985,2036,256361,1,2563.61
29987,2036,348555,1,3485.55
29989,2036,735781,1,7357.81
29990,2036,317452,1,3174.52
29991,2036,306137,1,3061.37
29992,2036,135903,1,1359.03
29993,2036,265788,1,2657.88
29994,2036,264883,1,2648.83
29995,2036,328852,1,3288.52
29997,2036,145948,1,1459.48
29998,2036,232174,3,2321.74
29999,2036,24019,1,240.19
30000,2036,100796,1,1007.96
30002,2036,236738,1,2367.38
30004,2036,255986,1,2559.86
30005,2036,255844,1,2558.44
30006,2036,217862,1,2178.62
30008,2036,207318,1,2073.18
30010,2036,454199,1,4541.99
30012,2036,104732,1,1047.32
30013,2036,1163232,7,11632.32
30014,2036,143236,1,1432.36
30015,2036,145998,1,1459.98
30016,2036,153253,1,1532.53
30017,2036,213019,1,2130.19
30018,2036,204377,2,2043.77
30019,2036,71284,1,712.84
30020,2036,221506,1,2215.06
30021,2036,256009,1,2560.09
30023,2036,574130,1,5741.3
30026,2036,293954,1,2939.54
30028,2036,327216,1,3272.16
30029,2036,192427,1,1924.27
30030,2036,204355,1,2043.55
30031,2036,304061,1,3040.61
30032,2036,38816,1,388.16
30033,2036,38244,1,382.44
30036,2036,209169,1,2091.69
30037,2036,122210,1,1222.1
30038,2036,248614,2,2486.14
30039,2036,132256,1,1322.56
30040,2036,221935,1,2219.35
30041,2036,220536,1,2205.36
30042,2036,218299,1,2182.99
30043,2036,218167,1,2181.67
30044,2036,311842,1,3118.42
30045,2036,329854,2,3298.54
30047,2036,38425,1,384.25
30048,2036,265486,1,2654.86
30049,2036,406029,3,4060.29
30051,2036,206015,1,2060.15
30052,2036,199910,1,1999.1
30053,2036,128455,1,1284.55
30054,2036,222365,1,2223.65
30055,2036,220013,1,2200.13
30056,2036,202642,1,2026.42
30057,2036,202335,1,2023.35
30058,2036,150531,1,1505.31
30059,2036,96093,1,960.93
30060,2036,94219,1,942.19
30061,2036,487563,3,4875.63
30063,2036,132210,1,1322.1
30064,2036,48192,1,481.92
30065,2036,236534,1,2365.34
30066,2036,104500,1,1045.0
30067,2036,297082,2,2970.82
30068,2036,322886,2,3228.86
30070,2036,220755,1,2207.55
30073,2036,217862,1,2178.62
30074,2036,218253,1,2182.53
30075,2036,849808,2,8498.08
30076,2036,205551,1,2055.51
30077,2036,265185,1,2651.85
30078,2036,136963,1,1369.63
30079,2036,92179,1,921.79
30081,2036,327064,1,3270.64
30082,2036,530992,1,5309.92
30083,2036,89949,1,899.49
30084,2036,51730,1,517.3
30085,2036,111194,1,1111.94
30086,2036,176868,1,1768.68
30087,2036,136705,1,1367.05
30088,2036,153004,1,1530.04
30089,2036,149429,1,1494.29
30090,2036,91771,1,917.71
30091,2036,323534,1,3235.34
30092,2036,178816,1,1788.16
30093,2036,178732,1,1787.32
30094,2036,179329,1,1793.29
30095,2036,363061,1,3630.61
30096,2036,264285,1,2642.85
30097,2036,264318,1,2643.18
30098,2036,267407,1,2674.07
30100,2036,767101,1,7671.01
30101,2036,301891,1,3018.91
30102,2036,205245,1,2052.45
30103,2036,371546,1,3715.46
30104,2036,326064,1,3260.64
30105,2036,443501,1,4435.01
30106,2036,265062,1,2650.62
30107,2036,131588,1,1315.88
30108,2036,105072,1,1050.72
30109,2036,178946,1,1789.46
30110,2036,389976,1,3899.76
30111,2036,242363,1,2423.63
30112,2036,267341,1,2673.41
30113,2036,125157,1,1251.57
30114,2036,86540,1,865.4
30115,2036,103131,1,1031.31
30116,2036,133536,1,1335.36
30117,2036,201588,1,2015.88
30118,2036,179628,1,1796.28
30119,2036,363243,1,3632.43
30120,2036,197861,1,1978.61
30121,2036,576804,1,5768.04
30122,2036,205245,1,2052.45
30123,2036,48169,1,481.69
30124,2036,294559,2,2945.59
30125,2036,125152,1,1251.52
30126,2036,238574,1,2385.74
30127,2036,113146,1,1131.46
30129,2036,323997,1,3239.97
30130,2036,365513,1,3655.13
30132,2036,178135,1,1781.35
30135,2036,202692,1,2026.92
30136,2036,202248,1,2022.48
30137,2036,242651,1,2426.51
30138,2036,302206,1,3022.06
30139,2036,205574,1,2055.74
30140,2036,442519,1,4425.19
30141,2036,266760,1,2667.6
30142,2036,265422,1,2654.22
30144,2036,154306,1,1543.06
30145,2036,115045,1,1150.45
30146,2036,154935,1,1549.35
30148,2036,34463,1,344.63
30149,2036,154000,1,1540.0
30150,2036,103407,1,1034.07
30151,2036,317116,2,3171.16
30152,2036,50950,1,509.5
30153,2036,104584,1,1045.84
30154,2036,112914,1,1129.14
30155,2036,323559,1,3235.59
30156,2036,178732,1,1787.32
30157,2036,362829,1,3628.29
30159,2036,206731,1,2067.31
30160,2036,202763,1,2027.63
30161,2036,275127,1,2751.27
30165,2036,372252,1,3722.52
30166,2036,334361,1,3343.61
30167,2036,334455,1,3344.55
30168,2036,334693,1,3346.93
30173,2036,153366,1,1533.66
30174,2036,140859,1,1408.59
30176,2036,446651,2,4466.51
30177,2036,49812,1,498.12
30178,2036,91185,1,911.85
30180,2036,381302,3,3813.02
30181,2036,150524,1,1505.24
30182,2036,178946,1,1789.46
30183,2036,194530,1,1945.3
30184,2036,178135,1,1781.35
30185,2036,242824,1,2428.24
30187,2036,166285,1,1662.85
30188,2036,323697,1,3236.97
30189,2036,179030,1,1790.3
30190,2036,178349,1,1783.49
30191,2036,304522,1,3045.22
30192,2036,275156,1,2751.56
30193,2036,205574,1,2055.74
30194,2036,730357,1,7303.57
30195,2036,194920,1,1949.2
30196,2036,167179,1,1671.79
30197,2036,179245,1,1792.45
30198,2036,178732,1,1787.32
30199,2036,194204,1,1942.04
30200,2036,178004,1,1780.04
30201,2036,177790,1,1777.9
30202,2036,905059,2,9050.59
30203,2036,242768,1,2427.68
30204,2036,372252,1,3722.52
30205,2036,345082,1,3450.82
30207,2036,104711,1,1047.11
30208,2036,472563,2,4725.63
30209,2036,832571,1,8325.71
30210,2036,124781,1,1247.81
30211,2036,145714,1,1457.14
30212,2036,98850,1,988.5
30213,2036,258442,2,2584.42
30214,2036,323859,1,3238.59
30215,2036,179245,1,1792.45
30216,2036,178816,1,1788.16
30217,2036,194204,1,1942.04
30218,2036,194247,1,1942.47
30222,2036,415065,1,4150.65
30223,2036,305927,1,3059.27
30224,2036,242996,1,2429.96
30225,2036,576572,1,5765.72
30226,2036,643846,1,6438.46
30227,2036,902337,3,9023.37
30228,2036,205398,1,2053.98
30229,2036,372271,1,3722.71
30230,2036,198990,1,1989.9
30231,2036,198966,1,1989.66
30232,2036,343987,1,3439.87
30233,2036,85001,1,850.01
30234,2036,153222,1,1532.22
30235,2036,146198,1,1461.98
30236,2036,119220,1,1192.2
30237,2036,85942,1,859.42
30238,2036,95390,1,953.9
30239,2036,391370,3,3913.7
30240,2036,193110,1,1931.1
30241,2036,193196,1,1931.96
30242,2036,300823,1,3008.23
30244,2036,186374,1,1863.74
30245,2036,186545,1,1865.45
30246,2036,186483,1,1864.83
30248,2036,309381,1,3093.81
30249,2036,242420,1,2424.2
30250,2036,275098,1,2750.98
30251,2036,371930,1,3719.3
30252,2036,232508,1,2325.08
30255,2036,419425,2,4194.25
30256,2036,1053590,3,10535.9
30258,2036,305232,1,3052.32
30260,2036,244555,1,2445.55
30261,2036,394369,1,3943.69
30262,2036,107940,1,1079.4
30263,2036,109936,1,1099.36
30264,2036,151811,1,1518.11
30265,2036,385137,1,3851.37
30266,2036,244702,1,2447.02
30267,2036,232190,1,2321.9
30268,2036,309418,1,3094.18
30269,2036,242594,1,2425.94
30270,2036,275395,1,2753.95
30271,2036,371650,1,3716.5
30272,2036,232391,1,2323.91
30274,2036,213028,1,2130.28
30275,2036,213028,1,2130.28
30277,2036,259068,1,2590.68
30278,2036,153152,1,1531.52
30279,2036,107735,1,1077.35
30280,2036,232593,1,2325.93
30281,2036,309306,1,3093.06
30283,2036,275576,1,2755.76
30284,2036,232340,1,2323.4
30285,2036,230475,1,2304.75
30288,2036,120705,1,1207.05
30289,2036,232878,1,2328.78
30290,2036,242824,1,2428.24
30291,2036,275395,1,2753.95
30292,2036,305958,1,3059.58
30293,2036,306269,1,3062.69
30294,2036,230615,1,2306.15
30296,2036,216254,1,2162.54
30298,2036,109580,1,1095.8
30300,2036,306711,1,3067.11
30301,2036,306140,1,3061.4
30302,2036,305908,1,3059.08
30303,2036,306400,1,3064.0
30304,2036,242708,1,2427.08
30305,2036,275127,1,2751.27
30306,2036,275634,1,2756.34
30307,2036,275663,1,2756.63
30308,2036,708171,1,7081.71
30309,2036,305648,1,3056.48
30311,2036,383091,1,3830.91
30312,2036,395272,1,3952.72
30322,2036,2069378,2,20693.78
30323,2036,59077,1,590.77
30324,2036,127785,1,1277.85
30325,2036,114973,1,1149.73
30326,2036,105770,1,1057.7
30328,2036,189637,2,1896.37
30330,2036,42656,1,426.56
30331,2036,174165,1,1741.65
30332,2036,630427,2,6304.27
30333,2036,192657,1,1926.57
30334,2036,130794,1,1307.94
30336,2036,306841,1,3068.41
30337,2036,305828,1,3058.28
30338,2036,272667,1,2726.67
30339,2036,240420,1,2404.2
30344,2036,422845,2,4228.45
30345,2036,121578,1,1215.78
30346,2036,306089,1,3060.89
30348,2036,306089,1,3060.89
30349,2036,272093,1,2720.93
30351,2036,272987,1,2729.87
30352,2036,240320,1,2403.2
30353,2036,120487,1,1204.87
30354,2036,147327,1,1473.27
30355,2036,105071,1,1050.71
30357,2036,306089,1,3060.89
30358,2036,305828,1,3058.28
30360,2036,272414,1,2724.14
30361,2036,272414,1,2724.14
30362,2036,272803,1,2728.03
30363,2036,272346,1,2723.46
30364,2036,272920,1,2729.2
30366,2036,401506,1,4015.06
30367,2036,195884,1,1958.84
30369,2036,240702,1,2407.02
30374,2036,157157,1,1571.57
30375,2036,121692,1,1216.92
30376,2036,134133,1,1341.33
30377,2036,306269,1,3062.69
30378,2036,305958,1,3059.58
30379,2036,273376,1,2733.76
30380,2036,273376,1,2733.76
30381,2036,273123,1,2731.23
30383,2036,195580,1,1955.8
30385,2036,195706,1,1957.06
30386,2036,195973,1,1959.73
30388,2036,391112,1,3911.12
30389,2036,167031,2,1670.31
30390,2036,141823,1,1418.23
30391,2036,278174,1,2781.74
30392,2036,272803,1,2728.03
30394,2036,401877,1,4018.77
30395,2036,402393,2,4023.93
30396,2036,100084,1,1000.84
30397,2036,89922,1,899.22
30398,2036,204028,2,2040.28
30400,2036,198435,1,1984.35
30401,2036,35564,1,355.64
30402,2036,48113,1,481.13
30403,2036,127239,1,1272.39
30404,2036,198844,1,1988.44
30405,2036,167662,1,1676.62
30406,2036,443688,1,4436.88
30407,2036,366832,1,3668.32
30408,2036,195455,1,1954.55
30410,2036,443196,1,4431.96
30411,2036,777908,1,7779.08
30413,2036,156963,1,1569.63
30414,2036,655007,1,6550.07
30415,2036,204760,1,2047.6
30416,2036,551252,1,5512.52
30420,2036,301170,1,3011.7
30421,2036,105870,1,1058.7
30423,2036,210258,1,2102.58
30424,2036,209959,1,2099.59
30427,2036,287088,1,2870.88
30428,2036,946645,1,9466.45
30429,2036,286855,1,2868.55
30430,2036,287387,1,2873.87
30431,2036,255137,1,2551.37
30432,2036,119697,1,1196.97
30433,2036,344377,1,3443.77
30434,2036,169708,1,1697.08
30435,2036,344420,1,3444.2
30436,2036,344191,1,3441.91
30439,2036,759991,1,7599.91
30443,2036,601457,1,6014.57
30444,2036,493007,1,4930.07
30445,2036,237254,1,2372.54
30446,2036,237672,1,2376.72
30447,2036,237366,1,2373.66
30448,2036,237560,1,2375.6
30449,2036,237142,1,2371.42
30450,2036,237575,1,2375.75
30452,2036,238008,1,2380.08
30453,2036,237784,1,2377.84
30454,2036,237158,1,2371.58
30455,2036,851552,2,8515.52
30457,2036,127638,1,1276.38
30458,2036,344541,1,3445.41
30459,2036,169366,1,1693.66
30460,2036,169253,1,1692.53
30461,2036,169576,1,1695.76
30462,2036,219456,1,2194.56
30464,2036,220148,1,2201.48
30470,2036,406679,1,4066.79
30471,2036,237687,1,2376.87
30472,2036,254857,1,2548.57
30473,2036,255332,1,2553.32
30474,2036,255149,1,2551.49
30475,2036,254647,1,2546.47
30476,2036,218297,1,2182.97
30477,2036,346070,1,3460.7
30479,2036,219540,1,2195.4
30480,2036,219592,1,2195.92
30481,2036,219760,1,2197.6
30482,2036,220063,1,2200.63
30483,2036,219625,1,2196.25
30484,2036,254593,1,2545.93
30485,2036,450336,1,4503.36
30486,2036,154107,1,1541.07
30488,2036,182651,1,1826.51
30489,2036,360438,1,3604.38
30490,2036,944354,1,9443.54
30491,2036,1732246,1,17322.46
30492,2036,944815,1,9448.15
30493,2036,909992,1,9099.92
30495,2036,2383378,1,23833.78
30497,2036,846455,1,8464.55
30502,2036,1731073,1,17310.73
30503,2036,1731629,1,17316.29
30504,2036,1731629,1,17316.29
30505,2036,1731629,1,17316.29
30506,2036,909992,1,9099.92
30507,2036,1731012,1,17310.12
30508,2036,1101714,1,11017.14
30509,2036,361020,1,3610.2
30510,2036,1610640,1,16106.4
30511,2036,1610640,1,16106.4
30512,2036,2131922,1,21319.22
30513,2036,1436785,1,14367.85
30514,2036,1101911,1,11019.11
30515,2036,943433,1,9434.33
30517,2036,1101911,1,11019.11
30518,2036,528538,1,5285.38
30519,2036,1101714,1,11017.14
30523,2036,2562279,1,25622.79
30524,2036,1279837,1,12798.37
30529,2036,846539,1,8465.39
30530,2036,846094,1,8460.94
30532,2036,1036012,1,10360.12
30533,2036,1036417,1,10364.17
30538,2036,1035381,1,10353.81
30539,2036,792614,1,7926.14
30540,2036,1035357,1,10353.57
30541,2036,2534055,1,25340.55
30542,2036,1279328,1,12793.28
30544,2036,2210420,1,22104.2
30546,2036,2210420,1,22104.2
30547,2036,1278822,1,12788.22
30548,2036,1036012,1,10360.12
30549,2036,1035381,1,10353.81
30551,2036,1035583,1,10355.83
30552,2036,960672,1,9606.72
30553,2036,1939441,1,19394.41
30554,2036,1377302,1,13773.02
30555,2036,1036214,1,10362.14
30556,2036,1035989,1,10359.89
30557,2036,1036012,1,10360.12
30559,2036,836667,1,8366.67
30560,2036,3300019,1,33000.19
30561,2036,1280342,1,12803.42
30562,2036,3835888,2,38358.88
30563,2036,1127313,1,11273.13
30564,2036,1128774,1,11287.74
30565,2036,1128290,1,11282.9
30566,2036,1127800,1,11278.0
30567,2036,1128777,1,11287.77
30568,2036,1129261,1,11292.61
30570,2036,1128777,1,11287.77
30571,2036,1128785,1,11287.85
30572,2036,1127807,1,11278.07
30575,2036,470364,1,4703.64
30576,2036,1112332,1,11123.32
30577,2036,1939428,1,19394.28
30579,2036,961079,1,9610.79
30580,2036,1113611,1,11136.11
30582,2036,1123386,1,11233.86
30583,2036,2028400,1,20284.0
30584,2036,3301416,1,33014.16
30585,2036,4179879,2,41798.79
30586,2036,1280343,1,12803.43
30587,2036,1128774,1,11287.74
30588,2036,1128294,1,11282.94
30589,2036,2095423,1,20954.23
30590,2036,2886476,1,28864.76
30592,2036,1128739,1,11287.39
30593,2036,1128739,1,11287.39
30594,2036,2884477,1,28844.77
30595,2036,1128252,1,11282.52
30596,2036,1127765,1,11277.65
30598,2036,1128252,1,11282.52
30599,2036,3734233,1,37342.33
30600,2036,2873123,1,28731.23
30601,2036,2702619,2,27026.19
30602,2036,2421135,2,24211.35
30606,2036,949888,1,9498.88
30607,2036,1429664,1,14296.64
30608,2036,1621030,1,16210.3
30610,2036,2881068,1,28810.68
30612,2036,2883406,1,28834.06
30616,2036,2873823,1,28738.23
30617,2036,2873589,1,28735.89
30618,2036,2096019,1,20960.19
30620,2036,1628157,2,16281.57
30621,2036,1127659,1,11276.59
30622,2036,1126747,1,11267.47
30625,2036,2104661,8,21046.61
30626,2036,574174,1,5741.74
30627,2036,889110,1,8891.1
30628,2036,1608455,1,16084.55
30629,2036,714428,1,7144.28
30630,2036,714020,1,7140.2
30631,2036,2118135,1,21181.35
30632,2036,3577072,1,35770.72
30633,2036,1395002,1,13950.02
30634,2036,1730392,1,17303.92
30635,2036,1513305,1,15133.05
30636,2036,2096019,1,20960.19
30637,2036,1362126,1,13621.26
30638,2036,1512770,1,15127.7
30639,2036,308653,1,3086.53
30641,2036,714020,1,7140.2
30644,2036,2096019,1,20960.19
30646,2036,1609001,1,16090.01
30649,2036,3068446,2,30684.46
30650,2036,502649,1,5026.49
30652,2036,2290496,1,22904.96
30653,2036,2290496,1,22904.96
30655,2036,2390239,1,23902.39
30657,2036,2118135,1,21181.35
30658,2036,1395000,1,13950.0
30660,2036,2096616,1,20966.16
30662,2036,2119332,1,21193.32
30663,2036,1608455,1,16084.55
30664,2036,1036214,1,10362.14
30666,2036,471118,1,4711.18
30667,2036,1724463,1,17244.63
30669,2036,588143,1,5881.43
30671,2036,2270682,1,22706.82
30672,2036,942972,1,9429.72
30673,2036,2885810,1,28858.1
30675,2036,1434778,1,14347.78
30677,2036,1434252,1,14342.52
30680,2036,2096019,1,20960.19
30681,2036,2460216,2,24602.16
30682,2036,2686833,2,26868.33
30683,2036,1609001,1,16090.01
30684,2036,1037072,1,10370.72
30685,2036,3288633,2,32886.33
30691,2036,2096616,1,20966.16
30694,2036,3163564,1,31635.64
30695,2036,969204,1,9692.04
30696,2036,1740158,1,17401.58
30699,2036,1740325,1,17403.25
30700,2036,1608455,1,16084.55
30701,2036,406605,1,4066.05
30703,2036,2886476,1,28864.76
30704,2036,1436882,1,14368.82
30705,2036,2440352,1,24403.52
30706,2036,965064,1,9650.64
30707,2036,964332,1,9643.32
30708,2036,964698,1,9646.98
30710,2036,1733352,1,17333.52
30711,2036,3691991,1,36919.91
30712,2036,361491,1,3614.91
30713,2036,1259727,2,12597.27
30714,2036,438716,1,4387.16
30715,2036,402287,1,4022.87
30716,2036,1113023,1,11130.23
30717,2036,406669,1,4066.69
30718,2036,1916308,1,19163.08
30720,2036,3164400,1,31644.0
30721,2036,964616,1,9646.16
30722,2036,1725022,1,17250.22
30724,2036,1068370,1,10683.7
30725,2036,1113270,1,11132.7
30728,2036,912915,1,9129.15
30729,2036,1128252,1,11282.52
30730,2036,831136,1,8311.36
30732,2036,1008313,1,10083.13
30734,2036,1278821,1,12788.21
30735,2036,2886479,1,28864.79
30738,2036,1128254,1,11282.54
30740,2036,1128741,1,11287.41
30742,2036,1725022,1,17250.22
30743,2036,1609001,1,16090.01
30744,2037,3755868,1,37558.68
30746,2037,2096019,1,20960.19
30747,2037,1127765,1,11277.65
30748,2037,1364384,1,13643.84
30749,2037,469988,1,4699.88
30750,2037,1131447,1,11314.47
30752,2037,4194316,2,41943.16
30754,2037,1706719,1,17067.19
30758,2037,1068805,1,10688.05
30763,2037,2812267,1,28122.67
30764,2037,3108577,1,31085.77
30765,2037,595612,1,5956.12
30766,2037,688104,1,6881.04
30767,2037,1069041,1,10690.41
30768,2037,1621030,1,16210.3
30769,2037,1547259,1,15472.59
30771,2037,1756496,1,17564.96
30773,2037,2306899,2,23068.99
30774,2037,2336773,2,23367.73
30775,2037,1704708,1,17047.08
30776,2037,1008313,1,10083.13
30777,2037,2480517,1,24805.17
30778,2037,1007754,1,10077.54
30779,2037,1007195,1,10071.95
30780,2037,2722009,1,27220.09
30782,2037,2722875,1,27228.75
30785,2037,1608455,1,16084.55
30786,2037,639468,1,6394.68
30788,2037,1288870,1,12888.7
30790,2037,1725022,1,17250.22
30791,2037,1997440,1,19974.4
30792,2037,3556690,2,35566.9
30794,2037,3108577,1,31085.77
30795,2037,363040,1,3630.4
30797,2037,687453,1,6874.53
30798,2037,588544,1,5885.44
30799,2037,639254,1,6392.54
30802,2037,2204838,1,22048.38
30803,2037,1757172,1,17571.72
30804,2037,2416273,1,24162.73
30806,2037,1725022,1,17250.22
30809,2037,2131276,1,21312.76
30810,2037,1010921,1,10109.21
30812,2037,1567381,1,15673.81
30814,2037,1008313,1,10083.13
30815,2037,2646740,1,26467.4
30816,2037,3664770,1,36647.7
30817,2037,1289467,1,12894.67
30819,2037,1757172,1,17571.72
30820,2037,2869572,1,28695.72
30821,2037,1731732,1,17317.32
30822,2037,1435304,1,14353.04
30824,2037,639671,1,6396.71
30827,2037,3534573,3,35345.73
30829,2037,675368,1,6753.68
30830,2037,2009409,1,20094.09
30831,2037,3599386,1,35993.86
30832,2037,1726140,1,17261.4
30834,2037,2130551,1,21305.51
30835,2037,1706049,1,17060.49
30836,2037,4170678,2,41706.78
30837,2037,2739135,1,27391.35
30838,2037,2739441,1,27394.41
30839,2037,639142,1,6391.42
30842,2037,932499,1,9324.99
30843,2037,3085328,3,30853.28
30844,2037,1499532,2,14995.32
30845,2037,5424740,1,54247.4
30846,2037,1101272,1,11012.72
30847,2037,588945,1,5889.45
30848,2037,1068206,1,10682.06
30850,2037,1011697,1,10116.97
30852,2037,1435304,1,14353.04
30853,2037,2514896,1,25148.96
30855,2037,1725059,1,17250.59
30856,2037,5021370,2,50213.7
30857,2037,2009409,1,20094.09
30858,2037,1130866,1,11308.66
30860,2037,2130551,1,21305.51
30861,2037,2129827,1,21298.27
30862,2037,1706044,1,17060.44
30864,2037,1731732,1,17317.32
30865,2037,2009409,1,20094.09
30868,2037,842173,1,8421.73
30869,2037,2740989,1,27409.89
30871,2037,1435303,1,14353.03
30873,2037,469876,1,4698.76
30874,2037,992177,1,9921.77
30875,2037,7916922,3,79169.22
30876,2037,588944,1,5889.44
30877,2037,1102597,1,11025.97
30880,2037,2812267,1,28122.67
30881,2037,2009409,1,20094.09
30882,2037,1068206,1,10682.06
30883,2037,360437,1,3604.37
30884,2037,771138,2,7711.38
30885,2037,2210420,1,22104.2
30891,2037,2182197,1,21821.97
30892,2037,1724463,1,17244.63
30893,2037,1280342,1,12803.42
30894,2037,1630345,1,16303.45
30896,2037,2130551,1,21305.51
30899,2037,1731173,1,17311.73
30901,2037,1991736,1,19917.36
30902,2037,1992195,1,19921.95
30903,2037,703713,1,7037.13
30904,2037,1483009,1,14830.09
30906,2037,2009409,1,20094.09
30907,2037,960068,1,9600.68
30908,2037,687117,1,6871.17
30909,2037,910448,1,9104.48
30912,2037,2434477,1,24344.77
30913,2037,842173,1,8421.73
30914,2037,2436938,1,24369.38
30915,2037,1757172,1,17571.72
30916,2037,2017644,1,20176.44
30918,2037,2017949,1,20179.49
30919,2037,2130551,1,21305.51
30920,2037,3162728,1,31627.28
30921,2037,846009,1,8460.09
30922,2037,846009,1,8460.09
30923,2037,1724110,1,17241.1
30924,2037,2452216,1,24522.16
30926,2037,5021370,2,50213.7
30927,2037,1992195,1,19921.95
30929,2037,3288384,2,32883.84
30931,2037,808094,1,8080.94
30932,2037,723350,1,7233.5
30933,2037,1599130,1,15991.3
30935,2037,175852,1,1758.52
30936,2037,1731732,1,17317.32
30937,2037,1992195,1,19921.95
30938,2037,675398,1,6753.98
30939,2037,1545946,1,15459.46
30940,2037,722365,1,7223.65
30942,2037,1288616,1,12886.16
30945,2037,1724463,1,17244.63
30946,2037,2291111,1,22911.11
30948,2037,846900,1,8469.0
30950,2037,543421,1,5434.21
30951,2037,5727984,5,57279.84
30953,2037,1087579,1,10875.79
30954,2037,1254908,1,12549.08
30956,2037,2131276,1,21312.76
30957,2037,3764287,1,37642.87
30958,2037,6724554,3,67245.54
30959,2037,846900,1,8469.0
30961,2037,8563815,8,85638.15
30962,2037,2845271,1,28452.71
30964,2037,909992,1,9099.92
30965,2037,1247012,1,12470.12
30966,2037,1604089,1,16040.89
30967,2037,3544783,2,35447.83
30968,2037,1137844,1,11378.44
30969,2037,471482,1,4714.82
30970,2037,1724463,1,17244.63
30973,2037,1739686,1,17396.86
30975,2037,1731732,1,17317.32
30976,2037,687611,1,6876.11
30978,2037,1255618,1,12556.18
30980,2037,2131276,1,21312.76
30981,2037,2256425,1,22564.25
30984,2037,8621066,26,86210.66
30985,2037,1563653,3,15636.53
30986,2037,6971719,17,69717.19
30987,2037,367240,1,3672.4
30988,2037,528540,1,5285.4
30989,2037,1725022,1,17250.22
30990,2037,1247298,1,12472.98
30992,2037,1279329,1,12793.29
30994,2037,578889,1,5788.89
30995,2037,1800199,2,18001.99
31000,2037,845241,1,8452.41
31001,2037,1634064,1,16340.64
31002,2037,961079,1,9610.79
31005,2037,1410707,1,14107.07
31007,2037,1409999,1,14099.99
31009,2037,2733829,5,27338.29
31010,2037,5372611,7,53726.11
31012,2037,779104,1,7791.04
31014,2037,961288,1,9612.88
31015,2037,3012794,1,30127.94
31016,2037,2182928,1,21829.28
31018,2037,1740158,1,17401.58
31019,2037,1638297,2,16382.97
31020,2037,1556459,1,15564.59
31021,2037,1557755,1,15577.55
31023,2037,1724463,1,17244.63
31024,2037,1731173,1,17311.73
31025,2037,1067935,1,10679.35
31026,2037,4995632,3,49956.32
31028,2037,2434129,2,24341.29
31030,2037,1128254,1,11282.54
31031,2037,1765414,1,17654.14
31032,2037,6233684,2,62336.84
31033,2037,1604089,1,16040.89
31034,2037,11414960,20,114149.6
31036,2037,543419,1,5434.19
31037,2037,844886,1,8448.86
31038,2037,1137845,1,11378.45
31040,2037,1556456,1,15564.56
31041,2037,1363766,1,13637.66
31042,2037,2210420,1,22104.2
31043,2037,713020,1,7130.2
31045,2037,240261,1,2402.61
31047,2037,845036,1,8450.36
31048,2037,932644,1,9326.44
31051,2037,615375,1,6153.75
31052,2037,1604089,1,16040.89
31054,2037,347306,1,3473.06
31055,2037,2975040,2,29750.4
31057,2037,5012324,2,50123.24
31059,2037,2193214,1,21932.14
31063,2037,1364382,1,13643.82
31065,2037,2254946,1,22549.46
31066,2037,1631642,4,16316.42
31067,2037,1740629,1,17406.29
31068,2037,1724463,1,17244.63
31071,2037,2193214,1,21932.14
31072,2037,2209812,1,22098.12
31074,2037,2432698,4,24326.98
31075,2037,3072943,1,30729.43
31076,2037,411213,1,4112.13
31078,2037,2233124,1,22331.24
31079,2037,409765,1,4097.65
31081,2037,1008313,1,10083.13
31083,2037,2208328,1,22083.28
31085,2037,1010971,1,10109.71
31087,2037,1740932,1,17409.32
31088,2037,2130551,1,21305.51
31090,2037,1364387,1,13643.87
31092,2037,1279328,1,12793.28
31093,2037,713444,1,7134.44
31095,2037,8414610,5,84146.1
31096,2037,2968904,4,29689.04
31097,2037,2703606,1,27036.06
31098,2037,1183618,1,11836.18
31099,2037,1048905,1,10489.05
31101,2037,1448153,1,14481.53
31104,2037,3277550,1,32775.5
31105,2037,2594908,1,25949.08
31109,2037,1091249,1,10912.49
31111,2037,1410729,1,14107.29
31113,2037,3137014,1,31370.14
31115,2037,3137014,1,31370.14
31119,2037,2512549,1,25125.49
31120,2037,2493152,1,24931.52
31121,2037,1998962,1,19989.62
31122,2037,2492904,1,24929.04
31123,2037,1998426,1,19984.26
31131,2037,1315006,1,13150.06
31135,2037,1370122,1,13701.22
31136,2037,1490203,1,14902.03
31137,2037,2340176,1,23401.76
31139,2037,1714740,1,17147.4
31143,2037,1082156,1,10821.56
31146,2037,1516537,1,15165.37
31148,2037,1919753,1,19197.53
31156,2037,2453752,1,24537.52
31159,2037,2683267,1,26832.67
31164,2037,1889428,1,18894.28
31166,2037,1889896,1,18898.96
31169,2037,2589304,1,25893.04
31170,2037,2864510,1,28645.1
31173,2037,2864510,1,28645.1
31174,2037,2589909,1,25899.09
31175,2037,1887219,1,18872.19
31176,2037,2751832,2,27518.32
31178,2037,2401111,1,24011.11
31180,2037,1771532,1,17715.32
31181,2037,2610262,1,26102.62
31183,2037,2610939,1,26109.39
31184,2037,2847556,1,28475.56
31187,2037,1577658,1,15776.58
31190,2037,1241959,1,12419.59
31198,2037,2276651,1,22766.51
31199,2037,2001458,1,20014.58
31202,2037,3478132,1,34781.32
31203,2037,2401111,1,24011.11
31204,2037,2401445,1,24014.45
31205,2037,2250987,1,22509.87
31206,2037,2250987,1,22509.87
31210,2037,1116399,1,11163.99
31212,2037,1936145,1,19361.45
31214,2037,2261736,2,22617.36
31215,2037,2408753,1,24087.53
31216,2037,1957918,1,19579.18
31217,2037,2531097,1,25310.97
31219,2037,2825037,1,28250.37
31220,2037,3054023,1,30540.23
31221,2037,2496207,1,24962.07
31222,2037,2277233,1,22772.33
31224,2037,2000698,1,20006.98
31225,2037,2455128,1,24551.28
31226,2037,2604537,1,26045.37
31227,2037,1215474,1,12154.74
31228,2037,1215090,1,12150.9
31229,2037,1215192,1,12151.92
31230,2037,2203096,1,22030.96
31231,2037,2202289,1,22022.89
31232,2037,1965092,1,19650.92
31233,2037,1965722,1,19657.22
31235,2037,1153094,1,11530.94
31238,2037,1241489,1,12414.89
31239,2037,1241195,1,12411.95
31244,2037,3415498,1,34154.98
31247,2037,1363616,1,13636.16
31249,2037,1363348,1,13633.48
31252,2037,2617230,1,26172.3
31254,2037,2814120,1,28141.2
31255,2037,2814120,1,28141.2
31256,2037,2596926,1,25969.26
31259,2037,1365357,2,13653.57
31260,2037,1661204,1,16612.04
31263,2037,4134145,1,41341.45
31266,2037,2891863,2,28918.63
31268,2037,3317515,1,33175.15
31269,2037,3317515,1,33175.15
31270,2037,3317742,1,33177.42
31271,2037,2067976,1,20679.76
31274,2037,2067850,1,20678.5
31280,2037,3105154,1,31051.54
31283,2037,5130794,1,51307.94
31284,2037,4105210,1,41052.1
31285,2037,1585214,1,15852.14
31286,2037,1195701,1,11957.01
31287,2037,1475078,1,14750.78
31288,2037,1195310,1,11953.1
31293,2037,2273806,1,22738.06
31295,2037,2518707,1,25187.07
31296,2037,2518113,1,25181.13
31297,2037,1397574,1,13975.74
31298,2037,1585328,1,15853.28
31299,2037,1195310,1,11953.1
31306,2037,1585328,1,15853.28
31308,2037,2308223,1,23082.23
31310,2037,1955992,1,19559.92
31312,2037,1284884,1,12848.84
31313,2037,1723893,1,17238.93
31315,2037,1030867,1,10308.67
31318,2037,1006527,1,10065.27
31319,2037,1006774,1,10067.74
31323,2037,1865377,1,18653.77
31324,2037,1185129,1,11851.29
31329,2037,3195559,1,31955.59
31330,2037,2363287,1,23632.87
31333,2037,2425715,1,24257.15
31336,2037,1940951,1,19409.51
31337,2037,1763706,1,17637.06
31341,2037,1210066,1,12100.66
31344,2037,2007640,1,20076.4
31345,2037,1279901,1,12799.01
31346,2037,1279901,1,12799.01
31347,2037,1214696,1,12146.96
31348,2037,2007705,1,20077.05
31352,2037,2742142,1,27421.42
31356,2037,1763979,1,17639.79
31357,2037,3926285,2,39262.85
31363,2037,2333884,1,23338.84
31364,2037,2456801,1,24568.01
31365,2037,2456801,1,24568.01
31366,2037,2816210,1,28162.1
31368,2037,1214527,1,12145.27
31369,2037,1035293,1,10352.93
31371,2037,3552593,1,35525.93
31374,2037,2891360,1,28913.6
31376,2037,2047087,1,20470.87
31377,2037,2230595,1,22305.95
31379,2037,2333884,1,23338.84
31381,2037,2949020,1,29490.2
31382,2037,2333884,1,23338.84
31384,2037,2400115,1,24001.15
31387,2037,2399590,1,23995.9
31390,2037,2291664,1,22916.64
31391,2037,2900030,1,29000.3
31394,2037,2106544,1,21065.44
31399,2037,1186052,1,11860.52
31402,2037,1271985,1,12719.85
31404,2037,1941318,1,19413.18
31406,2037,2106544,1,21065.44
31408,2037,1015205,1,10152.05
31411,2037,1086284,1,10862.84
31412,2037,3826617,1,38266.17
31413,2037,3459761,2,34597.61
31416,2037,2106544,1,21065.44
31418,2037,3297159,1,32971.59
31419,2037,2290936,1,22909.36
31423,2037,2479430,1,24794.3
31424,2037,2479430,1,24794.3
31427,2037,2165969,1,21659.69
31429,2037,2138240,1,21382.4
31431,2037,3340722,1,33407.22
31434,2037,2258238,1,22582.38
31435,2037,1680316,1,16803.16
31439,2037,1903638,1,19036.38
31441,2037,2520240,1,25202.4
31442,2037,2519399,1,25193.99
31445,2037,2877215,1,28772.15
31447,2037,2595847,1,25958.47
31449,2037,2268533,1,22685.33
31452,2037,2202597,1,22025.97
31455,2037,1997992,1,19979.92
31456,2037,2561212,1,25612.12
31458,2037,2268990,1,22689.9
31459,2037,2624948,1,26249.48
31460,2037,2675907,1,26759.07
31464,2037,2405522,1,24055.22
31465,2037,3591415,2,35914.15
31466,2037,3061672,3,30616.72
31467,2037,2518720,1,25187.2
31468,2037,2595045,1,25950.45
31471,2037,1817558,1,18175.58
31472,2037,2515979,1,25159.79
31475,2037,1906279,1,19062.79
31478,2037,2254384,1,22543.84
31481,2037,1968688,1,19686.88
31482,2037,1301641,1,13016.41
31483,2037,1918420,1,19184.2
31487,2037,3463060,1,34630.6
31488,2037,2237868,1,22378.68
31489,2037,3433989,1,34339.89
31490,2037,2950982,2,29509.82
31492,2037,2170625,1,21706.25
31493,2037,1616856,1,16168.56
31495,2037,2169800,1,21698.0
31499,2037,1616856,1,16168.56
31503,2037,2243117,1,22431.17
31505,2037,1616856,1,16168.56
31507,2037,2125180,1,21251.8
31508,2037,1754239,1,17542.39
31510,2037,1891970,1,18919.7
31512,2037,1808173,1,18081.73
31513,2037,1918290,1,19182.9
31514,2037,1663713,1,16637.13
31515,2037,1378561,1,13785.61
31517,2037,1582302,1,15823.02
31520,2037,2237871,1,22378.71
31521,2037,1427751,1,14277.51
31522,2037,1571464,1,15714.64
31523,2037,2262267,1,22622.67
31524,2037,2262855,1,22628.55
31526,2037,2155549,1,21555.49
31527,2037,2010048,1,20100.48
31529,2037,1963171,1,19631.71
31530,2037,1963449,1,19634.49
31532,2037,2051903,1,20519.03
31533,2037,1974172,1,19741.72
31534,2037,520261,1,5202.61
31535,2037,917404,1,9174.04
31536,2037,1570922,1,15709.22
31537,2037,2552600,1,25526.0
31538,2037,125464,1,1254.64
31539,2037,1571452,1,15714.52
31540,2037,1571452,1,15714.52
31542,2037,1563789,1,15637.89
31543,2037,2209666,1,22096.66
31544,2037,2263140,1,22631.4
31545,2037,2503852,1,25038.52
31547,2037,2086029,1,20860.29
31549,2037,2552600,1,25526.0
31550,2037,2129299,1,21292.99
31551,2037,2129376,1,21293.76
31552,2037,2243349,1,22433.49
31553,2037,1822822,1,18228.22
31554,2037,2258406,1,22584.06
31555,2037,2263140,1,22631.4
31559,2037,2244077,1,22440.77
31560,2037,2366227,1,23662.27
31561,2037,2244709,2,22447.09
31562,2037,1585346,1,15853.46
31563,2037,1873265,2,18732.65
31564,2037,1566228,3,15662.28
31565,2037,1983481,3,19834.81
31566,2037,2268254,1,22682.54
31567,2037,2250137,1,22501.37
31570,2037,2270583,1,22705.83
31572,2037,1615753,2,16157.53
31575,2037,2554425,8,25544.25
31576,2037,2608350,3,26083.5
31577,2037,394329,1,3943.29
31579,2037,2268254,1,22682.54
31581,2037,2249551,1,22495.51
31582,2037,2202666,1,22026.66
31584,2037,2218454,1,22184.54
31585,2037,1996430,1,19964.3
31588,2037,2505669,1,25056.69
31589,2037,2475541,1,24755.41
31590,2038,875212,1,8752.12
31592,2038,1372197,2,13721.97
31593,2038,1159529,1,11595.29
31594,2038,1950968,4,19509.68
31595,2038,1324798,2,13247.98
31596,2038,632122,2,6321.22
31597,2038,2288100,1,22881.0
31598,2038,1996522,1,19965.22
31599,2038,2475541,1,24755.41
31600,2038,1963207,3,19632.07
31602,2038,1190656,2,11906.56
31603,2038,1464076,1,14640.76
31604,2038,1450371,2,14503.71
31605,2038,2288356,1,22883.56
31607,2038,1982372,1,19823.72
31608,2038,1910679,4,19106.79
31609,2038,2352246,9,23522.46
31611,2038,1171635,1,11716.35
31612,2038,2194137,5,21941.37
31613,2038,1159589,1,11595.89
31614,2038,1535537,1,15355.37
31615,2038,3571528,14,35715.28
31616,2038,1914277,1,19142.77
31617,2038,3051114,1,30511.14
31618,2038,3050485,1,30504.85
31619,2038,3238879,1,32388.79
31622,2038,2463600,1,24636.0
31623,2038,2576608,1,25766.08
31624,2038,1922522,6,19225.22
31625,2038,1865398,5,18653.98
31626,2038,1276873,3,12768.73
31627,2038,1562740,3,15627.4
31628,2038,1327358,1,13273.58
31629,2038,2668313,5,26683.13
31630,2038,2642156,12,26421.56
31631,2038,1563137,4,15631.37
31632,2038,1970257,2,19702.57
31633,2038,2455673,1,24556.73
31634,2038,3046644,6,30466.44
31636,2038,1199845,1,11998.45
31637,2038,3042427,1,30424.27
31639,2038,1200404,1,12004.04
31640,2038,1078398,1,10783.98
31641,2038,1078398,1,10783.98
31642,2038,2699164,10,26991.64
31643,2038,2640212,1,26402.12
31645,2038,1178528,3,11785.28
31646,2038,2456089,1,24560.89
31647,2038,3065301,7,30653.01
31648,2038,1708740,1,17087.4
31649,2038,2306552,3,23065.52
31650,2038,1554465,2,15544.65
31651,2038,1803394,5,18033.94
31652,2038,1357375,4,13573.75
31653,2038,1693782,4,16937.82
31654,2038,2454757,2,24547.57
31655,2038,1709522,1,17095.22
31656,2038,1002080,1,10020.8
31657,2038,791093,2,7910.93
31658,2038,2215963,4,22159.63
31659,2038,2337325,14,23373.25
31660,2038,5454633,3,54546.33
31661,2038,2389877,12,23898.77
31664,2038,1452572,1,14525.72
31665,2038,2360060,3,23600.6
31666,2038,1543502,9,15435.02
31667,2038,385665,1,3856.65
31668,2038,1562726,3,15627.26
31669,2038,1341464,3,13414.64
31670,2038,1230355,1,12303.55
31671,2038,1246014,2,12460.14
31672,2038,1985844,3,19858.44
31674,2038,2060603,3,20606.03
31675,2038,2309115,2,23091.15
31676,2038,1856645,1,18566.45
31677,2038,3729055,17,37290.55
31678,2038,2282283,3,22822.83
31679,2038,1962178,2,19621.78
31680,2038,1585502,1,15855.02
31682,2038,3957555,1,39575.55
31683,2038,3813910,7,38139.1
31684,2038,3144459,1,31444.59
31685,2038,1839125,1,18391.25
31686,2038,939299,1,9392.99
31687,2038,2591203,1,25912.03
31688,2038,7529333,10,75293.33
31689,2038,1452648,1,14526.48
31691,2038,4129601,3,41296.01
31692,2038,1693586,3,16935.86
31693,2038,1292350,1,12923.5
31694,2038,1518819,4,15188.19
31695,2038,4664208,4,46642.08
31696,2038,1587707,1,15877.07
31697,2038,5479793,4,54797.93
31698,2038,1110063,1,11100.63
31700,2038,1668704,1,16687.04
31701,2038,1668168,1,16681.68
31702,2038,1668056,4,16680.56
31703,2038,3697847,15,36978.47
31704,2038,3343052,1,33430.52
31705,2038,3917558,6,39175.58
31706,2038,4298396,5,42983.96
31708,2038,2986451,9,29864.51
31710,2038,4992040,3,49920.4
31711,2038,4861275,4,48612.75
31712,2038,5518200,8,55182.0
31714,2038,5232423,3,52324.23
31715,2038,2927807,1,29278.07
31716,2038,2207507,1,22075.07
31717,2038,4436866,6,44368.66
31719,2038,3987598,2,39875.98
31720,2038,4134500,11,41345.0
31721,2038,2892292,1,28922.92
31722,2038,2166119,1,21661.19
31723,2038,2447278,1,24472.78
31724,2038,3070960,1,30709.6
31725,2038,3562745,1,35627.45
31726,2038,3061856,3,30618.56
31727,2038,2891658,1,28916.58
31728,2038,2165797,1,21657.97
31729,2038,2626542,1,26265.42
31730,2038,2989850,1,29898.5
31731,2038,4665263,14,46652.63
31733,2038,2152885,2,21528.85
31735,2038,2599414,3,25994.14
31736,2038,3716502,1,37165.02
31737,2038,4042820,5,40428.2
31738,2038,1981617,1,19816.17
31739,2038,3559732,2,35597.32
31740,2038,1976456,1,19764.56
31741,2038,2995364,3,29953.64
31742,2038,4345085,1,43450.85
31743,2038,2384148,1,23841.48
31745,2038,2569230,2,25692.3
31746,2038,2458129,1,24581.29
31750,2038,2957483,3,29574.83
31751,2038,1523207,1,15232.07
31752,2038,2558090,1,25580.9
31753,2038,2113975,1,21139.75
31754,2038,2114383,1,21143.83
31755,2038,2262876,2,22628.76
31756,2038,1976456,1,19764.56
31757,2038,1981617,1,19816.17
31758,2038,1980941,1,19809.41
31760,2038,4200704,6,42007.04
31761,2038,3010626,4,30106.26
31762,2038,2279399,2,22793.99
31763,2038,3503952,5,35039.52
31764,2038,1981617,1,19816.17
31765,2038,1967235,3,19672.35
31766,2038,1976456,1,19764.56
31767,2038,1274167,5,12741.67
31768,2038,1326102,1,13261.02
31769,2038,2457447,1,24574.47
31771,2038,2317813,4,23178.13
31773,2038,3947014,3,39470.14
31774,2038,1561845,1,15618.45
31775,2038,2113975,1,21139.75
31776,2038,5491094,24,54910.94
31777,2038,1681131,1,16811.31
31778,2038,2538853,2,25388.53
31779,2038,1303909,1,13039.09
31780,2038,2351624,1,23516.24
31781,2038,2805724,4,28057.24
31783,2038,3143206,15,31432.06
31784,2038,3344903,6,33449.03
31785,2038,654435,1,6544.35
31786,2038,1995414,1,19954.14
31787,2038,1162148,1,11621.48
31788,2038,2123834,2,21238.34
31790,2038,2401246,1,24012.46
31792,2038,2949449,5,29494.49
31793,2038,2125377,1,21253.77
31794,2038,2701015,1,27010.15
31795,2038,2383253,1,23832.53
31796,2038,1809463,1,18094.63
31798,2038,2847670,1,28476.7
31799,2038,1939223,1,19392.23
31800,2038,1510963,1,15109.63
31801,2038,5430294,18,54302.94
31802,2038,3779120,12,37791.2
31803,2038,1948737,1,19487.37
31804,2038,1476313,1,14763.13
31805,2038,1476907,1,14769.07
31806,2038,2125683,1,21256.83
31807,2038,2125377,1,21253.77
31808,2038,3513872,1,35138.72
31809,2038,3908942,2,39089.42
31810,2038,3692962,2,36929.62
31811,2038,2524043,2,25240.43
31812,2038,2586064,3,25860.64
31814,2038,1616380,5,16163.8
31815,2038,3498498,15,34984.98
31816,2038,1213647,9,12136.47
31817,2038,776417,1,7764.17
31818,2038,1241626,1,12416.26
31819,2038,3229979,9,32299.79
31820,2038,1974149,1,19741.49
31822,2038,3988082,7,39880.82
31823,2038,3854721,11,38547.21
31824,2038,1190321,1,11903.21
31825,2038,3774196,3,37741.96
31826,2038,2831509,5,28315.09
31827,2038,4345511,24,43455.11
31829,2038,3261256,6,32612.56
31831,2038,3449144,4,34491.44
31832,2038,1622881,4,16228.81
31833,2038,3455947,4,34559.47
31834,2038,1290727,1,12907.27
31835,2038,3434012,3,34340.12
31836,2038,4018484,3,40184.84
31837,2038,1945211,4,19452.11
31838,2038,1843962,1,18439.62
31839,2038,3555041,4,35550.41
31840,2038,2978138,2,29781.38
31841,2038,2802320,1,28023.2
31842,2038,2214678,1,22146.78
31843,2038,1314868,6,13148.68
31844,2038,1190321,1,11903.21
31845,2038,3105199,2,31051.99
31846,2038,1290157,1,12901.57
31847,2038,668818,1,6688.18
31850,2038,2734973,5,27349.73
31851,2038,1661999,1,16619.99
31852,2038,2519905,11,25199.05
31853,2038,2905687,3,29056.87
31855,2038,1860926,3,18609.26
31856,2038,1563925,2,15639.25
31857,2038,1905860,1,19058.6
31858,2038,2062396,6,20623.96
31859,2038,515442,1,5154.42
31860,2038,585114,2,5851.14
31861,2038,3156653,8,31566.53
31862,2038,1905981,1,19059.81
31864,2038,2559377,3,25593.77
31865,2038,3395499,1,33954.99
31866,2038,2325254,1,23252.54
31868,2038,3306757,3,33067.57
31869,2038,1237946,1,12379.46
31870,2038,3148343,1,31483.43
31871,2038,3789582,3,37895.82
31872,2038,4385656,4,43856.56
31873,2038,3239934,1,32399.34
31874,2038,3994110,4,39941.1
31875,2038,1306734,1,13067.34
31877,2038,2447474,3,24474.74
31878,2038,7019001,25,70190.01
31879,2038,3492322,2,34923.22
31880,2038,1419740,1,14197.4
31883,2038,1473306,2,14733.06
31884,2038,2528454,18,25284.54
31885,2038,2030281,2,20302.81
31887,2038,1991632,7,19916.32
31888,2038,4441843,24,44418.43
31889,2038,6535265,34,65352.65
31890,2038,5575270,24,55752.7
31891,2038,1802810,4,18028.1
31892,2038,1228278,2,12282.78
31893,2038,2527631,4,25276.31
31894,2038,2636386,4,26363.86
31895,2038,3351685,9,33516.85
31896,2038,3900560,14,39005.6
31897,2038,2060830,1,20608.3
31898,2038,1450272,1,14502.72
31899,2038,1240010,1,12400.1
31900,2038,729165,3,7291.65
31901,2038,1870848,1,18708.48
31902,2038,2408064,2,24080.64
31903,2038,2550276,3,25502.76
31904,2038,2683839,7,26838.39
31906,2038,581507,2,5815.07
31907,2038,1293554,1,12935.54
31908,2038,1293244,1,12932.44
31909,2038,1200849,3,12008.49
31910,2038,1937692,3,19376.92
31911,2038,2784175,3,27841.75
31912,2038,1914242,3,19142.42
31913,2038,2319337,6,23193.37
31914,2038,1953888,1,19538.88
31915,2038,2502613,6,25026.13
31916,2038,1905063,3,19050.63
31917,2038,2464561,5,24645.61
31918,2038,1281371,4,12813.71
31920,2038,1245398,1,12453.98
31921,2038,1198421,1,11984.21
31922,2038,1491572,1,14915.72
31923,2038,1301411,1,13014.11
31925,2038,1245398,1,12453.98
31927,2038,527206,1,5272.06
31928,2038,373885,1,3738.85
31929,2038,1543129,1,15431.29
31930,2038,1953524,1,19535.24
31931,2038,1781194,1,17811.94
31932,2038,1781194,1,17811.94
31933,2038,1747857,1,17478.57
31934,2038,2734107,6,27341.07
31935,2038,1543129,1,15431.29
31936,2038,882445,2,8824.45
31937,2038,881749,2,8817.49
31939,2038,1457488,1,14574.88
31940,2038,370625,1,3706.25
31941,2038,1198421,1,11984.21
31942,2038,909635,2,9096.35
31943,2038,594265,2,5942.65
31944,2038,1131809,1,11318.09
31945,2038,2082977,3,20829.77
31946,2038,1491572,1,14915.72
31947,2038,3246652,3,32466.52
31948,2038,2834111,5,28341.11
31949,2038,1829723,2,18297.23
31950,2038,1509883,1,15098.83
31951,2038,5654595,18,56545.95
31952,2038,6815568,29,68155.68
31953,2038,1848331,1,18483.31
31954,2038,1435630,1,14356.3
31955,2038,2262011,5,22620.11
31956,2038,1275237,1,12752.37
31957,2038,1626627,1,16266.27
31958,2038,1221600,1,12216.0
31959,2038,511310,1,5113.1
31960,2038,1427451,1,14274.51
31961,2038,1427895,1,14278.95
31962,2038,1120829,3,11208.29
31963,2038,3921190,6,39211.9
31964,2038,1789329,1,17893.29
31965,2038,5102537,12,51025.37
31968,2038,2436211,5,24362.11
31969,2038,1996592,4,19965.92
31970,2038,2655849,9,26558.49
31971,2038,1324682,1,13246.82
31972,2038,1503608,1,15036.08
31974,2038,2096988,5,20969.88
31975,2038,2438326,6,24383.26
31977,2038,2214543,4,22145.43
31978,2038,1897136,5,18971.36
31979,2038,1773627,3,17736.27
31980,2038,2132967,6,21329.67
31981,2038,2900849,13,29008.49
31983,2038,1671323,2,16713.23
31984,2038,526449,1,5264.49
31985,2038,1976869,4,19768.69
31986,2038,2139970,6,21399.7
31987,2038,2472643,4,24726.43
31988,2038,1707843,1,17078.43
31990,2038,2028155,5,20281.55
31992,2038,2412288,4,24122.88
31993,2038,1525055,4,15250.55
31994,2038,2158886,7,21588.86
31995,2038,2351834,1,23518.34
31996,2038,2081205,5,20812.05
31997,2038,1363962,1,13639.62
31998,2038,708228,2,7082.28
31999,2038,1297807,1,12978.07
32000,2038,1298210,1,12982.1
32002,2038,2606408,6,26064.08
32003,2038,1729365,6,17293.65
32004,2038,2494996,7,24949.96
32005,2038,1243820,4,12438.2
32006,2038,3941278,4,39412.78
32007,2038,1501402,3,15014.02
32008,2038,1857026,3,18570.26
32009,2038,1374773,1,13747.73
32011,2038,1374866,1,13748.66
32012,2038,2646474,4,26464.74
32013,2038,2219316,1,22193.16
32015,2038,1845238,3,18452.38
32016,2038,1098924,1,10989.24
32018,2038,2630603,3,26306.03
32019,2038,865547,3,8655.47
32020,2038,2968728,12,29687.28
32021,2038,1225346,1,12253.46
32022,2038,1835712,2,18357.12
32023,2038,1356558,5,13565.58
32024,2038,2186240,3,21862.4
32025,2038,949498,3,9494.98
32026,2038,3101174,2,31011.74
32027,2038,2960842,1,29608.42
32029,2038,2514031,1,25140.31
32031,2038,1781713,1,17817.13
32032,2038,1713080,2,17130.8
32033,2038,1361769,1,13617.69
32034,2038,1858334,1,18583.34
32035,2038,1174704,2,11747.04
32036,2038,6730876,22,67308.76
32037,2038,2992709,4,29927.09
32038,2038,2850707,4,28507.07
32039,2038,1880456,3,18804.56
32040,2038,2339000,1,23390.0
32041,2038,1057259,1,10572.59
32042,2038,2156238,1,21562.38
32045,2038,2514757,1,25147.57
32046,2038,2355032,1,23550.32
32048,2038,3248816,5,32488.16
32049,2038,2658775,3,26587.75
32050,2038,2339314,1,23393.14
32051,2038,1928041,3,19280.41
32052,2038,2250735,1,22507.35
32054,2038,2013517,1,20135.17
32055,2038,1641663,1,16416.63
32056,2038,2013517,1,20135.17
32057,2038,1557005,1,15570.05
32058,2038,1556508,1,15565.08
32059,2038,1556466,1,15564.66
32060,2038,253555,1,2535.55
32061,2038,207603,1,2076.03
32062,2038,296642,1,2966.42
32063,2038,2523773,2,25237.73
32064,2038,42893,1,428.93
32066,2038,414530,2,4145.3
32067,2038,62961,1,629.61
32068,2038,120358,1,1203.58
32069,2038,104162,1,1041.62
32070,2038,160307,1,1603.07
32071,2038,116607,1,1166.07
32072,2038,164722,1,1647.22
32073,2038,278407,1,2784.07
32074,2038,116091,1,1160.91
32075,2038,222917,2,2229.17
32076,2038,128963,1,1289.63
32077,2038,342213,2,3422.13
32078,2038,76439,1,764.39
32079,2038,128348,1,1283.48
32080,2038,232732,2,2327.32
32081,2038,111788,1,1117.88
32082,2038,185943,1,1859.43
32083,2038,236359,1,2363.59
32084,2038,236322,1,2363.22
32085,2038,186253,1,1862.53
32086,2038,186227,1,1862.27
32087,2038,186425,1,1864.25
32088,2038,237040,1,2370.4
32089,2038,236554,1,2365.54
32090,2038,236789,1,2367.89
32091,2038,236554,1,2365.54
32092,2038,201972,1,2019.72
32093,2038,383083,2,3830.83
32094,2038,43540,1,435.4
32095,2038,67437,1,674.37
32097,2038,142791,1,1427.91
32098,2038,63082,1,630.82
32099,2038,177941,2,1779.41
32100,2038,136841,1,1368.41
32102,2038,253578,2,2535.78
32103,2038,142102,1,1421.02
32104,2038,132637,1,1326.37
32105,2038,137944,1,1379.44
32106,2038,130011,1,1300.11
32107,2038,229388,2,2293.88
32108,2038,1310360,1,13103.6
32109,2038,40251,1,402.51
32110,2038,139509,1,1395.09
32111,2038,478100,1,4781.0
32112,2038,236747,1,2367.47
32113,2038,238685,1,2386.85
32114,2038,315347,1,3153.47
32115,2038,238493,1,2384.93
32116,2038,321886,1,3218.86
32117,2038,478322,1,4783.22
32118,2038,477756,1,4777.56
32119,2038,236420,1,2364.2
32120,2038,227082,1,2270.82
32121,2038,297669,1,2976.69
32122,2038,297899,1,2978.99
32123,2038,297699,1,2976.99
32124,2038,238196,1,2381.96
32126,2038,315049,1,3150.49
32127,2038,315185,1,3151.85
32128,2038,315374,1,3153.74
32129,2038,315509,1,3155.09
32130,2038,223982,1,2239.82
32131,2038,97709,1,977.09
32132,2038,724187,1,7241.87
32133,2038,313064,1,3130.64
32134,2038,313245,1,3132.45
32135,2038,312737,1,3127.37
32136,2038,188165,1,1881.65
32137,2038,298143,1,2981.43
32138,2038,298631,1,2986.31
32139,2038,227082,1,2270.82
32140,2038,297928,1,2979.28
32141,2038,297455,1,2974.55
32142,2038,315509,1,3155.09
32144,2038,315211,1,3152.11
32146,2038,315509,1,3155.09
32147,2038,315347,1,3153.47
32148,2038,49022,1,490.22
32149,2038,236282,2,2362.82
32150,2038,86688,1,866.88
32151,2038,86867,1,868.67
32154,2038,135878,1,1358.78
32155,2038,770180,1,7701.8
32156,2038,179606,1,1796.06
32157,2038,208201,1,2082.01
32159,2038,179706,1,1797.06
32160,2038,238897,1,2388.97
32162,2038,238844,1,2388.44
32163,2038,238681,1,2386.81
32164,2038,998706,2,9987.06
32165,2038,331772,1,3317.72
32166,2038,331262,1,3312.62
32167,2038,330815,1,3308.15
32168,2038,331453,1,3314.53
32169,2038,297928,1,2979.28
32170,2038,298387,1,2983.87
32172,2038,297455,1,2974.55
32173,2038,297684,1,2976.84
32174,2038,333967,1,3339.67
32175,2038,1003624,2,10036.24
32176,2038,1004177,2,10041.77
32177,2038,334288,1,3342.88
32178,2038,333522,1,3335.22
32179,2038,464999,1,4649.99
32180,2038,464531,1,4645.31
32181,2038,464640,1,4646.4
32182,2038,464781,1,4647.81
32184,2038,266993,2,2669.93
32185,2038,239716,1,2397.16
32186,2038,331390,1,3313.9
32187,2038,331199,1,3311.99
32188,2038,331134,1,3311.34
32189,2038,331709,1,3317.09
32190,2038,330815,1,3308.15
32191,2038,332028,1,3320.28
32192,2038,1004140,2,10041.4
32193,2038,333522,1,3335.22
32195,2038,334092,1,3340.92
32196,2038,152551,1,1525.51
32197,2038,381174,1,3811.74
32198,2038,239280,1,2392.8
32200,2038,333646,1,3336.46
32201,2038,333522,1,3335.22
32202,2038,65672,1,656.72
32203,2038,648914,1,6489.14
32204,2038,202016,2,2020.16
32205,2038,698563,2,6985.63
32206,2038,152015,1,1520.15
32207,2038,581653,1,5816.53
32208,2038,105139,1,1051.39
32209,2038,105139,1,1051.39
32210,2038,2827313,1,28273.13
32211,2038,2080771,1,20807.71
32212,2038,354984,1,3549.84
32213,2038,238461,1,2384.61
32214,2038,396220,1,3962.2
32215,2038,395852,1,3958.52
32216,2038,331390,1,3313.9
32217,2038,331262,1,3312.62
32218,2038,899289,1,8992.89
32219,2038,540751,1,5407.51
32220,2038,540057,1,5400.57
32221,2038,540223,1,5402.23
32222,2038,238854,1,2388.54
32223,2038,237581,1,2375.81
32224,2038,334610,1,3346.1
32226,2038,146878,1,1468.78
32227,2038,127233,1,1272.33
32228,2038,237427,2,2374.27
32229,2038,132898,1,1328.98
32230,2038,381009,1,3810.09
32231,2038,60046,1,600.46
32232,2038,164599,1,1645.99
32233,2038,179107,1,1791.07
32234,2038,177712,1,1777.12
32235,2038,775751,2,7757.51
32236,2038,182212,1,1822.12
32237,2038,358027,1,3580.27
32238,2038,420046,1,4200.46
32239,2038,884732,1,8847.32
32241,2038,912031,2,9120.31
32242,2038,302217,1,3022.17
32244,2038,402689,1,4026.89
32245,2038,395115,1,3951.15
32246,2038,540585,1,5405.85
32247,2038,31066,1,310.66
32248,2038,69905,1,699.05
32250,2038,846471,3,8464.71
32251,2038,138538,1,1385.38
32252,2038,130280,1,1302.8
32253,2038,238968,2,2389.68
32254,2038,416372,3,4163.72
32255,2038,203703,1,2037.03
32256,2038,59138,1,591.38
32257,2038,142242,1,1422.42
32258,2038,57377,1,573.77
32259,2038,197932,1,1979.32
32260,2038,59441,1,594.41
32261,2038,182055,1,1820.55
32262,2038,130449,1,1304.49
32263,2038,299031,1,2990.31
32265,2038,316834,1,3168.34
32266,2038,39639,1,396.39
32267,2038,274085,3,2740.85
32268,2038,72126,1,721.26
32269,2038,33523,1,335.23
32270,2038,967833,6,9678.33
32271,2038,315062,1,3150.62
32272,2038,203458,1,2034.58
32273,2038,956957,5,9569.57
32274,2038,150098,1,1500.98
32275,2038,112271,1,1122.71
32276,2038,102054,1,1020.54
32277,2038,308312,2,3083.12
32278,2038,302576,1,3025.76
32279,2038,112088,1,1120.88
32280,2038,101900,1,1019.0
32281,2038,327716,2,3277.16
32282,2038,168349,1,1683.49
32283,2038,198013,1,1980.13
32284,2038,235144,1,2351.44
32285,2038,234520,1,2345.2
32286,2038,212482,1,2124.82
32287,2038,212379,1,2123.79
32288,2038,212557,1,2125.57
32289,2038,272882,1,2728.82
32290,2038,321418,1,3214.18
32291,2038,315948,1,3159.48
32292,2038,315333,1,3153.33
32293,2038,315677,1,3156.77
32294,2038,732074,1,7320.74
32295,2038,315948,1,3159.48
32296,2038,187456,1,1874.56
32297,2038,189989,1,1899.89
32298,2038,168427,1,1684.27
32299,2038,138040,1,1380.4
32301,2038,111293,1,1112.93
32302,2038,239742,2,2397.42
32303,2038,234221,1,2342.21
32304,2039,234508,1,2345.08
32305,2039,315948,1,3159.48
32306,2039,315267,1,3152.67
32307,2039,732847,1,7328.47
32308,2039,315472,1,3154.72
32309,2039,269449,1,2694.49
32310,2039,268856,1,2688.56
32311,2039,339681,1,3396.81
32312,2039,345173,1,3451.73
32314,2039,297641,1,2976.41
32315,2039,297213,1,2972.13
32316,2039,297213,1,2972.13
32317,2039,80465,1,804.65
32318,2039,360779,1,3607.79
32319,2039,80998,1,809.98
32320,2039,168511,1,1685.11
32321,2039,541569,3,5415.69
32322,2039,146106,1,1461.06
32323,2039,125681,1,1256.81
32324,2039,3357784,18,33577.84
32325,2039,324952,2,3249.52
32326,2039,50751,1,507.51
32327,2039,133052,1,1330.52
32328,2039,501305,3,5013.05
32329,2039,732415,1,7324.15
32330,2039,269738,1,2697.38
32331,2039,270028,1,2700.28
32332,2039,269449,1,2694.49
32333,2039,269160,1,2691.6
32334,2039,270180,1,2701.8
32335,2039,269738,1,2697.38
32336,2039,270318,1,2703.18
32337,2039,269876,1,2698.76
32338,2039,285961,1,2859.61
32339,2039,285415,1,2854.15
32340,2039,285415,1,2854.15
32341,2039,1741618,1,17416.18
32342,2039,82095,1,820.95
32343,2039,129448,1,1294.48
32344,2039,116525,1,1165.25
32345,2039,84799,1,847.99
32346,2039,140033,1,1400.33
32347,2039,110719,1,1107.19
32349,2039,64906,1,649.06
32350,2039,177932,2,1779.32
32351,2039,110989,1,1109.89
32352,2039,278512,2,2785.12
32353,2039,106862,1,1068.62
32354,2039,106647,1,1066.47
32355,2039,302530,1,3025.3
32356,2039,302621,1,3026.21
32357,2039,233949,1,2339.49
32358,2039,234232,1,2342.32
32359,2039,234232,1,2342.32
32360,2039,317586,1,3175.86
32361,2039,245936,1,2459.36
32362,2039,246385,1,2463.85
32363,2039,245936,1,2459.36
32364,2039,246191,1,2461.91
32365,2039,380917,1,3809.17
32366,2039,380829,1,3808.29
32367,2039,559237,1,5592.37
32369,2039,303035,1,3030.35
32370,2039,245936,1,2459.36
32371,2039,246385,1,2463.85
32372,2039,245233,1,2452.33
32373,2039,279951,1,2799.51
32374,2039,240429,1,2404.29
32375,2039,240643,1,2406.43
32376,2039,256468,1,2564.68
32377,2039,829509,2,8295.09
32378,2039,282655,2,2826.55
32379,2039,123126,1,1231.26
32380,2039,115592,1,1155.92
32381,2039,412503,2,4125.03
32382,2039,302530,1,3025.3
32383,2039,302621,1,3026.21
32384,2039,488212,1,4882.12
32385,2039,4061052,11,40610.52
32386,2039,559817,1,5598.17
32387,2039,114102,1,1141.02
32388,2039,302712,1,3027.12
32389,2039,302207,1,3022.07
32390,2039,302297,1,3022.97
32391,2039,302854,1,3028.54
32392,2039,303035,1,3030.35
32393,2039,302712,1,3027.12
32394,2039,302712,1,3027.12
32395,2039,259647,1,2596.47
32396,2039,201528,1,2015.28
32397,2039,259569,1,2595.69
32398,2039,259019,1,2590.19
32399,2039,201528,1,2015.28
32401,2039,201107,1,2011.07
32403,2039,282969,1,2829.69
32405,2039,282786,1,2827.86
32406,2039,222672,1,2226.72
32407,2039,681912,2,6819.12
32408,2039,222401,1,2224.01
32409,2039,670769,1,6707.69
32410,2039,343267,1,3432.67
32411,2039,256624,1,2566.24
32412,2039,343267,1,3432.67
32413,2039,587798,2,5877.98
32414,2039,386003,1,3860.03
32415,2039,376505,1,3765.05
32416,2039,140776,1,1407.76
32417,2039,111564,1,1115.64
32418,2039,302530,1,3025.3
32419,2039,303268,1,3032.68
32420,2039,258940,1,2589.4
32421,2039,258626,1,2586.26
32422,2039,259647,1,2596.47
32423,2039,258862,1,2588.62
32424,2039,282934,1,2829.34
32425,2039,282716,1,2827.16
32426,2039,282716,1,2827.16
32427,2039,222881,1,2228.81
32428,2039,290965,1,2909.65
32429,2039,223214,1,2232.14
32430,2039,3774909,9,37749.09
32431,2039,741909,2,7419.09
32432,2039,134158,1,1341.58
32433,2039,132708,1,1327.08
32434,2039,56665,1,566.65
32435,2039,420280,3,4202.8
32436,2039,40042,1,400.42
32437,2039,134345,1,1343.45
32438,2039,130700,1,1307.0
32439,2039,132849,1,1328.49
32440,2039,56089,1,560.89
32441,2039,194882,1,1948.82
32442,2039,259254,1,2592.54
32443,2039,440239,1,4402.39
32444,2039,260909,1,2609.09
32445,2039,291251,1,2912.51
32446,2039,256355,1,2563.55
32447,2039,741536,2,7415.36
32448,2039,143114,1,1431.14
32449,2039,40728,1,407.28
32450,2039,303737,1,3037.37
32451,2039,552227,4,5522.27
32452,2039,133520,1,1335.2
32453,2039,138726,1,1387.26
32454,2039,432599,1,4325.99
32455,2039,273823,1,2738.23
32456,2039,273362,1,2733.62
32458,2039,351498,1,3514.98
32459,2039,291251,1,2912.51
32460,2039,104049,1,1040.49
32461,2039,157927,1,1579.27
32462,2039,121129,1,1211.29
32463,2039,125144,1,1251.44
32464,2039,121376,1,1213.76
32466,2039,363887,1,3638.87
32467,2039,259647,1,2596.47
32468,2039,201738,1,2017.38
32469,2039,211605,1,2116.05
32470,2039,211289,1,2112.89
32471,2039,555649,1,5556.49
32472,2039,273651,1,2736.51
32473,2039,273769,1,2737.69
32475,2039,258142,1,2581.42
32476,2039,257675,1,2576.75
32477,2039,257547,1,2575.47
32478,2039,256355,1,2563.55
32479,2039,996199,3,9961.99
32480,2039,779973,4,7799.73
32481,2039,88630,1,886.3
32482,2039,130565,1,1305.65
32483,2039,324273,2,3242.73
32484,2039,141857,1,1418.57
32485,2039,104182,1,1041.82
32486,2039,317461,1,3174.61
32487,2039,127651,1,1276.51
32488,2039,364418,1,3644.18
32489,2039,432621,1,4326.21
32490,2039,454314,2,4543.14
32491,2039,203592,1,2035.92
32492,2039,203499,1,2034.99
32493,2039,211321,1,2113.21
32495,2039,211373,1,2113.73
32496,2039,211605,1,2116.05
32497,2039,258226,1,2582.26
32498,2039,346474,1,3464.74
32499,2039,641570,3,6415.7
32500,2039,375701,2,3757.01
32501,2039,169706,1,1697.06
32502,2039,169681,1,1696.81
32503,2039,681036,4,6810.36
32504,2039,192772,1,1927.72
32505,2039,141273,1,1412.73
32506,2039,707167,1,7071.67
32507,2039,203506,1,2035.06
32508,2039,123193,1,1231.93
32509,2039,87798,1,877.98
32510,2039,334276,1,3342.76
32511,2039,131601,1,1316.01
32512,2039,214409,1,2144.09
32513,2039,708398,1,7083.98
32514,2039,305503,1,3055.03
32515,2039,306238,1,3062.38
32516,2039,431547,2,4315.47
32517,2039,203592,1,2035.92
32518,2039,257785,1,2577.85
32519,2039,482398,1,4823.98
32520,2039,373279,2,3732.79
32521,2039,337911,1,3379.11
32522,2039,169542,1,1695.42
32523,2039,241042,1,2410.42
32524,2039,167999,1,1679.99
32525,2039,168389,1,1683.89
32526,2039,133939,1,1339.39
32527,2039,128753,1,1287.53
32528,2039,153969,1,1539.69
32529,2039,153926,1,1539.26
32530,2039,46745,1,467.45
32531,2039,298059,3,2980.59
32532,2039,134373,1,1343.73
32535,2039,432221,1,4322.21
32536,2039,432978,1,4329.78
32537,2039,279849,1,2798.49
32538,2039,84263,1,842.63
32539,2039,203791,1,2037.91
32540,2039,203691,1,2036.91
32541,2039,203592,1,2035.92
32542,2039,334525,1,3345.25
32543,2039,482685,1,4826.85
32544,2039,337437,1,3374.37
32545,2039,252316,1,2523.16
32546,2039,335327,1,3353.27
32547,2039,311682,1,3116.82
32548,2039,263549,1,2635.49
32549,2039,169820,1,1698.2
32550,2039,885847,2,8858.47
32551,2039,168389,1,1683.89
32552,2039,168216,1,1682.16
32553,2039,168089,1,1680.89
32554,2039,105477,1,1054.77
32556,2039,875553,3,8755.53
32557,2039,97148,1,971.48
32559,2039,782425,1,7824.25
32560,2039,482228,1,4822.28
32561,2039,171487,1,1714.87
32562,2039,781677,1,7816.77
32563,2039,1200956,2,12009.56
32564,2039,318828,1,3188.28
32565,2039,168089,1,1680.89
32566,2039,200669,2,2006.69
32567,2039,105490,1,1054.9
32568,2039,433369,1,4333.69
32569,2039,395469,2,3954.69
32570,2039,96645,1,966.45
32571,2039,96729,1,967.29
32572,2039,1001247,5,10012.47
32573,2039,171487,1,1714.87
32574,2039,214727,1,2147.27
32575,2039,338001,1,3380.01
32576,2039,452877,2,4528.77
32577,2039,168089,1,1680.89
32578,2039,129170,1,1291.7
32579,2039,405046,3,4050.46
32580,2039,102363,1,1023.63
32582,2039,67183,1,671.83
32584,2039,105617,1,1056.17
32585,2039,66422,1,664.22
32586,2039,108057,1,1080.57
32587,2039,112341,1,1123.41
32588,2039,157335,1,1573.35
32589,2039,89042,1,890.42
32590,2039,46940,1,469.4
32591,2039,109448,1,1094.48
32592,2039,89100,1,891.0
32593,2039,263184,1,2631.84
32594,2039,264686,1,2646.86
32595,2039,213425,1,2134.25
32596,2039,405493,2,4054.93
32597,2039,84791,1,847.91
32598,2039,606910,4,6069.1
32599,2039,414385,1,4143.85
32600,2039,300744,1,3007.44
32601,2039,319113,1,3191.13
32602,2039,168389,1,1683.89
32603,2039,164521,1,1645.21
32604,2039,613916,4,6139.16
32605,2039,252650,1,2526.5
32606,2039,342030,1,3420.3
32607,2039,290425,2,2904.25
32608,2039,105988,1,1059.88
32609,2039,108054,1,1080.54
32610,2039,117405,1,1174.05
32611,2039,81042,1,810.42
32612,2039,333990,2,3339.9
32614,2039,154046,1,1540.46
32615,2039,432520,1,4325.2
32616,2039,215132,1,2151.32
32617,2039,342289,1,3422.89
32618,2039,279547,2,2795.47
32619,2039,437628,1,4376.28
32620,2039,249210,1,2492.1
32621,2039,169542,1,1695.42
32622,2039,667713,2,6677.13
32623,2039,56799,1,567.99
32624,2039,118012,1,1180.12
32625,2039,132784,1,1327.84
32626,2039,1850916,5,18509.16
32627,2039,128032,1,1280.32
32629,2039,156688,1,1566.88
32630,2039,140880,1,1408.8
32631,2039,194266,1,1942.66
32632,2039,215529,1,2155.29
32633,2039,342351,1,3423.51
32635,2039,319501,1,3195.01
32636,2039,168089,1,1680.89
32637,2039,59312,1,593.12
32638,2039,361025,1,3610.25
32639,2039,293142,2,2931.42
32640,2039,167452,1,1674.52
32641,2039,285881,1,2858.81
32642,2039,60492,1,604.92
32643,2039,144391,1,1443.91
32644,2039,676881,2,6768.81
32645,2039,114819,1,1148.19
32646,2039,412454,1,4124.54
32647,2039,176267,1,1762.67
32648,2039,177108,1,1771.08
32649,2039,176665,1,1766.65
32650,2039,193550,1,1935.5
32651,2039,193755,1,1937.55
32652,2039,193686,1,1936.86
32653,2039,226283,1,2262.83
32654,2039,226028,1,2260.28
32655,2039,243179,1,2431.79
32656,2039,415240,2,4152.4
32657,2039,482188,1,4821.88
32658,2039,706872,2,7068.72
32659,2039,1078712,2,10787.12
32660,2039,169706,1,1697.06
32661,2039,167789,1,1677.89
32662,2039,100280,1,1002.8
32663,2039,44721,1,447.21
32664,2039,124361,1,1243.61
32665,2039,89185,1,891.85
32666,2039,491477,2,4914.77
32667,2039,628636,1,6286.36
32668,2039,169870,1,1698.7
32669,2039,319113,1,3191.13
32670,2039,124084,1,1240.84
32671,2039,491549,2,4915.49
32672,2039,170571,1,1705.71
32673,2039,168964,1,1689.64
32674,2039,169557,1,1695.57
32675,2039,169078,1,1690.78
32676,2039,743138,3,7431.38
32677,2039,373323,1,3733.23
32678,2039,366330,1,3663.3
32679,2039,509960,1,5099.6
32680,2039,416303,1,4163.03
32681,2039,658633,1,6586.33
32682,2039,1230338,2,12303.38
32683,2039,169820,1,1698.2
32684,2039,168261,1,1682.61
32685,2039,167039,1,1670.39
32686,2039,384164,1,3841.64
32687,2039,170176,1,1701.76
32688,2039,169389,1,1693.89
32690,2039,146257,1,1462.57
32691,2039,241109,1,2411.09
32692,2039,168172,1,1681.72
32693,2039,457083,2,4570.83
32694,2039,381743,1,3817.43
32695,2039,107525,1,1075.25
32696,2039,214570,2,2145.7
32697,2039,88518,1,885.18
32698,2039,362922,1,3629.22
32699,2039,70652,1,706.52
32703,2039,63040,1,630.4
32704,2039,170072,1,1700.72
32705,2039,176670,1,1766.7
32706,2039,125853,1,1258.53
32708,2039,440929,2,4409.29
32709,2039,168880,1,1688.8
32710,2039,168964,1,1689.64
32711,2039,291817,1,2918.17
32712,2039,415720,1,4157.2
32713,2039,482436,1,4824.36
32714,2039,208202,1,2082.02
32715,2039,1157322,3,11573.22
32716,2039,169706,1,1697.06
32717,2039,168134,1,1681.34
32718,2039,55702,1,557.02
32719,2039,183000,1,1830.0
32720,2039,63091,1,630.91
32721,2039,124907,1,1249.07
32722,2039,107525,1,1075.25
32723,2039,61241,1,612.41
32724,2039,111328,1,1113.28
32725,2039,143754,2,1437.54
32726,2039,188966,1,1889.66
32727,2039,2197309,8,21973.09
32728,2039,482436,1,4824.36
32729,2039,286887,1,2868.87
32730,2039,245220,1,2452.2
32731,2039,240331,1,2403.31
32732,2039,208608,1,2086.08
32733,2039,129019,1,1290.19
32734,2039,389585,1,3895.85
32735,2039,494108,2,4941.08
32736,2039,322699,1,3226.99
32737,2039,241292,1,2412.92
32738,2039,190086,1,1900.86
32739,2039,59225,1,592.25
32740,2039,221507,2,2215.07
32741,2039,137198,1,1371.98
32742,2039,262743,2,2627.43
32743,2039,55267,1,552.67
32744,2039,123276,1,1232.76
32745,2039,1064046,4,10640.46
32746,2039,416303,1,4163.03
32747,2039,113735,1,1137.35
32748,2039,124565,1,1245.65
32749,2039,696584,2,6965.84
32750,2039,180252,1,1802.52
32751,2039,245059,1,2450.59
32752,2039,286612,1,2866.12
32753,2039,281773,1,2817.73
32754,2039,129108,1,1291.08
32755,2039,190142,1,1901.42
32756,2039,134952,1,1349.52
32757,2039,87966,1,879.66
32758,2039,2412531,3,24125.31
32759,2039,497349,1,4973.49
32760,2039,113579,1,1135.79
32761,2039,114020,1,1140.2
32762,2039,631109,3,6311.09
32763,2039,215790,1,2157.9
32764,2039,118121,1,1181.21
32765,2039,245007,1,2450.07
32766,2039,244690,1,2446.9
32767,2039,117891,1,1178.91
32768,2039,118163,1,1181.63
32770,2039,742547,1,7425.47
32772,2039,214441,1,2144.41
32773,2039,219359,1,2193.59
32774,2039,253381,1,2533.81
32775,2039,347000,2,3470.0
32776,2039,676458,2,6764.58
32777,2039,284265,2,2842.65
32778,2039,265642,1,2656.42
32779,2039,94463,1,944.63
32780,2039,201888,2,2018.88
32781,2039,88926,1,889.26
32782,2039,133375,1,1333.75
32783,2039,1225540,6,12255.4
32784,2039,187976,1,1879.76
32785,2039,112927,1,1129.27
32787,2039,320723,2,3207.23
32788,2039,110868,1,1108.68
32789,2039,180366,1,1803.66
32790,2039,180568,1,1805.68
32791,2039,180771,1,1807.71
32792,2039,180844,1,1808.44
32793,2039,478084,3,4780.84
32794,2039,179935,1,1799.35
32795,2039,180106,1,1801.06
32796,2039,182757,1,1827.57
32798,2039,241227,1,2412.27
32799,2039,117891,1,1178.91
32800,2039,117966,1,1179.66
32801,2039,170228,1,1702.28
32802,2039,338423,1,3384.23
32803,2039,170228,1,1702.28
32804,2039,233510,1,2335.1
32805,2039,265768,1,2657.68
32806,2039,265974,1,2659.74
32807,2039,1375389,7,13753.89
32808,2039,180439,1,1804.39
32809,2039,180568,1,1805.68
32810,2039,180366,1,1803.66
32811,2039,219871,1,2198.71
32812,2039,438453,1,4384.53
32813,2039,497184,1,4971.84
32814,2039,347423,2,3474.23
32815,2039,179802,1,1798.02
32816,2039,285337,1,2853.37
32817,2039,182481,1,1824.81
32818,2039,182555,1,1825.55
32819,2039,182481,1,1824.81
32820,2039,182555,1,1825.55
32821,2039,117966,1,1179.66
32822,2039,338733,1,3387.33
32823,2039,170583,1,1705.83
32824,2039,170167,1,1701.67
32825,2039,338609,1,3386.09
32826,2039,233640,1,2336.4
32827,2039,366406,2,3664.06
32828,2039,63284,1,632.84
32829,2039,180771,1,1807.71
32830,2039,180715,1,1807.15
32831,2039,220346,1,2203.46
32832,2039,268605,1,2686.05
32833,2039,179935,1,1799.35
32834,2039,182481,1,1824.81
32835,2039,182352,1,1823.52
32836,2039,1368291,4,13682.91
32837,2039,338486,1,3384.86
32838,2039,169751,1,1697.51
32839,2039,319838,1,3198.38
32840,2039,120862,1,1208.62
32841,2039,339496,2,3394.96
32842,2039,133311,1,1333.11
32843,2039,180641,1,1806.41
32844,2039,180366,1,1803.66
32845,2039,219907,1,2199.07
32846,2039,220548,1,2205.48
32847,2039,243135,1,2431.35
32848,2039,317588,1,3175.88
32849,2039,179789,1,1797.89
32850,2039,310981,1,3109.81
32851,2039,170167,1,1701.67
32852,2039,170286,1,1702.86
32853,2039,170107,1,1701.07
32854,2039,1042291,3,10422.91
32855,2039,110113,1,1101.13
32856,2039,233785,2,2337.85
32857,2039,120862,1,1208.62
32858,2039,360183,1,3601.83
32859,2039,228003,1,2280.03
32860,2039,227790,1,2277.9
32861,2039,220346,1,2203.46
32862,2039,217422,1,2174.22
32863,2039,502408,1,5024.08
32864,2039,496675,1,4966.75
32865,2039,363587,1,3635.87
32866,2039,268058,1,2680.58
32867,2039,204953,1,2049.53
32868,2039,204740,1,2047.4
32869,2039,311256,1,3112.56
32870,2039,310947,1,3109.47
32871,2039,485188,2,4851.88
32872,2039,385500,1,3855.0
32873,2039,212920,1,2129.2
32874,2039,212920,1,2129.2
32875,2039,213179,1,2131.79
32876,2039,307478,1,3074.78
32878,2039,110831,1,1108.31
32879,2039,117122,1,1171.22
32880,2039,137689,1,1376.89
32881,2039,262495,2,2624.95
32882,2039,56570,1,565.7
32883,2039,111614,1,1116.14
32884,2039,307913,2,3079.13
32885,2039,102744,1,1027.44
32886,2039,219705,1,2197.05
32887,2039,219669,1,2196.69
32888,2039,1283639,4,12836.39
32889,2039,322103,1,3221.03
32890,2039,179961,1,1799.61
32891,2039,231021,1,2310.21
32892,2039,199177,1,1991.77
32893,2039,216061,1,2160.61
32894,2039,282630,1,2826.3
32895,2039,390099,2,3900.99
32896,2039,954434,3,9544.34
32897,2039,169751,1,1697.51
32898,2039,170228,1,1702.28
32899,2039,170228,1,1702.28
32900,2039,255699,1,2556.99
32901,2039,166026,1,1660.26
32902,2039,524258,2,5242.58
32903,2039,110804,1,1108.04
32904,2039,105081,1,1050.81
32906,2039,529516,1,5295.16
32907,2039,234429,1,2344.29
32908,2039,179802,1,1798.02
32909,2039,199375,1,1993.75
32910,2039,215728,1,2157.28
32911,2039,274627,1,2746.27
32912,2039,170107,1,1701.07
32913,2039,169870,1,1698.7
32914,2039,1814364,8,18143.64
32915,2039,240826,1,2408.26
32917,2039,256006,1,2560.06
32918,2039,109636,1,1096.36
32919,2039,266314,2,2663.14
32920,2039,221122,1,2211.22
32921,2039,402890,2,4028.9
32922,2039,106211,1,1062.11
32923,2039,154844,1,1548.44
32924,2039,248262,1,2482.62
32925,2039,296883,1,2968.83
32926,2039,350186,1,3501.86
32927,2039,385378,1,3853.78
32928,2039,192411,1,1924.11
32929,2039,255776,1,2557.76
32930,2039,167384,1,1673.84
32931,2039,210801,1,2108.01
32932,2039,265519,2,2655.19
32933,2039,141766,1,1417.66
32934,2039,44264,1,442.64
32935,2039,137689,1,1376.89
32936,2039,116949,1,1169.49
32937,2039,213331,1,2133.31
32938,2039,232410,1,2324.1
32939,2039,50308,1,503.08
32940,2039,59710,1,597.1
32941,2039,53303,1,533.03
32942,2039,106389,1,1063.89
32943,2039,56355,1,563.55
32944,2039,170908,1,1709.08
32945,2039,180556,1,1805.56
32946,2039,179789,1,1797.89
32947,2039,399235,1,3992.35
32948,2039,199384,1,1993.84
32949,2039,170465,1,1704.65
32950,2039,169988,1,1699.88
32951,2039,639979,4,6399.79
32952,2039,344902,2,3449.02
32953,2039,136317,1,1363.17
32954,2039,156340,1,1563.4
32955,2039,46757,1,467.57
32956,2039,45963,1,459.63
32957,2039,145547,1,1455.47
32958,2039,112822,1,1128.22
32960,2039,161233,1,1612.33
32961,2039,96965,1,969.65
32962,2039,182966,1,1829.66
32963,2039,229205,2,2292.05
32964,2039,113589,1,1135.89
32965,2039,187327,1,1873.27
32966,2039,216808,2,2168.08
32967,2039,415028,1,4150.28
32968,2039,237772,1,2377.72
32969,2039,338423,1,3384.23
32970,2039,184443,1,1844.43
32971,2039,195034,1,1950.34
32972,2039,222627,1,2226.27
32973,2039,44008,1,440.08
32974,2039,116140,1,1161.4
32975,2039,65811,1,658.11
32976,2039,387245,3,3872.45
32977,2039,72592,1,725.92
32978,2039,226114,2,2261.14
32979,2039,102783,1,1027.83
32980,2039,129658,1,1296.58
32981,2039,415977,1,4159.77
32983,2039,237668,1,2376.68
32984,2039,433364,1,4333.64
32985,2039,433153,1,4331.53
32986,2039,433286,1,4332.86
32987,2039,433708,1,4337.08
32988,2039,179935,1,1799.35
32989,2039,127331,1,1273.31
32990,2039,415639,1,4156.39
32991,2039,215384,1,2153.84
32992,2039,214406,1,2144.06
32993,2039,433708,1,4337.08
32994,2039,1358051,8,13580.51
32995,2039,93351,1,933.51
32996,2039,214837,2,2148.37
32997,2039,153245,1,1532.45
32998,2039,57659,1,576.59
32999,2039,136335,1,1363.35
33000,2039,102888,1,1028.88
33001,2039,406898,1,4068.98
33002,2039,136335,1,1363.35
33003,2039,138824,1,1388.24
33004,2039,415366,1,4153.66
33006,2039,198066,1,1980.66
33007,2039,215263,1,2152.63
33008,2039,433840,1,4338.4
33009,2039,433364,1,4333.64
33010,2039,170346,1,1703.46
33011,2039,251337,2,2513.37
33012,2039,88752,1,887.52
33013,2039,141583,1,1415.83
33014,2039,130059,1,1300.59
33015,2039,127710,1,1277.1
33016,2039,109668,1,1096.68
33017,2039,155405,1,1554.05
33018,2039,224989,1,2249.89
33019,2039,129116,1,1291.16
33020,2039,416041,1,4160.41
33022,2039,415840,1,4158.4
33023,2039,404624,1,4046.24
33024,2039,197666,1,1976.66
33025,2039,329201,2,3292.01
33026,2039,252895,1,2528.95
33027,2039,253477,1,2534.77
33028,2039,322465,1,3224.65
33029,2039,432888,1,4328.88
33030,2039,434052,1,4340.52
33031,2039,433496,1,4334.96
33032,2039,143673,1,1436.73
33033,2039,194751,1,1947.51
33034,2039,50414,1,504.14
33035,2039,197919,1,1979.19
33036,2039,954713,2,9547.13
33037,2039,58753,1,587.53
33038,2039,155782,1,1557.82
33039,2039,193013,1,1930.13
33040,2039,154758,1,1547.58
33041,2039,197238,1,1972.38
33042,2039,182949,1,1829.49
33043,2039,415703,1,4157.03
33044,2039,986105,1,9861.05
33045,2039,416379,1,4163.79
33046,2039,336771,1,3367.71
33047,2039,329903,2,3299.03
33048,2039,338203,1,3382.03
33049,2039,440613,1,4406.13
33050,2039,430343,1,4303.43
33051,2039,501433,1,5014.33
33052,2039,1489933,4,14899.33
33054,2039,432888,1,4328.88
33055,2039,434106,1,4341.06
33056,2039,433708,1,4337.08
33057,2039,433840,1,4338.4
33059,2039,311492,1,3114.92
33060,2039,833277,3,8332.77
33061,2039,138179,1,1381.79
33062,2039,197532,1,1975.32
33063,2039,278428,1,2784.28
33064,2039,197152,1,1971.52
33065,2039,282079,2,2820.79
33066,2039,51478,1,514.78
33067,2039,58793,1,587.93
33068,2039,214330,1,2143.3
33069,2039,53406,1,534.06
33070,2039,193545,1,1935.45
33071,2039,332123,2,3321.23
33072,2039,415567,1,4155.67
33073,2039,415905,1,4159.05
33074,2039,414892,1,4148.92
33075,2039,778260,1,7782.6
33076,2039,310786,1,3107.86
33077,2039,1171228,4,11712.28
33078,2039,106800,1,1068.0
33079,2039,92839,1,928.39
33080,2039,128308,1,1283.08
33081,2039,1015773,2,10157.73
33082,2039,1025820,3,10258.2
33083,2039,153721,1,1537.21
33084,2039,310801,1,3108.01
33085,2039,311124,1,3111.24
33086,2039,481470,1,4814.7
33087,2039,481470,1,4814.7
33088,2039,899250,1,8992.5
33089,2039,380852,1,3808.52
33090,2039,341829,2,3418.29
33091,2039,173244,1,1732.44
33092,2039,377246,1,3772.46
33093,2039,524402,1,5244.02
33094,2039,524124,1,5241.24
33095,2039,237695,1,2376.95
33096,2039,237373,1,2373.73
33097,2039,237640,1,2376.4
33098,2039,237741,1,2377.41
33099,2039,778143,1,7781.43
33100,2039,334174,1,3341.74
33101,2039,334030,1,3340.3
33102,2039,311154,1,3111.54
33103,2039,310448,1,3104.48
33104,2039,310772,1,3107.72
33105,2039,281789,1,2817.89
33106,2039,281709,1,2817.09
33107,2039,481904,1,4819.04
33108,2039,381267,1,3812.67
33109,2039,381154,1,3811.54
33110,2039,381428,1,3814.28
33111,2039,153366,1,1533.66
33112,2039,282030,1,2820.3
33113,2039,282030,1,2820.3
33114,2039,281789,1,2817.89
33115,2039,282190,1,2821.9
33116,2039,282190,1,2821.9
33117,2039,282110,1,2821.1
33118,2039,354565,1,3545.65
33119,2039,1193779,2,11937.79
33120,2039,212258,1,2122.58
33121,2039,350121,1,3501.21
33122,2039,282110,1,2821.1
33123,2039,648471,1,6484.71
33124,2039,281950,1,2819.5
33125,2039,282110,1,2821.1
33126,2039,175235,1,1752.35
33127,2039,315509,1,3155.09
33128,2039,442455,1,4424.55
33129,2039,524124,1,5241.24
33130,2039,237318,1,2373.18
33131,2039,237640,1,2376.4
33132,2039,820608,1,8206.08
33133,2039,385120,1,3851.2
33135,2039,349974,1,3499.74
33136,2039,349890,1,3498.9
33137,2039,350058,1,3500.58
33138,2039,349551,1,3495.51
33144,2039,401389,1,4013.89
33145,2039,402111,1,4021.11
33146,2039,631389,1,6313.89
33147,2039,347200,2,3472.0
33148,2039,197769,1,1977.69
33149,2039,231503,1,2315.03
33150,2039,154209,1,1542.09
33151,2039,244259,1,2442.59
33152,2039,244012,1,2440.12
33153,2039,243546,1,2435.46
33154,2039,244553,1,2445.53
33155,2039,244383,1,2443.83
33156,2039,244213,1,2442.13
33157,2039,191498,1,1914.98
33158,2039,243964,1,2439.64
33159,2039,191269,1,1912.69
33161,2039,524402,1,5244.02
33162,2039,524207,1,5242.07
33163,2039,524304,1,5243.04
33164,2039,237585,1,2375.85
33165,2039,479645,1,4796.45
33166,2039,479926,1,4799.26
33167,2039,237695,1,2376.95
33168,2039,237953,1,2379.53
33169,2039,385587,1,3855.87
33170,2039,385177,1,3851.77
33171,2039,385041,1,3850.41
33172,2039,385313,1,3853.13
33173,2039,385313,1,3853.13
33174,2039,349720,1,3497.2
33175,2039,350650,1,3506.5
33176,2039,46671,1,466.71
33177,2039,45835,1,458.35
33178,2039,45029,1,450.29
33179,2039,273017,2,2730.17
33180,2039,257512,1,2575.12
33181,2039,243911,1,2439.11
33182,2039,98796,1,987.96
33183,2039,115045,1,1150.45
33184,2039,46555,1,465.55
33185,2039,99156,1,991.56
33186,2039,305574,1,3055.74
33187,2039,270498,1,2704.98
33188,2039,209067,1,2090.67
33189,2039,209668,1,2096.68
33190,2039,270926,1,2709.26
33191,2039,271228,1,2712.28
33192,2039,209552,1,2095.52
33193,2039,271355,1,2713.55
33194,2039,244507,1,2445.07
33195,2039,243670,1,2436.7
33196,2039,243919,1,2439.19
33197,2039,244088,1,2440.88
33198,2039,244383,1,2443.83
33199,2039,237373,1,2373.73
33200,2039,1070516,1,10705.16
33201,2039,449142,1,4491.42
33202,2039,116153,1,1161.53
33203,2039,213179,1,2131.79
33204,2039,218383,1,2183.83
33205,2039,173952,1,1739.52
33206,2039,154017,1,1540.17
33207,2039,154017,1,1540.17
33208,2039,153923,1,1539.23
33209,2039,209436,1,2094.36
33210,2039,420905,1,4209.05
33211,2039,209836,1,2098.36
33212,2039,209552,1,2095.52
33213,2039,209468,1,2094.68
33214,2039,209351,1,2093.51
33215,2039,348962,1,3489.62
33216,2039,349637,1,3496.37
33217,2039,348373,1,3483.73
33218,2039,348624,1,3486.24
33219,2039,349385,1,3493.85
33220,2039,245531,1,2455.31
33221,2039,1264807,9,12648.07
33222,2039,154590,1,1545.9
33223,2039,271101,1,2711.01
33224,2039,553169,1,5531.69
33225,2039,349385,1,3493.85
33226,2039,348624,1,3486.24
33227,2039,159909,1,1599.09
33228,2039,318388,1,3183.88
33229,2039,87474,1,874.74
33230,2039,93742,1,937.42
33231,2039,107898,1,1078.98
33232,2039,127146,1,1271.46
33233,2039,55412,1,554.12
33234,2039,87547,1,875.47
33235,2039,257345,2,2573.45
33236,2039,87367,1,873.67
33237,2039,229155,1,2291.55
33238,2039,94210,1,942.1
33239,2039,87237,1,872.37
33240,2039,383941,1,3839.41
33241,2039,383845,1,3838.45
33242,2039,552788,1,5527.88
33243,2039,370277,1,3702.77
33244,2039,349637,1,3496.37
33245,2039,348710,1,3487.1
33246,2039,349385,1,3493.85
33247,2039,348876,1,3488.76
33248,2039,349047,1,3490.47
33249,2039,349214,1,3492.14
33250,2039,349385,1,3493.85
33251,2039,349047,1,3490.47
33252,2039,394962,1,3949.62
33253,2039,246387,1,2463.87
33254,2039,246246,1,2462.46
33255,2039,246100,1,2461.0
33256,2039,2317913,5,23179.13
33257,2039,109616,1,1096.16
33258,2039,383654,1,3836.54
33259,2039,384285,1,3842.85
33260,2039,383845,1,3838.45
33261,2039,382297,1,3822.97
33262,2039,553549,1,5535.49
33263,2039,213599,1,2135.99
33264,2039,213517,1,2135.17
33265,2039,213599,1,2135.99
33266,2039,245416,1,2454.16
33267,2039,556777,1,5567.77
33268,2039,244703,1,2447.03
33269,2039,556197,1,5561.97
33270,2039,246962,1,2469.62
33271,2039,174032,1,1740.32
33272,2039,384093,1,3840.93
33273,2039,1343245,1,13432.45
33274,2039,429362,1,4293.62
33275,2039,213599,1,2135.99
33276,2039,213718,1,2137.18
33277,2039,213315,1,2133.15
33278,2039,213279,1,2132.79
33279,2039,213517,1,2135.17
33280,2039,213763,1,2137.63
33281,2039,245173,1,2451.73
33282,2039,244407,1,2444.07
33283,2039,4177208,6,41772.08
33284,2039,568522,2,5685.22
33285,2039,136535,1,1365.35
33286,2039,642039,1,6420.39
33287,2039,168056,1,1680.56
33288,2039,155279,1,1552.79
33289,2039,309324,1,3093.24
33291,2039,213517,1,2135.17
33292,2039,386001,1,3860.01
33293,2039,292786,1,2927.86
33294,2039,675940,1,6759.4
33295,2039,293484,1,2934.84
33296,2039,293531,1,2935.31
33297,2039,293047,1,2930.47
33298,2039,292786,1,2927.86
33299,2039,293661,1,2936.61
33300,2039,292916,1,2929.16
33301,2039,293354,1,2933.54
33302,2039,293531,1,2935.31
33303,2039,293178,1,2931.78
33304,2039,293047,1,2930.47
33305,2039,224395,1,2243.95
33306,2039,244999,1,2449.99
33307,2039,557077,1,5570.77
33308,2039,244529,1,2445.29
33309,2039,244703,1,2447.03
33310,2039,369051,1,3690.51
33311,2039,238550,1,2385.5
33312,2039,167798,1,1677.98
33313,2039,278173,1,2781.73
33314,2039,368962,1,3689.62
33315,2039,312807,1,3128.07
33316,2039,384941,1,3849.41
33317,2039,293531,1,2935.31
33318,2039,204014,1,2040.14
33319,2039,204214,1,2042.14
33320,2039,204014,1,2040.14
33321,2039,204615,1,2046.15
33322,2039,262953,1,2629.53
33323,2039,409590,1,4095.9
33324,2039,204014,1,2040.14
33325,2039,203731,1,2037.31
33326,2039,263023,1,2630.23
33327,2039,262776,1,2627.76
33328,2039,338859,1,3388.59
33329,2039,338893,1,3388.93
33330,2039,245590,1,2455.9
33331,2039,244703,1,2447.03
33332,2039,867441,1,8674.41
33333,2039,1474601,1,14746.01
33334,2039,1474220,1,14742.2
33335,2039,154026,1,1540.26
33336,2039,140122,1,1401.22
33337,2039,155632,1,1556.32
33338,2039,299728,1,2997.28
33339,2039,175276,1,1752.76
33340,2039,158177,1,1581.77
33342,2039,1156985,1,11569.85
33343,2039,344306,1,3443.06
33344,2039,316834,1,3168.34
33345,2039,364227,1,3642.27
33346,2039,714577,1,7145.77
33347,2039,307939,1,3079.39
33348,2039,385378,1,3853.78
33349,2039,203896,1,2038.96
33350,2039,204250,1,2042.5
33351,2039,203931,1,2039.31
33352,2039,204497,1,2044.97
33353,2039,292371,1,2923.71
33354,2039,291755,1,2917.55
33355,2039,338859,1,3388.59
33356,2039,339523,1,3395.23
33357,2039,526035,1,5260.35
33358,2039,206741,1,2067.41
33359,2039,387946,2,3879.46
33360,2039,179130,1,1791.3
33361,2039,140079,1,1400.79
33362,2039,394376,2,3943.76
33363,2039,108332,1,1083.32
33364,2039,298577,1,2985.77
33365,2039,366956,1,3669.56
33366,2039,234359,1,2343.59
33367,2039,1132639,1,11326.39
33368,2039,292063,1,2920.63
33369,2039,399163,1,3991.63
33370,2039,152746,1,1527.46
33371,2039,164478,1,1644.78
33372,2039,137649,1,1376.49
33373,2039,419421,2,4194.21
33374,2039,180523,1,1805.23
33375,2039,438795,1,4387.95
33376,2039,673158,1,6731.58
33377,2039,292371,1,2923.71
33378,2039,673477,1,6734.77
33379,2039,292319,1,2923.19
33380,2039,291628,1,2916.28
33381,2039,292371,1,2923.71
33382,2039,686367,1,6863.67
33383,2039,296687,1,2966.87
33384,2039,263076,1,2630.76
33385,2039,263076,1,2630.76
33386,2039,263624,1,2636.24
33387,2039,263324,1,2633.24
33388,2039,263200,1,2632.0
33389,2039,262723,1,2627.23
33390,2039,263324,1,2633.24
33391,2039,263076,1,2630.76
33393,2039,339913,1,3399.13
33394,2039,254194,1,2541.94
33395,2039,233138,1,2331.38
33396,2039,232725,1,2327.25
33397,2039,232262,1,2322.62
33398,2039,291360,1,2913.6
33399,2039,348005,1,3480.05
33400,2039,301433,1,3014.33
33401,2039,180739,1,1807.39
33402,2039,262723,1,2627.23
33403,2039,601817,1,6018.17
33404,2039,263324,1,2633.24
33405,2039,601664,1,6016.64
33406,2039,263377,1,2633.77
33407,2039,398636,1,3986.36
33408,2039,232725,1,2327.25
33409,2039,233017,1,2330.17
33410,2039,1386390,1,13863.9
33411,2039,349133,1,3491.33
33412,2039,348882,1,3488.82
33413,2039,348882,1,3488.82
33414,2039,156368,1,1563.68
33415,2039,179218,1,1792.18
33416,2039,346482,1,3464.82
33417,2039,143497,1,1434.97
33418,2039,340495,1,3404.95
33419,2039,340757,1,3407.57
33420,2039,339854,1,3398.54
33421,2039,341267,1,3412.67
33422,2039,340946,1,3409.46
33423,2039,340117,1,3401.17
33424,2039,340757,1,3407.57
33425,2039,269770,1,2697.7
33426,2039,270918,1,2709.18
33428,2039,352621,1,3526.21
33429,2039,353205,1,3532.05
33430,2039,500125,1,5001.25
33431,2039,499837,1,4998.37
33432,2039,143543,1,1435.43
33433,2039,262838,1,2628.38
33434,2039,191719,1,1917.19
33435,2039,476055,2,4760.55
33437,2039,46626,1,466.26
33438,2039,653746,3,6537.46
33439,2039,346563,2,3465.63
33441,2039,288957,1,2889.57
33442,2039,242846,1,2428.46
33443,2039,283179,1,2831.79
33444,2039,282956,1,2829.56
33445,2039,224764,1,2247.64
33446,2039,224430,1,2244.3
33447,2039,224464,1,2244.64
33448,2039,225163,1,2251.63
33449,2039,224663,1,2246.63
33450,2039,165837,1,1658.37
33451,2039,166150,1,1661.5
33452,2039,143338,1,1433.38
33453,2039,143178,1,1431.78
33454,2039,552898,1,5528.98
33455,2039,382144,3,3821.44
33456,2039,198902,1,1989.02
33458,2039,143694,1,1436.94
33459,2039,162195,1,1621.95
33460,2039,149072,1,1490.72
33462,2039,655045,3,6550.45
33463,2039,136995,1,1369.95
33464,2039,106991,1,1069.91
33465,2039,160062,1,1600.62
33466,2039,122157,1,1221.57
33467,2039,226166,1,2261.66
33468,2039,381710,2,3817.1
33469,2039,626549,1,6265.49
33470,2039,228645,1,2286.45
33471,2039,165793,1,1657.93
33472,2039,165837,1,1658.37
33473,2039,166286,1,1662.86
33474,2039,553033,1,5530.33
33475,2039,552778,1,5527.78
33476,2039,55399,1,553.99
33477,2039,160758,1,1607.58
33478,2039,437238,1,4372.38
33479,2039,272944,1,2729.44
33480,2039,378663,1,3786.63
33481,2039,229114,1,2291.14
33482,2039,229114,1,2291.14
33483,2039,337636,1,3376.36
33484,2039,414192,2,4141.92
33485,2039,115275,1,1152.75
33486,2039,116630,1,1166.3
33487,2039,116337,1,1163.37
33488,2039,271315,1,2713.15
33489,2039,272832,1,2728.32
33490,2039,231045,1,2310.45
33491,2039,232303,1,2323.03
33492,2039,252695,1,2526.95
33493,2039,166554,1,1665.54
33494,2039,166061,1,1660.61
33495,2039,744164,2,7441.64
33496,2039,622037,1,6220.37
33497,2039,270614,1,2706.14
33498,2039,273044,1,2730.44
33499,2039,272732,1,2727.32
33500,2039,230849,1,2308.49
33501,2039,230830,1,2308.3
33502,2039,231691,1,2316.91
33503,2039,252660,1,2526.6
33504,2039,252459,1,2524.59
33505,2039,400510,1,4005.1
33507,2039,165837,1,1658.37
33508,2039,743918,2,7439.18
33509,2039,3929767,18,39297.67
33510,2039,243581,1,2435.81
33511,2039,471703,3,4717.03
33512,2039,85819,1,858.19
33513,2039,397742,2,3977.42
33514,2039,99413,1,994.13
33515,2039,115933,1,1159.33
33516,2039,321959,2,3219.59
33517,2039,128232,1,1282.32
33518,2039,92338,1,923.38
33519,2039,209894,1,2098.94
33521,2039,209894,1,2098.94
33522,2039,625508,1,6255.08
33523,2039,272832,1,2728.32
33524,2039,198524,1,1985.24
33526,2039,252931,1,2529.31
33527,2039,252459,1,2524.59
33528,2039,252730,1,2527.3
33529,2039,213070,1,2130.7
33530,2039,195534,1,1955.34
33531,2039,195321,1,1953.21
33532,2039,195229,1,1952.29
33533,2039,194925,1,1949.25
33534,2039,166061,1,1660.61
33535,2039,337057,1,3370.57
33536,2039,165837,1,1658.37
33537,2039,802156,1,8021.56
33538,2039,553153,1,5531.53
33539,2039,155778,1,1557.78
33540,2039,167663,1,1676.63
33541,2039,167882,1,1678.82
33542,2039,622010,1,6220.1
33543,2039,271745,1,2717.45
33544,2039,271433,1,2714.33
33545,2039,369844,1,3698.44
33546,2039,369318,1,3693.18
33547,2039,147952,1,1479.52
33548,2039,198930,1,1989.3
33549,2039,198718,1,1987.18
33550,2039,199027,1,1990.27
33551,2039,375364,1,3753.64
33552,2039,374586,1,3745.86
33553,2039,524581,2,5245.81
33554,2039,181109,1,1811.09
33555,2039,178732,1,1787.32
33556,2039,179077,1,1790.77
33557,2039,172115,1,1721.15
33558,2039,388940,1,3889.4
33559,2039,417343,1,4173.43
33560,2039,341256,1,3412.56
33561,2039,340914,1,3409.14
33562,2039,209208,1,2092.08
33563,2039,369195,1,3691.95
33565,2039,147708,1,1477.08
33566,2039,147919,1,1479.19
33567,2039,198313,1,1983.13
33568,2039,198718,1,1987.18
33569,2039,181320,1,1813.2
33570,2039,180830,1,1808.3
33571,2039,350024,1,3500.24
33572,2039,178816,1,1788.16
33574,2039,417635,1,4176.35
33575,2039,341256,1,3412.56
33576,2039,91522,1,915.22
33577,2039,102284,1,1022.84
33578,2039,89779,1,897.79
33579,2039,726253,2,7262.53
33580,2039,982894,3,9828.94
33581,2039,101288,1,1012.88
33582,2039,523491,4,5234.91
33583,2039,113982,1,1139.82
33584,2039,78425,1,784.25
33586,2039,107949,1,1079.49
33588,2039,113794,1,1137.94
33589,2039,209752,1,2097.52
33590,2039,179103,1,1791.03
33591,2039,369246,1,3692.46
33592,2039,369195,1,3691.95
33593,2039,369276,1,3692.76
33594,2039,178640,1,1786.4
33595,2039,244742,1,2447.42
33596,2039,227295,1,2272.95
33597,2039,172036,1,1720.36
33598,2039,178946,1,1789.46
33599,2039,340520,1,3405.2
33600,2039,2556975,3,25569.75
33601,2039,198285,2,1982.85
33602,2039,419772,3,4197.72
33603,2039,105049,1,1050.49
33604,2039,90478,1,904.78
33605,2039,179083,1,1790.83
33606,2039,108258,1,1082.58
33608,2039,335188,1,3351.88
33609,2039,178852,1,1788.52
33610,2039,179314,1,1793.14
33611,2039,179103,1,1791.03
33612,2039,369945,1,3699.45
33613,2039,867671,1,8676.71
33614,2039,178468,1,1784.68
33615,2039,178891,1,1788.91
33616,2039,178352,1,1783.52
33617,2039,244622,1,2446.22
33618,2039,244574,1,2445.74
33619,2039,211794,1,2117.94
33620,2039,178808,1,1788.08
33621,2039,179038,1,1790.38
33622,2039,227925,1,2279.25
33623,2039,741988,4,7419.88
33624,2039,341256,1,3412.56
33625,2039,91028,1,910.28
33626,2039,216126,1,2161.26
33627,2039,167684,1,1676.84
33628,2039,357216,1,3572.16
33630,2039,244470,1,2444.7
33631,2039,244574,1,2445.74
33632,2039,357554,1,3575.54
33633,2039,174080,1,1740.8
33634,2039,657669,2,6576.69
33635,2039,179049,1,1790.49
33636,2039,227964,1,2279.64
33637,2039,340623,1,3406.23
33638,2039,286718,1,2867.18
33640,2039,131905,1,1319.05
33641,2039,125883,1,1258.83
33642,2039,246665,1,2466.65
33644,2039,202713,1,2027.13
33645,2039,212317,1,2123.17
33646,2039,241945,1,2419.45
33647,2039,364667,1,3646.67
33648,2039,228016,1,2280.16
33649,2039,1707808,6,17078.08
33650,2039,340862,1,3408.62
33651,2039,21030,1,210.3
33652,2039,542782,9,5427.82
33653,2039,270039,1,2700.39
33654,2039,484823,1,4848.23
33655,2039,209239,2,2092.39
33658,2039,168211,1,1682.11
33659,2039,91447,1,914.47
33660,2039,178177,1,1781.77
33661,2039,328279,1,3282.79
33662,2039,327939,1,3279.39
33663,2039,327359,1,3273.59
33664,2039,327698,1,3276.98
33665,2039,1213041,8,12130.41
33667,2039,1477727,3,14777.27
33668,2039,595945,1,5959.45
33669,2039,244988,1,2449.88
33671,2039,733445,1,7334.45
33672,2039,346857,1,3468.57
33673,2039,212646,1,2126.46
33674,2039,241729,1,2417.29
33675,2039,178589,1,1785.89
33676,2039,227399,1,2273.99
33677,2039,32286,1,322.86
33678,2039,32335,1,323.35
33679,2039,58211,1,582.11
33680,2039,651480,4,6514.8
33681,2039,131118,1,1311.18
33682,2039,563742,13,5637.42
33683,2039,705366,2,7053.66
33684,2039,155259,1,1552.59
33685,2039,419193,1,4191.93
33687,2039,339334,1,3393.34
33688,2039,244470,1,2444.7
33689,2039,281400,1,2814.0
33690,2039,174443,1,1744.43
33691,2039,212415,1,2124.15
33692,2039,227399,1,2273.99
33693,2039,346827,1,3468.27
33694,2039,32335,1,323.35
33695,2039,32335,1,323.35
33696,2039,32044,1,320.44
33697,2039,32044,1,320.44
33698,2039,1220964,1,12209.64
33699,2039,49048,1,490.48
33700,2039,39794,1,397.94
33701,2039,48113,1,481.13
33702,2039,115451,1,1154.51
33703,2039,114730,1,1147.3
33704,2039,242724,1,2427.24
33706,2039,32203,1,322.03
33707,2039,147704,1,1477.04
33708,2039,108375,1,1083.75
33709,2039,506096,4,5060.96
33710,2039,108732,1,1087.32
33711,2039,383780,2,3837.8
33712,2039,160490,1,1604.9
33713,2039,40250,1,402.5
33715,2039,548293,12,5482.93
33716,2039,20473,1,204.73
33717,2039,29521,1,295.21
33718,2039,29432,1,294.32
33719,2039,29476,1,294.76
33720,2039,244622,1,2446.22
33721,2039,273218,1,2732.18
33722,2039,199683,1,1996.83
33723,2039,320924,1,3209.24
33724,2039,173765,1,1737.65
33725,2039,211989,1,2119.89
33726,2039,782106,4,7821.06
33727,2039,227798,1,2277.98
33728,2039,38557,1,385.57
33729,2039,308009,1,3080.09
33730,2039,157131,1,1571.31
33731,2039,445506,1,4455.06
33732,2039,214841,1,2148.41
33733,2039,234250,1,2342.5
33734,2039,737815,5,7378.15
33735,2039,272996,1,2729.96
33736,2039,381681,1,3816.81
33737,2039,199886,1,1998.86
33738,2039,197204,1,1972.04
33739,2039,67742,1,677.42
33740,2039,67657,1,676.57
33741,2039,67603,1,676.03
33742,2039,227707,1,2277.07
33743,2039,2718517,21,27185.17
33744,2039,504481,5,5044.81
33745,2039,483593,1,4835.93
33746,2039,19233,1,192.33
33747,2039,579740,2,5797.4
33748,2039,261710,1,2617.1
33749,2039,137776,1,1377.76
33750,2039,244653,1,2446.53
33751,2039,214380,1,2143.8
33752,2039,272996,1,2729.96
33753,2039,356888,1,3568.88
33754,2039,28918,1,289.18
33755,2039,28720,1,287.2
33756,2039,29061,1,290.61
33757,2039,67932,1,679.32
33758,2039,67629,1,676.29
33759,2039,352465,3,3524.65
33760,2039,227925,1,2279.25
33761,2039,422108,1,4221.08
33762,2039,215677,1,2156.77
33763,2039,408810,1,4088.1
33764,2039,38716,1,387.16
33765,2039,353821,3,3538.21
33766,2039,904619,11,9046.19
33767,2039,355334,1,3553.34
33768,2039,177036,1,1770.36
33769,2039,301009,8,3010.09
33770,2039,19413,1,194.13
33772,2039,137498,1,1374.98
33773,2039,445059,1,4450.59
33774,2039,271160,1,2711.6
33775,2039,771492,10,7714.92
33776,2039,381929,1,3819.29
33777,2039,351008,1,3510.08
33778,2039,419049,1,4190.49
33779,2039,28861,1,288.61
33781,2039,28662,1,286.62
33782,2039,28662,1,286.62
33783,2039,67465,1,674.65
33784,2039,67300,1,673.0
33785,2039,228016,1,2280.16
33787,2039,186389,1,1863.89
33788,2039,783838,6,7838.38
33789,2039,144353,1,1443.53
33790,2039,144874,1,1448.74
33791,2039,101897,1,1018.97
33792,2039,107327,1,1073.27
33793,2039,131020,1,1310.2
33794,2039,125415,1,1254.15
33795,2039,145538,1,1455.38
33796,2039,214130,1,2141.3
33797,2039,214130,1,2141.3
33798,2039,273254,1,2732.54
33799,2039,272903,1,2729.03
33800,2039,351392,1,3513.92
33801,2039,325228,1,3252.28
33802,2039,419049,1,4190.49
33803,2039,190588,1,1905.88
33804,2039,978637,1,9786.37
33805,2039,417886,2,4178.86
33806,2039,202130,1,2021.3
33807,2039,202556,1,2025.56
33808,2039,300069,1,3000.69
33809,2039,227528,1,2275.28
33810,2039,346371,1,3463.71
33812,2039,215878,1,2158.78
33814,2039,63332,1,633.32
33815,2039,140848,1,1408.48
33816,2039,141677,1,1416.77
33817,2039,94802,1,948.02
33818,2039,400911,2,4009.11
33819,2039,165661,1,1656.61
33820,2039,1061728,1,10617.28
33821,2039,351422,1,3514.22
33822,2039,325850,1,3258.5
33823,2039,190305,1,1903.05
33824,2039,227181,1,2271.81
33825,2039,422375,1,4223.75
33826,2039,409215,1,4092.15
33827,2039,214380,1,2143.8
33828,2039,288273,1,2882.73
33829,2039,273089,1,2730.89
33830,2039,155674,1,1556.74
33831,2039,351230,1,3512.3
33832,2039,419028,1,4190.28
33833,2039,285835,1,2858.35
33834,2039,202248,1,2022.48
33835,2039,202310,1,2023.1
33836,2039,201501,1,2015.01
33837,2039,299647,1,2996.47
33838,2039,227489,1,2274.89
33839,2039,521613,2,5216.13
33840,2039,215439,1,2154.39
33841,2039,103041,1,1030.41
33842,2039,434382,2,4343.82
33843,2039,143144,1,1431.44
33844,2039,213996,1,2139.96
33845,2039,162187,1,1621.87
33846,2039,381295,1,3812.95
33847,2039,978181,1,9781.81
33848,2039,201822,1,2018.22
33849,2039,201767,1,2017.67
33850,2039,117958,1,1179.58
33851,2039,248995,1,2489.95
33852,2039,282454,1,2824.54
33853,2039,347273,2,3472.73
33854,2039,182064,1,1820.64
33855,2039,154303,1,1543.03
33857,2039,214380,1,2143.8
33858,2039,226173,1,2261.73
33859,2039,351392,1,3513.92
33860,2039,351169,1,3511.69
33861,2039,419038,1,4190.38
33862,2039,329593,1,3295.93
33863,2039,190871,1,1908.71
33864,2039,353319,1,3533.19
33865,2039,202130,1,2021.3
33866,2039,379316,1,3793.16
33867,2039,300069,1,3000.69
33868,2039,227798,1,2277.98
33869,2039,346371,1,3463.71
33870,2039,422375,1,4223.75
33871,2039,108418,1,1084.18
33872,2039,182517,1,1825.17
33873,2039,108480,1,1084.8
33874,2039,356816,2,3568.16
33875,2039,234932,1,2349.32
33876,2039,155409,1,1554.09
33877,2039,1026994,1,10269.94
33878,2039,419403,1,4194.03
33879,2039,190305,1,1903.05
33880,2039,202461,1,2024.61
33881,2039,185000,1,1850.0
33882,2039,227925,1,2279.25
33883,2039,519241,3,5192.41
33884,2039,422691,1,4226.91
33885,2039,987198,2,9871.98
33886,2039,95031,1,950.31
33887,2039,51184,1,511.84
33888,2039,254825,3,2548.25
33889,2039,114046,1,1140.46
33890,2039,573850,5,5738.5
33891,2039,61678,1,616.78
33892,2039,228805,2,2288.05
33893,2039,213642,1,2136.42
33894,2039,155489,1,1554.89
33895,2039,351169,1,3511.69
33896,2039,725620,1,7256.2
33897,2039,184769,1,1847.69
33898,2039,228144,1,2281.44
33899,2039,529856,2,5298.56
33900,2039,98701,1,987.01
33901,2039,560700,2,5607.0
33902,2039,201477,1,2014.77
33903,2039,569038,2,5690.38
33904,2039,98975,1,989.75
33905,2039,195402,1,1954.02
33906,2039,179669,1,1796.69
33907,2039,225233,1,2252.33
33908,2039,445059,1,4450.59
33909,2039,213857,1,2138.57
33910,2039,213642,1,2136.42
33911,2039,308561,1,3085.61
33912,2039,419038,1,4190.38
33913,2039,190420,1,1904.2
33914,2039,229363,1,2293.63
33915,2039,229363,1,2293.63
33916,2039,227925,1,2279.25
33917,2039,346469,1,3464.69
33918,2039,422738,1,4227.38
33919,2039,846983,2,8469.83
33920,2039,249717,2,2497.17
33921,2039,88676,1,886.76
33922,2039,109476,1,1094.76
33923,2039,201227,1,2012.27
33924,2039,225485,1,2254.85
33925,2039,158083,2,1580.83
33926,2039,66511,1,665.11
33927,2039,72581,1,725.81
33928,2039,113630,1,1136.3
33929,2039,459752,4,4597.52
33930,2039,177046,2,1770.46
33931,2039,110921,1,1109.21
33932,2039,92232,1,922.32
33933,2039,445145,1,4451.45
33937,2039,138609,1,1386.09
33938,2039,281376,2,2813.76
33939,2039,495543,2,4955.43
33940,2039,188530,1,1885.3
33941,2039,122847,1,1228.47
33942,2039,219664,1,2196.64
33943,2039,213518,1,2135.18
33944,2039,155701,1,1557.01
33945,2039,439751,1,4397.51
33946,2039,439824,1,4398.24
33947,2039,229238,1,2292.38
33948,2039,461003,1,4610.03
33949,2039,227399,1,2273.99
33950,2039,346794,1,3467.94
33951,2039,396707,1,3967.07
33952,2039,125103,1,1251.03
33953,2039,637927,2,6379.27
33954,2039,374801,1,3748.01
33955,2039,219556,1,2195.56
33956,2039,445145,1,4451.45
33957,2039,268604,1,2686.04
33958,2039,213395,1,2133.95
33959,2039,213550,1,2135.5
33960,2039,245164,1,2451.64
33961,2039,155674,1,1556.74
33962,2039,666643,1,6666.43
33963,2039,229547,1,2295.47
33964,2039,227310,1,2273.1
33966,2039,709769,1,7097.69
33967,2039,276939,1,2769.39
33968,2039,219556,1,2195.56
33969,2039,213518,1,2135.18
33970,2039,308533,1,3085.33
33971,2039,685821,1,6858.21
33972,2039,313708,1,3137.08
33973,2039,663662,1,6636.62
33974,2039,229455,1,2294.55
33975,2039,460529,1,4605.29
33977,2039,284572,1,2845.72
33978,2039,359360,1,3593.6
33979,2039,248453,1,2484.53
33980,2039,248376,1,2483.76
33981,2039,229020,1,2290.2
33982,2039,228144,1,2281.44
33983,2039,1337072,2,13370.72
33984,2039,356710,1,3567.1
33985,2039,219456,1,2194.56
33986,2039,219347,1,2193.47
33987,2039,445059,1,4450.59
33988,2039,284296,1,2842.96
33989,2039,213426,1,2134.26
33990,2039,213302,1,2133.02
33991,2039,303607,1,3036.07
33992,2039,467035,1,4670.35
33993,2039,686345,1,6863.45
33994,2039,290404,1,2904.04
33995,2039,405299,1,4052.99
33996,2039,202307,1,2023.07
33997,2039,232136,1,2321.36
33998,2039,231964,1,2319.64
34000,2039,214886,1,2148.86
34001,2039,255818,1,2558.18
34002,2039,229547,1,2295.47
34003,2039,222676,1,2226.76
34004,2039,228106,1,2281.06
34005,2039,227707,1,2277.07
34006,2039,930365,4,9303.65
34007,2039,306621,1,3066.21
34008,2039,284572,1,2845.72
34009,2039,213426,1,2134.26
34010,2039,619831,1,6198.31
34011,2039,202033,1,2020.33
34012,2039,271552,1,2715.52
34013,2039,687018,1,6870.18
34014,2039,460901,1,4609.01
34015,2039,284572,1,2845.72
34016,2039,213518,1,2135.18
34017,2039,155489,1,1554.89
34018,2039,275291,1,2752.91
34019,2039,693517,1,6935.17
34020,2039,652267,1,6522.67
34021,2039,214738,1,2147.38
34022,2039,214617,1,2146.17
34023,2039,255529,1,2555.29
34024,2039,228928,1,2289.28
34025,2039,227580,1,2275.8
34026,2039,709823,1,7098.23
34027,2039,219556,1,2195.56
34028,2039,445696,1,4456.96
34029,2039,284700,1,2847.0
34030,2039,213825,1,2138.25
34031,2039,303638,1,3036.38
34032,2039,155489,1,1554.89
34033,2039,297250,1,2972.5
34034,2039,290644,1,2906.44
34035,2039,405515,1,4055.15
34036,2039,291610,1,2916.1
34037,2039,271717,1,2717.17
34038,2039,386589,1,3865.89
34039,2039,386372,1,3863.72
34040,2039,214677,1,2146.77
34041,2039,313116,1,3131.16
34042,2039,313599,1,3135.99
34043,2039,310014,1,3100.14
34044,2039,255616,1,2556.16
34045,2039,229145,1,2291.45
34046,2039,222676,1,2226.76
34047,2039,228234,1,2282.34
34049,2039,110827,1,1108.27
34051,2039,155674,1,1556.74
34052,2039,194072,1,1940.72
34054,2039,202033,1,2020.33
34055,2039,215304,1,2153.04
34056,2039,218649,1,2186.49
34057,2039,106997,1,1069.97
34058,2039,284498,1,2844.98
34059,2039,213550,1,2135.5
34061,2039,155595,1,1555.95
34062,2039,211880,1,2118.8
34063,2039,274887,1,2748.87
34065,2039,202101,1,2021.01
34066,2039,290523,1,2905.23
34067,2039,201896,1,2018.96
34068,2039,271430,1,2714.3
34069,2039,386754,1,3867.54
34070,2039,752279,1,7522.79
34071,2039,215304,1,2153.04
34072,2039,255702,1,2557.02
34073,2039,229113,1,2291.13
34074,2039,223078,1,2230.78
34075,2039,227925,1,2279.25
34076,2039,346469,1,3464.69
34077,2039,709458,1,7094.58
34078,2039,408736,2,4087.36
34079,2039,130527,1,1305.27
34080,2039,435427,1,4354.27
34081,2039,284572,1,2845.72
34082,2039,213302,1,2133.02
34083,2039,155780,1,1557.8
34084,2039,155966,1,1559.66
34085,2039,193627,1,1936.27
34086,2039,193188,1,1931.88
34087,2039,297538,1,2975.38
34088,2039,404797,1,4047.97
34089,2039,202033,1,2020.33
34090,2039,419422,1,4194.22
34091,2039,1089199,1,10891.99
34092,2039,215156,1,2151.56
34093,2039,214826,1,2148.26
34094,2039,533529,1,5335.29
34095,2039,218619,1,2186.19
34096,2039,460664,1,4606.64
34097,2039,227310,1,2273.1
34098,2039,227707,1,2277.07
34099,2039,325040,1,3250.4
34100,2039,306956,1,3069.56
34101,2039,219570,1,2195.7
34102,2039,192976,1,1929.76
34103,2039,302203,1,3022.03
34104,2039,180700,1,1807.0
34105,2039,360615,2,3606.15
34106,2039,138030,1,1380.3
34107,2039,110734,1,1107.34
34108,2039,393316,2,3933.16
34109,2039,108128,1,1081.28
34110,2039,443346,1,4433.46
34111,2039,155993,1,1559.93
34112,2039,280926,1,2809.26
34113,2039,193338,1,1933.38
34114,2039,193702,1,1937.02
34116,2039,418636,1,4186.36
34117,2039,248188,1,2481.88
34118,2039,218734,1,2187.34
34119,2039,217322,1,2173.22
34120,2039,324981,1,3249.81
34121,2039,306664,1,3066.64
34122,2039,110747,1,1107.47
34123,2039,174881,1,1748.81
34125,2039,296918,1,2969.18
34126,2039,287869,1,2878.69
34127,2039,287668,1,2876.68
34128,2039,392546,1,3925.46
34129,2039,715862,3,7158.62
34130,2039,258680,1,2586.8
34131,2039,291619,1,2916.19
34132,2039,426815,1,4268.15
34133,2039,92224,1,922.24
34134,2039,173727,1,1737.27
34135,2039,318120,1,3181.2
34136,2039,396013,1,3960.13
34137,2039,217038,1,2170.38
34138,2039,113013,1,1130.13
34139,2039,112516,1,1125.16
34141,2039,122047,1,1220.47
34142,2039,130993,1,1309.93
34143,2039,112978,1,1129.78
34144,2039,209893,2,2098.93
34145,2039,125240,1,1252.4
34146,2039,90902,1,909.02
34147,2039,226757,1,2267.57
34148,2039,174526,1,1745.26
34149,2039,215208,1,2152.08
34150,2039,193633,1,1936.33
34151,2039,193482,1,1934.82
34152,2039,275227,1,2752.27
34153,2039,297294,1,2972.94
34154,2039,287768,1,2877.68
34155,2039,1077646,4,10776.46
34156,2039,441513,1,4415.13
34157,2039,258628,1,2586.28
34158,2039,524254,1,5242.54
34159,2039,291497,1,2914.97
34160,2039,173988,1,1739.88
34161,2039,418636,1,4186.36
34162,2039,931416,3,9314.16
34163,2039,212454,1,2124.54
34164,2039,325040,1,3250.4
34165,2039,306708,1,3067.08
34166,2039,688104,1,6881.04
34167,2039,225526,1,2255.26
34168,2039,118857,1,1188.57
34169,2039,122037,1,1220.37
34170,2039,227198,1,2271.98
34171,2039,215894,1,2158.94
34172,2039,193846,1,1938.46
34173,2039,297294,1,2972.94
34174,2039,441513,1,4415.13
34175,2039,489807,1,4898.07
34176,2039,258572,1,2585.72
34177,2039,258572,1,2585.72
34178,2039,417850,1,4178.5
34179,2039,216837,1,2168.37
34180,2039,496993,1,4969.93
34181,2039,235500,1,2355.0
34182,2039,130495,1,1304.95
34183,2039,374971,2,3749.71
34184,2039,163510,1,1635.1
34185,2039,112686,1,1126.86
34186,2039,457045,2,4570.45
34187,2039,226977,1,2269.77
34188,2039,670518,1,6705.18
34189,2039,371109,1,3711.09
34190,2039,702923,1,7029.23
34191,2039,215048,1,2150.48
34192,2039,193113,1,1931.13
34194,2039,297006,1,2970.06
34195,2039,231429,1,2314.29
34196,2039,2075104,8,20751.04
34197,2039,238615,1,2386.15
34198,2039,361030,1,3610.3
34199,2039,396013,1,3960.13
34200,2039,258359,1,2583.59
34201,2039,332913,2,3329.13
34202,2039,424761,2,4247.61
34203,2039,122157,1,1221.57
34204,2039,197730,1,1977.3
34205,2039,155780,1,1557.8
34206,2039,193997,1,1939.97
34207,2039,360759,1,3607.59
34208,2039,665473,1,6654.73
34209,2039,418243,1,4182.43
34210,2039,253458,1,2534.58
34211,2039,667241,1,6672.41
34212,2039,217205,1,2172.05
34213,2039,68558,1,685.58
34214,2039,220472,2,2204.72
34215,2039,98949,1,989.49
34216,2039,221484,2,2214.84
34217,2039,227030,1,2270.3
34218,2039,442167,1,4421.67
34219,2039,325362,1,3253.62
34220,2039,1084692,2,10846.92
34221,2039,133122,1,1331.22
34222,2039,262066,1,2620.66
34223,2039,128777,1,1287.77
34224,2039,109065,1,1090.65
34225,2039,228675,2,2286.75
34226,2039,132021,1,1320.21
34227,2039,89867,1,898.67
34228,2039,312694,1,3126.94
34229,2039,196010,1,1960.1
34230,2039,226841,1,2268.41
34231,2039,155966,1,1559.66
34232,2039,432826,1,4328.26
34233,2039,174605,1,1746.05
34234,2039,297582,1,2975.82
34235,2039,324676,1,3246.76
34236,2039,329234,1,3292.34
34237,2039,287221,1,2872.21
34238,2039,361249,1,3612.49
34239,2039,451842,1,4518.42
34240,2039,325396,1,3253.96
34241,2039,418401,1,4184.01
34242,2039,334906,1,3349.06
34243,2039,252969,1,2529.69
34244,2039,217156,1,2171.56
34245,2039,94465,1,944.65
34246,2039,130516,1,1305.16
34247,2039,304496,1,3044.96
34248,2039,166024,1,1660.24
34249,2039,107509,1,1075.09
34250,2039,108814,1,1088.14
34251,2039,462851,2,4628.51
34252,2039,94174,1,941.74
34253,2039,227146,1,2271.46
34254,2039,317636,1,3176.36
34255,2039,309029,1,3090.29
34256,2039,282415,1,2824.15
34257,2039,215330,1,2153.3
34258,2039,294510,1,2945.1
34260,2039,174941,1,1749.41
34261,2039,297495,1,2974.95
34262,2039,324845,1,3248.45
34263,2039,287590,1,2875.9
34264,2039,287345,1,2873.45
34265,2039,361468,1,3614.68
34266,2039,524941,1,5249.41
34267,2039,168170,1,1681.7
34268,2039,181490,1,1814.9
34269,2039,181335,1,1813.35
34270,2039,181035,1,1810.35
34271,2039,297640,1,2976.4
34272,2039,302065,1,3020.65
34273,2039,251214,1,2512.14
34274,2039,103402,1,1034.02
34275,2039,480571,1,4805.71
34276,2039,226453,1,2264.53
34277,2039,317599,1,3175.99
34278,2039,156072,1,1560.72
34279,2039,282692,1,2826.92
34280,2039,369629,1,3696.29
34281,2039,215250,1,2152.5
34282,2039,294233,1,2942.33
34283,2039,174853,1,1748.53
34284,2039,175330,1,1753.3
34285,2039,208767,1,2087.67
34286,2039,284847,1,2848.47
34287,2039,279330,1,2793.3
34288,2039,224503,1,2245.03
34289,2039,524493,1,5244.93
34290,2039,393523,1,3935.23
34291,2039,1029128,1,10291.28
34292,2039,189785,1,1897.85
34293,2039,269904,2,2699.04
34294,2039,253133,1,2531.33
34295,2039,250853,1,2508.53
34296,2039,1854097,6,18540.97
34297,2039,528403,1,5284.03
34298,2039,1072698,1,10726.98
34299,2039,229094,1,2290.94
34300,2039,218133,2,2181.33
34302,2039,81619,1,816.19
34303,2039,185254,1,1852.54
34304,2039,215959,1,2159.59
34305,2039,245344,1,2453.44
34306,2039,245919,1,2459.19
34307,2039,318120,1,3181.2
34309,2039,282282,1,2822.82
34310,2039,215250,1,2152.5
34311,2039,264045,1,2640.45
34312,2039,175118,1,1751.18
34314,2039,2080473,6,20804.73
34315,2039,285011,1,2850.11
34316,2039,279330,1,2793.3
34317,2039,224098,1,2240.98
34318,2039,1314817,1,13148.17
34319,2039,168251,1,1682.51
34320,2039,240429,2,2404.29
34321,2039,253336,1,2533.36
34322,2039,216754,1,2167.54
34323,2039,87684,1,876.84
34324,2039,604180,6,6041.8
34325,2039,51091,1,510.91
34326,2039,43356,1,433.56
34328,2039,49743,1,497.43
34329,2039,1681622,5,16816.22
34330,2039,132032,1,1320.32
34331,2039,175029,1,1750.29
34332,2039,208968,1,2089.68
34333,2039,462885,4,4628.85
34334,2039,30798,1,307.98
34335,2039,75953,2,759.53
34336,2039,103284,1,1032.84
34337,2039,319576,2,3195.76
34338,2039,94865,1,948.65
34339,2039,103156,1,1031.56
34340,2039,94779,1,947.79
34341,2039,125245,1,1252.45
34342,2039,87154,1,871.54
34343,2039,110829,1,1108.29
34344,2039,226453,1,2264.53
34345,2039,210456,1,2104.56
34346,2039,246131,1,2461.31
34347,2039,317878,1,3178.78
34348,2039,215734,1,2157.34
34349,2039,175029,1,1750.29
34350,2039,208767,1,2087.67
34351,2039,470707,2,4707.07
34352,2039,580703,1,5807.03
34353,2039,279494,1,2794.94
34354,2039,525773,1,5257.73
34355,2039,418243,1,4182.43
34356,2039,93982,1,939.82
34357,2039,51868,1,518.68
34358,2039,200102,1,2001.02
34359,2039,444080,2,4440.8
34360,2039,217038,1,2170.38
34361,2039,528425,1,5284.25
34362,2039,90027,1,900.27
34363,2039,366973,1,3669.73
34364,2039,219192,1,2191.92
34365,2039,558104,2,5581.04
34366,2039,544486,1,5444.86
34367,2039,41462,1,414.62
34368,2039,265493,1,2654.93
34369,2039,479784,2,4797.84
34370,2039,225227,1,2252.27
34372,2039,221009,1,2210.09
34373,2039,410802,1,4108.02
34374,2039,411266,1,4112.66
34375,2039,410956,1,4109.56
34376,2039,560463,1,5604.63
34377,2039,560689,1,5606.89
34378,2039,439100,1,4391.0
34379,2039,437943,1,4379.43
34380,2039,438309,1,4383.09
34381,2039,438250,1,4382.5
34382,2039,438191,1,4381.91
34383,2039,438734,1,4387.34
34384,2039,439159,1,4391.59
34385,2039,438675,1,4386.75
34386,2039,340581,1,3405.81
34387,2039,513736,1,5137.36
34388,2039,309752,1,3097.52
34389,2039,494034,1,4940.34
34390,2039,534282,1,5342.82
34391,2039,533482,1,5334.82
34392,2039,534375,1,5343.75
34393,2039,533928,1,5339.28
34394,2039,533836,1,5338.36
34395,2039,1340192,1,13401.92
34396,2039,533928,1,5339.28
34397,2039,329669,1,3296.69
34398,2039,674714,1,6747.14
34399,2039,533836,1,5338.36
34400,2039,399232,1,3992.32
34401,2039,3316395,3,33163.95
34402,2039,1035979,1,10359.79
34403,2039,113224,1,1132.24
34404,2039,117923,1,1179.23
34405,2039,1547256,8,15472.56
34406,2039,577970,2,5779.7
34407,2039,131453,1,1314.53
34408,2039,321023,1,3210.23
34409,2039,1444157,2,14441.57
34410,2039,198770,2,1987.7
34411,2039,95486,1,954.86
34412,2039,95622,1,956.22
34413,2039,139926,1,1399.26
34414,2039,95702,1,957.02
34415,2039,115760,1,1157.6
34416,2039,286953,2,2869.53
34417,2039,777091,3,7770.91
34418,2039,215208,1,2152.08
34419,2039,215330,1,2153.3
34420,2039,213615,1,2136.15
34421,2039,213803,1,2138.03
34422,2039,214179,1,2141.79
34423,2039,214476,1,2144.76
34424,2039,523057,1,5230.57
34425,2039,257870,1,2578.7
34426,2039,258196,1,2581.96
34427,2039,258082,1,2580.82
34428,2039,209134,1,2091.34
34429,2039,209417,1,2094.17
34431,2039,208567,1,2085.67
34432,2039,209134,1,2091.34
34433,2039,209334,1,2093.34
34434,2039,209134,1,2091.34
34436,2039,209169,1,2091.69
34437,2039,209051,1,2090.51
34438,2039,230862,1,2308.62
34439,2039,248404,1,2484.04
34440,2039,220035,1,2200.35
34441,2039,220191,1,2201.91
34442,2039,285328,1,2853.28
34443,2039,284683,1,2846.83
34444,2039,285062,1,2850.62
34445,2039,568945,1,5689.45
34446,2039,279697,1,2796.97
34447,2039,280025,1,2800.25
34448,2039,372355,1,3723.55
34449,2039,309381,1,3093.81
34450,2039,371968,1,3719.68
34451,2039,493208,1,4932.08
34452,2039,689901,1,6899.01
34453,2039,1140749,1,11407.49
34454,2039,359398,1,3593.98
34455,2039,998652,1,9986.52
34456,2039,524876,1,5248.76
34457,2039,1314388,1,13143.88
34458,2039,1314124,1,13141.24
34459,2039,328783,1,3287.83
34460,2039,329014,1,3290.14
34461,2039,276866,1,2768.66
34462,2039,328632,1,3286.32
34463,2039,276576,1,2765.76
34464,2039,276954,1,2769.54
34465,2039,276981,1,2769.81
34466,2039,276751,1,2767.51
34467,2039,276778,1,2767.78
34468,2039,277069,1,2770.69
34469,2039,276866,1,2768.66
34470,2039,271635,1,2716.35
34471,2039,418243,1,4182.43
34472,2039,253051,1,2530.51
34473,2039,217406,1,2174.06
34475,2039,217156,1,2171.56
34476,2039,342396,4,3423.96
34477,2039,31081,1,310.81
34478,2039,487372,3,4873.72
34479,2039,115226,1,1152.26
34480,2039,117113,1,1171.13
34481,2039,219751,2,2197.51
34482,2039,116113,1,1161.13
34483,2039,161831,1,1618.31
34484,2039,175113,1,1751.13
34485,2039,321220,2,3212.2
34486,2039,489801,1,4898.01
34487,2039,436196,2,4361.96
34488,2039,113097,1,1130.97
34490,2039,72487,1,724.87
34491,2039,203520,1,2035.2
34492,2039,825004,3,8250.04
34494,2039,125460,1,1254.6
34495,2039,113901,1,1139.01
34496,2039,326977,2,3269.77
34497,2039,64426,1,644.26
34498,2039,107725,1,1077.25
34499,2039,120466,1,1204.66
34500,2039,175113,1,1751.13
34501,2039,116071,1,1160.71
34502,2039,89773,1,897.73
34503,2039,181215,1,1812.15
34504,2039,216162,1,2161.62
34505,2039,216568,1,2165.68
34506,2039,215881,1,2158.81
34507,2039,233694,1,2336.94
34508,2039,233533,1,2335.33
34509,2039,233300,1,2333.0
34510,2039,212121,1,2121.21
34511,2039,349870,1,3498.7
34512,2039,350143,1,3501.43
34513,2039,349707,1,3497.07
34514,2039,340322,1,3403.22
34515,2039,210639,1,2106.39
34516,2039,231068,2,2310.68
34517,2039,317599,1,3175.99
34518,2039,317320,1,3173.2
34519,2039,317804,1,3178.04
34520,2039,257267,1,2572.67
34521,2039,255528,1,2555.28
34522,2039,174906,1,1749.06
34524,2039,327999,1,3279.99
34525,2039,327544,1,3275.44
34526,2039,327905,1,3279.05
34527,2039,251564,1,2515.64
34528,2039,219338,1,2193.38
34529,2039,206286,1,2062.86
34531,2039,51646,1,516.46
34532,2039,51815,1,518.15
34534,2039,259022,1,2590.22
34535,2039,126632,3,1266.32
34536,2039,184700,1,1847.0
34537,2039,198020,1,1980.2
34538,2039,656303,1,6563.03
34539,2039,167436,1,1674.36
34540,2039,180976,1,1809.76
34541,2039,229395,1,2293.95
34542,2039,223398,1,2233.98
34543,2039,123989,1,1239.89
34544,2039,89893,1,898.93
34545,2039,112156,1,1121.56
34546,2039,111946,1,1119.46
34547,2039,114327,1,1143.27
34548,2039,103012,1,1030.12
34549,2039,167436,1,1674.36
34550,2039,136203,1,1362.03
34551,2039,225615,1,2256.15
34552,2039,114812,1,1148.12
34553,2039,226187,1,2261.87
34554,2039,198882,1,1988.82
34555,2039,241407,1,2414.07
34556,2039,547903,1,5479.03
34557,2039,241973,1,2419.73
34558,2039,241553,1,2415.53
34560,2039,241553,1,2415.53
34561,2039,215900,1,2159.0
34562,2039,215900,1,2159.0
34563,2039,172192,1,1721.92
34564,2039,217978,1,2179.78
34565,2039,218654,1,2186.54
34566,2039,450582,1,4505.82
34567,2039,218072,1,2180.72
34568,2039,218270,1,2182.7
34569,2039,218138,1,2181.38
34570,2039,217753,1,2177.53
34571,2039,357079,1,3570.79
34572,2039,175029,1,1750.29
34574,2039,175330,1,1753.3
34575,2039,517120,1,5171.2
34576,2039,516893,1,5168.93
34577,2039,368382,1,3683.82
34578,2039,400150,1,4001.5
34579,2039,292564,1,2925.64
34580,2039,292740,1,2927.4
34581,2039,1757172,1,17571.72
34582,2039,261026,1,2610.26
34583,2039,397049,1,3970.49
34584,2039,1603753,1,16037.53
34585,2039,1557005,1,15570.05
34586,2039,164598,2,1645.98
34587,2039,1114305,1,11143.05
34588,2039,139214,1,1392.14
34589,2039,670869,1,6708.69
34590,2039,118301,1,1183.01
34591,2039,214163,1,2141.63
34592,2039,1483777,8,14837.77
34593,2039,500533,1,5005.33
34594,2039,2383441,1,23834.41
34595,2039,175567,1,1755.67
34596,2039,502530,1,5025.3
34597,2039,1035560,1,10355.6
34598,2039,262609,1,2626.09
34599,2039,1410561,5,14105.61
34600,2039,242478,1,2424.78
34602,2039,180061,1,1800.61
34603,2039,291257,1,2912.57
34604,2039,2407561,1,24075.61
34605,2039,888883,4,8888.83
34606,2039,330837,1,3308.37
34607,2039,376471,1,3764.71
34608,2039,433572,1,4335.72
34609,2039,51772,1,517.72
34610,2039,268872,1,2688.72
34611,2039,711579,3,7115.79
34612,2039,1316757,1,13167.57
34613,2039,301076,1,3010.76
34614,2039,315954,1,3159.54
34615,2039,111021,1,1110.21
34616,2039,608308,2,6083.08
34617,2039,562588,1,5625.88
34618,2039,292949,1,2929.49
34619,2039,208210,2,2082.1
34620,2039,49076,1,490.76
34621,2039,351032,1,3510.32
34622,2039,360755,1,3607.55
34624,2039,157817,1,1578.17
34625,2039,212415,1,2124.15
34626,2039,121436,1,1214.36
34627,2039,1422794,1,14227.94
34628,2039,256478,1,2564.78
34629,2039,909537,1,9095.37
34630,2039,605118,1,6051.18
34631,2039,3010894,2,30108.94
34632,2039,43992,1,439.92
34633,2039,784407,2,7844.07
34634,2039,237109,1,2371.09
34636,2039,2678266,1,26782.66
34637,2039,143497,1,1434.97
34638,2039,176692,1,1766.92
34640,2039,1607677,1,16076.77
34641,2039,358816,1,3588.16
34642,2039,247011,1,2470.11
34643,2039,112314,1,1123.14
34644,2039,223167,1,2231.67
34645,2039,4710976,2,47109.76
34646,2039,235297,1,2352.97
34647,2039,142318,1,1423.18
34648,2039,233363,1,2333.63
34649,2039,148373,1,1483.73
34650,2039,342831,1,3428.31
34651,2039,1131276,5,11312.76
34652,2039,4961908,1,49619.08
34653,2039,180162,1,1801.62
34654,2039,1512874,1,15128.74
34655,2039,215128,1,2151.28
34656,2039,102336,1,1023.36
34657,2039,144574,1,1445.74
34658,2039,274920,1,2749.2
34659,2039,115522,1,1155.22
34660,2039,91198,1,911.98
34661,2039,136635,1,1366.35
34662,2039,303827,1,3038.27
34663,2039,280030,1,2800.3
34664,2039,242651,1,2426.51
34666,2039,417329,1,4173.29
34667,2039,2308487,1,23084.87
34668,2039,640866,1,6408.66
34669,2039,389379,1,3893.79
34670,2039,56760,1,567.6
34671,2039,89537,1,895.37
34672,2039,1882637,2,18826.37
34673,2039,841647,1,8416.47
34674,2039,126788,1,1267.88
34675,2039,365834,1,3658.34
34676,2039,211942,1,2119.42
34677,2039,298917,1,2989.17
34678,2039,3234241,1,32342.41
34679,2039,293715,1,2937.15
34680,2039,182548,1,1825.48
34681,2039,196594,1,1965.94
34682,2039,341832,1,3418.32
34683,2039,701674,1,7016.74
34684,2039,216656,1,2166.56
34685,2039,208574,1,2085.74
34686,2039,1075609,2,10756.09
34687,2039,219324,1,2193.24
34688,2039,118154,1,1181.54
34689,2039,411828,1,4118.28
34690,2039,170246,1,1702.46
34691,2039,121278,1,1212.78
34692,2039,567402,3,5674.02
34693,2039,237907,1,2379.07
34694,2039,314624,3,3146.24
34695,2039,132789,1,1327.89
34696,2039,386441,1,3864.41
34698,2039,24734,1,247.34
34699,2039,2257164,1,22571.64
34700,2039,1557105,1,15571.05
34701,2039,384410,1,3844.1
34702,2039,106984,1,1069.84
34703,2039,244982,1,2449.82
34704,2039,261562,1,2615.62
34705,2039,106779,1,1067.79
34706,2039,115762,1,1157.62
34707,2039,282110,1,2821.1
34708,2039,186073,1,1860.73
34709,2039,3762715,2,37627.15
34710,2039,328814,1,3288.14
34711,2039,182611,1,1826.11
34712,2039,127630,1,1276.3
34713,2039,248801,1,2488.01
34714,2039,799762,1,7997.62
34717,2039,348355,1,3483.55
34718,2039,261329,1,2613.29
34719,2039,220317,1,2203.17
34720,2039,236466,2,2364.66
34721,2039,288827,1,2888.27
34722,2039,287195,1,2871.95
34723,2039,1149568,1,11495.68
34724,2039,1109144,6,11091.44
34725,2039,2513626,1,25136.26
34726,2039,2665036,1,26650.36
34727,2039,1850559,1,18505.59
34728,2039,2317220,1,23172.2
34729,2039,2317437,1,23174.37
34730,2039,2317437,1,23174.37
34734,2039,471183,1,4711.83
34735,2039,1147784,1,11477.84
34736,2039,589349,1,5893.49
34737,2039,2384002,1,23840.02
34741,2039,919469,1,9194.69
34743,2039,1437960,1,14379.6
34745,2039,2940620,1,29406.2
34747,2039,1127765,1,11277.65
34748,2039,1127765,1,11277.65
34749,2039,1129226,1,11292.26
34751,2039,1850559,1,18505.59
34753,2039,1127765,1,11277.65
34754,2039,620786,1,6207.86
34755,2039,1983076,1,19830.76
34756,2039,1036441,1,10364.41
34757,2039,2931906,1,29319.06
34758,2039,2437377,2,24373.77
34760,2039,1128739,1,11287.39
34761,2039,566562,1,5665.62
34762,2039,1145337,1,11453.37
34764,2039,3242422,2,32424.22
34765,2039,1127765,1,11277.65
34767,2039,510673,1,5106.73
34768,2039,2229055,1,22290.55
34769,2039,2384002,1,23840.02
34771,2039,1969079,1,19690.79
34772,2039,1036012,1,10360.12
34773,2039,1983076,1,19830.76
34774,2039,1982495,1,19824.95
34775,2039,456449,1,4564.49
34776,2039,406389,1,4063.89
34777,2039,366269,1,3662.69
34782,2039,1434794,1,14347.94
34785,2039,681470,1,6814.7
34792,2039,158323,1,1583.23
34793,2039,157723,1,1577.23
34794,2039,1761897,2,17618.97
34796,2039,1036214,1,10362.14
34798,2039,681051,1,6810.51
34799,2039,681053,1,6810.53
34800,2039,1847128,1,18471.28
34802,2039,1847699,1,18476.99
34803,2039,1847128,1,18471.28
34804,2039,1318403,3,13184.03
34807,2039,2884485,1,28844.85
34809,2039,3453633,2,34536.33
34810,2039,154980,1,1549.8
34811,2039,341418,1,3414.18
34812,2039,366555,1,3665.55
34816,2039,949427,1,9494.27
34821,2039,681886,1,6818.86
34822,2039,1847128,1,18471.28
34824,2039,406389,1,4063.89
34825,2039,455928,1,4559.28
34826,2039,510151,1,5101.51
34827,2039,470043,1,4700.43
34828,2039,2398981,1,23989.81
34830,2039,1486019,1,14860.19
34832,2039,567035,1,5670.35
34833,2039,621554,1,6215.54
34834,2039,948966,1,9489.66
34835,2039,954235,1,9542.35
34836,2039,681053,1,6810.53
34837,2039,681887,1,6818.87
34838,2039,1272357,1,12723.57
34839,2039,2564690,1,25646.9
34840,2039,1128741,1,11287.41
34841,2039,1983076,1,19830.76
34842,2039,1983076,1,19830.76
34843,2039,1983076,1,19830.76
34844,2039,1982570,1,19825.7
34845,2039,1983076,1,19830.76
34846,2039,1122646,1,11226.46
34847,2039,573382,1,5733.82
34848,2039,2712307,3,27123.07
34850,2039,470742,1,4707.42
34851,2039,954470,1,9544.7
34852,2039,954353,1,9543.53
34853,2039,953788,1,9537.88
34854,2039,2480630,2,24806.3
34855,2039,681051,1,6810.51
34856,2039,681470,1,6814.7
34858,2039,680633,1,6806.33
34859,2039,681053,1,6810.53
34860,2039,1279330,1,12793.3
34862,2039,2564812,1,25648.12
34864,2039,1484337,1,14843.37
34866,2039,1983076,1,19830.76
34867,2039,1983076,1,19830.76
34868,2039,510151,1,5101.51
34869,2039,566720,1,5667.2
34870,2039,621554,1,6215.54
34871,2039,1101667,1,11016.67
34872,2039,445449,1,4454.49
34873,2039,529316,1,5293.16
34874,2039,295323,1,2953.23
34875,2039,1306953,2,13069.53
34876,2039,1101667,1,11016.67
34877,2039,1165306,1,11653.06
34878,2039,904326,1,9043.26
34879,2039,543440,1,5434.4
34880,2039,1127203,1,11272.03
34881,2039,528927,1,5289.27
34882,2039,1113858,1,11138.58
34883,2039,1036214,1,10362.14
34884,2039,954800,1,9548.0
34885,2039,954800,1,9548.0
34886,2039,2873823,1,28738.23
34887,2039,1513305,1,15133.05
34888,2039,1395519,1,13955.19
34889,2039,681052,1,6810.52
34890,2039,1063385,1,10633.85
34893,2039,1822439,1,18224.39
34895,2039,1983076,1,19830.76
34896,2039,1983076,1,19830.76
34897,2039,367048,1,3670.48
34899,2039,456449,1,4564.49
34900,2039,620901,1,6209.01
34901,2039,1983151,1,19831.51
34902,2039,1215009,1,12150.09
34903,2039,4662468,2,46624.68
34904,2039,1035989,1,10359.89
34906,2039,954800,1,9548.0
34907,2039,4356303,2,43563.03
34908,2039,1374156,2,13741.56
34911,2039,1928845,2,19288.45
34913,2039,1063649,1,10636.49
34914,2039,1739990,1,17399.9
34915,2039,1740158,1,17401.58
34916,2039,1740461,1,17404.61
34917,2039,1739686,1,17396.86
34918,2039,1740158,1,17401.58
34919,2039,1182871,1,11828.71
34921,2039,566720,1,5667.2
34923,2039,830803,1,8308.03
34924,2039,711473,1,7114.73
34925,2039,1379379,1,13793.79
34926,2039,2291111,1,22911.11
34927,2039,158284,1,1582.84
34928,2039,157433,1,1574.33
34929,2039,155148,1,1551.48
34930,2039,510858,1,5108.58
34931,2039,455928,1,4559.28
34932,2039,406403,1,4064.03
34933,2039,366349,1,3663.49
34935,2039,155034,1,1550.34
34938,2039,1191828,1,11918.28
34939,2039,909537,1,9095.37
34940,2039,703713,1,7037.13
34941,2039,5049113,6,50491.13
34942,2039,767835,1,7678.35
34943,2039,869907,3,8699.07
34944,2039,1396042,1,13960.42
34945,2039,3653880,1,36538.8
34946,2039,1364382,1,13643.82
34947,2039,846900,1,8469.0
34948,2039,1009431,1,10094.31
34949,2039,6182041,2,61820.41
34950,2039,1740325,1,17403.25
34951,2039,1740797,1,17407.97
34952,2039,2172037,1,21720.37
34953,2039,2633208,1,26332.08
34954,2039,2601136,1,26011.36
34955,2039,588944,1,5889.44
34956,2040,846009,1,8460.09
34957,2040,2614189,1,26141.89
34958,2040,3370655,2,33706.55
34959,2040,1128777,1,11287.77
34960,2040,1396044,1,13960.44
34961,2040,3652999,1,36529.99
34962,2040,1365001,1,13650.01
34964,2040,6186889,3,61868.89
34965,2040,1436356,1,14363.56
34966,2040,1008872,1,10088.72
34967,2040,8544755,5,85447.55
34968,2040,1008313,1,10083.13
34969,2040,846455,1,8464.55
34970,2040,3436908,1,34369.08
34972,2040,3162728,1,31627.28
34973,2040,2601779,1,26017.79
34974,2040,3279889,2,32798.89
34975,2040,687117,1,6871.17
34977,2040,1223758,1,12237.58
34978,2040,1088153,1,10881.53
34979,2040,1378859,1,13788.59
34980,2040,1122990,1,11229.9
34981,2040,1128287,1,11282.87
34982,2040,1128774,1,11287.74
34983,2040,1396042,1,13960.42
34984,2040,3652999,1,36529.99
34986,2040,4299877,2,42998.77
34987,2040,3147657,1,31476.57
34988,2040,3147003,1,31470.03
34989,2040,3147689,1,31476.89
34990,2040,614899,1,6148.99
34991,2040,2131276,1,21312.76
34992,2040,1757172,1,17571.72
34993,2040,2614969,1,26149.69
34994,2040,1395525,1,13955.25
34995,2040,846900,1,8469.0
34996,2040,2501957,2,25019.57
34997,2040,2643876,1,26438.76
34998,2040,4820655,2,48206.55
34999,2040,1034952,1,10349.52
35000,2040,2568130,1,25681.3
35001,2040,1035583,1,10355.83
35004,2040,1087579,1,10875.79
35006,2040,3290691,1,32906.91
35007,2040,1289168,1,12891.68
35008,2040,3691264,1,36912.64
35009,2040,639682,1,6396.82
35010,2040,3753976,1,37539.76
35011,2040,922922,1,9229.22
35013,2040,1242749,1,12427.49
35014,2040,3199985,1,31999.85
35015,2040,713867,1,7138.67
35016,2040,5292372,2,52923.72
35017,2040,2870379,1,28703.79
35018,2040,1122990,1,11229.9
35019,2040,1127800,1,11278.0
35020,2040,1363816,1,13638.16
35021,2040,1395521,1,13955.21
35022,2040,1363763,1,13637.63
35023,2040,3652999,1,36529.99
35024,2040,2017923,1,20179.23
35025,2040,2644659,1,26446.59
35026,2040,2514896,1,25148.96
35027,2040,2601136,1,26011.36
35028,2040,2131276,1,21312.76
35029,2040,846020,1,8460.2
35030,2040,1801239,1,18012.39
35031,2040,470741,1,4707.41
35033,2040,410606,1,4106.06
35034,2040,1861111,1,18611.11
35035,2040,1035786,1,10357.86
35036,2040,3200017,1,32000.17
35037,2040,714291,1,7142.91
35038,2040,3437268,1,34372.68
35040,2040,1435304,1,14353.04
35041,2040,2635220,2,26352.2
35042,2040,1724645,1,17246.45
35043,2040,2601136,1,26011.36
35044,2040,3753976,1,37539.76
35045,2040,3910778,2,39107.78
35046,2040,2614969,1,26149.69
35047,2040,2614969,1,26149.69
35048,2040,1365001,1,13650.01
35049,2040,3653643,2,36536.43
35052,2040,687611,1,6876.11
35053,2040,2634732,1,26347.32
35055,2040,1035357,1,10353.57
35056,2040,3599386,1,35993.86
35057,2040,1129226,1,11292.26
35059,2040,1395000,1,13950.0
35060,2040,1007754,1,10077.54
35061,2040,2998849,1,29988.49
35062,2040,959498,1,9594.98
35065,2040,1288616,1,12886.16
35066,2040,2614969,1,26149.69
35067,2040,2614189,1,26141.89
35068,2040,647718,1,6477.18
35069,2040,1364382,1,13643.82
35070,2040,1435303,1,14353.03
35071,2040,2118135,1,21181.35
35072,2040,1007754,1,10077.54
35073,2040,2094447,1,20944.47
35074,2040,1725514,1,17255.14
35075,2040,2712971,2,27129.71
35077,2040,687611,1,6876.11
35080,2040,2183659,1,21836.59
35081,2040,3528165,1,35281.65
35082,2040,1346396,1,13463.96
35087,2040,3579348,3,35793.48
35089,2040,1514451,1,15144.51
35090,2040,1757849,1,17578.49
35091,2040,1757172,1,17571.72
35092,2040,2601779,1,26017.79
35093,2040,4544520,2,45445.2
35094,2040,3289843,1,32898.43
35095,2040,3131029,1,31310.29
35096,2040,2010118,1,20101.18
35097,2040,2675198,2,26751.98
35100,2040,2406569,1,24065.69
35101,2040,842700,1,8427.0
35102,2040,2643093,1,26430.93
35103,2040,1757172,1,17571.72
35104,2040,1436356,1,14363.56
35106,2040,3409240,1,34092.4
35107,2040,2016637,1,20166.37
35108,2040,1008313,1,10083.13
35109,2040,1725059,1,17250.59
35110,2040,2094447,1,20944.47
35111,2040,2131276,1,21312.76
35112,2040,578913,1,5789.13
35114,2040,1514984,1,15149.84
35115,2040,1346081,1,13460.81
35116,2040,1288616,1,12886.16
35117,2040,3290691,1,32906.91
35118,2040,4605492,6,46054.92
35119,2040,944354,1,9443.54
35120,2040,470741,1,4707.41
35122,2040,838767,1,8387.67
35124,2040,2407163,1,24071.63
35125,2040,2407561,1,24075.61
35126,2040,843227,1,8432.27
35128,2040,2800743,2,28007.43
35129,2040,2614189,1,26141.89
35130,2040,2644659,1,26446.59
35134,2040,3408427,1,34084.27
35135,2040,3410912,1,34109.12
35136,2040,1365006,1,13650.06
35137,2040,4628946,2,46289.46
35138,2040,2118734,1,21187.34
35139,2040,1007754,1,10077.54
35140,2040,2676143,2,26761.43
35141,2040,471118,1,4711.18
35142,2040,1723905,1,17239.05
35144,2040,870902,1,8709.02
35145,2040,1007195,1,10071.95
35147,2040,2131276,1,21312.76
35149,2040,588544,1,5885.44
35150,2040,655465,1,6554.65
35151,2040,2008699,1,20086.99
35152,2040,2255685,1,22556.85
35156,2040,2614969,1,26149.69
35157,2040,2613410,1,26134.1
35160,2040,2078058,1,20780.58
35161,2040,1365006,1,13650.06
35162,2040,2018148,1,20181.48
35163,2040,1128739,1,11287.39
35164,2040,4269584,4,42695.84
35166,2040,687118,1,6871.18
35167,2040,397721,1,3977.21
35168,2040,2217889,3,22178.89
35169,2040,687118,1,6871.18
35170,2040,1041902,1,10419.02
35171,2040,691887,1,6918.87
35172,2040,543877,1,5438.77
35173,2040,843875,1,8438.75
35174,2040,2434455,2,24344.55
35175,2040,3557927,2,35579.27
35176,2040,1014154,1,10141.54
35177,2040,3653885,1,36538.85
35178,2040,1363763,1,13637.63
35179,2040,2644659,1,26446.59
35180,2040,1395521,1,13955.21
35181,2040,1581184,1,15811.84
35182,2040,3438539,1,34385.39
35183,2040,1365008,1,13650.08
35184,2040,1557753,1,15577.53
35185,2040,2866657,3,28666.57
35186,2040,648331,1,6483.31
35188,2040,2094447,1,20944.47
35189,2040,1364385,1,13643.85
35190,2040,2130551,1,21305.51
35191,2040,2254946,1,22549.46
35193,2040,3525750,2,35257.5
35194,2040,1190646,1,11906.46
35195,2040,740260,1,7402.6
35196,2040,1276621,1,12766.21
35197,2040,740260,1,7402.6
35198,2040,1435444,1,14354.44
35199,2040,997154,1,9971.54
35201,2040,1362622,1,13626.22
35202,2040,842173,1,8421.73
35203,2040,1842948,1,18429.48
35206,2040,821303,1,8213.03
35207,2040,2192304,1,21923.04
35208,2040,2044335,1,20443.35
35209,2040,3200643,1,32006.43
35210,2040,4393728,2,43937.28
35212,2040,3760609,2,37606.09
35213,2040,1128742,1,11287.42
35214,2040,2131276,1,21312.76
35215,2040,2009409,1,20094.09
35217,2040,1007195,1,10071.95
35218,2040,958558,1,9585.58
35219,2040,1288616,1,12886.16
35220,2040,2712971,2,27129.71
35221,2040,820329,1,8203.29
35222,2040,1088726,1,10887.26
35223,2040,2099291,1,20992.91
35225,2040,687118,1,6871.18
35226,2040,1130061,1,11300.61
35227,2040,1130265,1,11302.65
35229,2040,842700,1,8427.0
35230,2040,842173,1,8421.73
35231,2040,1014491,1,10144.91
35232,2040,1364385,1,13643.85
35233,2040,1363764,1,13637.64
35234,2040,812652,1,8126.52
35236,2040,2740989,1,27409.89
35237,2040,820960,1,8209.6
35239,2040,1364385,1,13643.85
35240,2040,1163042,1,11630.42
35241,2040,1008313,1,10083.13
35242,2040,1128744,1,11287.44
35243,2040,402259,1,4022.59
35244,2040,2598924,2,25989.24
35246,2040,2255685,1,22556.85
35247,2040,2410562,1,24105.62
35248,2040,1436760,1,14367.6
35250,2040,2615749,1,26157.49
35251,2040,1363764,1,13637.64
35253,2040,2191394,1,21913.94
35254,2040,839092,1,8390.92
35256,2040,820625,1,8206.25
35257,2040,6578510,8,65785.1
35258,2040,2630157,1,26301.57
35259,2040,2601136,1,26011.36
35260,2040,2009409,1,20094.09
35261,2040,3569183,2,35691.83
35262,2040,1131447,1,11314.47
35264,2040,1014832,1,10148.32
35265,2040,4971234,2,49712.34
35266,2040,1364385,1,13643.85
35268,2040,2869572,1,28695.72
35269,2040,1757175,1,17571.75
35270,2040,820929,1,8209.29
35273,2040,4627617,2,46276.17
35274,2040,1210194,1,12101.94
35275,2040,1209939,1,12099.39
35276,2040,1209969,1,12099.69
35277,2040,2798121,1,27981.21
35278,2040,2130551,1,21305.51
35279,2040,3937826,1,39378.26
35280,2040,955984,2,9559.84
35281,2040,398361,1,3983.61
35282,2040,2254946,1,22549.46
35283,2040,2630157,1,26301.57
35284,2040,996040,1,9960.4
35285,2040,326503,1,3265.03
35286,2040,596082,1,5960.82
35287,2040,577386,1,5773.86
35288,2040,932788,1,9327.88
35289,2040,410714,1,4107.14
35290,2040,1515287,2,15152.87
35291,2040,360455,1,3604.55
35292,2040,949427,1,9494.27
35296,2040,908045,1,9080.45
35298,2040,2183658,1,21836.58
35299,2040,1746654,3,17466.54
35300,2040,1249949,1,12499.49
35301,2040,1363763,1,13637.63
35302,2040,2741376,1,27413.76
35303,2040,1363766,1,13637.66
35305,2040,1757172,1,17571.72
35306,2040,1127765,1,11277.65
35307,2040,1008872,1,10088.72
35308,2040,2885817,1,28858.17
35309,2040,1095322,2,10953.22
35310,2040,1248355,1,12483.55
35311,2040,2457336,1,24573.36
35314,2040,1014494,1,10144.94
35315,2040,1365003,1,13650.03
35316,2040,2243008,1,22430.08
35317,2040,2082293,3,20822.93
35318,2040,1365001,1,13650.01
35319,2040,1194050,1,11940.5
35320,2040,846053,1,8460.53
35321,2040,2191110,1,21911.1
35322,2040,410607,1,4106.07
35323,2040,1086433,1,10864.33
35326,2040,3379782,1,33797.82
35327,2040,1247012,1,12470.12
35328,2040,1959016,1,19590.16
35329,2040,2100731,1,21007.31
35330,2040,668301,1,6683.01
35331,2040,3958714,2,39587.14
35332,2040,1365003,1,13650.03
35333,2040,812409,1,8124.09
35334,2040,1010867,1,10108.67
35335,2040,1128252,1,11282.52
35336,2040,1008313,1,10083.13
35337,2040,2191811,1,21918.11
35341,2040,2257727,1,22577.27
35342,2040,3826529,1,38265.29
35343,2040,1194195,1,11941.95
35344,2040,713861,1,7138.61
35345,2040,909081,1,9090.81
35346,2040,3825444,1,38254.44
35350,2040,1364384,1,13643.84
35351,2040,1757172,1,17571.72
35352,2040,1008313,1,10083.13
35353,2040,1193788,1,11937.88
35354,2040,1008933,1,10089.33
35355,2040,1181901,1,11819.01
35356,2040,208680,1,2086.8
35357,2040,3998521,1,39985.21
35358,2040,1959171,1,19591.71
35359,2040,2100758,1,21007.58
35360,2040,1242206,1,12422.06
35361,2040,3168580,1,31685.8
35362,2040,1015170,1,10151.7
35363,2040,2208328,1,22083.28
35364,2040,1132357,1,11323.57
35365,2040,1984415,2,19844.15
35366,2040,1939082,1,19390.82
35367,2040,1364382,1,13643.82
35368,2040,2741681,1,27416.81
35369,2040,2741294,1,27412.94
35370,2040,1008313,1,10083.13
35371,2040,1128741,1,11287.41
35372,2040,2457336,1,24573.36
35373,2040,6963100,15,69631.0
35374,2040,1362849,1,13628.49
35375,2040,542962,1,5429.62
35376,2040,1312408,1,13124.08
35377,2040,668532,1,6685.32
35378,2040,2987786,1,29877.86
35379,2040,3134434,1,31344.34
35381,2040,812895,1,8128.95
35382,2040,1364382,1,13643.82
35383,2040,1757849,1,17578.49
35385,2040,1008928,1,10089.28
35386,2040,1436760,1,14367.6
35387,2040,542962,1,5429.62
35388,2040,1006078,1,10060.78
35389,2040,1311897,1,13118.97
35390,2040,543419,1,5434.19
35391,2040,2410562,1,24105.62
35392,2040,4821368,3,48213.68
35393,2040,347707,1,3477.07
35394,2040,1115426,1,11154.26
35395,2040,1129212,1,11292.12
35396,2040,1371903,1,13719.03
35397,2040,1959578,1,19595.78
35398,2040,2101452,1,21014.52
35400,2040,1046054,1,10460.54
35401,2040,2208328,1,22083.28
35402,2040,1364383,1,13643.83
35404,2040,1302377,1,13023.77
35405,2040,2741294,1,27412.94
35406,2040,2738830,1,27388.3
35408,2040,1008313,1,10083.13
35409,2040,1008374,1,10083.74
35410,2040,1945675,1,19456.75
35411,2040,1008872,1,10088.72
35412,2040,3471780,2,34717.8
35413,2040,2008540,2,20085.4
35414,2040,1362511,1,13625.11
35415,2040,1278620,1,12786.2
35416,2040,966086,1,9660.86
35418,2040,451543,1,4515.43
35419,2040,1028594,1,10285.94
35420,2040,410185,1,4101.85
35422,2040,1041685,1,10416.85
35423,2040,1041902,1,10419.02
35425,2040,812410,1,8124.1
35426,2040,756400,1,7564.0
35429,2040,494876,1,4948.76
35431,2040,756891,1,7568.91
35432,2040,495402,1,4954.02
35433,2040,630749,1,6307.49
35435,2040,630800,1,6308.0
35437,2040,495139,1,4951.39
35438,2040,2304257,1,23042.57
35439,2040,1007800,1,10078.0
35440,2040,1008313,1,10083.13
35443,2040,597261,1,5972.61
35444,2040,944354,1,9443.54
35445,2040,621645,1,6216.45
35446,2040,3133602,1,31336.02
35447,2040,842700,1,8427.0
35448,2040,2209050,1,22090.5
35451,2040,1028916,1,10289.16
35452,2040,2118959,1,21189.59
35453,2040,3409240,1,34092.4
35454,2040,3411180,2,34111.8
35455,2040,2294560,1,22945.6
35456,2040,1728669,3,17286.69
35457,2040,821610,1,8216.1
35459,2040,2356590,2,23565.9
35460,2040,621332,1,6213.32
35461,2040,2101478,1,21014.78
35462,2040,1014832,1,10148.32
35463,2040,606499,1,6064.99
35464,2040,1046054,1,10460.54
35466,2040,1757177,1,17571.77
35467,2040,1302238,1,13022.38
35468,2040,2324886,1,23248.86
35469,2040,4777798,1,47777.98
35470,2040,3908817,3,39088.17
35471,2040,1008928,1,10089.28
35472,2040,1944870,1,19448.7
35473,2040,1008313,1,10083.13
35475,2040,1863489,1,18634.89
35476,2040,2624795,1,26247.95
35477,2040,2019087,2,20190.87
35479,2040,1604289,2,16042.89
35481,2040,501918,1,5019.18
35482,2040,864368,1,8643.68
35483,2040,806034,1,8060.34
35485,2040,1408334,1,14083.34
35487,2040,1917433,1,19174.33
35488,2040,2207606,1,22076.06
35489,2040,812895,1,8128.95
35491,2040,1863093,1,18630.93
35493,2040,1242801,2,12428.01
35494,2040,528121,1,5281.21
35498,2040,805417,1,8054.17
35499,2040,334489,1,3344.89
35500,2040,1153518,1,11535.18
35501,2040,2100758,1,21007.58
35502,2040,3960410,2,39604.1
35503,2040,841120,1,8411.2
35505,2040,2444743,1,24447.43
35506,2040,2946386,1,29463.86
35507,2040,2111233,2,21112.33
35508,2040,1243274,1,12432.74
35509,2040,1199048,1,11990.48
35510,2040,1199017,1,11990.17
35511,2040,5774373,3,57743.73
35513,2040,1008374,1,10083.74
35514,2040,1757172,1,17571.72
35515,2040,4350782,2,43507.82
35516,2040,6349584,2,63495.84
35517,2040,1013405,1,10134.05
35518,2040,688104,1,6881.04
35519,2040,1278620,1,12786.2
35520,2040,671816,1,6718.16
35521,2040,1087579,1,10875.79
35523,2040,1282410,1,12824.1
35524,2040,1153518,1,11535.18
35525,2040,671816,1,6718.16
35526,2040,909537,1,9095.37
35527,2040,3167744,1,31677.44
35528,2040,1014833,1,10148.33
35529,2040,2182928,1,21829.28
35530,2040,2207476,1,22074.76
35531,2040,1199048,1,11990.48
35533,2040,1008313,1,10083.13
35534,2040,846499,1,8464.99
35535,2040,1161178,2,11611.78
35536,2040,1341211,1,13412.11
35537,2040,2316467,4,23164.67
35538,2040,1134262,1,11342.62
35539,2040,703118,1,7031.18
35541,2040,299980,1,2999.8
35542,2040,601330,1,6013.3
35543,2040,1330588,1,13305.88
35544,2040,823681,1,8236.81
35546,2040,2294560,1,22945.6
35547,2040,1917433,1,19174.33
35548,2040,2291726,1,22917.26
35549,2040,812654,1,8126.54
35550,2040,839092,1,8390.92
35552,2040,2557861,3,25578.61
35553,2040,5959330,3,59593.3
35554,2040,1013405,1,10134.05
35556,2040,575205,1,5752.05
35557,2040,668191,1,6681.91
35558,2040,1756498,1,17564.98
35559,2040,2133979,1,21339.79
35560,2040,846503,1,8465.03
35561,2040,1223847,1,12238.47
35562,2040,1958767,2,19587.67
35563,2040,1114848,1,11148.48
35564,2040,1797319,1,17973.19
35565,2040,823985,1,8239.85
35567,2040,639569,1,6395.69
35568,2040,1148605,1,11486.05
35569,2040,4825987,3,48259.87
35570,2040,1014494,1,10144.94
35571,2040,3871227,3,38712.27
35573,2040,2297802,2,22978.02
35574,2040,2946339,1,29463.39
35575,2040,648024,1,6480.24
35576,2040,1008313,1,10083.13
35577,2040,2870379,1,28703.79
35578,2040,1223758,1,12237.58
35580,2040,1756496,1,17564.96
35581,2040,2842507,1,28425.07
35582,2040,5785123,2,57851.23
35584,2040,1820665,4,18206.65
35585,2040,1797886,1,17978.86
35587,2040,2147823,1,21478.23
35588,2040,785255,1,7852.55
35590,2040,1109126,1,11091.26
35591,2040,687117,1,6871.17
35593,2040,841647,1,8416.47
35594,2040,2207014,1,22070.14
35595,2040,1302138,1,13021.38
35597,2040,1341211,1,13412.11
35598,2040,931974,1,9319.74
35599,2040,687613,1,6876.13
35600,2040,1098159,2,10981.59
35601,2040,4243452,1,42434.52
35604,2040,1852562,1,18525.62
35606,2040,1117472,3,11174.72
35607,2040,299714,1,2997.14
35608,2040,575205,1,5752.05
35609,2040,1104036,1,11040.36
35610,2040,668477,1,6684.77
35612,2040,750352,1,7503.52
35614,2040,1358993,1,13589.93
35615,2040,1366496,2,13664.96
35616,2040,1087579,1,10875.79
35617,2040,671382,1,6713.82
35618,2040,1330648,1,13306.48
35619,2040,752393,1,7523.93
35621,2040,1114882,1,11148.82
35623,2040,368156,1,3681.56
35624,2040,671696,1,6716.96
35625,2040,887612,1,8876.12
35626,2040,2184389,1,21843.89
35627,2040,492068,1,4920.68
35628,2040,750736,1,7507.36
35629,2040,750779,1,7507.79
35630,2040,1023614,1,10236.14
35631,2040,492321,1,4923.21
35632,2040,1092991,2,10929.91
35635,2040,812168,1,8121.68
35636,2040,3428000,3,34280.0
35637,2040,3041129,1,30411.29
35638,2040,2056915,2,20569.15
35639,2040,2434477,1,24344.77
35640,2040,2667637,1,26676.37
35641,2040,1008928,1,10089.28
35643,2040,1757172,1,17571.72
35645,2040,1013405,1,10134.05
35646,2040,2074030,1,20740.3
35648,2040,750264,1,7502.64
35649,2040,1189821,3,11898.21
35652,2040,1115392,1,11153.92
35653,2041,4418603,2,44186.03
35654,2041,2097327,1,20973.27
35656,2041,364912,1,3649.12
35657,2041,691265,1,6912.65
35658,2041,733466,1,7334.66
35660,2041,326772,1,3267.72
35661,2041,1553200,1,15532.0
35662,2041,3013615,1,30136.15
35663,2041,1959873,2,19598.73
35664,2041,964444,2,9644.44
35666,2041,542514,1,5425.14
35667,2041,1302516,1,13025.16
35668,2041,2040075,1,20400.75
35670,2041,2669598,1,26695.98
35671,2041,1756496,1,17564.96
35672,2041,1757849,1,17578.49
35673,2041,906103,2,9061.03
35674,2041,1428596,1,14285.96
35675,2041,3016443,2,30164.43
35676,2041,1341211,1,13412.11
35677,2041,671479,1,6714.79
35678,2041,1148472,1,11484.72
35679,2041,1153613,2,11536.13
35680,2041,2876696,3,28766.96
35681,2041,2097327,1,20973.27
35683,2041,1552911,1,15529.11
35684,2041,1552672,1,15526.72
35685,2041,2763835,1,27638.35
35686,2041,887756,1,8877.56
35687,2041,841647,1,8416.47
35688,2041,3202090,3,32020.9
35689,2041,1852276,1,18522.76
35690,2041,1395523,1,13955.23
35691,2041,1205120,1,12051.2
35694,2041,1934227,1,19342.27
35695,2041,1358466,1,13584.66
35696,2041,2435612,1,24356.12
35697,2041,1359253,1,13592.53
35698,2041,1008928,1,10089.28
35699,2041,839092,1,8390.92
35704,2041,1114238,1,11142.38
35705,2041,411027,1,4110.27
35706,2041,1229028,1,12290.28
35708,2041,593028,1,5930.28
35709,2041,1114305,1,11143.05
35710,2041,1409176,2,14091.76
35711,2041,1341211,1,13412.11
35712,2041,676990,1,6769.9
35713,2041,953058,1,9530.58
35714,2041,943433,1,9434.33
35715,2041,2763835,1,27638.35
35716,2041,2683256,1,26832.56
35717,2041,841647,1,8416.47
35718,2041,2371374,1,23713.74
35719,2041,1958454,1,19584.54
35720,2041,1974996,1,19749.96
35721,2041,1007754,1,10077.54
35722,2041,2139422,1,21394.22
35723,2041,1358986,1,13589.86
35724,2041,1008374,1,10083.74
35726,2041,1756496,1,17564.96
35727,2041,1835926,1,18359.26
35729,2041,583900,1,5839.0
35730,2041,360086,1,3600.86
35731,2041,575439,1,5754.39
35732,2041,853500,2,8535.0
35733,2041,267250,1,2672.5
35734,2041,688104,1,6881.04
35735,2041,3300718,1,33007.18
35736,2041,887756,1,8877.56
35737,2041,2318940,10,23189.4
35738,2041,2370765,1,23707.65
35739,2041,1395000,1,13950.0
35742,2041,2946339,1,29463.39
35743,2041,1007251,1,10072.51
35744,2041,594159,1,5941.59
35745,2041,2797322,1,27973.22
35746,2041,1318527,1,13185.27
35747,2041,1055705,1,10557.05
35748,2041,786131,1,7861.31
35750,2041,5577143,2,55771.43
35751,2041,1115588,1,11155.88
35752,2041,2182197,1,21821.97
35753,2041,3806271,13,38062.71
35754,2041,1757172,1,17571.72
35755,2041,3090648,2,30906.48
35756,2041,1359253,1,13592.53
35757,2041,2947247,1,29472.47
35758,2041,1756496,1,17564.96
35760,2041,2325149,1,23251.49
35761,2041,1379498,1,13794.98
35762,2041,429039,1,4290.39
35763,2041,1729814,3,17298.14
35764,2041,1101714,1,11017.14
35765,2041,3300718,1,33007.18
35766,2041,1518008,3,15180.08
35768,2041,1297745,5,12977.45
35769,2041,1043244,1,10432.44
35770,2041,1252797,1,12527.97
35771,2041,812410,1,8124.1
35772,2041,2409830,1,24098.3
35774,2041,2946339,1,29463.39
35778,2041,1757172,1,17571.72
35779,2041,1223607,1,12236.07
35780,2041,2291111,1,22911.11
35781,2041,668069,1,6680.69
35782,2041,864143,1,8641.43
35783,2041,410215,1,4102.15
35785,2041,1063019,1,10630.19
35786,2041,1102108,1,11021.08
35787,2041,368156,1,3681.56
35788,2041,431744,1,4317.44
35790,2041,3281186,5,32811.86
35792,2041,2071361,2,20713.61
35794,2041,1757849,1,17578.49
35795,2041,2947059,1,29470.59
35796,2041,1757849,1,17578.49
35798,2041,1087006,1,10870.06
35799,2041,393678,1,3936.78
35800,2041,4137083,2,41370.83
35801,2041,943433,1,9434.33
35802,2041,893459,1,8934.59
35805,2041,1008928,1,10089.28
35807,2041,864387,1,8643.87
35808,2041,1007251,1,10072.51
35809,2041,1757172,1,17571.72
35810,2041,1223847,1,12238.47
35811,2041,471712,1,4717.12
35812,2041,4574461,13,45744.61
35813,2041,1115392,1,11153.92
35814,2041,1088153,1,10881.53
35815,2041,769810,1,7698.1
35816,2041,671479,1,6714.79
35817,2041,1129212,1,11292.12
35818,2041,4205074,1,42050.74
35819,2041,893651,1,8936.51
35820,2041,2061949,1,20619.49
35821,2041,3104763,2,31047.63
35823,2041,1396040,1,13960.4
35824,2041,894490,1,8944.9
35826,2041,895243,2,8952.43
35827,2041,964879,1,9648.79
35828,2041,864368,1,8643.68
35829,2041,1115937,1,11159.37
35830,2041,529316,1,5293.16
35834,2041,431781,1,4317.81
35835,2041,1299568,1,12995.68
35836,2041,1628059,1,16280.59
35837,2041,2527858,1,25278.58
35838,2041,2527858,1,25278.58
35839,2041,1628059,1,16280.59
35840,2041,2371979,2,23719.79
35841,2041,1302238,1,13022.38
35842,2041,1302039,1,13020.39
35844,2041,1252633,1,12526.33
35845,2041,812651,1,8126.51
35846,2041,1757849,1,17578.49
35847,2041,1008938,1,10089.38
35848,2041,1395521,1,13955.21
35849,2041,864387,1,8643.87
35850,2041,1936070,1,19360.7
35851,2041,543001,1,5430.01
35852,2041,1445167,1,14451.67
35853,2041,908984,1,9089.84
35854,2041,5575657,7,55756.57
35855,2041,586072,1,5860.72
35856,2041,402743,1,4027.43
35857,2041,653220,1,6532.2
35858,2041,348405,1,3484.05
35859,2041,3357964,1,33579.64
35860,2041,636202,1,6362.02
35861,2041,1939502,1,19395.02
35862,2041,2402687,4,24026.87
35863,2041,2209812,1,22098.12
35864,2041,4878708,9,48787.08
35865,2041,2869572,1,28695.72
35866,2041,2349768,1,23497.68
35867,2041,1394998,1,13949.98
35868,2041,894726,1,8947.26
35869,2041,1916913,1,19169.13
35870,2041,542307,1,5423.07
35871,2041,1757849,1,17578.49
35872,2041,1223697,1,12236.97
35873,2041,980275,1,9802.75
35874,2041,930703,1,9307.03
35876,2041,2463429,2,24634.29
35878,2041,1436920,1,14369.2
35879,2041,3357964,1,33579.64
35880,2041,4030120,18,40301.2
35881,2041,2061760,1,20617.6
35882,2041,2945621,1,29456.21
35884,2041,1088174,1,10881.74
35885,2041,1936070,1,19360.7
35887,2041,2384002,1,23840.02
35888,2041,221441,1,2214.41
35889,2041,1108924,1,11089.24
35890,2041,654036,1,6540.36
35892,2041,2058950,2,20589.5
35893,2041,671937,1,6719.37
35894,2041,1087579,1,10875.79
35895,2041,2763040,1,27630.4
35896,2041,4454328,2,44543.28
35897,2041,1135198,1,11351.98
35898,2041,812409,1,8124.09
35901,2041,830892,1,8308.92
35902,2041,1007810,1,10078.1
35904,2041,1706047,1,17060.47
35905,2041,1395521,1,13955.21
35906,2041,1574158,1,15741.58
35907,2041,1087802,1,10878.02
35909,2041,888469,1,8884.69
35910,2041,543005,1,5430.05
35911,2041,1936097,1,19360.97
35912,2041,1757172,1,17571.72
35913,2041,473404,1,4734.04
35915,2041,2041364,2,20413.64
35916,2041,1928946,4,19289.46
35917,2041,1130866,1,11308.66
35920,2041,575205,1,5752.05
35921,2041,1101911,1,11019.11
35922,2041,1300088,1,13000.88
35923,2041,671696,1,6716.96
35924,2041,2763040,1,27630.4
35926,2041,1014833,1,10148.33
35928,2041,917482,1,9174.82
35929,2041,2349113,1,23491.13
35930,2041,2946386,1,29463.86
35931,2041,1007810,1,10078.1
35932,2041,1396566,1,13965.66
35933,2041,1574136,1,15741.36
35934,2041,2370489,1,23704.89
35935,2041,2213491,4,22134.91
35936,2041,1936070,1,19360.7
35939,2041,471712,1,4717.12
35940,2041,1129226,1,11292.26
35941,2041,568735,2,5687.35
35942,2041,671816,1,6718.16
35943,2041,1621030,1,16210.3
35945,2041,943014,1,9430.14
35946,2041,360858,1,3608.58
35947,2041,894235,1,8942.35
35948,2041,334265,1,3342.65
35949,2041,1204609,1,12046.09
35950,2041,812166,1,8121.66
35951,2041,918298,1,9182.98
35954,2041,831136,1,8311.36
35955,2041,1008933,1,10089.33
35956,2041,864407,1,8644.07
35957,2041,1394998,1,13949.98
35958,2041,864368,1,8643.68
35959,2041,2350208,1,23502.08
35960,2041,4373495,3,43734.95
35962,2041,1995009,1,19950.09
35963,2041,830405,1,8304.05
35964,2041,472172,1,4721.72
35965,2041,1935344,1,19353.44
35966,2041,964879,1,9648.79
35967,2041,1118436,1,11184.36
35968,2041,1492358,3,14923.58
35969,2041,1102108,1,11021.08
35970,2041,1114271,1,11142.71
35971,2041,601117,1,6011.17
35973,2041,423831,1,4238.31
35974,2041,513110,1,5131.1
35977,2041,1014153,1,10141.53
35978,2041,1241636,1,12416.36
35979,2041,685080,1,6850.8
35981,2041,1356713,2,13567.13
35982,2041,864143,1,8641.43
35983,2041,2350244,1,23502.44
35985,2041,597726,1,5977.26
35986,2041,1127765,1,11277.65
35987,2041,1936070,1,19360.7
35988,2041,1118183,1,11181.83
35989,2041,575439,1,5754.39
35990,2041,1114882,1,11148.82
35991,2041,1087006,1,10870.06
35992,2041,1101272,1,11012.72
35993,2041,2129103,1,21291.03
35994,2041,1241636,1,12416.36
35995,2041,830893,1,8308.93
35996,2041,2383378,1,23833.78
35997,2041,1395521,1,13955.21
35998,2041,1573616,1,15736.16
35999,2041,1196688,2,11966.88
36000,2041,1917954,1,19179.54
36001,2041,3565256,8,35652.56
36002,2041,5419458,7,54194.58
36003,2041,745904,1,7459.04
36004,2041,931672,1,9316.72
36005,2041,896998,1,8969.98
36006,2041,1198654,1,11986.54
36007,2041,949427,1,9494.27
36008,2041,961295,1,9612.95
36009,2041,586527,1,5865.27
36010,2041,2085378,7,20853.78
36011,2041,1242033,2,12420.33
36012,2041,1007977,1,10079.77
36013,2041,1252553,1,12525.53
36014,2041,1396047,1,13960.47
36015,2041,1603753,1,16037.53
36016,2041,685080,1,6850.8
36018,2041,979778,1,9797.78
36019,2041,2361755,2,23617.55
36020,2041,3199774,2,31997.74
36021,2041,4124605,4,41246.05
36022,2041,1008364,1,10083.64
36023,2041,1706696,3,17066.96
36024,2041,1145535,1,11455.35
36025,2041,471712,1,4717.12
36026,2041,1149675,1,11496.75
36028,2041,427790,1,4277.9
36029,2041,1027244,3,10272.44
36030,2041,586554,1,5865.54
36031,2041,529705,1,5297.05
36032,2041,639457,1,6394.57
36033,2041,2869572,1,28695.72
36034,2041,1755822,1,17558.22
36036,2041,1936070,1,19360.7
36038,2041,685318,1,6853.18
36039,2041,507518,2,5075.18
36040,2041,613947,1,6139.47
36041,2041,5140126,3,51401.26
36042,2041,1228604,1,12286.04
36043,2041,3837551,2,38375.51
36044,2041,755518,1,7555.18
36045,2041,1014830,1,10148.3
36046,2041,830649,1,8306.49
36047,2041,1032261,2,10322.61
36050,2041,2208328,1,22083.28
36051,2041,542539,1,5425.39
36052,2041,1888681,1,18886.81
36053,2041,1591549,3,15915.49
36054,2041,894736,1,8947.36
36055,2041,432803,1,4328.03
36056,2041,448001,1,4480.01
36057,2041,1034860,2,10348.6
36058,2041,2129827,1,21298.27
36059,2041,847070,1,8470.7
36060,2041,830893,1,8308.93
36061,2041,3782916,8,37829.16
36062,2041,1241547,1,12415.47
36064,2041,2393996,2,23939.96
36066,2041,2208328,1,22083.28
36067,2041,471942,1,4719.42
36068,2041,1149675,1,11496.75
36069,2041,4696456,2,46964.56
36070,2041,347306,1,3473.06
36071,2041,5713722,4,57137.22
36072,2041,267473,1,2674.73
36073,2041,944355,1,9443.55
36074,2041,671816,1,6718.16
36076,2041,703723,1,7037.23
36077,2041,922814,2,9228.14
36078,2041,766698,1,7666.98
36079,2041,2349624,1,23496.24
36080,2041,673884,1,6738.84
36082,2041,1753571,5,17535.71
36083,2041,1394998,1,13949.98
36084,2041,1599265,1,15992.65
36085,2041,1999821,6,19998.21
36086,2041,1757852,1,17578.52
36087,2041,1008918,1,10089.18
36088,2041,1396040,1,13960.4
36089,2041,1042950,1,10429.5
36090,2041,1144754,1,11447.54
36091,2041,842700,1,8427.0
36092,2041,1428051,1,14280.51
36093,2041,542070,1,5420.7
36094,2041,1936097,1,19360.97
36096,2041,684842,1,6848.42
36097,2041,1650269,1,16502.69
36098,2041,2567947,1,25679.47
36100,2041,591859,1,5918.59
36101,2041,908984,1,9089.84
36102,2041,267019,1,2670.19
36103,2041,543419,1,5434.19
36104,2041,596815,1,5968.15
36105,2041,847070,1,8470.7
36106,2041,758195,1,7581.95
36107,2041,2946246,1,29462.46
36108,2041,1444905,1,14449.05
36109,2041,1508052,1,15080.52
36111,2041,1723669,1,17236.69
36112,2041,842700,1,8427.0
36113,2041,3622715,4,36227.15
36114,2041,980027,1,9800.27
36115,2041,2567440,1,25674.4
36116,2041,1649728,1,16497.28
36117,2041,810822,3,8108.22
36119,2041,745904,1,7459.04
36120,2041,1607239,1,16072.39
36121,2041,3674599,2,36745.99
36122,2041,467719,1,4677.19
36123,2041,1733440,6,17334.4
36124,2041,830892,1,8308.92
36125,2041,542542,1,5425.42
36126,2041,2371264,1,23712.64
36127,2041,542537,1,5425.37
36128,2041,1936097,1,19360.97
36129,2041,3415073,1,34150.73
36130,2041,1149675,1,11496.75
36131,2041,2636375,6,26363.75
36132,2041,2085187,1,20851.87
36133,2041,2097636,2,20976.36
36134,2041,575439,1,5754.39
36135,2041,910448,1,9104.48
36136,2041,394131,1,3941.31
36137,2041,410606,1,4106.06
36139,2041,2349588,1,23495.88
36141,2041,871688,2,8716.88
36142,2041,2290496,1,22904.96
36143,2041,1009492,1,10094.92
36144,2041,1395523,1,13955.23
36145,2041,1007754,1,10077.54
36148,2041,3415717,1,34157.17
36149,2041,1551692,3,15516.92
36151,2041,592264,1,5922.64
36152,2041,1145144,1,11451.44
36153,2041,846649,1,8466.49
36154,2041,757473,1,7574.73
36155,2041,3044004,1,30440.04
36156,2041,1365626,1,13656.26
36157,2041,830892,1,8308.92
36158,2041,2371540,1,23715.4
36160,2041,684842,1,6848.42
36161,2041,2285114,1,22851.14
36162,2041,1936797,1,19367.97
36163,2041,2282529,1,22825.29
36165,2041,909421,1,9094.21
36166,2041,475546,1,4755.46
36167,2041,299449,1,2994.49
36168,2041,1607563,1,16075.63
36169,2041,1247269,1,12472.69
36170,2041,1223457,1,12234.57
36171,2041,812167,1,8121.67
36172,2041,1241108,2,12411.08
36173,2041,1092951,1,10929.51
36174,2041,1434778,1,14347.78
36175,2041,1508052,1,15080.52
36176,2041,542537,1,5425.37
36177,2041,1346837,4,13468.37
36181,2041,1150116,1,11501.16
36183,2041,411052,1,4110.52
36184,2041,1559356,1,15593.56
36186,2041,931214,1,9312.14
36187,2041,2317377,3,23173.77
36188,2041,1186373,2,11863.73
36189,2041,1531959,1,15319.59
36190,2041,1007246,1,10072.46
36191,2041,1706047,1,17060.47
36194,2041,1008872,1,10088.72
36195,2041,965127,1,9651.27
36198,2041,1537038,3,15370.38
36199,2041,3413804,6,34138.04
36201,2041,267020,1,2670.2
36202,2041,743882,2,7438.82
36203,2041,1114238,1,11142.38
36206,2041,4825252,1,48252.52
36207,2041,700573,1,7005.73
36211,2041,1128252,1,11282.52
36212,2041,2311891,2,23118.91
36214,2041,1508009,1,15080.09
36215,2041,1086433,1,10864.33
36216,2041,1171715,1,11717.15
36217,2041,2349660,1,23496.6
36218,2041,2411595,5,24115.95
36219,2041,761970,1,7619.7
36220,2041,6191713,18,61917.13
36222,2041,1008872,1,10088.72
36223,2041,1765977,1,17659.77
36225,2041,2016602,4,20166.02
36226,2041,1855525,1,18555.25
36227,2041,2507669,3,25076.69
36229,2041,714361,1,7143.61
36230,2041,968659,3,9686.59
36231,2041,1013705,1,10137.05
36232,2041,2253023,4,22530.23
36233,2041,2797369,6,27973.69
36234,2041,812651,1,8126.51
36235,2041,1434777,1,14347.77
36237,2041,1007256,1,10072.56
36238,2041,700236,1,7002.36
36240,2041,1248355,1,12483.55
36241,2041,1214544,2,12145.44
36242,2041,1559263,1,15592.63
36243,2041,1087579,1,10875.79
36244,2041,1708878,2,17088.78
36245,2041,838767,1,8387.67
36246,2041,3478513,11,34785.13
36247,2041,948200,2,9482.0
36248,2041,956931,1,9569.31
36249,2041,2350244,1,23502.44
36250,2041,2855293,2,28552.93
36251,2041,1860711,2,18607.11
36252,2041,847524,1,8475.24
36253,2041,964879,1,9648.79
36254,2041,1014832,1,10148.32
36255,2041,1223998,1,12239.98
36256,2041,1364387,1,13643.87
36258,2041,1481097,2,14810.97
36259,2041,1394996,1,13949.96
36260,2041,700917,1,7009.17
36261,2041,2877073,4,28770.73
36262,2041,3251839,15,32518.39
36263,2041,1008872,1,10088.72
36264,2041,1150009,1,11500.09
36265,2041,1237474,1,12374.74
36266,2041,2269053,3,22690.53
36267,2041,845187,1,8451.87
36268,2041,2410562,1,24105.62
36270,2041,909537,1,9095.37
36271,2041,360865,1,3608.65
36272,2041,1855456,5,18554.56
36273,2041,685080,1,6850.8
36274,2041,846945,1,8469.45
36275,2041,1115974,1,11159.74
36276,2041,2849928,2,28499.28
36277,2041,1556456,1,15564.56
36278,2041,713443,1,7134.43
36279,2041,1127765,1,11277.65
36280,2041,394131,1,3941.31
36281,2041,1434778,1,14347.78
36282,2041,1434252,1,14342.52
36283,2041,6685381,21,66853.81
36284,2041,1302337,1,13023.37
36285,2041,2076534,2,20765.34
36286,2041,471118,1,4711.18
36288,2041,575673,1,5756.73
36289,2041,1259076,1,12590.76
36290,2041,1574589,1,15745.89
36291,2041,3414583,1,34145.83
36292,2041,1130285,1,11302.85
36293,2041,704207,1,7042.07
36294,2041,900781,1,9007.81
36295,2041,1610585,4,16105.85
36297,2041,684842,1,6848.42
36298,2041,1395517,1,13955.17
36299,2041,845612,1,8456.12
36300,2041,703972,1,7039.72
36301,2041,2103159,2,21031.59
36303,2041,596592,1,5965.92
36304,2041,1549302,1,15493.02
36305,2041,410606,1,4106.06
36306,2041,605966,1,6059.66
36307,2041,1982519,1,19825.19
36308,2041,1014494,1,10144.94
36310,2041,2191394,1,21913.94
36311,2041,359131,1,3591.31
36312,2041,846949,1,8469.49
36313,2041,812166,1,8121.66
36315,2041,713443,1,7134.43
36316,2041,1150009,1,11500.09
36317,2041,1237208,1,12372.08
36319,2041,584202,1,5842.02
36320,2041,900781,1,9007.81
36321,2041,1364382,1,13643.82
36322,2041,1318527,1,13185.27
36323,2041,1374979,1,13749.79
36324,2041,1854836,1,18548.36
36325,2041,1816691,2,18166.91
36326,2041,930730,1,9307.3
36327,2041,2851845,6,28518.45
36328,2041,1008313,1,10083.13
36329,2041,4460529,6,44605.29
36331,2041,2406171,1,24061.71
36332,2041,1394998,1,13949.98
36334,2041,1042907,2,10429.07
36335,2041,1801885,1,18018.85
36337,2041,307748,1,3077.48
36338,2041,687611,1,6876.11
36339,2041,360455,1,3604.55
36340,2041,1549302,1,15493.02
36341,2041,1938752,3,19387.52
36342,2041,1757849,1,17578.49
36343,2041,1617720,1,16177.2
36344,2041,2436675,1,24366.75
36345,2041,240548,1,2405.48
36346,2041,2389222,2,23892.22
36347,2041,933169,1,9331.69
36348,2041,1115426,1,11154.26
36349,2041,687117,1,6871.17
36350,2041,1855525,1,18555.25
36352,2041,949427,1,9494.27
36353,2041,1513875,2,15138.75
36354,2041,3133528,1,31335.28
36355,2041,1363763,1,13637.63
36356,2041,1691902,5,16919.02
36357,2041,3135947,7,31359.47
36359,2041,1355412,3,13554.12
36360,2041,1973305,2,19733.05
36361,2041,6753268,10,67532.68
36362,2041,2336695,1,23366.95
36363,2041,411027,1,4110.27
36364,2041,2647143,2,26471.43
36365,2041,592558,1,5925.58
36366,2041,411449,1,4114.49
36368,2041,5994483,2,59944.83
36370,2041,1014492,1,10144.92
36371,2041,1634047,5,16340.47
36372,2041,3133625,1,31336.25
36373,2041,3133648,1,31336.48
36374,2041,1701512,1,17015.12
36375,2041,2406961,1,24069.61
36376,2041,2869573,1,28695.73
36377,2041,1395002,1,13950.02
36378,2041,846499,1,8464.99
36379,2041,990718,2,9907.18
36381,2041,1302138,1,13021.38
36383,2041,2350244,1,23502.44
36385,2041,1088726,1,10887.26
36386,2041,2422420,1,24224.2
36387,2041,705753,1,7057.53
36388,2041,448861,2,4488.61
36390,2041,2874809,1,28748.09
36393,2041,844681,1,8446.81
36395,2041,3654761,1,36547.61
36396,2041,1578224,2,15782.24
36397,2041,1610038,2,16100.38
36398,2041,2918855,5,29188.55
36399,2041,2194296,1,21942.96
36400,2041,3133625,1,31336.25
36401,2041,2492125,1,24921.25
36403,2041,1757172,1,17571.72
36404,2041,872670,3,8726.7
36405,2041,2406967,1,24069.67
36406,2041,846503,1,8465.03
36407,2041,812408,1,8124.08
36408,2041,1879804,2,18798.04
36409,2041,2348422,1,23484.22
36411,2041,2323448,1,23234.48
36412,2041,1007754,1,10077.54
36414,2041,823681,1,8236.81
36415,2041,845187,1,8451.87
36416,2041,2704598,6,27045.98
36417,2041,2634691,3,26346.91
36418,2041,3617514,6,36175.14
36419,2041,1559032,3,15590.32
36420,2041,973489,4,9734.89
36421,2041,7374845,23,73748.45
36422,2041,1702048,1,17020.48
36423,2041,2989045,4,29890.45
36424,2041,846945,1,8469.45
36425,2041,1008313,1,10083.13
36426,2041,4393255,1,43932.55
36427,2041,2747252,7,27472.52
36428,2042,545762,1,5457.62
36429,2042,1755468,3,17554.68
36430,2042,1153868,1,11538.68
36432,2042,1040640,1,10406.4
36433,2042,2684187,2,26841.87
36434,2042,910992,1,9109.92
36435,2042,2721100,4,27211.0
36436,2042,2192722,1,21927.22
36437,2042,2325090,1,23250.9
36438,2042,4724355,1,47243.55
36439,2042,1134536,2,11345.36
36440,2042,1228345,1,12283.45
36441,2042,1701471,1,17014.71
36442,2042,5022953,2,50229.53
36444,2042,1702048,1,17020.48
36446,2042,358965,1,3589.65
36447,2042,1852847,1,18528.47
36448,2042,1395525,1,13955.25
36449,2042,812652,1,8126.52
36450,2042,1301999,1,13019.99
36451,2042,2349624,1,23496.24
36452,2042,2326014,1,23260.14
36453,2042,5811391,9,58113.91
36454,2042,574971,1,5749.71
36455,2042,931241,1,9312.41
36456,2042,1633497,1,16334.97
36457,2042,2241143,4,22411.43
36458,2042,2325295,1,23252.95
36459,2042,1364382,1,13643.82
36460,2042,846949,1,8469.49
36462,2042,542514,1,5425.14
36463,2042,1161330,3,11613.3
36464,2042,2261824,1,22618.24
36465,2042,714361,1,7143.61
36466,2042,647376,1,6473.76
36467,2042,410606,1,4106.06
36468,2042,410185,1,4101.85
36469,2042,2396356,2,23963.56
36470,2042,1776867,5,17768.67
36471,2042,733727,1,7337.27
36472,2042,2010118,1,20101.18
36473,2042,1011495,1,10114.95
36474,2042,1941815,6,19418.15
36476,2042,964879,1,9648.79
36477,2042,1008313,1,10083.13
36478,2042,3609396,15,36093.96
36479,2042,2852335,6,28523.35
36480,2042,2064882,5,20648.82
36481,2042,2492107,1,24921.07
36482,2042,1757172,1,17571.72
36483,2042,888193,5,8881.93
36485,2042,812408,1,8124.08
36486,2042,2992295,1,29922.95
36487,2042,290277,2,2902.77
36488,2042,4636056,2,46360.56
36489,2042,722617,1,7226.17
36492,2042,3770196,5,37701.96
36493,2042,1686295,1,16862.95
36494,2042,933313,1,9333.13
36495,2042,1483328,1,14833.28
36496,2042,942264,1,9422.64
36497,2042,2287377,7,22873.77
36498,2042,2010828,1,20108.28
36499,2042,411555,1,4115.55
36500,2042,2740520,1,27405.2
36501,2042,1959567,6,19595.67
36502,2042,2492775,1,24927.75
36503,2042,1252716,1,12527.16
36504,2042,846949,1,8469.49
36505,2042,1306442,4,13064.42
36506,2042,2325090,1,23250.9
36507,2042,688597,1,6885.97
36509,2042,944354,1,9443.54
36510,2042,1305359,2,13053.59
36511,2042,1101272,1,11012.72
36512,2042,932408,1,9324.08
36513,2042,1331788,2,13317.88
36514,2042,1009431,1,10094.31
36515,2042,3063153,5,30631.53
36516,2042,4101546,12,41015.46
36517,2042,3160059,8,31600.59
36518,2042,4920814,1,49208.14
36519,2042,2208198,1,22081.98
36520,2042,2275245,2,22752.45
36521,2042,1779539,3,17795.39
36522,2042,2381192,1,23811.92
36524,2042,1394996,1,13949.96
36525,2042,700920,1,7009.2
36526,2042,812167,1,8121.67
36528,2042,2194296,1,21942.96
36529,2042,2262436,1,22624.36
36530,2042,1063700,5,10637.0
36531,2042,5594299,11,55942.99
36532,2042,1041961,1,10419.61
36533,2042,1631647,1,16316.47
36534,2042,4498142,3,44981.42
36536,2042,845118,1,8451.18
36537,2042,1553175,1,15531.75
36538,2042,2436345,1,24363.45
36539,2042,5733723,22,57337.23
36540,2042,1821006,4,18210.06
36541,2042,3723548,15,37235.48
36542,2042,4080159,15,40801.59
36543,2042,3811233,10,38112.33
36545,2042,2741294,1,27412.94
36547,2042,1190792,1,11907.92
36548,2042,4559973,2,45599.73
36550,2042,1396042,1,13960.42
36551,2042,745819,4,7458.19
36552,2042,4138097,2,41380.97
36553,2042,1498493,2,14984.93
36554,2042,932355,1,9323.55
36555,2042,710843,2,7108.43
36556,2042,1102108,1,11021.08
36557,2042,471130,1,4711.3
36559,2042,2644659,1,26446.59
36560,2042,2740215,1,27402.15
36561,2042,4393256,1,43932.56
36562,2042,1149557,1,11495.57
36563,2042,3697287,14,36972.87
36564,2042,1363762,1,13637.62
36565,2042,1725059,1,17250.59
36566,2042,2381192,1,23811.92
36568,2042,874329,5,8743.29
36569,2042,842173,1,8421.73
36570,2042,4298521,4,42985.21
36571,2042,1130647,1,11306.47
36573,2042,1041961,1,10419.61
36574,2042,543877,1,5438.77
36575,2042,3583223,4,35832.23
36576,2042,823985,1,8239.85
36577,2042,3234056,1,32340.56
36578,2042,2599473,2,25994.73
36579,2042,2436675,1,24366.75
36580,2042,1954256,1,19542.56
36582,2042,960068,1,9600.68
36583,2042,676062,1,6760.62
36584,2042,864090,2,8640.9
36585,2042,528927,1,5289.27
36586,2042,2643876,1,26438.76
36587,2042,3512599,1,35125.99
36588,2042,4670947,2,46709.47
36589,2042,545243,2,5452.43
36590,2042,1887809,4,18878.09
36592,2042,2510940,1,25109.4
36595,2042,700233,1,7002.33
36596,2042,647969,1,6479.69
36597,2042,3513313,1,35133.13
36598,2042,3233214,1,32332.14
36599,2042,3234056,1,32340.56
36600,2042,1087006,1,10870.06
36601,2042,2409805,1,24098.05
36605,2042,1489971,2,14899.71
36608,2042,2304039,1,23040.39
36609,2042,842579,1,8425.79
36610,2042,1757849,1,17578.49
36611,2042,2645442,1,26454.42
36612,2042,2435209,1,24352.09
36615,2042,2215127,4,22151.27
36616,2042,1374979,1,13749.79
36617,2042,1365001,1,13650.01
36619,2042,2510541,1,25105.41
36620,2042,1363193,1,13631.93
36621,2042,1954417,1,19544.17
36622,2042,2130551,1,21305.51
36623,2042,1173834,1,11738.34
36624,2042,2286368,2,22863.68
36625,2042,3512599,1,35125.99
36626,2042,952229,1,9522.29
36628,2042,1371295,1,13712.95
36629,2042,1903320,1,19033.2
36630,2042,923644,1,9236.44
36631,2042,2497428,1,24974.28
36633,2042,1247841,1,12478.41
36634,2042,1012357,1,10123.57
36635,2042,1035560,1,10355.6
36637,2042,1278822,1,12788.22
36639,2042,779609,3,7796.09
36640,2042,1149675,1,11496.75
36641,2042,3513313,1,35133.13
36642,2042,968861,1,9688.61
36643,2042,2131276,1,21312.76
36644,2042,1007754,1,10077.54
36645,2042,2990657,1,29906.57
36646,2042,2724192,3,27241.92
36647,2042,2511597,1,25115.97
36649,2042,4262510,2,42625.1
36651,2042,812168,1,8121.68
36652,2042,965127,1,9651.27
36653,2042,2303423,1,23034.23
36654,2042,2303423,1,23034.23
36655,2042,1938784,1,19387.84
36656,2042,677907,1,6779.07
36657,2042,401918,1,4019.18
36658,2042,544936,1,5449.36
36659,2042,1903320,1,19033.2
36660,2042,512463,1,5124.63
36661,2042,2211029,1,22110.29
36662,2042,638838,1,6388.38
36664,2042,1088153,1,10881.53
36665,2042,4115022,10,41150.22
36666,2042,2118135,1,21181.35
36667,2042,2118734,1,21187.34
36668,2042,2434678,1,24346.78
36669,2042,2008818,9,20088.18
36670,2042,1374979,1,13749.79
36672,2042,2963892,12,29638.92
36673,2042,2132000,1,21320.0
36674,2042,1008313,1,10083.13
36676,2042,1363763,1,13637.63
36677,2042,2118734,1,21187.34
36678,2042,5833175,4,58331.75
36680,2042,1574399,1,15743.99
36681,2042,2303423,1,23034.23
36682,2042,2496661,1,24966.61
36684,2042,1851971,4,18519.71
36686,2042,965127,1,9651.27
36687,2042,1129226,1,11292.26
36688,2042,3944290,13,39442.9
36689,2042,1396042,1,13960.42
36690,2042,1014491,1,10144.91
36691,2042,1114392,1,11143.92
36695,2042,2589409,2,25894.09
36696,2042,1035560,1,10355.6
36697,2042,606629,1,6066.29
36698,2042,895184,1,8951.84
36699,2042,3596495,1,35964.95
36701,2042,2628381,2,26283.81
36702,2042,1040640,1,10406.4
36703,2042,399962,1,3999.62
36704,2042,1330338,1,13303.38
36705,2042,2119332,1,21193.32
36706,2042,2869572,1,28695.72
36708,2042,1574081,1,15740.81
36710,2042,2686557,2,26865.57
36712,2042,2497428,1,24974.28
36713,2042,639457,1,6394.57
36714,2042,922787,1,9227.87
36715,2042,1087579,1,10875.79
36716,2042,2117531,8,21175.31
36717,2042,3132928,5,31329.28
36718,2042,2741294,1,27412.94
36719,2042,3143715,3,31437.15
36720,2042,295032,1,2950.32
36721,2042,667880,2,6678.8
36722,2042,2090603,2,20906.03
36723,2042,135991,1,1359.91
36724,2042,516210,1,5162.1
36725,2042,194963,1,1949.63
36726,2042,51427,1,514.27
36727,2042,406831,1,4068.31
36728,2042,731741,1,7317.41
36729,2042,146039,1,1460.39
36730,2042,237647,1,2376.47
36731,2042,701177,1,7011.77
36732,2042,200457,1,2004.57
36733,2042,180594,2,1805.94
36734,2042,2946386,1,29463.86
36735,2042,279142,1,2791.42
36736,2042,462806,2,4628.06
36737,2042,345322,1,3453.22
36738,2042,607887,1,6078.87
36739,2042,1546906,1,15469.06
36740,2042,559152,1,5591.52
36741,2042,251610,1,2516.1
36742,2042,252740,1,2527.4
36743,2042,491333,1,4913.33
36744,2042,145207,1,1452.07
36745,2042,244073,1,2440.73
36746,2042,539370,1,5393.7
36747,2042,283781,1,2837.81
36748,2042,585640,1,5856.4
36749,2042,30179,1,301.79
36750,2042,1936070,1,19360.7
36751,2042,228569,2,2285.69
36752,2042,205798,1,2057.98
36753,2042,184480,1,1844.8
36754,2042,348561,2,3485.61
36755,2042,322897,1,3228.97
36757,2042,141801,1,1418.01
36758,2042,1246755,1,12467.55
36759,2042,127848,1,1278.48
36760,2042,88832,1,888.32
36761,2042,1902479,1,19024.79
36762,2042,1689422,1,16894.22
36764,2042,50903,1,509.03
36765,2042,118363,1,1183.63
36766,2042,232018,1,2320.18
36767,2042,1268122,3,12681.22
36768,2042,272073,1,2720.73
36769,2042,471982,2,4719.82
36770,2042,1411276,1,14112.76
36771,2042,361261,1,3612.61
36772,2042,331097,1,3310.97
36773,2042,462728,1,4627.28
36774,2042,253408,1,2534.08
36775,2042,244701,1,2447.01
36776,2042,378991,1,3789.91
36777,2042,268910,1,2689.1
36778,2042,47643,1,476.43
36779,2042,320798,1,3207.98
36780,2042,292903,2,2929.03
36781,2042,2976169,1,29761.69
36782,2042,99130,1,991.3
36783,2042,350096,2,3500.96
36784,2042,1180645,1,11806.45
36785,2042,122513,1,1225.13
36786,2042,2614969,1,26149.69
36787,2042,117921,1,1179.21
36788,2042,196298,1,1962.98
36789,2042,2929299,1,29292.99
36790,2042,356988,1,3569.88
36791,2042,208183,1,2081.83
36792,2042,2143066,1,21430.66
36793,2042,990412,1,9904.12
36794,2042,409047,1,4090.47
36795,2042,249800,1,2498.0
36796,2042,221703,1,2217.03
36797,2042,163925,1,1639.25
36798,2042,265849,1,2658.49
36799,2042,220259,1,2202.59
36800,2042,40995,1,409.95
36801,2042,403697,1,4036.97
36802,2042,1982153,2,19821.53
36803,2042,33485,1,334.85
36804,2042,2144403,2,21444.03
36805,2042,1089051,1,10890.51
36806,2042,212265,1,2122.65
36807,2042,2362658,1,23626.58
36809,2042,462235,2,4622.35
36810,2042,225838,1,2258.38
36811,2042,212349,1,2123.49
36812,2042,266913,1,2669.13
36813,2042,362328,1,3623.28
36814,2042,433633,1,4336.33
36815,2042,2576762,1,25767.62
36816,2042,160451,1,1604.51
36817,2042,912123,1,9121.23
36818,2042,502961,1,5029.61
36819,2042,1073220,3,10732.2
36820,2042,446164,1,4461.64
36821,2042,87056,1,870.56
36822,2042,152756,1,1527.56
36823,2042,49620,1,496.2
36824,2042,275260,1,2752.6
36825,2042,134280,1,1342.8
36826,2042,226990,1,2269.9
36827,2042,185047,1,1850.47
36828,2042,107128,1,1071.28
36829,2042,1693291,1,16932.91
36830,2042,442075,2,4420.75
36831,2042,123158,1,1231.58
36832,2042,167389,1,1673.89
36833,2042,291785,1,2917.85
36834,2042,418731,1,4187.31
36835,2042,176135,1,1761.35
36836,2042,391293,1,3912.93
36837,2042,161824,1,1618.24
36838,2042,237543,1,2375.43
36839,2042,399615,1,3996.15
36840,2042,2385940,4,23859.4
36841,2042,136954,1,1369.54
36842,2042,247558,1,2475.58
36843,2042,291789,1,2917.89
36844,2042,227000,1,2270.0
36845,2042,260167,1,2601.67
36846,2042,266611,1,2666.11
36847,2042,43836,1,438.36
36848,2042,147873,1,1478.73
36849,2042,957277,1,9572.77
36850,2042,263093,1,2630.93
36851,2042,129979,1,1299.79
36852,2042,134582,1,1345.82
36853,2042,2869572,1,28695.72
36854,2042,4676994,1,46769.94
36855,2042,169192,1,1691.92
36857,2042,307874,1,3078.74
36858,2042,224730,1,2247.3
36859,2042,267671,1,2676.71
36860,2042,187669,1,1876.69
36861,2042,240256,1,2402.56
36862,2042,2096676,1,20966.76
36863,2042,39223,1,392.23
36864,2042,2462046,7,24620.46
36865,2042,168450,1,1684.5
36866,2042,314418,1,3144.18
36867,2042,215948,1,2159.48
36868,2042,1991379,1,19913.79
36869,2042,594965,2,5949.65
36870,2042,241319,1,2413.19
36871,2042,280745,1,2807.45
36872,2042,129775,1,1297.75
36873,2042,160131,1,1601.31
36874,2042,639783,1,6397.83
36875,2042,1507666,1,15076.66
36876,2042,36261,1,362.61
36877,2042,544127,1,5441.27
36878,2042,121660,1,1216.6
36879,2042,223952,1,2239.52
36880,2042,193258,1,1932.58
36881,2042,164150,1,1641.5
36882,2042,360747,1,3607.47
36883,2042,2059487,9,20594.87
36885,2042,290346,1,2903.46
36886,2042,237463,1,2374.63
36887,2042,433496,1,4334.96
36888,2042,1976410,1,19764.1
36889,2042,44495,1,444.95
36890,2042,219963,1,2199.63
36891,2042,250669,1,2506.69
36892,2042,441326,1,4413.26
36893,2042,347199,1,3471.99
36894,2042,255562,1,2555.62
36895,2042,1555808,1,15558.08
36896,2042,300252,1,3002.52
36897,2042,2415391,1,24153.91
36899,2042,1400622,1,14006.22
36900,2042,355050,1,3550.5
36901,2042,208119,1,2081.19
36903,2042,180279,1,1802.79
36904,2042,368309,2,3683.09
36905,2042,555752,1,5557.52
36906,2042,447790,1,4477.9
36907,2042,304397,1,3043.97
36908,2042,227857,1,2278.57
36909,2042,78102,1,781.02
36910,2042,124630,1,1246.3
36911,2042,353612,1,3536.12
36912,2042,1981673,1,19816.73
36913,2042,242182,1,2421.82
36914,2042,296947,1,2969.47
36915,2042,295495,2,2954.95
36916,2042,2782128,2,27821.28
36917,2042,1045305,1,10453.05
36918,2042,192893,1,1928.93
36919,2042,1757848,1,17578.48
36920,2042,248299,1,2482.99
36921,2042,2488291,1,24882.91
36923,2042,242458,1,2424.58
36924,2042,328083,1,3280.83
36925,2042,133720,1,1337.2
36927,2042,303078,1,3030.78
36928,2042,970402,2,9704.02
36929,2042,448069,2,4480.69
36932,2042,2161932,1,21619.32
36933,2042,89602,1,896.02
36934,2042,183585,1,1835.85
36935,2042,161762,1,1617.62
36936,2042,252564,1,2525.64
36937,2042,428032,1,4280.32
36938,2042,416530,1,4165.3
36939,2042,218020,1,2180.2
36940,2042,2299104,4,22991.04
36941,2042,262043,1,2620.43
36942,2042,121795,1,1217.95
36943,2042,178686,1,1786.86
36945,2042,1092646,1,10926.46
36946,2042,102972,1,1029.72
36947,2042,242518,1,2425.18
36948,2042,361884,1,3618.84
36949,2042,309231,1,3092.31
36950,2042,145178,1,1451.78
36951,2042,47304,1,473.04
36952,2042,463532,1,4635.32
36953,2042,2525014,1,25250.14
36954,2042,1739990,1,17399.9
36955,2042,2892363,1,28923.63
36956,2042,222723,1,2227.23
36957,2042,266810,1,2668.1
36958,2042,317292,1,3172.92
36959,2042,268933,1,2689.33
36960,2042,291836,1,2918.36
36961,2042,269715,1,2697.15
36962,2042,239606,1,2396.06
36963,2042,307996,1,3079.96
36964,2042,348892,3,3488.92
36967,2042,303924,1,3039.24
36968,2042,71184,1,711.84
36969,2042,428939,1,4289.39
36971,2042,305164,1,3051.64
36972,2042,299283,1,2992.83
36973,2042,5141577,2,51415.77
36974,2042,121589,1,1215.89
36975,2042,383088,1,3830.88
36976,2042,282439,1,2824.39
36977,2042,2068555,1,20685.55
36979,2042,164717,1,1647.17
36980,2042,2546035,1,25460.35
36981,2042,2347167,1,23471.67
36982,2042,258877,1,2588.77
36983,2042,1882239,1,18822.39
36984,2042,2351624,1,23516.24
36985,2042,1981954,3,19819.54
36986,2042,348804,1,3488.04
36987,2042,145933,1,1459.33
36988,2042,394951,1,3949.51
36989,2042,392822,1,3928.22
36990,2042,261800,1,2618.0
36991,2042,237600,1,2376.0
36992,2042,94328,1,943.28
36993,2042,205408,1,2054.08
36994,2042,223803,1,2238.03
36995,2042,3267136,1,32671.36
36996,2042,112576,1,1125.76
36997,2042,203482,1,2034.82
36998,2042,1972261,1,19722.61
36999,2042,429388,1,4293.88
37000,2042,1621577,1,16215.77
37001,2042,216480,1,2164.8
37002,2042,416397,1,4163.97
37003,2042,271659,1,2716.59
37004,2042,368109,2,3681.09
37005,2042,223623,1,2236.23
37006,2042,1416034,1,14160.34
37007,2042,402288,1,4022.88
37008,2042,431959,1,4319.59
37010,2042,893996,1,8939.96
37011,2042,893498,1,8934.98
37012,2042,1962172,3,19621.72
37013,2042,5425548,7,54255.48
37014,2042,1902990,7,19029.9
37015,2042,644643,2,6446.43
37016,2042,619609,1,6196.09
37017,2042,233903,1,2339.03
37018,2042,202009,1,2020.09
37019,2042,6136217,13,61362.17
37020,2042,805912,1,8059.12
37021,2042,1114950,1,11149.5
37022,2042,1434317,2,14343.17
37023,2042,672251,1,6722.51
37025,2042,671696,1,6716.96
37026,2042,1051709,2,10517.09
37027,2042,1364799,3,13647.99
37029,2042,1166742,2,11667.42
37030,2042,830894,1,8308.94
37031,2042,2496475,4,24964.75
37032,2042,1302575,1,13025.75
37033,2042,5123303,10,51233.03
37034,2042,842700,1,8427.0
37035,2042,2370214,2,23702.14
37036,2042,2924211,4,29242.11
37037,2042,841120,1,8411.2
37038,2042,842173,1,8421.73
37040,2042,1258664,3,12586.64
37041,2042,2263048,4,22630.48
37042,2042,1114848,1,11148.48
37043,2042,639558,1,6395.58
37044,2042,3617211,17,36172.11
37045,2042,3195102,2,31951.02
37046,2042,4334519,12,43345.19
37047,2042,3747232,4,37472.32
37048,2042,2946529,1,29465.29
37052,2042,840442,2,8404.42
37053,2042,830894,1,8308.94
37054,2042,830650,1,8306.5
37055,2042,4337280,10,43372.8
37056,2042,1498306,4,14983.06
37057,2042,1700688,7,17006.88
37058,2042,2201018,5,22010.18
37059,2042,1807898,7,18078.98
37060,2042,842173,1,8421.73
37061,2042,2183658,1,21836.58
37062,2042,841647,1,8416.47
37063,2042,517880,1,5178.8
37064,2042,1494814,1,14948.14
37065,2042,1265249,3,12652.49
37067,2042,887756,1,8877.56
37068,2042,513614,1,5136.14
37069,2042,4253281,18,42532.81
37070,2042,639243,1,6392.43
37071,2042,639142,1,6391.42
37072,2042,2527365,1,25273.65
37073,2042,2945574,1,29455.74
37074,2042,3543951,4,35439.51
37077,2042,5061687,8,50616.87
37078,2042,2946386,1,29463.86
37079,2042,1711709,1,17117.09
37080,2042,2846378,6,28463.78
37081,2042,1302178,1,13021.78
37082,2042,2183658,1,21836.58
37083,2042,4890461,32,48904.61
37084,2042,1917898,1,19178.98
37085,2042,2894149,5,28941.49
37087,2042,1358733,1,13587.33
37088,2042,267512,1,2675.12
37089,2042,1114916,1,11149.16
37090,2042,411027,1,4110.27
37091,2042,411027,1,4110.27
37092,2042,1153176,2,11531.76
37093,2042,6367315,14,63673.15
37094,2042,1115392,1,11153.92
37095,2042,542962,1,5429.62
37096,2042,267019,1,2670.19
37097,2042,267019,1,2670.19
37098,2042,1038874,2,10388.74
37099,2042,1115426,1,11154.26
37100,2042,347707,1,3477.07
37102,2042,639772,1,6397.72
37103,2042,2567936,1,25679.36
37104,2042,542514,1,5425.14
37105,2042,779328,2,7793.28
37106,2042,542603,1,5426.03
37108,2042,435276,1,4352.76
37109,2042,1936070,1,19360.7
37110,2042,1939082,1,19390.82
37111,2042,842173,1,8421.73
37112,2042,1917378,1,19173.78
37114,2042,2209050,1,22090.5
37116,2042,2311580,1,23115.8
37117,2042,3168580,1,31685.8
37118,2042,1148472,1,11484.72
37120,2042,5293689,11,52936.89
37121,2042,1711709,1,17117.09
37122,2042,3231172,4,32311.72
37123,2042,614423,1,6144.23
37124,2042,746241,1,7462.41
37125,2042,4480353,5,44803.53
37126,2042,5333184,5,53331.84
37127,2042,402742,1,4027.42
37130,2042,586540,1,5865.4
37131,2042,1242964,2,12429.64
37132,2042,2020293,3,20202.93
37133,2042,2789825,1,27898.25
37134,2042,830892,1,8308.92
37135,2042,4778772,1,47787.72
37137,2042,1008313,1,10083.13
37138,2042,1287562,1,12875.62
37139,2042,2100011,1,21000.11
37141,2042,894736,1,8947.36
37142,2042,2170693,4,21706.93
37143,2042,1358993,1,13589.93
37144,2042,208513,1,2085.13
37145,2042,1791973,2,17919.73
37146,2042,1114848,1,11148.48
37147,2042,2947965,1,29479.65
37148,2042,4100784,8,41007.84
37149,2042,3236801,1,32368.01
37150,2042,301568,1,3015.68
37151,2042,3168580,1,31685.8
37152,2042,671382,1,6713.82
37153,2042,646100,1,6461.0
37154,2042,2868766,1,28687.66
37155,2042,1147246,1,11472.46
37156,2042,2536462,4,25364.62
37157,2042,672325,1,6723.25
37158,2042,410606,1,4106.06
37159,2042,805195,1,8051.95
37160,2042,3543115,3,35431.15
37161,2042,830405,1,8304.05
37162,2042,2567451,1,25674.51
37163,2042,2908072,9,29080.72
37165,2042,1757172,1,17571.72
37167,2042,3270454,9,32704.54
37168,2042,642932,1,6429.32
37169,2042,1008872,1,10088.72
37170,2042,3132769,1,31327.69
37171,2042,3134481,1,31344.81
37172,2042,951941,1,9519.41
37173,2042,951941,1,9519.41
37174,2042,2818816,9,28188.16
37176,2042,2763835,1,27638.35
37177,2042,8115818,18,81158.18
37179,2042,3411380,2,34113.8
37181,2042,2904550,5,29045.5
37182,2042,2253454,3,22534.54
37183,2042,3938085,1,39380.85
37184,2042,1113694,1,11136.94
37185,2042,411027,1,4110.27
37186,2042,2399309,5,23993.09
37187,2042,326338,1,3263.38
37188,2042,1133211,1,11332.11
37189,2042,3049094,13,30490.94
37190,2042,668532,1,6685.32
37191,2042,668301,1,6683.01
37192,2042,2633320,7,26333.2
37193,2042,2759603,7,27596.03
37194,2042,1757848,1,17578.48
37195,2042,7503995,25,75039.95
37196,2042,5340163,3,53401.63
37198,2042,2101452,1,21014.52
37199,2042,2183658,1,21836.58
37200,2042,3188235,2,31882.35
37201,2042,1365004,1,13650.04
37202,2042,687611,1,6876.11
37203,2042,398041,1,3980.41
37204,2042,4010304,14,40103.04
37205,2042,2764463,9,27644.63
37206,2042,3131862,1,31318.62
37207,2042,6735684,7,67356.84
37208,2042,1815947,4,18159.47
37209,2042,316181,1,3161.81
37210,2042,1032284,2,10322.84
37211,2042,889410,1,8894.1
37212,2042,963927,4,9639.27
37213,2042,872957,3,8729.57
37214,2042,905772,2,9057.72
37215,2042,542770,1,5427.7
37216,2042,1148883,5,11488.83
37217,2042,738576,2,7385.76
37218,2042,1258221,4,12582.21
37219,2043,738073,2,7380.73
37220,2043,1034479,3,10344.79
37221,2043,2192513,1,21925.13
37222,2043,3182601,5,31826.01
37223,2043,12366333,49,123663.33
37224,2043,3237642,1,32376.42
37225,2043,842173,1,8421.73
37226,2043,842173,1,8421.73
37227,2043,5475052,28,54750.52
37228,2043,1364385,1,13643.85
37229,2043,4292102,19,42921.02
37230,2043,3465217,4,34652.17
37231,2043,844531,1,8445.31
37232,2043,411160,1,4111.6
37234,2043,1142562,3,11425.62
37236,2043,668411,1,6684.11
37237,2043,668301,1,6683.01
37238,2043,637067,2,6370.67
37239,2043,168692,2,1686.92
37240,2043,1064205,6,10642.05
37241,2043,3182478,5,31824.78
37243,2043,856894,3,8568.94
37244,2043,1364383,1,13643.83
37245,2043,2325090,1,23250.9
37246,2043,1807657,2,18076.57
37247,2043,1393050,5,13930.5
37248,2043,810048,1,8100.48
37249,2043,1353299,1,13532.99
37250,2043,1558683,1,15586.83
37252,2043,1554148,1,15541.48
37253,2043,1802598,3,18025.98
37254,2043,1988033,5,19880.33
37255,2043,1251426,1,12514.26
37256,2043,2644659,1,26446.59
37257,2043,3180213,3,31802.13
37258,2043,2324371,1,23243.71
37259,2043,1029785,1,10297.85
37260,2043,543877,1,5438.77
37261,2043,542048,1,5420.48
37262,2043,334051,1,3340.51
37263,2043,845338,1,8453.38
37264,2043,2653815,3,26538.15
37265,2043,542307,1,5423.07
37266,2043,1723587,7,17235.87
37267,2043,2643876,1,26438.76
37268,2043,2008699,1,20086.99
37269,2043,1010309,1,10103.09
37270,2043,2831207,2,28312.07
37271,2043,2420563,3,24205.63
37272,2043,281956,1,2819.56
37273,2043,5760452,14,57604.52
37274,2043,2651891,2,26518.91
37275,2043,410185,1,4101.85
37277,2043,740031,1,7400.31
37278,2043,2523591,3,25235.91
37279,2043,411581,1,4115.81
37280,2043,932499,1,9324.99
37281,2043,814144,2,8141.44
37282,2043,613032,1,6130.32
37283,2043,664680,1,6646.8
37284,2043,1587255,1,15872.55
37285,2043,543001,1,5430.01
37286,2043,542768,1,5427.68
37287,2043,2843179,14,28431.79
37288,2043,1363763,1,13637.63
37289,2043,2643876,1,26438.76
37290,2043,3400077,10,34000.77
37291,2043,1365055,1,13650.55
37293,2043,3098603,12,30986.03
37294,2043,1363766,1,13637.66
37295,2043,1008872,1,10088.72
37296,2043,893971,2,8939.71
37298,2043,793446,1,7934.46
37300,2043,1890353,1,18903.53
37301,2043,3070651,6,30706.51
37302,2043,1223847,1,12238.47
37303,2043,2102116,2,21021.16
37304,2043,783122,2,7831.22
37305,2043,2848972,4,28489.72
37306,2043,676091,1,6760.91
37307,2043,639468,1,6394.68
37309,2043,655582,1,6555.82
37310,2043,824240,1,8242.4
37311,2043,824106,1,8241.06
37312,2043,497513,2,4975.13
37313,2043,1351995,2,13519.95
37314,2043,1669004,2,16690.04
37316,2043,3738494,4,37384.94
37317,2043,1380144,1,13801.44
37318,2043,1813267,2,18132.67
37319,2043,2242039,2,22420.39
37320,2043,2598407,2,25984.07
37321,2043,3118653,6,31186.53
37322,2043,2130551,1,21305.51
37323,2043,2509524,2,25095.24
37324,2043,1803491,5,18034.91
37325,2043,1008872,1,10088.72
37326,2043,1008313,1,10083.13
37327,2043,2776604,4,27766.04
37328,2043,5692971,14,56929.71
37329,2043,2743951,11,27439.51
37330,2043,959128,1,9591.28
37331,2043,402287,1,4022.87
37332,2043,410185,1,4101.85
37333,2043,639569,1,6395.69
37334,2043,1363763,1,13637.63
37335,2043,3580976,6,35809.76
37336,2043,2509885,1,25098.85
37338,2043,1724150,1,17241.5
37340,2043,543877,1,5438.77
37341,2043,5854997,5,58549.97
37342,2043,8221938,16,82219.38
37343,2043,627180,1,6271.8
37344,2043,1198654,1,11986.54
37345,2043,830892,1,8308.92
37346,2043,2063103,1,20631.03
37347,2043,982604,2,9826.04
37348,2043,4280186,13,42801.86
37349,2043,4404172,13,44041.72
37350,2043,1418954,2,14189.54
37351,2043,859376,3,8593.76
37352,2043,2435942,1,24359.42
37353,2043,2130551,1,21305.51
37354,2043,2508623,3,25086.23
37355,2043,5851499,5,58514.99
37356,2043,2990657,1,29906.57
37357,2043,1157060,2,11570.6
37358,2043,1365001,1,13650.01
37359,2043,1364383,1,13643.83
37360,2043,2182928,1,21829.28
37361,2043,2131276,1,21312.76
37362,2043,1723201,1,17232.01
37363,2043,1649326,4,16493.26
37364,2043,653655,1,6536.55
37366,2043,1179382,2,11793.82
37367,2043,3984677,5,39846.77
37368,2043,1850880,1,18508.8
37369,2043,1006493,2,10064.93
37370,2043,4161443,3,41614.43
37371,2043,1365001,1,13650.01
37374,2043,685099,1,6850.99
37375,2043,2739828,1,27398.28
37376,2043,3076658,4,30766.58
37377,2043,3188435,2,31884.35
37378,2043,2134170,1,21341.7
37380,2043,905147,3,9051.47
37381,2043,638838,1,6388.38
37382,2043,5332282,2,53322.82
37383,2043,959213,1,9592.13
37384,2043,3373228,6,33732.28
37385,2043,2614189,1,26141.89
37387,2043,3877414,2,38774.14
37388,2043,1848386,3,18483.86
37389,2043,1363143,1,13631.43
37390,2043,2607202,4,26072.02
37391,2043,2740602,1,27406.02
37392,2043,1725554,1,17255.54
37393,2043,1419096,2,14190.96
37394,2043,1651033,6,16510.33
37395,2043,855510,1,8555.1
37396,2043,830892,1,8308.92
37397,2043,2984078,3,29840.78
37398,2043,2741681,1,27416.81
37399,2043,842700,1,8427.0
37400,2043,4435763,8,44357.63
37401,2043,1088726,1,10887.26
37403,2043,638928,1,6389.28
37406,2043,1041902,1,10419.02
37407,2043,4177252,1,41772.52
37408,2043,542961,1,5429.61
37409,2043,1007606,4,10076.06
37410,2043,1087579,1,10875.79
37411,2043,688597,1,6885.97
37412,2043,2111640,3,21116.4
37413,2043,3957933,9,39579.33
37414,2043,841643,1,8416.43
37415,2043,1365001,1,13650.01
37416,2043,684861,1,6848.61
37417,2043,3400418,3,34004.18
37418,2043,5010264,3,50102.64
37419,2043,1106086,1,11060.86
37420,2043,639682,1,6396.82
37421,2043,924008,1,9240.08
37422,2043,688597,1,6885.97
37423,2043,740031,1,7400.31
37424,2043,639254,1,6392.54
37425,2043,1786727,3,17867.27
37426,2043,3178646,8,31786.46
37427,2043,639254,1,6392.54
37428,2043,830892,1,8308.92
37429,2043,1008313,1,10083.13
37430,2043,1955452,2,19554.52
37431,2043,3554815,4,35548.15
37432,2043,3504323,4,35043.23
37433,2043,1363762,1,13637.62
37434,2043,957111,1,9571.11
37436,2043,2197719,9,21977.19
37437,2043,1363766,1,13637.66
37438,2043,684620,1,6846.2
37439,2043,2756107,7,27561.07
37440,2043,2248635,1,22486.35
37441,2043,2134583,1,21345.83
37442,2043,1269565,1,12695.65
37443,2043,1903320,1,19033.2
37444,2043,367930,1,3679.3
37445,2043,1087579,1,10875.79
37446,2043,731129,1,7311.29
37448,2043,1055705,1,10557.05
37450,2043,996040,1,9960.4
37451,2043,639243,1,6392.43
37452,2043,1087006,1,10870.06
37453,2043,4057484,1,40574.84
37455,2043,1071613,2,10716.13
37457,2043,830892,1,8308.92
37458,2043,5509595,8,55095.95
37460,2043,4029509,3,40295.09
37461,2043,4657512,5,46575.12
37463,2043,1401141,1,14011.41
37464,2043,2097751,4,20977.51
37465,2043,1755819,1,17558.19
37466,2043,939079,5,9390.79
37467,2043,1441671,3,14416.71
37468,2043,2869572,1,28695.72
37469,2043,3025238,2,30252.38
37470,2043,1101889,1,11018.89
37471,2043,1475852,2,14758.52
37472,2043,1290816,1,12908.16
37473,2043,1331459,1,13314.59
37474,2043,1087579,1,10875.79
37475,2043,2395979,2,23959.79
37476,2043,1497667,2,14976.67
37477,2043,1429346,1,14293.46
37479,2043,1590678,1,15906.78
37480,2043,2156226,3,21562.26
37482,2043,1405478,3,14054.78
37483,2043,613947,1,6139.47
37486,2043,1331149,1,13311.49
37487,2043,4098824,1,40988.24
37489,2043,1088153,1,10881.53
37490,2043,2643876,1,26438.76
37491,2043,2643093,1,26430.93
37492,2043,3326995,4,33269.95
37494,2043,1705380,1,17053.8
37495,2043,1923620,2,19236.2
37496,2043,2227448,3,22274.48
37497,2043,1457533,2,14575.33
37499,2043,1706052,1,17060.52
37500,2043,1008313,1,10083.13
37502,2043,1364382,1,13643.82
37503,2043,684624,1,6846.24
37504,2043,2348053,4,23480.53
37505,2043,1757172,1,17571.72
37506,2043,2010118,1,20101.18
37508,2043,4304031,9,43040.31
37509,2043,2156462,2,21564.62
37510,2043,1261396,3,12613.96
37511,2043,2009409,1,20094.09
37512,2043,1188385,2,11883.85
37513,2043,3258428,5,32584.28
37514,2043,2644659,1,26446.59
37515,2043,1707388,1,17073.88
37516,2043,1778734,2,17787.34
37518,2043,1706044,1,17060.44
37519,2043,1705380,1,17053.8
37521,2043,830893,1,8308.93
37523,2043,2156736,3,21567.36
37524,2043,2134132,1,21341.32
37525,2043,1546982,1,15469.82
37526,2043,1363763,1,13637.63
37528,2043,3653005,1,36530.05
37529,2043,684861,1,6848.61
37530,2043,2847642,7,28476.42
37531,2043,1756496,1,17564.96
37532,2043,2010118,1,20101.18
37533,2043,1351316,2,13513.16
37534,2043,1014492,1,10144.92
37535,2043,2764631,1,27646.31
37536,2043,5705816,8,57058.16
37537,2043,4018118,6,40181.18
37538,2043,688597,1,6885.97
37539,2043,688104,1,6881.04
37540,2043,4417483,3,44174.83
37541,2043,3178107,9,31781.07
37542,2043,5010919,5,50109.19
37543,2043,5160532,5,51605.32
37544,2043,1006637,1,10066.37
37545,2043,2619015,2,26190.15
37546,2043,1638883,1,16388.83
37547,2043,423128,1,4231.28
37549,2043,466036,1,4660.36
37550,2043,402514,1,4025.14
37553,2043,969069,1,9690.69
37554,2043,968518,1,9685.18
37555,2043,2971708,2,29717.08
37556,2043,1705380,1,17053.8
37557,2043,1705377,1,17053.77
37560,2043,1115975,1,11159.75
37561,2043,1007195,1,10071.95
37562,2043,3008068,3,30080.68
37563,2043,1363762,1,13637.62
37566,2043,4490658,9,44906.58
37567,2043,1584451,2,15844.51
37569,2043,3042306,3,30423.06
37570,2043,1706716,1,17067.16
37571,2043,1007754,1,10077.54
37572,2043,2427592,2,24275.92
37573,2043,2404355,2,24043.55
37574,2043,2845749,2,28457.49
37575,2043,2102864,1,21028.64
37576,2043,1364384,1,13643.84
37577,2043,4429387,4,44293.87
37578,2043,4029303,3,40293.03
37579,2043,1014830,1,10148.3
37580,2043,3249235,2,32492.35
37581,2043,2370582,2,23705.82
37582,2043,915341,1,9153.41
37583,2043,2697655,3,26976.55
37584,2043,704525,1,7045.25
37585,2043,1043134,1,10431.34
37586,2043,1068605,1,10686.05
37587,2043,529316,1,5293.16
37588,2043,3166448,4,31664.48
37589,2043,1721719,2,17217.19
37590,2043,2718612,6,27186.12
37591,2043,4535264,5,45352.64
37592,2043,1288662,1,12886.62
37593,2043,3163564,1,31635.64
37595,2043,4818152,2,48181.52
37596,2043,5091336,5,50913.36
37597,2043,1369882,1,13698.82
37598,2043,1740158,1,17401.58
37599,2043,2729062,7,27290.62
37600,2043,5138105,12,51381.05
37601,2043,5320096,5,53200.96
37602,2043,2613410,1,26134.1
37603,2043,2613410,1,26134.1
37604,2043,3092618,3,30926.18
37605,2043,1014832,1,10148.32
37606,2043,5490719,4,54907.19
37607,2043,2194296,1,21942.96
37608,2043,639040,1,6390.4
37609,2043,1601889,4,16018.89
37611,2043,992177,1,9921.77
37612,2043,2063333,3,20633.33
37613,2043,501634,1,5016.34
37614,2043,5591880,9,55918.8
37615,2043,3164400,1,31644.0
37616,2043,1046054,1,10460.54
37617,2043,2992557,4,29925.57
37618,2043,812896,1,8128.96
37619,2043,2614969,1,26149.69
37620,2043,2614189,1,26141.89
37622,2043,9277346,28,92773.46
37623,2043,684859,1,6848.59
37625,2043,2029171,6,20291.71
37626,2043,996597,1,9965.97
37627,2043,2088817,1,20888.17
37628,2043,7304119,17,73041.19
37629,2043,1686719,2,16867.19
37632,2043,1751842,1,17518.42
37633,2043,2548439,3,25484.39
37634,2043,7404456,15,74044.56
37635,2043,1326433,2,13264.33
37636,2043,2510653,2,25106.53
37637,2043,4217219,7,42172.19
37638,2043,4603725,6,46037.25
37639,2043,4133522,2,41335.22
37640,2043,1066063,3,10660.63
37641,2043,1014833,1,10148.33
37643,2043,2349765,2,23497.65
37644,2043,334498,1,3344.98
37645,2043,537626,1,5376.26
37646,2043,1087579,1,10875.79
37647,2043,543419,1,5434.19
37649,2043,1705372,1,17053.72
37650,2043,1810952,1,18109.52
37651,2043,1707391,1,17073.91
37652,2043,3398300,3,33983.0
37653,2043,1181901,1,11819.01
37654,2043,1364382,1,13643.82
37655,2043,1363765,1,13637.65
37659,2043,2999923,2,29999.23
37660,2043,1122990,1,11229.9
37661,2043,1014494,1,10144.94
37662,2043,1662999,4,16629.99
37663,2043,6209842,2,62098.42
37664,2043,2194296,1,21942.96
37665,2043,1851621,2,18516.21
37666,2043,685081,1,6850.81
37668,2043,1122990,1,11229.9
37669,2043,3536729,4,35367.29
37670,2043,2696723,1,26967.23
37671,2043,1314099,2,13140.99
37672,2043,3302115,1,33021.15
37673,2043,2194296,1,21942.96
37674,2043,1346081,1,13460.81
37677,2043,1087006,1,10870.06
37678,2043,543419,1,5434.19
37679,2043,995484,1,9954.84
37680,2043,614899,1,6148.99
37681,2043,691265,1,6912.65
37682,2043,1706042,1,17060.42
37684,2043,4060565,2,40605.65
37685,2043,1729513,1,17295.13
37686,2043,787015,1,7870.15
37687,2043,1122737,1,11227.37
37689,2043,1606386,2,16063.86
37692,2043,866791,1,8667.91
37693,2043,4054726,2,40547.26
37694,2043,595121,1,5951.21
37695,2043,683882,1,6838.82
37696,2043,2194296,1,21942.96
37699,2043,1369781,1,13697.81
37700,2043,1594452,2,15944.52
37701,2043,381365,1,3813.65
37702,2043,842773,1,8427.73
37703,2043,1706047,1,17060.47
37704,2043,1394481,1,13944.81
37707,2043,1202934,1,12029.34
37708,2043,1202934,1,12029.34
37709,2043,2578236,2,25782.36
37710,2043,2197199,2,21971.99
37711,2043,1348111,1,13481.11
37712,2043,1347858,1,13478.58
37713,2043,1202538,1,12025.38
37714,2043,1202934,1,12029.34
37716,2043,3652999,1,36529.99
37717,2043,1365001,1,13650.01
37718,2043,1945224,2,19452.24
37719,2043,1069514,2,10695.14
37720,2043,3758204,1,37582.04
37721,2043,1347506,1,13475.06
37723,2043,912248,1,9122.48
37724,2043,3011973,1,30119.73
37725,2043,613947,1,6139.47
37726,2043,1358629,1,13586.29
37727,2043,3012794,1,30127.94
37728,2043,272569,1,2725.69
37730,2043,1813335,2,18133.35
37731,2043,4542297,2,45422.97
37732,2043,1363763,1,13637.63
37733,2043,472238,1,4722.38
37734,2043,598188,1,5981.88
37735,2043,1267087,1,12670.87
37736,2043,1479855,2,14798.55
37737,2043,2255685,1,22556.85
37738,2043,1152290,1,11522.9
37739,2043,1181339,1,11813.39
37741,2043,1152811,1,11528.11
37742,2043,3440866,3,34408.66
37743,2043,1663923,2,16639.23
37744,2043,3235025,3,32350.25
37745,2043,4739174,2,47391.74
37746,2043,4260108,6,42601.08
37747,2043,842890,1,8428.9
37749,2043,1041685,1,10416.85
37750,2043,687611,1,6876.11
37754,2043,655465,1,6554.65
37755,2043,1557754,1,15577.54
37756,2043,1557105,1,15571.05
37757,2043,1556459,1,15564.59
37758,2043,3550662,1,35506.62
37759,2043,1296814,1,12968.14
37760,2043,962151,1,9621.51
37761,2043,1756496,1,17564.96
37762,2043,2763835,1,27638.35
37763,2043,1557105,1,15571.05
37764,2043,2551225,2,25512.25
37765,2043,3210984,5,32109.84
37766,2043,655663,1,6556.63
37768,2043,1546887,2,15468.87
37770,2043,1296814,1,12968.14
37771,2043,3115799,3,31157.99
37772,2043,1756496,1,17564.96
37773,2043,4048538,8,40485.38
37774,2043,1839082,2,18390.82
37775,2043,343589,1,3435.89
37776,2043,2927232,4,29272.32
37777,2043,1329277,1,13292.77
37778,2043,1330398,1,13303.98
37779,2043,1087579,1,10875.79
37780,2043,1246469,1,12464.69
37783,2043,597307,2,5973.07
37785,2043,2132000,1,21320.0
37786,2043,1827197,3,18271.97
37787,2043,655896,1,6558.96
37788,2043,5088350,3,50883.5
37789,2043,1556458,1,15564.58
37790,2043,1557106,1,15571.06
37791,2043,1557107,1,15571.07
37792,2043,4122046,3,41220.46
37793,2043,1296556,1,12965.56
37794,2043,1296298,1,12962.98
37795,2043,1878615,2,18786.15
37796,2043,1758525,1,17585.25
37797,2043,1756496,1,17564.96
37798,2043,2594044,5,25940.44
37799,2043,3679724,7,36797.24
37800,2043,2008699,1,20086.99
37801,2043,2009409,1,20094.09
37802,2044,2763835,1,27638.35
37803,2044,2763835,1,27638.35
37804,2044,2763835,1,27638.35
37805,2044,757472,1,7574.72
37806,2044,2504236,2,25042.36
37807,2044,1337947,1,13379.47
37808,2044,1328716,1,13287.16
37809,2044,5189897,5,51898.97
37811,2044,2763040,1,27630.4
37812,2044,2870379,1,28703.79
37813,2044,4725312,1,47253.12
37815,2044,1329837,1,13298.37
37816,2044,1087579,1,10875.79
37817,2044,1749357,2,17493.57
37818,2044,897867,2,8978.67
37819,2044,267019,1,2670.19
37820,2044,412897,1,4128.97
37821,2044,1169661,1,11696.61
37823,2044,2792920,6,27929.2
37824,2044,1357972,1,13579.72
37825,2044,1246469,1,12464.69
37826,2044,845198,1,8451.98
37827,2044,614424,1,6144.24
37828,2044,2226214,5,22262.14
37829,2044,1476326,3,14763.26
37830,2044,968712,1,9687.12
37831,2044,968995,1,9689.95
37832,2044,677207,1,6772.07
37833,2044,1007754,1,10077.54
37834,2044,1007754,1,10077.54
37835,2044,1008872,1,10088.72
37836,2044,847107,2,8471.07
37837,2044,1363763,1,13637.63
37838,2044,1556456,1,15564.56
37839,2044,1712248,2,17122.48
37840,2044,909537,1,9095.37
37841,2044,5657260,5,56572.6
37842,2044,674547,2,6745.47
37843,2044,1712790,3,17127.9
37844,2044,2799332,3,27993.32
37846,2044,2118734,1,21187.34
37847,2044,2591989,3,25919.89
37848,2044,2118135,1,21181.35
37849,2044,2773250,3,27732.5
37850,2044,4140941,4,41409.41
37852,2044,5854469,4,58544.69
37853,2044,3691991,1,36919.91
37854,2044,4120468,8,41204.68
37855,2044,3104919,3,31049.19
37856,2044,2618635,5,26186.35
37857,2044,3398748,2,33987.48
37858,2044,1128741,1,11287.41
37859,2044,1128253,1,11282.53
37860,2044,861473,2,8614.73
37861,2044,1516455,3,15164.55
37862,2044,1485593,2,14855.93
37863,2044,684842,1,6848.42
37864,2044,470364,1,4703.64
37865,2044,749172,1,7491.72
37867,2044,845118,1,8451.18
37868,2044,470741,1,4707.41
37869,2044,909081,1,9090.81
37870,2044,1862164,3,18621.64
37871,2044,2782781,2,27827.81
37873,2044,3691991,1,36919.91
37874,2044,2095423,1,20954.23
37875,2044,2697189,3,26971.89
37877,2044,2119332,1,21193.32
37878,2044,2354500,2,23545.0
37879,2044,2996804,6,29968.04
37880,2044,2473293,3,24732.93
37881,2044,2473132,3,24731.32
37882,2044,2433945,2,24339.45
37883,2044,1127278,1,11272.78
37884,2044,1326936,2,13269.36
37885,2044,1128252,1,11282.52
37886,2044,4352275,6,43522.75
37887,2044,1127765,1,11277.65
37888,2044,2049966,2,20499.66
37889,2044,1926231,2,19262.31
37890,2044,1211412,3,12114.12
37892,2044,1036012,1,10360.12
37893,2044,415169,1,4151.69
37894,2044,564206,1,5642.06
37895,2044,1036238,1,10362.38
37896,2044,3887661,2,38876.61
37897,2044,3176631,3,31766.31
37898,2044,2493968,1,24939.68
37899,2044,2493335,1,24933.35
37900,2044,2242423,2,22424.23
37901,2044,2098351,3,20983.51
37902,2044,2119332,1,21193.32
37903,2044,2118734,1,21187.34
37904,2044,2002716,1,20027.16
37905,2044,1127807,1,11278.07
37906,2044,1128777,1,11287.77
37907,2044,1342740,2,13427.4
37908,2044,1342067,2,13420.67
37910,2044,2371325,4,23713.25
37911,2044,2340584,3,23405.84
37912,2044,3100055,2,31000.55
37915,2044,297669,1,2976.69
37916,2044,1001008,1,10010.08
37917,2044,1035989,1,10359.89
37918,2044,1398775,2,13987.75
37919,2044,2626287,3,26262.87
37920,2044,1128290,1,11282.9
37921,2044,1353278,2,13532.78
37922,2044,1127765,1,11277.65
37923,2044,1128252,1,11282.52
37924,2044,1939944,1,19399.44
37925,2044,861203,1,8612.03
37928,2044,1036667,1,10366.67
37929,2044,456208,1,4562.08
37930,2044,1784876,4,17848.76
37931,2044,1035155,1,10351.55
37932,2044,1036012,1,10360.12
37933,2044,1035786,1,10357.86
37935,2044,3423995,3,34239.95
37936,2044,2724057,2,27240.57
37937,2044,3056381,4,30563.81
37938,2044,1183699,2,11836.99
37939,2044,2629471,11,26294.71
37940,2044,2625807,3,26258.07
37941,2044,2119931,1,21199.31
37942,2044,1128294,1,11282.94
37943,2044,1128774,1,11287.74
37945,2044,2235021,1,22350.21
37947,2044,1182431,1,11824.31
37948,2044,1127278,1,11272.78
37949,2044,1128739,1,11287.39
37950,2044,1540142,1,15401.42
37952,2044,1036643,1,10366.43
37953,2044,4485594,9,44855.94
37955,2044,1035786,1,10357.86
37956,2044,1091222,1,10912.22
37957,2044,1946335,1,19463.35
37959,2044,2161765,2,21617.65
37960,2044,767185,1,7671.85
37962,2044,700470,1,7004.7
37963,2044,2637446,4,26374.46
37964,2044,4847163,13,48471.63
37965,2044,5939189,30,59391.89
37966,2044,4363803,17,43638.03
37967,2044,1969494,1,19694.94
37969,2044,984279,1,9842.79
37970,2044,255875,1,2558.75
37971,2044,1540142,1,15401.42
37972,2044,1113708,2,11137.08
37973,2044,1152811,1,11528.11
37974,2044,451854,1,4518.54
37975,2044,5729926,11,57299.26
37976,2044,6975670,13,69756.7
37977,2044,1540142,1,15401.42
37978,2044,424677,1,4246.77
37979,2044,1293479,2,12934.79
37980,2044,1152555,1,11525.55
37981,2044,2520614,1,25206.14
37982,2044,3014732,4,30147.32
37984,2044,3451649,13,34516.49
37985,2044,1909378,1,19093.78
37986,2044,2131760,2,21317.6
37987,2044,2492824,1,24928.24
37988,2044,984275,1,9842.75
37989,2044,1178599,2,11785.99
37990,2044,1079149,2,10791.49
37991,2044,1219565,2,12195.65
37992,2044,984283,1,9842.83
37994,2044,4493805,2,44938.05
37995,2044,6102218,9,61022.18
37996,2044,6085983,6,60859.83
37997,2044,1846887,2,18468.87
37998,2044,1091222,1,10912.22
37999,2044,3570313,5,35703.13
38000,2044,3764206,6,37642.06
38001,2044,1540142,1,15401.42
38002,2044,1806527,2,18065.27
38003,2044,11934331,26,119343.31
38004,2044,1101272,1,11012.72
38005,2044,1406967,2,14069.67
38006,2044,3072943,1,30729.43
38007,2044,1330398,1,13303.98
38008,2044,767602,1,7676.02
38009,2044,1742567,4,17425.67
38010,2044,2600499,4,26004.99
38011,2044,6348427,6,63484.27
38012,2044,1247841,1,12478.41
38015,2044,2106292,3,21062.92
38016,2044,595121,1,5951.21
38017,2044,1347703,1,13477.03
38019,2044,1091222,1,10912.22
38020,2044,2504971,5,25049.71
38021,2044,2724551,2,27245.51
38024,2044,1279835,1,12798.35
38025,2044,1279836,1,12798.36
38026,2044,1736805,3,17368.05
38027,2044,1090877,1,10908.77
38028,2044,2966442,7,29664.42
38029,2044,5917531,3,59175.31
38030,2044,1733743,5,17337.43
38031,2044,944354,1,9443.54
38032,2044,1036012,1,10360.12
38033,2044,1087579,1,10875.79
38034,2044,1102155,1,11021.55
38035,2044,909992,1,9099.92
38036,2044,1867713,2,18677.13
38037,2044,909992,1,9099.92
38038,2044,1348911,1,13489.11
38039,2044,1128739,1,11287.39
38040,2044,2290496,1,22904.96
38042,2044,4468664,7,44686.64
38043,2044,1279836,1,12798.36
38044,2044,1279837,1,12798.37
38045,2044,5938318,7,59383.18
38046,2044,3072943,1,30729.43
38047,2044,2795045,1,27950.45
38048,2044,3914803,1,39148.03
38049,2044,4881733,5,48817.33
38050,2044,393906,1,3939.06
38051,2044,698585,1,6985.85
38052,2044,3018174,1,30181.74
38053,2044,528540,1,5285.4
38054,2044,1128739,1,11287.39
38055,2044,1128739,1,11287.39
38056,2044,2542454,2,25424.54
38057,2044,1726718,1,17267.18
38058,2044,2061696,2,20616.96
38060,2044,1279835,1,12798.35
38061,2044,1942587,1,19425.87
38062,2044,7983810,8,79838.1
38063,2044,8429908,8,84299.08
38064,2044,1142298,1,11422.98
38065,2044,909081,1,9090.81
38066,2044,4767675,5,47676.75
38067,2044,470741,1,4707.41
38068,2044,2406967,1,24069.67
38069,2044,2405185,1,24051.85
38070,2044,2795045,1,27950.45
38071,2044,5286437,4,52864.37
38072,2044,3836332,7,38363.32
38073,2044,1141009,1,11410.09
38074,2044,2406569,1,24065.69
38075,2044,2406569,1,24065.69
38076,2044,2406569,1,24065.69
38077,2044,2406765,1,24067.65
38078,2044,2406177,1,24061.77
38079,2044,909082,1,9090.82
38080,2044,2384002,1,23840.02
38081,2044,2384625,1,23846.25
38082,2044,334489,1,3344.89
38083,2044,909537,1,9095.37
38084,2044,836667,1,8366.67
38086,2044,2096616,1,20966.16
38087,2044,2291726,1,22917.26
38088,2044,3367013,2,33670.13
38089,2044,1127767,1,11277.67
38091,2044,1128253,1,11282.53
38092,2044,1127765,1,11277.65
38093,2044,1035786,1,10357.86
38094,2044,3690538,1,36905.38
38095,2044,836667,1,8366.67
38096,2044,1036441,1,10364.41
38097,2044,845118,1,8451.18
38098,2044,2614969,1,26149.69
38099,2044,2096019,1,20960.19
38101,2044,4723372,1,47233.72
38102,2044,2118734,1,21187.34
38103,2044,2119332,1,21193.32
38104,2044,2118734,1,21187.34
38105,2044,2118135,1,21181.35
38106,2044,2118734,1,21187.34
38107,2044,2119332,1,21193.32
38108,2044,1939432,1,19394.32
38109,2044,1939436,1,19394.36
38110,2044,3654761,1,36547.61
38111,2044,2886476,1,28864.76
38112,2044,1364382,1,13643.82
38113,2044,1128739,1,11287.39
38114,2044,1127767,1,11277.67
38115,2044,1129227,1,11292.27
38116,2044,1128739,1,11287.39
38117,2044,1128253,1,11282.53
38118,2044,1007754,1,10077.54
38119,2044,1034929,1,10349.29
38120,2044,1246755,1,12467.55
38121,2044,1036869,1,10368.69
38122,2044,2096019,1,20960.19
38125,2044,2096019,1,20960.19
38126,2044,2725334,2,27253.34
38127,2044,684620,1,6846.2
38128,2044,1128290,1,11282.9
38129,2044,1128290,1,11282.9
38130,2044,1128739,1,11287.39
38132,2044,1128739,1,11287.39
38134,2044,1128741,1,11287.41
38135,2044,1128253,1,11282.53
38136,2044,469988,1,4699.88
38137,2044,3691265,1,36912.65
38138,2044,1036012,1,10360.12
38139,2044,1113415,1,11134.15
38140,2044,1113611,1,11136.11
38141,2044,7041451,2,70414.51
38142,2044,1731173,1,17311.73
38143,2044,1731732,1,17317.32
38144,2044,6212266,2,62122.66
38145,2044,2097213,1,20972.13
38146,2044,1128290,1,11282.9
38148,2044,1127765,1,11277.65
38149,2044,1128252,1,11282.52
38150,2044,1128252,1,11282.52
38151,2044,1127766,1,11277.66
38152,2044,2696313,2,26963.13
38153,2044,1035786,1,10357.86
38154,2044,909081,1,9090.81
38155,2044,1036012,1,10360.12
38156,2044,1279835,1,12798.35
38157,2044,3512599,1,35125.99
38158,2044,2291111,1,22911.11
38159,2044,2241564,1,22415.64
38160,2044,1128739,1,11287.39
38161,2044,2096019,1,20960.19
38162,2044,2096019,1,20960.19
38163,2044,2095423,1,20954.23
38165,2044,1113219,1,11132.19
38166,2044,837112,1,8371.12
38167,2044,3250425,2,32504.25
38168,2044,1102155,1,11021.55
38169,2044,1113167,1,11131.67
38170,2044,471118,1,4711.18
38171,2044,909992,1,9099.92
38172,2044,1279328,1,12793.28
38173,2044,1278315,1,12783.15
38174,2044,1278315,1,12783.15
38175,2044,1127797,1,11277.97
38176,2044,1127803,1,11278.03
38177,2044,1128252,1,11282.52
38179,2044,2096616,1,20966.16
38180,2044,2400613,2,24006.13
38181,2044,3513313,1,35133.13
38182,2044,3512599,1,35125.99
38185,2044,1101028,1,11010.28
38186,2044,3267252,1,32672.52
38187,2044,909537,1,9095.37
38189,2044,1557756,1,15577.56
38190,2044,3300721,1,33007.21
38191,2044,1279836,1,12798.36
38192,2044,4180114,2,41801.14
38193,2044,2290496,1,22904.96
38194,2044,1280343,1,12803.43
38195,2044,3813623,2,38136.23
38196,2044,1279835,1,12798.35
38198,2044,1278314,1,12783.14
38199,2044,3301416,1,33014.16
38200,2044,1279328,1,12793.28
38201,2044,253491,1,2534.91
38203,2044,3267252,1,32672.52
38205,2044,961282,1,9612.82
38206,2044,3014035,1,30140.35
38207,2044,1101028,1,11010.28
38208,2044,909992,1,9099.92
38209,2044,1035786,1,10357.86
38210,2044,909537,1,9095.37
38212,2044,961701,1,9617.01
38213,2044,995484,1,9954.84
38214,2044,3596495,1,35964.95
38215,2044,2210422,1,22104.22
38216,2044,1279836,1,12798.36
38217,2044,1279835,1,12798.35
38218,2044,1278823,1,12788.23
38220,2044,3300721,1,33007.21
38221,2044,2290496,1,22904.96
38222,2044,1363764,1,13637.64
38223,2044,1364384,1,13643.84
38224,2044,1127767,1,11277.67
38225,2044,1364383,1,13643.83
38226,2044,2119332,1,21193.32
38227,2044,2118734,1,21187.34
38228,2044,3267252,1,32672.52
38229,2044,3266556,1,32665.56
38230,2044,3267252,1,32672.52
38232,2044,2303423,1,23034.23
38233,2044,3014035,1,30140.35
38234,2044,3014035,1,30140.35
38235,2044,1006078,1,10060.78
38236,2044,1379379,1,13793.79
38237,2044,1621578,1,16215.78
38238,2044,3014035,1,30140.35
38239,2044,1621030,1,16210.3
38240,2044,1035381,1,10353.81
38241,2044,1035989,1,10359.89
38243,2044,949427,1,9494.27
38244,2044,961492,1,9614.92
38246,2044,2096019,1,20960.19
38247,2044,2096019,1,20960.19
38248,2044,2615749,1,26157.49
38250,2044,1279329,1,12793.29
38251,2044,1278822,1,12788.22
38252,2044,5410572,2,54105.72
38253,2044,1127765,1,11277.65
38254,2044,1365002,1,13650.02
38255,2044,2643093,1,26430.93
38256,2044,2594690,2,25946.9
38257,2044,3267252,1,32672.52
38260,2044,1860866,1,18608.66
38261,2044,2855221,1,28552.21
38262,2044,2015621,1,20156.21
38264,2044,2211027,1,22110.27
38265,2044,2209812,1,22098.12
38266,2044,3301416,1,33014.16
38267,2044,3691991,1,36919.91
38270,2044,3301419,1,33014.19
38271,2044,2884482,1,28844.82
38272,2044,1127279,1,11272.79
38273,2044,1128253,1,11282.53
38274,2044,3575635,1,35756.35
38275,2044,2118734,1,21187.34
38278,2044,588944,1,5889.44
38279,2044,2389615,1,23896.15
38281,2044,845118,1,8451.18
38283,2044,471120,1,4711.2
38284,2044,1860866,1,18608.66
38285,2044,1112971,1,11129.71
38286,2044,950350,1,9503.5
38287,2044,2096019,1,20960.19
38288,2044,2096019,1,20960.19
38289,2044,2096019,1,20960.19
38290,2044,3653880,1,36538.8
38291,2044,3652999,1,36529.99
38292,2044,1363763,1,13637.63
38293,2044,2095423,1,20954.23
38294,2044,2095423,1,20954.23
38295,2044,1128740,1,11287.4
38296,2044,1128740,1,11287.4
38297,2044,1434778,1,14347.78
38298,2044,1435830,1,14358.3
38299,2044,1435830,1,14358.3
38300,2044,1939432,1,19394.32
38301,2044,2643876,1,26438.76
38303,2044,1861440,1,18614.4
38304,2044,1861440,1,18614.4
38305,2044,1113219,1,11132.19
38307,2044,2855221,1,28552.21
38308,2044,2854557,1,28545.57
38309,2044,1939362,1,19393.62
38310,2044,1365621,1,13656.21
38311,2044,1364382,1,13643.82
38312,2044,2096019,1,20960.19
38313,2044,2096019,1,20960.19
38314,2044,1733829,1,17338.29
38315,2044,3574198,1,35741.98
38318,2044,1128781,1,11287.81
38319,2044,1128781,1,11287.81
38320,2044,1127803,1,11278.03
38322,2044,1114054,1,11140.54
38324,2044,1036214,1,10362.14
38326,2044,3043759,1,30437.59
38327,2044,1035786,1,10357.86
38328,2044,1113219,1,11132.19
38330,2044,2854557,1,28545.57
38331,2044,2854557,1,28545.57
38333,2044,1378859,1,13788.59
38334,2044,1035381,1,10353.81
38335,2044,1035786,1,10357.86
38336,2044,1938781,1,19387.81
38337,2044,1128739,1,11287.39
38338,2044,1435830,1,14358.3
38339,2044,1435304,1,14353.04
38341,2044,1435830,1,14358.3
38342,2044,1435303,1,14353.03
38343,2044,1435830,1,14358.3
38344,2044,1435304,1,14353.04
38345,2044,2096019,1,20960.19
38347,2044,2885921,1,28859.21
38348,2044,1128298,1,11282.98
38349,2044,2005477,1,20054.77
38350,2044,2517536,4,25175.36
38351,2044,491784,1,4917.84
38352,2044,296341,1,2963.41
38353,2044,121076,1,1210.76
38354,2044,423292,1,4232.92
38355,2044,423568,1,4235.68
38356,2044,291628,1,2916.28
38357,2044,362765,1,3627.65
38358,2044,104558,1,1045.58
38359,2044,226973,1,2269.73
38361,2044,461593,1,4615.93
38362,2044,1266687,3,12666.87
38363,2044,315948,1,3159.48
38364,2044,603357,1,6033.57
38365,2044,239517,1,2395.17
38366,2044,242960,1,2429.6
38367,2044,2759872,1,27598.72
38368,2044,1273588,1,12735.88
38369,2044,277846,1,2778.46
38370,2044,194686,1,1946.86
38371,2044,284457,1,2844.57
38372,2044,802751,1,8027.51
38373,2044,196939,1,1969.39
38374,2044,357434,1,3574.34
38375,2044,599801,1,5998.01
38377,2044,258733,1,2587.33
38378,2044,234083,1,2340.83
38379,2044,285567,1,2855.67
38380,2044,300272,1,3002.72
38381,2044,176330,1,1763.3
38382,2044,346780,1,3467.8
38383,2044,1577263,4,15772.63
38384,2044,212192,1,2121.92
38385,2044,304475,1,3044.75
38387,2044,34920,1,349.2
38389,2044,1273341,5,12733.41
38390,2044,2184354,1,21843.54
38391,2044,201010,1,2010.1
38392,2044,1279835,1,12798.35
38393,2044,224376,1,2243.76
38394,2044,216367,1,2163.67
38395,2044,477512,1,4775.12
38396,2044,306651,1,3066.51
38397,2044,353860,2,3538.6
38398,2044,305973,1,3059.73
38399,2044,892318,1,8923.18
38400,2044,207731,1,2077.31
38401,2044,267161,1,2671.61
38402,2044,320594,1,3205.94
38404,2044,3256284,1,32562.84
38406,2044,369671,1,3696.71
38407,2044,131637,1,1316.37
38409,2044,3848278,2,38482.78
38411,2044,1280342,1,12803.42
38415,2044,367421,1,3674.21
38416,2044,2594327,1,25943.27
38420,2044,385089,1,3850.89
38423,2044,382677,2,3826.77
38427,2044,305975,1,3059.75
38429,2044,235318,1,2353.18
38431,2044,184308,1,1843.08
38434,2044,407900,2,4079.0
38437,2044,403805,2,4038.05
38442,2044,373234,1,3732.34
38444,2044,224642,1,2246.42
38447,2044,153511,1,1535.11
38448,2044,171849,1,1718.49
38455,2044,145652,1,1456.52
38456,2044,450964,2,4509.64
38457,2044,188281,1,1882.81
38458,2044,84297,1,842.97
38459,2044,512209,2,5122.09
38460,2044,1457238,4,14572.38
38461,2044,137171,1,1371.71
38462,2044,353927,2,3539.27
